City,Name,Year,Price,Kilometers Driven,KM,State,Transmission,Fuel Type,EMI per Month,Age
delhi-ncr,Ford Figo Aspire,2016,387000,29K km,29000,DL,manual,petrol,6178,9
delhi-ncr,Kia Seltos,2021,1049000,89K km,89000,DL,manual,petrol,18040,4
delhi-ncr,Hyundai Grand i10,2018,509000,40.5K km,40500,UP,automatic,petrol,8667,7
delhi-ncr,Maruti Wagon R 1.0,2023,527000,8K km,8000,HR,manual,petrol,9418,2
delhi-ncr,Maruti Ertiga,2014,502000,79K km,79000,UP,manual,petrol,10773,11
delhi-ncr,Renault Kwid,2019,315000,19K km,19000,UP,manual,petrol,5364,6
delhi-ncr,Hyundai Elite i20,2018,537000,15.5K km,15500,DL,manual,petrol,9144,7
delhi-ncr,Hyundai Verna,2019,937000,47.5K km,47500,DL,automatic,petrol,15956,6
delhi-ncr,Maruti Ciaz,2017,599000,58.5K km,58500,HR,manual,petrol,9698,8
delhi-ncr,Hyundai Venue,2022,851000,28.5K km,28500,HR,manual,petrol,14492,3
delhi-ncr,Tata Punch,2023,828000,11K km,11000,DL,automatic,petrol,14100,2
delhi-ncr,Renault Kwid,2020,348000,19.5K km,19500,HR,automatic,petrol,5926,5
delhi-ncr,Hyundai Eon,2014,256000,34K km,34000,HR,manual,petrol+cng,5494,11
delhi-ncr,Datsun Redi-GO,2019,197000,39.5K km,39500,DL,manual,petrol,4228,6
delhi-ncr,Maruti Wagon R 1.0,2013,283000,46.5K km,46500,DL,manual,petrol+cng,7628,12
delhi-ncr,Toyota Yaris,2020,614000,48K km,48000,DL,manual,petrol,9802,5
delhi-ncr,Honda Amaze,2013,295000,97K km,97000,DL,automatic,petrol,7951,12
delhi-ncr,Hyundai Creta,2017,693000,108K km,108000,DL,automatic,petrol,11801,8
delhi-ncr,Maruti Swift Dzire,2013,302000,39.5K km,39500,DL,manual,petrol,8140,12
delhi-ncr,Honda Amaze,2014,358000,51K km,51000,DL,manual,petrol,7683,11
delhi-ncr,Volvo V40 Cross Country,2016,1180000,50K km,50000,UP,automatic,petrol,20293,9
delhi-ncr,Mercedes GLC,2017,3150000,61K km,61000,DL,automatic,petrol,54176,8
delhi-ncr,Tata Nexon,2019,668000,29.5K km,29500,DL,automatic,petrol,11375,6
delhi-ncr,Maruti Baleno,2021,718000,31K km,31000,UP,automatic,petrol,12227,4
delhi-ncr,Hyundai Eon,2014,215000,52K km,52000,HR,manual,petrol,4325,11
delhi-ncr,Kia Sonet,2022,1168000,24.5K km,24500,HR,automatic,petrol,20087,3
delhi-ncr,Hyundai Elite i20,2018,624000,23K km,23000,HR,manual,petrol,10626,7
delhi-ncr,Tata Nexon,2022,878000,19K km,19000,DL,manual,petrol,14951,3
delhi-ncr,Renault Kiger,2022,562000,39K km,39000,HR,manual,petrol,9570,3
delhi-ncr,Honda Amaze,2019,599000,40.5K km,40500,DL,automatic,petrol,10200,6
delhi-ncr,Hyundai Venue,2022,1039000,26K km,26000,HR,automatic,petrol,17868,3
delhi-ncr,Tata Tiago,2018,409000,79.5K km,79500,DL,automatic,petrol,6965,7
delhi-ncr,Tata Tiago,2018,418000,35K km,35000,UP,manual,petrol,7118,7
delhi-ncr,Honda City,2015,580000,33K km,33000,UP,automatic,petrol,10557,10
delhi-ncr,Mahindra Thar,2021,1039000,41K km,41000,HR,manual,petrol,17868,4
delhi-ncr,Hyundai Elite i20,2019,541000,36.5K km,36500,DL,manual,petrol,9212,6
delhi-ncr,Maruti Swift Dzire,2016,412000,46K km,46000,DL,manual,petrol,7016,9
delhi-ncr,Maruti Vitara Brezza,2022,810000,54K km,54000,DL,manual,petrol,13793,3
delhi-ncr,Maruti A-Star,2012,225000,79K km,79000,DL,automatic,petrol,8022,13
delhi-ncr,Tata Tiago,2021,512000,53K km,53000,HR,manual,petrol,8719,4
delhi-ncr,Mercedes GLA,2017,1970000,40K km,40000,HR,automatic,petrol,33881,8
delhi-ncr,Mercedes GLA,2019,2300000,50K km,50000,DL,automatic,petrol,39556,6
delhi-ncr,Volkswagen Virtus,2024,1149000,26K km,26000,HR,manual,petrol,19760,1
delhi-ncr,Tata Punch,2021,627000,25.5K km,25500,DL,manual,petrol,10677,4
delhi-ncr,Maruti Celerio,2016,354000,47K km,47000,DL,automatic,petrol,6028,9
delhi-ncr,Maruti Baleno,2018,528000,28K km,28000,DL,manual,petrol,8991,7
delhi-ncr,Toyota Innova Crysta,2023,2063000,51K km,51000,HR,automatic,petrol,35478,2
delhi-ncr,Hyundai Venue,2021,705000,25K km,25000,HR,manual,petrol,12005,4
delhi-ncr,Maruti New Ertiga,2022,819000,27.5K km,27500,DL,manual,petrol,13947,3
delhi-ncr,Kia Sonet,2021,876000,36K km,36000,HR,manual,petrol,14917,4
delhi-ncr,Kia Carens,2023,1319000,16K km,16000,HR,manual,petrol,22684,2
delhi-ncr,Honda City,2014,418000,115K km,115000,UP,manual,petrol,8971,11
delhi-ncr,Tata Nexon,2020,895000,45.5K km,45500,DL,automatic,diesel,15241,5
delhi-ncr,Ford Freestyle,2018,359000,102.5K km,102500,UP,manual,petrol,6534,7
delhi-ncr,Maruti Alto,2012,165000,93K km,93000,DL,manual,petrol,6275,13
delhi-ncr,Tata Tiago,2019,432000,68K km,68000,DL,manual,diesel,7356,6
delhi-ncr,Hyundai Creta,2019,897000,85.5K km,85500,DL,automatic,diesel,15275,6
delhi-ncr,Honda City,2021,1168000,40K km,40000,DL,automatic,petrol,20087,4
delhi-ncr,Honda Jazz,2016,434000,77K km,77000,DL,manual,petrol,6928,9
delhi-ncr,Kia Seltos,2020,1219000,51K km,51000,HR,automatic,diesel,20379,5
delhi-ncr,BMW X1,2020,2950000,21K km,21000,HR,automatic,petrol,50736,5
delhi-ncr,Mercedes C-Class,2017,2500000,63K km,63000,HR,automatic,petrol,42996,8
delhi-ncr,Maruti Ignis,2022,597000,23.5K km,23500,UP,automatic,petrol,10166,3
delhi-ncr,Maruti Wagon R 1.0,2020,477000,24K km,24000,DL,manual,petrol+cng,8123,5
delhi-ncr,Maruti S-Cross,2021,723000,22K km,22000,UP,manual,petrol,12312,4
delhi-ncr,Tata Punch,2024,929000,3.5K km,3500,HR,automatic,petrol,15820,1
delhi-ncr,Maruti Celerio X,2019,460000,27K km,27000,DL,manual,petrol,7707,6
delhi-ncr,Hyundai Elite i20,2015,493000,45K km,45000,HR,manual,petrol,8973,10
delhi-ncr,Maruti Baleno,2015,484000,25.5K km,25500,HR,manual,petrol,8809,10
delhi-ncr,Kia Sonet,2022,920000,45K km,45000,DL,manual,petrol,15667,3
delhi-ncr,Tata Nexon,2021,754000,10.5K km,10500,DL,manual,petrol,12840,4
delhi-ncr,Honda WR-V,2019,698000,38K km,38000,DL,manual,petrol,11886,6
delhi-ncr,Maruti Ciaz,2017,519000,87.5K km,87500,DL,manual,petrol,8838,8
delhi-ncr,Hyundai Elite i20,2018,557000,35K km,35000,DL,manual,petrol,9485,7
delhi-ncr,Hyundai i20 N Line,2021,829000,69K km,69000,DL,automatic,petrol,14117,4
delhi-ncr,Kia Sonet,2020,968000,94K km,94000,UP,automatic,diesel,16484,5
delhi-ncr,Kia Seltos,2019,1129000,102K km,102000,HR,automatic,petrol,19416,6
delhi-ncr,Maruti Ciaz,2020,793000,82K km,82000,DL,automatic,petrol,13504,5
delhi-ncr,Hyundai Verna,2013,410000,47K km,47000,DL,manual,petrol,11051,12
delhi-ncr,Tata Altroz,2020,540000,105K km,105000,HR,manual,petrol,9195,5
delhi-ncr,Tata Altroz,2022,596000,20K km,20000,DL,manual,petrol,10149,3
delhi-ncr,Mercedes GLA,2016,1800000,57K km,57000,DL,automatic,petrol,30957,9
delhi-ncr,Ford EcoSport,2019,709000,70.5K km,70500,HR,automatic,petrol,12073,6
delhi-ncr,Kia Sonet,2021,854000,50.5K km,50500,DL,manual,petrol,14543,4
delhi-ncr,Hyundai Venue,2022,989000,42.5K km,42500,HR,manual,petrol,16842,3
delhi-ncr,Hyundai Aura,2022,602000,32K km,32000,UP,manual,petrol,10251,3
delhi-ncr,Tata Tiago,2023,611000,5K km,5000,DL,manual,petrol,10404,2
delhi-ncr,Volkswagen Polo,2019,624000,42K km,42000,DL,manual,petrol,9962,6
delhi-ncr,Kia Sonet,2021,896000,24.5K km,24500,UP,manual,petrol,15258,4
delhi-ncr,Kia Sonet,2022,978000,12K km,12000,DL,manual,petrol,16654,3
delhi-ncr,Kia Sonet,2020,907000,48.5K km,48500,DL,manual,petrol,15445,5
delhi-ncr,Mahindra Thar,2021,1149000,60K km,60000,HR,manual,diesel,19760,4
delhi-ncr,Hyundai Elite i20,2018,518000,25.5K km,25500,DL,manual,petrol,8821,7
delhi-ncr,Hyundai Elite i20,2016,447000,109K km,109000,DL,manual,petrol,7612,9
delhi-ncr,Hyundai New i20,2020,712000,89K km,89000,DL,automatic,petrol,12124,5
delhi-ncr,Tata Tiago,2017,402000,33.5K km,33500,DL,manual,petrol,6845,8
delhi-ncr,Tata Nexon,2019,674000,45K km,45000,DL,manual,petrol,11477,6
delhi-ncr,Ford EcoSport,2021,765000,56K km,56000,UP,manual,petrol,13027,4
delhi-ncr,Maruti Baleno,2018,469000,82K km,82000,HR,automatic,petrol,7986,7
delhi-ncr,Hyundai Venue,2020,768000,55.5K km,55500,HR,manual,petrol,13078,5
delhi-ncr,Hyundai Elite i20,2017,475000,55K km,55000,DL,manual,petrol,8088,8
delhi-ncr,BMW 3 Series GT,2018,2650000,56.5K km,56500,HR,automatic,petrol,45576,7
delhi-ncr,Hyundai New i20,2023,859000,23K km,23000,DL,manual,petrol,14628,2
delhi-ncr,Hyundai Venue,2022,931000,3K km,3000,DL,manual,petrol,15854,3
delhi-ncr,Hyundai New i20,2023,830000,28K km,28000,DL,manual,petrol,14134,2
delhi-ncr,Hyundai Venue,2022,916000,30K km,30000,HR,manual,petrol,15598,3
delhi-ncr,Honda Jazz,2022,875000,22.5K km,22500,DL,automatic,petrol,13969,3
delhi-ncr,Maruti Baleno,2018,494000,46K km,46000,DL,manual,petrol,8412,7
delhi-ncr,Hyundai Venue,2021,946000,52.5K km,52500,DL,automatic,petrol,16109,4
delhi-ncr,Maruti Baleno,2018,575000,44K km,44000,HR,manual,petrol,9791,7
delhi-ncr,Skoda Slavia,2022,1218000,10.5K km,10500,HR,automatic,petrol,20947,3
delhi-ncr,Mahindra Thar,2021,1165000,48.5K km,48500,HR,manual,diesel,20034,4
delhi-ncr,Hyundai Creta,2016,644000,67K km,67000,DL,manual,petrol,10966,9
delhi-ncr,Kia Seltos,2020,1185000,67K km,67000,UP,automatic,diesel,20379,5
delhi-ncr,Hyundai Grand i10,2015,312000,70K km,70000,HR,manual,petrol,6696,10
delhi-ncr,Honda Amaze,2015,326000,95K km,95000,DL,manual,petrol,5934,10
delhi-ncr,Kia Seltos,2020,1138000,79K km,79000,DL,manual,petrol,19571,5
delhi-ncr,Hyundai Verna,2021,1109000,64.5K km,64500,DL,automatic,petrol,19072,4
delhi-ncr,Maruti Ertiga,2013,417000,51K km,51000,DL,manual,petrol,11240,12
delhi-ncr,Maruti Baleno,2016,514000,30K km,30000,HR,automatic,petrol,8753,9
delhi-ncr,Hyundai Elite i20,2015,421000,97.5K km,97500,UP,manual,petrol,7663,10
delhi-ncr,Audi Q3,2018,1970000,66.5K km,66500,UP,automatic,petrol,33881,7
delhi-ncr,Kia Sonet,2021,917000,17.5K km,17500,HR,manual,petrol,15615,4
delhi-ncr,Tata Nexon,2020,875000,43K km,43000,DL,automatic,petrol,14900,5
delhi-ncr,Hyundai Elite i20,2018,544000,50.5K km,50500,DL,manual,petrol,9264,7
delhi-ncr,Tata Tigor,2024,809000,10K km,10000,DL,manual,petrol+cng,13776,1
delhi-ncr,Maruti S-Cross,2022,878000,23.5K km,23500,UP,manual,petrol,14951,3
delhi-ncr,Hyundai Venue,2022,857000,37K km,37000,DL,manual,petrol,14594,3
delhi-ncr,Maruti Vitara Brezza,2022,871000,23.5K km,23500,DL,manual,petrol,14832,3
delhi-ncr,Hyundai Creta,2019,998000,55K km,55000,DL,automatic,petrol,16995,6
delhi-ncr,Skoda Slavia,2022,1378000,44.5K km,44500,UP,automatic,petrol,23699,3
delhi-ncr,Maruti Ignis,2021,536000,38K km,38000,HR,manual,petrol,9127,4
delhi-ncr,Tata Nexon,2022,755000,33K km,33000,HR,manual,petrol,12857,3
delhi-ncr,Kia Carnival,2020,2428000,50K km,50000,DL,automatic,diesel,41756,5
delhi-ncr,Honda City,2015,460000,60.5K km,60500,DL,manual,petrol,8373,10
delhi-ncr,Hyundai Elite i20,2015,388000,65K km,65000,DL,manual,petrol,7062,10
delhi-ncr,Maruti Baleno,2018,544000,76.5K km,76500,HR,automatic,petrol,9264,7
delhi-ncr,Hyundai New i20,2021,897000,27K km,27000,DL,automatic,petrol,15275,4
delhi-ncr,Hyundai Elite i20,2017,460000,83K km,83000,HR,manual,petrol,7833,8
delhi-ncr,Honda Jazz,2017,409000,88.5K km,88500,UP,manual,petrol,6529,8
delhi-ncr,Hyundai Creta,2016,676000,113K km,113000,DL,manual,petrol,11511,9
delhi-ncr,Audi A3,2019,1950000,62K km,62000,DL,automatic,petrol,33537,6
delhi-ncr,Maruti Ciaz,2016,551000,71.5K km,71500,DL,manual,petrol,9383,9
delhi-ncr,Maruti Ciaz,2016,563000,60K km,60000,DL,manual,petrol,9587,9
delhi-ncr,Hyundai Venue,2023,978000,20K km,20000,DL,manual,petrol,16654,2
delhi-ncr,Maruti Baleno,2021,519000,37K km,37000,DL,manual,petrol,8838,4
delhi-ncr,Kia Seltos,2021,1059000,26K km,26000,DL,manual,petrol,18212,4
delhi-ncr,Kia Seltos,2019,1177000,16K km,16000,DL,automatic,petrol,20242,6
delhi-ncr,Ford EcoSport,2018,624000,39K km,39000,DL,automatic,petrol,10626,7
delhi-ncr,Maruti S-Cross,2021,859000,26K km,26000,HR,manual,petrol,14628,4
delhi-ncr,Hyundai Creta,2020,1239000,77.5K km,77500,DL,automatic,petrol,21308,5
delhi-ncr,Maruti Baleno,2018,478000,61K km,61000,DL,manual,petrol,8140,7
delhi-ncr,Renault Triber,2020,563000,53K km,53000,HR,automatic,petrol,9587,5
delhi-ncr,Maruti Ciaz,2015,492000,85.5K km,85500,HR,manual,petrol,8955,10
delhi-ncr,Maruti Celerio,2020,442000,67K km,67000,DL,manual,petrol+cng,7527,5
delhi-ncr,Hyundai Verna,2013,445000,40.5K km,40500,DL,manual,petrol,11995,12
delhi-ncr,Maruti A-Star,2012,215000,61K km,61000,DL,manual,petrol,7666,13
delhi-ncr,Honda Jazz,2015,342000,65.5K km,65500,HR,manual,petrol,5836,10
delhi-ncr,Maruti Swift,2013,284000,66.5K km,66500,DL,manual,petrol,7655,12
delhi-ncr,Maruti S-Cross,2020,790000,83K km,83000,DL,automatic,petrol,13453,5
delhi-ncr,Honda Amaze,2017,426000,57K km,57000,DL,manual,petrol,7254,8
delhi-ncr,Mercedes C-Class,2020,3450000,33K km,33000,DL,automatic,petrol,59336,5
delhi-ncr,Hyundai Creta,2016,727000,64K km,64000,HR,manual,petrol,12380,9
delhi-ncr,Hyundai Aura,2021,639000,17.5K km,17500,DL,manual,petrol,10881,4
delhi-ncr,MG Hector,2020,1217000,42K km,42000,HR,automatic,petrol,20929,5
delhi-ncr,Maruti Ciaz,2022,949000,29K km,29000,DL,automatic,petrol,16160,3
delhi-ncr,Hyundai Elite i20,2019,529000,21.5K km,21500,HR,manual,petrol,9008,6
delhi-ncr,Maruti Vitara Brezza,2021,814000,39K km,39000,DL,manual,petrol,13861,4
delhi-ncr,Maruti Baleno,2018,524000,35.5K km,35500,DL,manual,petrol,8923,7
delhi-ncr,Toyota Etios Liva,2019,478000,69.5K km,69500,DL,manual,petrol,7631,6
delhi-ncr,Hyundai New i20,2023,1039000,8.5K km,8500,HR,automatic,petrol,17868,2
delhi-ncr,Hyundai Venue,2022,1039000,24K km,24000,UP,automatic,petrol,17868,3
delhi-ncr,Maruti Wagon R 1.0,2013,243000,35.5K km,35500,DL,manual,petrol,6738,12
delhi-ncr,Hyundai New Santro 1.1,2019,420000,85K km,85000,DL,manual,petrol+cng,6705,6
delhi-ncr,Hyundai New Santro 1.1,2019,426000,117K km,117000,HR,manual,petrol+cng,6801,6
delhi-ncr,Honda City,2014,453000,62.5K km,62500,DL,manual,petrol,9722,11
delhi-ncr,Renault Triber,2023,627000,21K km,21000,DL,manual,petrol+cng,10677,2
delhi-ncr,Tata Tiago NRG,2019,440000,20.5K km,20500,DL,manual,petrol,7492,6
delhi-ncr,Hyundai Venue,2020,765000,76K km,76000,HR,automatic,petrol,13027,5
delhi-ncr,Honda Amaze,2019,543000,89K km,89000,DL,automatic,petrol,9246,6
delhi-ncr,Maruti Wagon R 1.0,2012,228000,17.5K km,17500,DL,manual,petrol,8843,13
delhi-ncr,Hyundai New Santro 1.1,2019,444000,53K km,53000,DL,manual,petrol+cng,7088,6
delhi-ncr,Hyundai Venue,2022,1032000,33K km,33000,UP,manual,petrol,17748,3
delhi-ncr,Hyundai Elite i20,2015,497000,29K km,29000,DL,manual,petrol,9046,10
delhi-ncr,Renault Triber,2022,632000,30K km,30000,HR,manual,petrol,10762,3
delhi-ncr,Tata Curvv,2024,1412000,2K km,2000,HR,automatic,petrol,9698,1
delhi-ncr,Maruti Baleno,2020,672000,25K km,25000,HR,manual,petrol,11443,5
delhi-ncr,Maruti Baleno,2016,426000,58K km,58000,DL,manual,petrol,7254,9
delhi-ncr,Hyundai Venue,2021,973000,23.5K km,23500,UP,manual,petrol,16569,4
delhi-ncr,Maruti Baleno,2016,493000,35.5K km,35500,DL,manual,petrol,8395,9
delhi-ncr,Maruti Baleno,2018,565000,56.5K km,56500,HR,manual,petrol,9621,7
delhi-ncr,Maruti Baleno,2016,460000,18K km,18000,DL,manual,petrol,7833,9
delhi-ncr,Hyundai Grand i10,2015,420000,16K km,16000,UP,manual,petrol,7645,10
delhi-ncr,Hyundai Creta,2018,839000,95K km,95000,UP,manual,petrol,14287,7
delhi-ncr,Hyundai Venue,2022,872000,49K km,49000,DL,manual,petrol,14849,3
delhi-ncr,Honda City,2017,740000,71.5K km,71500,HR,automatic,petrol,12601,8
delhi-ncr,Tata Punch,2022,668000,37.5K km,37500,DL,manual,petrol,11375,3
delhi-ncr,Renault Kwid,2018,374000,18K km,18000,HR,automatic,petrol,6369,7
delhi-ncr,Maruti Ertiga,2013,492000,44K km,44000,DL,manual,petrol+cng,13261,12
delhi-ncr,Maruti Swift,2017,378000,44.5K km,44500,HR,manual,petrol,6437,8
delhi-ncr,Hyundai Venue,2021,833000,98K km,98000,DL,automatic,petrol,14185,4
delhi-ncr,Maruti Baleno,2018,520000,13K km,13000,HR,automatic,petrol,8855,7
delhi-ncr,Maruti Ciaz,2020,779000,39.5K km,39500,DL,automatic,petrol,13265,5
delhi-ncr,Renault Triber,2020,530000,45K km,45000,UP,automatic,petrol,9025,5
delhi-ncr,Nissan Magnite,2023,890000,10.5K km,10500,HR,automatic,petrol,15156,2
delhi-ncr,Hyundai Creta,2019,962000,61.5K km,61500,DL,automatic,diesel,16382,6
delhi-ncr,Hyundai New i20,2022,768000,17K km,17000,DL,manual,petrol,13078,3
delhi-ncr,Hyundai Grand i10,2014,367000,44.5K km,44500,DL,manual,petrol,7876,11
delhi-ncr,Ford EcoSport,2018,604000,90K km,90000,DL,manual,petrol,10285,7
delhi-ncr,Maruti Baleno,2018,619000,50K km,50000,DL,automatic,petrol,10541,7
delhi-ncr,Hyundai Creta,2016,697000,88.5K km,88500,UP,manual,petrol,11869,9
delhi-ncr,Tata Nexon,2019,763000,30K km,30000,DL,automatic,petrol,12993,6
delhi-ncr,Hyundai New i20,2022,960000,20.5K km,20500,UP,automatic,petrol,16348,3
delhi-ncr,Honda City,2017,630000,92.5K km,92500,DL,automatic,petrol,10728,8
delhi-ncr,Hyundai Xcent,2014,316000,102.5K km,102500,DL,manual,petrol,6358,11
delhi-ncr,Maruti Swift,2020,611000,64K km,64000,DL,automatic,petrol,10404,5
delhi-ncr,Maruti Ertiga,2014,475000,95K km,95000,DL,manual,petrol+cng,10194,11
delhi-ncr,Maruti Vitara Brezza,2019,604000,75.5K km,75500,HR,manual,diesel,10285,6
delhi-ncr,Hyundai Grand i10,2017,498000,31K km,31000,DL,automatic,petrol,8480,8
delhi-ncr,Renault Kwid,2022,362000,65.5K km,65500,HR,manual,petrol,6164,3
delhi-ncr,Maruti Celerio,2015,272000,55.5K km,55500,DL,manual,petrol,4951,10
delhi-ncr,Honda City,2013,359000,41K km,41000,DL,manual,petrol,9676,12
delhi-ncr,Hyundai New i20,2021,749000,56.5K km,56500,HR,manual,petrol,12755,4
delhi-ncr,Hyundai Elite i20,2020,722000,15.5K km,15500,DL,automatic,petrol,12295,5
delhi-ncr,Tata Nexon,2023,899000,16.5K km,16500,DL,automatic,petrol,15309,2
delhi-ncr,Maruti Ciaz,2022,859000,15K km,15000,UP,manual,petrol,14628,3
delhi-ncr,Hyundai New Santro 1.1,2018,397000,33.5K km,33500,DL,manual,petrol,6338,7
delhi-ncr,Hyundai New Santro 1.1,2021,476000,24.5K km,24500,DL,manual,petrol,7599,4
delhi-ncr,Renault Kiger,2024,757000,20K km,20000,DL,manual,petrol,12891,1
delhi-ncr,Hyundai New Santro 1.1,2019,462000,56.5K km,56500,DL,manual,petrol+cng,7375,6
delhi-ncr,Nissan Magnite,2021,825000,24K km,24000,DL,automatic,petrol,14049,4
delhi-ncr,Maruti Ignis,2019,440000,43K km,43000,HR,manual,petrol,7492,6
delhi-ncr,Mahindra Thar,2022,1240000,39K km,39000,HR,automatic,petrol,21324,3
delhi-ncr,Maruti Celerio,2018,352000,101K km,101000,DL,manual,petrol,5994,7
delhi-ncr,Honda Amaze,2020,729000,17.5K km,17500,UP,automatic,petrol,12414,5
delhi-ncr,Renault Triber,2021,455000,72.5K km,72500,HR,manual,petrol,7748,4
delhi-ncr,Hyundai New Santro 1.1,2020,511000,30.5K km,30500,DL,manual,petrol+cng,8158,5
delhi-ncr,Maruti Baleno,2016,453000,40K km,40000,DL,manual,petrol,7714,9
delhi-ncr,Volkswagen Polo,2013,334000,96.5K km,96500,DL,manual,petrol,8440,12
delhi-ncr,Kia Seltos,2021,1125000,52K km,52000,HR,manual,diesel,19348,4
delhi-ncr,Hyundai Grand i10 Nios,2021,570000,21.5K km,21500,DL,manual,petrol,9706,4
delhi-ncr,Ford EcoSport,2014,425000,112K km,112000,DL,automatic,petrol,9121,11
delhi-ncr,Hyundai Creta,2018,924000,54.5K km,54500,DL,automatic,petrol,15735,7
delhi-ncr,Kia Sonet,2021,997000,37.5K km,37500,HR,manual,petrol,16978,4
delhi-ncr,Kia Seltos,2021,1183000,73K km,73000,HR,automatic,petrol,20344,4
delhi-ncr,Maruti XL6,2022,1048000,48.5K km,48500,HR,automatic,petrol,18023,3
delhi-ncr,Renault Triber,2020,542000,31K km,31000,UP,manual,petrol,9229,5
delhi-ncr,Tata Nexon,2020,825000,26K km,26000,UP,automatic,petrol,14049,5
delhi-ncr,Maruti Dzire,2017,470000,39.5K km,39500,HR,manual,petrol,8003,8
delhi-ncr,Tata Altroz,2022,778000,11K km,11000,HR,automatic,petrol,13248,3
delhi-ncr,Maruti Brezza,2023,1054000,32K km,32000,HR,manual,petrol+cng,18119,2
delhi-ncr,Maruti Baleno,2017,543000,44K km,44000,DL,automatic,petrol,9246,8
delhi-ncr,Maruti Ciaz,2018,631000,67K km,67000,UP,manual,petrol,10745,7
delhi-ncr,Renault Kwid,2022,356000,70K km,70000,HR,manual,petrol,6062,3
delhi-ncr,Maruti Wagon R 1.0,2013,229000,84K km,84000,DL,manual,petrol,6350,12
delhi-ncr,Hyundai i10,2013,204000,75K km,75000,DL,manual,petrol,5498,12
delhi-ncr,Hyundai Verna,2013,390000,71.5K km,71500,DL,manual,petrol,10512,12
delhi-ncr,Maruti Swift,2014,338000,73.5K km,73500,DL,manual,petrol,7254,11
delhi-ncr,Honda City,2016,597000,114K km,114000,DL,automatic,petrol,10166,9
delhi-ncr,Renault Kwid,2019,349000,62.5K km,62500,DL,automatic,petrol,5943,6
delhi-ncr,Hyundai Elite i20,2017,490000,111K km,111000,UP,manual,petrol,8344,8
delhi-ncr,Renault Duster,2019,578000,61K km,61000,DL,manual,diesel,9843,6
delhi-ncr,Renault Triber,2020,479000,28.5K km,28500,DL,manual,petrol,8157,5
delhi-ncr,Ford EcoSport,2016,488000,57K km,57000,DL,manual,petrol,8310,9
delhi-ncr,Renault Triber,2023,687000,7K km,7000,HR,manual,petrol,11699,2
delhi-ncr,Maruti Baleno,2015,495000,23.5K km,23500,HR,manual,petrol,9010,10
delhi-ncr,Mahindra Thar,2020,1102000,52.5K km,52500,UP,manual,diesel,18952,5
delhi-ncr,Tata Altroz,2021,639000,43K km,43000,UP,manual,petrol,10881,4
delhi-ncr,Hyundai Creta,2022,1149000,75K km,75000,HR,manual,petrol,19760,3
delhi-ncr,Hyundai New Santro 1.1,2019,435000,33K km,33000,HR,manual,petrol,6944,6
delhi-ncr,Maruti Ertiga,2014,526000,71.5K km,71500,HR,manual,petrol,11289,11
delhi-ncr,Maruti Ciaz,2017,714000,29K km,29000,HR,automatic,petrol,12159,8
delhi-ncr,Maruti Ciaz,2016,579000,48K km,48000,UP,manual,petrol,9860,9
delhi-ncr,Toyota Glanza,2021,612000,21K km,21000,DL,manual,petrol,10422,4
delhi-ncr,Renault Kwid,2020,356000,61.5K km,61500,DL,manual,petrol,6062,5
delhi-ncr,Hyundai i10,2011,201000,56.5K km,56500,DL,manual,petrol,14362,14
delhi-ncr,Ford Figo,2012,201000,84K km,84000,DL,manual,petrol,9698,13
delhi-ncr,Honda Amaze,2022,688000,27K km,27000,UP,automatic,petrol,11716,3
delhi-ncr,Maruti Celerio,2019,380000,111K km,111000,HR,manual,petrol,6471,6
delhi-ncr,Honda City,2015,450000,75.5K km,75500,DL,manual,petrol,8191,10
delhi-ncr,Maruti Baleno,2016,404000,73.5K km,73500,DL,manual,petrol,6879,9
delhi-ncr,Volkswagen Polo,2013,336000,39K km,39000,DL,manual,petrol,8490,12
delhi-ncr,Tata Tigor,2022,646000,41.5K km,41500,DL,manual,petrol+cng,11001,3
delhi-ncr,Tata Nexon,2021,917000,31.5K km,31500,DL,automatic,petrol,15615,4
delhi-ncr,Hyundai Elite i20,2015,418000,53.5K km,53500,DL,manual,petrol,7608,10
delhi-ncr,Tata Tiago,2021,561000,35K km,35000,DL,automatic,petrol,9553,4
delhi-ncr,Tata Nexon,2022,789000,56K km,56000,DL,automatic,petrol,13436,3
delhi-ncr,Tata Tiago,2019,541000,25.5K km,25500,UP,automatic,petrol,9212,6
delhi-ncr,Maruti S-Presso,2020,374000,40.5K km,40500,DL,manual,petrol,6369,5
delhi-ncr,Hyundai Venue,2022,897000,36.5K km,36500,HR,manual,petrol,15275,3
delhi-ncr,Tata Altroz,2023,726000,12.5K km,12500,UP,automatic,petrol,12363,2
delhi-ncr,Renault Kiger,2022,895000,7.5K km,7500,DL,automatic,petrol,15241,3
delhi-ncr,Kia Sonet,2021,1129000,34.5K km,34500,HR,automatic,diesel,19416,4
delhi-ncr,Maruti Wagon R 1.0,2014,229000,61.5K km,61500,UP,manual,petrol,5098,11
delhi-ncr,Renault Kwid,2022,358000,17.5K km,17500,DL,manual,petrol,6096,3
delhi-ncr,Maruti Celerio,2017,303000,107K km,107000,DL,manual,petrol,5159,8
delhi-ncr,Volkswagen Polo,2016,430000,54K km,54000,DL,manual,petrol+cng,7322,9
delhi-ncr,Honda Amaze,2014,321000,53.5K km,53500,DL,manual,petrol,6889,11
delhi-ncr,Tata Tiago,2017,340000,122.5K km,122500,DL,manual,petrol,5790,8
delhi-ncr,Hyundai Elite i20,2015,456000,72.5K km,72500,DL,manual,petrol,8300,10
delhi-ncr,Renault Duster,2016,449000,84.5K km,84500,HR,manual,petrol,7646,9
delhi-ncr,Hyundai Elite i20,2016,483000,83.5K km,83500,DL,manual,petrol,8225,9
delhi-ncr,Tata Altroz,2022,668000,29K km,29000,DL,manual,petrol+cng,11375,3
delhi-ncr,Kia Sonet,2021,846000,55.5K km,55500,DL,manual,petrol,14406,4
delhi-ncr,Tata Nexon,2022,925000,46K km,46000,DL,manual,petrol,15752,3
delhi-ncr,Honda City,2019,696000,52.5K km,52500,UP,manual,petrol,11852,6
delhi-ncr,Kia Sonet,2021,1039000,6.5K km,6500,HR,manual,petrol,17868,4
delhi-ncr,Tata Nexon,2020,768000,43K km,43000,HR,manual,petrol,13078,5
delhi-ncr,Nissan Magnite,2021,795000,31K km,31000,DL,automatic,petrol,13538,4
delhi-ncr,Maruti Alto 800,2021,349000,13.5K km,13500,DL,manual,petrol,6237,4
delhi-ncr,Maruti Dzire,2018,489000,42.5K km,42500,DL,manual,petrol,8327,7
delhi-ncr,Maruti Dzire,2018,508000,62.5K km,62500,UP,manual,petrol,8650,7
delhi-ncr,Mahindra Thar,2021,1127000,62.5K km,62500,UP,automatic,petrol,19382,4
delhi-ncr,Tata Nexon,2019,675000,31.5K km,31500,DL,manual,petrol,11494,6
delhi-ncr,Kia Seltos,2019,925000,77.5K km,77500,HR,manual,petrol,15752,6
delhi-ncr,Hyundai i20 Active,2015,441000,57.5K km,57500,DL,manual,petrol,8027,10
delhi-ncr,Tata Tigor,2022,640000,59.5K km,59500,DL,manual,petrol+cng,10898,3
delhi-ncr,Maruti Celerio,2017,376000,95.5K km,95500,DL,automatic,petrol,6403,8
delhi-ncr,Honda Brio,2013,225000,100K km,100000,UP,manual,petrol,5685,12
delhi-ncr,Maruti Swift Dzire,2013,344000,26K km,26000,DL,manual,petrol,9272,12
delhi-ncr,Hyundai Verna,2019,840000,89K km,89000,UP,automatic,petrol,14304,6
delhi-ncr,Hyundai Grand i10,2013,312000,22K km,22000,DL,manual,petrol,8410,12
delhi-ncr,Kia Carens,2022,1227000,18K km,18000,DL,manual,petrol,21101,3
delhi-ncr,Renault Kiger,2022,630000,9K km,9000,DL,manual,petrol,10728,3
delhi-ncr,Maruti Baleno,2016,445000,55K km,55000,HR,manual,petrol,7578,9
delhi-ncr,Tata Nexon,2021,825000,32K km,32000,UP,manual,petrol,14049,4
delhi-ncr,Hyundai Venue,2019,752000,70K km,70000,HR,automatic,petrol,12806,6
delhi-ncr,Honda City,2023,1259000,22.5K km,22500,HR,manual,petrol,21652,2
delhi-ncr,Hyundai New Santro 1.1,2019,441000,78K km,78000,HR,manual,petrol+cng,7040,6
delhi-ncr,Hyundai Creta,2016,818000,50K km,50000,HR,automatic,petrol,13930,9
delhi-ncr,Hyundai Elite i20,2018,624000,35.5K km,35500,UP,manual,petrol,10626,7
delhi-ncr,Maruti Baleno,2018,554000,51.5K km,51500,DL,manual,petrol,9434,7
delhi-ncr,Mahindra XUV700,2022,2059000,26K km,26000,UP,automatic,petrol,35410,3
delhi-ncr,Maruti Swift,2014,308000,107K km,107000,DL,manual,petrol,6610,11
delhi-ncr,Maruti Wagon R Stingray,2013,244000,28.5K km,28500,DL,manual,petrol,6577,12
delhi-ncr,Hyundai i20,2011,207000,43.5K km,43500,DL,manual,petrol,14790,14
delhi-ncr,Maruti S-Presso,2022,419000,81.5K km,81500,DL,manual,petrol+cng,7135,3
delhi-ncr,Hyundai i10,2012,202000,68.5K km,68500,DL,manual,petrol,7682,13
delhi-ncr,Renault Kwid,2022,374000,49.5K km,49500,HR,manual,petrol,6369,3
delhi-ncr,Hyundai Creta,2016,633000,113K km,113000,DL,manual,petrol,10779,9
delhi-ncr,Maruti A-Star,2012,218000,75K km,75000,HR,manual,petrol,7773,13
delhi-ncr,Honda City,2013,315000,76K km,76000,DL,manual,petrol,8490,12
delhi-ncr,Maruti Baleno,2018,483000,49.5K km,49500,DL,manual,petrol,8225,7
delhi-ncr,Renault Kwid,2017,280000,55K km,55000,HR,manual,petrol,4768,8
delhi-ncr,Tata Tigor,2022,633000,70.5K km,70500,DL,manual,petrol+cng,10779,3
delhi-ncr,Hyundai Elite i20,2015,409000,67K km,67000,DL,manual,petrol,7444,10
delhi-ncr,Hyundai Verna,2019,746000,58K km,58000,HR,manual,petrol,12703,6
delhi-ncr,Renault Triber,2021,598000,65K km,65000,UP,automatic,petrol,10183,4
delhi-ncr,Hyundai New Santro 1.1,2020,462000,52.5K km,52500,HR,manual,petrol+cng,7375,5
delhi-ncr,Honda BR-V,2016,571000,86K km,86000,DL,manual,petrol,9723,9
delhi-ncr,Maruti Swift,2020,468000,33K km,33000,DL,manual,petrol,7969,5
delhi-ncr,Hyundai Elite i20,2018,597000,40K km,40000,DL,manual,petrol+cng,10166,7
delhi-ncr,Honda Amaze,2018,498000,20K km,20000,HR,manual,petrol,8480,7
delhi-ncr,Toyota Glanza,2022,740000,41K km,41000,DL,manual,petrol,12601,3
delhi-ncr,Hyundai Eon,2012,224000,22.5K km,22500,DL,manual,petrol,7987,13
delhi-ncr,Maruti Celerio,2016,367000,45K km,45000,UP,automatic,petrol,6249,9
delhi-ncr,Honda Brio,2013,229000,55K km,55000,DL,manual,petrol,5786,12
delhi-ncr,Hyundai Eon,2012,201000,54K km,54000,DL,manual,petrol,7166,13
delhi-ncr,Maruti Ciaz,2018,626000,53.5K km,53500,HR,manual,petrol,10660,7
delhi-ncr,Hyundai Grand i10,2013,298000,87.5K km,87500,DL,manual,petrol,8032,12
delhi-ncr,Maruti Alto 800,2013,205000,27.5K km,27500,HR,manual,petrol,5685,12
delhi-ncr,Maruti Wagon R 1.0,2012,214000,24K km,24000,DL,manual,petrol,8300,13
delhi-ncr,Honda Amaze,2022,732000,55K km,55000,UP,automatic,petrol,12465,3
delhi-ncr,Hyundai Grand i10 Nios,2021,611000,45K km,45000,HR,manual,petrol+cng,10404,4
delhi-ncr,Tata Nexon,2023,919000,34.5K km,34500,DL,manual,petrol,15650,2
delhi-ncr,Maruti Ciaz,2016,541000,65K km,65000,UP,manual,petrol,9212,9
delhi-ncr,Hyundai Creta,2016,720000,67.5K km,67500,UP,automatic,petrol,12261,9
delhi-ncr,Hyundai Venue,2021,829000,22.5K km,22500,UP,manual,petrol,14117,4
delhi-ncr,Maruti Baleno,2018,501000,38K km,38000,DL,manual,petrol,8531,7
delhi-ncr,Honda City,2016,575000,79K km,79000,DL,automatic,petrol,9791,9
delhi-ncr,Hyundai Creta,2016,747000,44K km,44000,DL,automatic,petrol,12720,9
delhi-ncr,Renault Kwid,2021,412000,11.5K km,11500,DL,manual,petrol,7016,4
delhi-ncr,Maruti Swift,2017,457000,23.5K km,23500,DL,manual,petrol,7782,8
delhi-ncr,Nissan Sunny,2012,249000,54K km,54000,DL,manual,petrol,8878,13
delhi-ncr,Honda Amaze,2016,401000,124.5K km,124500,UP,manual,petrol,6828,9
delhi-ncr,Hyundai Elite i20,2015,398000,94.5K km,94500,HR,manual,petrol,7244,10
delhi-ncr,Hyundai Verna,2013,349000,97K km,97000,DL,manual,petrol,9407,12
delhi-ncr,Hyundai Grand i10,2013,309000,89.5K km,89500,DL,manual,petrol,8329,12
delhi-ncr,Honda Brio,2012,216000,71K km,71000,DL,manual,petrol,7701,13
delhi-ncr,Volkswagen Polo,2012,289000,107.5K km,107500,DL,manual,petrol,10304,13
delhi-ncr,Maruti Wagon R 1.0,2012,176000,94.5K km,94500,DL,manual,petrol,6826,13
delhi-ncr,Honda City,2017,758000,88.5K km,88500,DL,automatic,petrol,12908,8
delhi-ncr,Hyundai New Santro 1.1,2021,460000,32K km,32000,HR,manual,petrol,7343,4
delhi-ncr,Maruti Baleno,2016,421000,80.5K km,80500,DL,manual,petrol,7169,9
delhi-ncr,Hyundai Venue,2022,880000,24.5K km,24500,DL,manual,petrol,14985,3
delhi-ncr,Kia Seltos,2020,1268000,55.5K km,55500,DL,manual,petrol,21807,5
delhi-ncr,Hyundai Elite i20,2015,457000,73K km,73000,DL,manual,petrol,8315,10
delhi-ncr,Maruti Swift,2017,428000,13K km,13000,DL,manual,petrol,7288,8
delhi-ncr,Renault Kwid,2021,395000,55.5K km,55500,DL,automatic,petrol,6726,4
delhi-ncr,Maruti Celerio,2021,549000,33.5K km,33500,UP,automatic,petrol,9349,4
delhi-ncr,Tata Nexon,2019,712000,44.5K km,44500,HR,manual,petrol,12124,6
delhi-ncr,Renault Kwid,2019,302000,37K km,37000,DL,manual,petrol,5142,6
delhi-ncr,Tata Altroz,2023,784000,12K km,12000,HR,manual,petrol,13351,2
delhi-ncr,Hyundai i10,2012,206000,58.5K km,58500,DL,manual,petrol,7834,13
delhi-ncr,Maruti Swift,2014,318000,66K km,66000,DL,manual,petrol,6824,11
delhi-ncr,Hyundai i20,2012,201000,57K km,57000,DL,manual,petrol,7644,13
delhi-ncr,Maruti Celerio,2015,314000,90K km,90000,DL,automatic,petrol,5715,10
delhi-ncr,Renault Kwid,2020,349000,33K km,33000,UP,manual,petrol,5943,5
delhi-ncr,Maruti Wagon R 1.0,2016,344000,32K km,32000,DL,automatic,petrol,6546,9
delhi-ncr,Kia Carnival,2022,2688000,99.5K km,99500,UP,automatic,diesel,46234,3
delhi-ncr,Tata Altroz,2020,580000,52K km,52000,HR,manual,petrol,9877,5
delhi-ncr,Volkswagen Polo,2011,245000,111.5K km,111500,HR,manual,petrol,16412,14
delhi-ncr,Honda Jazz,2016,402000,74.5K km,74500,HR,manual,petrol,6417,9
delhi-ncr,Honda Amaze,2019,539000,82.5K km,82500,UP,automatic,petrol,9178,6
delhi-ncr,Hyundai Creta,2016,690000,81K km,81000,UP,manual,petrol,11750,9
delhi-ncr,Maruti Vitara Brezza,2019,645000,67K km,67000,DL,automatic,diesel,10983,6
delhi-ncr,Hyundai Grand i10,2014,385000,41K km,41000,DL,manual,petrol,8262,11
delhi-ncr,Hyundai Verna,2018,799000,38.5K km,38500,DL,manual,petrol,13606,7
delhi-ncr,Maruti Wagon R 1.0,2021,475000,77.5K km,77500,DL,manual,petrol+cng,8088,4
delhi-ncr,Maruti Ciaz,2018,681000,51.5K km,51500,DL,manual,petrol,11597,7
delhi-ncr,Toyota Glanza,2020,646000,47.5K km,47500,DL,automatic,petrol,11001,5
delhi-ncr,Honda City,2022,1126000,12K km,12000,DL,manual,petrol,19364,3
delhi-ncr,Renault Triber,2019,523000,12.5K km,12500,DL,manual,petrol,8906,6
delhi-ncr,Honda Brio,2011,207000,35K km,35000,DL,manual,petrol,13866,14
delhi-ncr,Ford EcoSport,2021,875000,33K km,33000,DL,manual,petrol,14900,4
delhi-ncr,Maruti Alto K10,2023,443000,26.5K km,26500,DL,manual,petrol,7544,2
delhi-ncr,Maruti Swift,2012,286000,33K km,33000,DL,manual,petrol,10877,13
delhi-ncr,Maruti Swift,2017,383000,58.5K km,58500,DL,manual,petrol,6522,8
delhi-ncr,Ford Figo,2012,199000,43.5K km,43500,DL,manual,petrol,9698,13
delhi-ncr,Mahindra KUV100,2017,323000,35.5K km,35500,HR,manual,petrol,5500,8
delhi-ncr,Hyundai Elite i20,2016,487000,60K km,60000,DL,manual,petrol,8293,9
delhi-ncr,Maruti Swift Dzire,2014,309000,97K km,97000,DL,manual,petrol,6631,11
delhi-ncr,Honda WR-V,2019,698000,41K km,41000,DL,manual,petrol,11886,6
delhi-ncr,Maruti Baleno,2015,423000,44.5K km,44500,DL,manual,petrol,7699,10
delhi-ncr,Maruti S-Presso,2024,427000,10K km,10000,HR,manual,petrol,7271,1
delhi-ncr,Hyundai Creta,2015,668000,39K km,39000,DL,manual,petrol,12159,10
delhi-ncr,Honda Amaze,2023,798000,12K km,12000,DL,automatic,petrol,13589,2
delhi-ncr,Tata Tigor,2022,698000,21.5K km,21500,DL,manual,petrol+cng,11886,3
delhi-ncr,Honda City,2016,647000,54.5K km,54500,HR,automatic,petrol,11018,9
delhi-ncr,Hyundai Elite i20,2015,464000,61K km,61000,DL,manual,petrol,8445,10
delhi-ncr,Hyundai Grand i10,2018,459000,27.5K km,27500,DL,manual,petrol,7816,7
delhi-ncr,Hyundai New i20,2021,792000,16K km,16000,DL,automatic,petrol,13487,4
delhi-ncr,Maruti Baleno,2016,463000,83.5K km,83500,HR,manual,petrol,7884,9
delhi-ncr,Maruti Swift Dzire,2016,390000,50K km,50000,HR,manual,petrol,6641,9
delhi-ncr,Hyundai Elite i20,2016,440000,50.5K km,50500,DL,manual,petrol,8009,9
delhi-ncr,Hyundai i10,2012,236000,35.5K km,35500,HR,automatic,petrol,16863,13
delhi-ncr,Maruti Swift Dzire,2015,351000,97K km,97000,DL,manual,petrol,6389,10
delhi-ncr,Maruti Swift Dzire,2012,322000,50K km,50000,DL,automatic,petrol,12246,13
delhi-ncr,Honda City,2017,768000,59.5K km,59500,DL,automatic,petrol,13078,8
delhi-ncr,Renault Triber,2021,558000,54.5K km,54500,DL,manual,petrol,9502,4
delhi-ncr,Volkswagen Polo,2012,294000,73K km,73000,DL,manual,petrol,10482,13
delhi-ncr,Honda Amaze,2015,370000,100.5K km,100500,DL,manual,petrol,6734,10
delhi-ncr,Renault Kwid,2023,458000,12K km,12000,UP,manual,petrol,7799,2
delhi-ncr,Datsun Redi-GO,2020,267000,25K km,25000,UP,manual,petrol,5730,5
delhi-ncr,Maruti Ciaz,2017,602000,78K km,78000,DL,automatic,petrol,10251,8
delhi-ncr,Maruti Alto 800,2017,275000,38K km,38000,DL,manual,petrol,4914,8
delhi-ncr,Hyundai Grand i10 Nios,2022,591000,32K km,32000,HR,manual,petrol,10064,3
delhi-ncr,Hyundai Grand i10,2014,341000,56K km,56000,DL,manual,petrol,7318,11
delhi-ncr,Hyundai Elite i20,2015,439000,60.5K km,60500,DL,manual,petrol,7990,10
delhi-ncr,Hyundai Elite i20,2015,512000,26.5K km,26500,HR,manual,petrol,9319,10
delhi-ncr,Tata Nexon,2021,710000,13.5K km,13500,DL,manual,petrol,12090,4
delhi-ncr,Renault Kwid,2020,329000,36K km,36000,HR,manual,petrol,5602,5
delhi-ncr,Renault Kwid,2021,389000,18K km,18000,DL,manual,petrol,6624,4
delhi-ncr,Maruti Alto 800,2013,212000,28K km,28000,DL,manual,petrol,5879,12
delhi-ncr,Maruti Swift,2018,565000,67.5K km,67500,DL,manual,petrol,9621,7
delhi-ncr,Volkswagen Polo,2016,403000,90.5K km,90500,DL,manual,petrol,6433,9
delhi-ncr,Maruti Ciaz,2018,619000,111.5K km,111500,UP,manual,petrol,10541,7
delhi-ncr,Honda Brio,2013,246000,74.5K km,74500,DL,manual,petrol,6216,12
delhi-ncr,Honda City,2015,472000,104.5K km,104500,DL,manual,petrol,8591,10
delhi-ncr,Maruti Baleno,2016,432000,94K km,94000,DL,manual,petrol,7356,9
delhi-ncr,Maruti S-Cross,2021,831000,90.5K km,90500,UP,automatic,petrol,14151,4
delhi-ncr,Hyundai Verna,2012,328000,68K km,68000,DL,manual,petrol,12474,13
delhi-ncr,Maruti Swift,2023,639000,17K km,17000,DL,manual,petrol,10881,2
delhi-ncr,Maruti Dzire,2017,549000,61K km,61000,DL,automatic,petrol,9349,8
delhi-ncr,Ford EcoSport,2020,738000,29.5K km,29500,HR,manual,petrol,12567,5
delhi-ncr,Hyundai Creta,2019,897000,26K km,26000,DL,manual,petrol,15275,6
delhi-ncr,Ford EcoSport,2014,433000,71.5K km,71500,DL,manual,petrol,9293,11
delhi-ncr,Renault Kwid,2022,439000,33K km,33000,HR,manual,petrol,7475,3
delhi-ncr,Renault Kwid,2022,355000,31K km,31000,HR,manual,petrol,6045,3
delhi-ncr,Maruti Celerio,2017,385000,80K km,80000,DL,automatic,petrol,6556,8
delhi-ncr,Maruti S-Cross,2021,911000,50.5K km,50500,HR,manual,petrol,15513,4
delhi-ncr,Honda Jazz,2017,459000,48K km,48000,DL,manual,petrol,7327,8
delhi-ncr,Renault Triber,2021,560000,9K km,9000,UP,automatic,petrol,9536,4
delhi-ncr,Maruti Swift,2011,218000,54.5K km,54500,DL,manual,petrol,15576,14
delhi-ncr,Maruti Baleno,2019,522000,100.5K km,100500,HR,manual,petrol,8889,6
delhi-ncr,Maruti Wagon R 1.0,2013,247000,101K km,101000,DL,manual,petrol+cng,6657,12
delhi-ncr,Hyundai Elite i20,2016,419000,56K km,56000,UP,manual,petrol,7135,9
delhi-ncr,Hyundai i20,2012,255000,49.5K km,49500,DL,manual,petrol,9698,13
delhi-ncr,Maruti Baleno,2019,468000,52.5K km,52500,DL,manual,petrol+cng,7969,6
delhi-ncr,Hyundai i10,2011,185000,51K km,51000,DL,manual,petrol,13218,14
delhi-ncr,Hyundai Grand i10,2014,318000,61K km,61000,DL,manual,petrol,6824,11
delhi-ncr,Maruti Wagon R 1.0,2013,229000,81.5K km,81500,HR,manual,petrol,6350,12
delhi-ncr,Ford EcoSport,2014,465000,43.5K km,43500,DL,manual,petrol,9979,11
delhi-ncr,Maruti Swift,2023,640000,8.5K km,8500,DL,manual,petrol,10898,2
delhi-ncr,MG Astor,2024,1085000,8K km,8000,HR,manual,petrol,18659,1
delhi-ncr,Maruti Baleno,2019,598000,61K km,61000,DL,automatic,petrol,10183,6
delhi-ncr,Kia Sonet,2021,879000,31K km,31000,DL,manual,petrol,14968,4
delhi-ncr,Renault Kwid,2021,396000,40K km,40000,UP,automatic,petrol,6743,4
delhi-ncr,Hyundai Grand i10,2020,475000,54.5K km,54500,DL,manual,petrol,8088,5
delhi-ncr,Renault Kwid,2020,372000,25.5K km,25500,DL,automatic,petrol,6334,5
delhi-ncr,Renault Kwid,2021,441000,12.5K km,12500,DL,manual,petrol,7509,4
delhi-ncr,Honda Amaze,2021,698000,48K km,48000,HR,automatic,petrol,11886,4
delhi-ncr,Hyundai Creta,2016,769000,57.5K km,57500,DL,automatic,petrol,13095,9
delhi-ncr,Datsun Redi-GO,2022,278000,66.5K km,66500,HR,manual,petrol,4734,3
delhi-ncr,Hyundai i10,2012,216000,46.5K km,46500,DL,manual,petrol,8219,13
delhi-ncr,Maruti Baleno,2016,405000,39K km,39000,HR,manual,petrol,6896,9
delhi-ncr,Honda City,2012,279000,94K km,94000,DL,manual,petrol,10611,13
delhi-ncr,Honda Jazz,2015,399000,122K km,122000,DL,automatic,petrol,6808,10
delhi-ncr,Chevrolet Beat,2011,165000,67.5K km,67500,DL,manual,petrol,9698,14
delhi-ncr,Hyundai Venue,2021,885000,71.5K km,71500,HR,manual,diesel,15071,4
delhi-ncr,Hyundai i10,2011,198000,59.5K km,59500,DL,manual,petrol,14147,14
delhi-ncr,Maruti Baleno,2016,436000,45.5K km,45500,DL,manual,petrol,7424,9
delhi-ncr,Maruti S-Cross,2022,912000,25.5K km,25500,DL,manual,petrol,15530,3
delhi-ncr,Hyundai New Santro 1.1,2019,446000,69.5K km,69500,DL,manual,petrol+cng,7120,6
delhi-ncr,Tata Altroz,2023,749000,25K km,25000,DL,automatic,petrol,12755,2
delhi-ncr,Maruti S-Presso,2020,354000,14.5K km,14500,DL,manual,petrol,6028,5
delhi-ncr,Renault Triber,2023,594000,36K km,36000,HR,manual,petrol,10115,2
delhi-ncr,Hyundai Elite i20,2015,430000,65K km,65000,UP,manual,petrol,7827,10
delhi-ncr,Honda Jazz,2016,434000,40.5K km,40500,DL,manual,petrol,6928,9
delhi-ncr,Tata Nexon,2020,712000,71.5K km,71500,UP,automatic,petrol,12124,5
delhi-ncr,Renault Kwid,2022,414000,10.5K km,10500,UP,manual,petrol,7050,3
delhi-ncr,Renault Kwid,2022,467000,15.5K km,15500,DL,automatic,petrol,7952,3
delhi-ncr,Maruti Swift,2023,648000,15.5K km,15500,DL,manual,petrol,11035,2
delhi-ncr,Maruti Baleno,2015,379000,94K km,94000,HR,manual,petrol,6898,10
delhi-ncr,Maruti Dzire,2017,507000,49K km,49000,UP,automatic,petrol,8633,8
delhi-ncr,Maruti Baleno,2018,489000,37K km,37000,DL,manual,petrol,8327,7
delhi-ncr,Toyota Glanza,2023,719000,61K km,61000,DL,manual,petrol,12244,2
delhi-ncr,Hyundai i10,2011,205000,32.5K km,32500,DL,manual,petrol,14648,14
delhi-ncr,Maruti Swift Dzire,2013,330000,62K km,62000,HR,manual,petrol,8895,12
delhi-ncr,Maruti Swift Dzire,2011,236000,41K km,41000,DL,manual,petrol,16863,14
delhi-ncr,Hyundai Grand i10,2017,417000,55.5K km,55500,DL,manual,petrol+cng,7101,8
delhi-ncr,Hyundai Elite i20,2015,414000,102K km,102000,DL,manual,petrol,7535,10
delhi-ncr,Tata Nexon,2019,625000,50.5K km,50500,DL,automatic,diesel,10643,6
delhi-ncr,Maruti Swift,2023,642000,17K km,17000,UP,manual,petrol,10932,2
delhi-ncr,Renault Triber,2023,596000,24K km,24000,HR,manual,petrol,10149,2
delhi-ncr,Hyundai Creta,2016,718000,88.5K km,88500,HR,automatic,petrol,12227,9
delhi-ncr,Mahindra Thar,2021,1149000,32K km,32000,HR,automatic,petrol,19759,4
delhi-ncr,MG Hector,2020,1268000,70K km,70000,HR,manual,diesel,21805,5
delhi-ncr,Honda Amaze,2014,316000,60K km,60000,HR,manual,petrol,6781,11
delhi-ncr,Honda Amaze,2022,789000,31K km,31000,DL,automatic,petrol,13436,3
delhi-ncr,Honda City,2019,754000,47K km,47000,DL,manual,petrol,12840,6
delhi-ncr,Hyundai Venue,2022,818000,58.5K km,58500,DL,manual,petrol,13930,3
delhi-ncr,Honda Amaze,2021,681000,27.5K km,27500,HR,manual,petrol,11597,4
delhi-ncr,Hyundai Verna,2024,1472000,23K km,23000,DL,automatic,petrol,25315,1
delhi-ncr,Tata Nexon,2018,553000,103K km,103000,DL,manual,petrol,9417,7
delhi-ncr,Honda Amaze,2018,498000,38K km,38000,DL,manual,petrol,8480,7
delhi-ncr,Maruti Swift Dzire,2013,276000,72K km,72000,DL,manual,petrol,7439,12
delhi-ncr,Hyundai Verna,2011,346000,84K km,84000,DL,manual,petrol,24723,14
delhi-ncr,Hyundai Elite i20,2015,431000,70.5K km,70500,DL,manual,petrol,7845,10
delhi-ncr,Honda Brio,2012,189000,80.5K km,80500,DL,manual,petrol,6739,13
delhi-ncr,Maruti Baleno,2016,429000,38K km,38000,DL,manual,petrol,7305,9
delhi-ncr,Maruti Baleno,2016,403000,99.5K km,99500,DL,manual,petrol,6862,9
delhi-ncr,Hyundai Venue,2021,831000,22K km,22000,DL,manual,petrol,14151,4
delhi-ncr,Maruti Wagon R 1.0,2021,482000,11.5K km,11500,DL,manual,petrol,8614,4
delhi-ncr,Honda City,2016,512000,76K km,76000,DL,manual,petrol,8719,9
delhi-ncr,Maruti Swift,2017,419000,27K km,27000,UP,manual,petrol,7135,8
delhi-ncr,Hyundai Venue,2022,773000,84.5K km,84500,UP,manual,petrol,13163,3
delhi-ncr,Renault Kwid,2021,378000,14K km,14000,UP,manual,petrol,6437,4
delhi-ncr,Hyundai Venue,2019,732000,33K km,33000,DL,automatic,petrol,12465,6
delhi-ncr,Maruti Swift,2020,698000,8.5K km,8500,DL,automatic,petrol,11886,5
delhi-ncr,Honda City,2023,1085000,7K km,7000,HR,manual,petrol,18660,2
delhi-ncr,Maruti Swift Dzire,2016,384000,65.5K km,65500,DL,manual,petrol,6539,9
delhi-ncr,Honda City,2023,1171000,17K km,17000,DL,manual,petrol,20145,2
delhi-ncr,Hyundai Creta,2016,665000,75K km,75000,HR,automatic,petrol,11324,9
delhi-ncr,Tata Tiago,2019,464000,54K km,54000,HR,manual,petrol,7901,6
delhi-ncr,Maruti Wagon R 1.0,2012,222000,91K km,91000,DL,manual,petrol+cng,8443,13
delhi-ncr,Maruti Swift,2015,385000,80.5K km,80500,DL,manual,petrol,7007,10
delhi-ncr,Hyundai Creta,2016,632000,102K km,102000,DL,manual,petrol,10762,9
delhi-ncr,Maruti Swift,2012,250000,44K km,44000,DL,manual,petrol,9508,13
delhi-ncr,Maruti Swift Dzire,2013,326000,44K km,44000,DL,manual,petrol,8787,12
delhi-ncr,Volkswagen Polo,2012,284000,102.5K km,102500,DL,manual,petrol,10126,13
delhi-ncr,Honda City,2012,298000,86K km,86000,DL,manual,petrol,11333,13
delhi-ncr,Hyundai Tucson,2017,1170000,17K km,17000,DL,manual,petrol,20111,8
delhi-ncr,Maruti Baleno,2017,504000,19K km,19000,DL,manual,petrol,8582,8
delhi-ncr,Hyundai Grand i10,2015,398000,36.5K km,36500,DL,manual,petrol,7244,10
delhi-ncr,Mahindra XUV 300,2022,878000,22K km,22000,HR,manual,petrol,14951,3
delhi-ncr,Hyundai Grand i10 Nios,2020,591000,45K km,45000,DL,manual,petrol+cng,10064,5
delhi-ncr,Maruti S-Cross,2022,920000,19.5K km,19500,UP,manual,petrol,15667,3
delhi-ncr,Honda WR-V,2017,632000,41K km,41000,DL,manual,petrol,10762,8
delhi-ncr,Hyundai Creta,2017,779000,82K km,82000,HR,automatic,petrol,13265,8
delhi-ncr,Tata Tigor,2022,549000,34.5K km,34500,DL,manual,petrol,9349,3
delhi-ncr,Maruti New Ertiga,2019,878000,41.5K km,41500,DL,automatic,petrol,14951,6
delhi-ncr,Maruti Baleno,2017,516000,37K km,37000,DL,manual,petrol,8787,8
delhi-ncr,Maruti Baleno,2016,442000,66K km,66000,DL,manual,petrol,7527,9
delhi-ncr,Ford EcoSport,2019,732000,77.5K km,77500,DL,automatic,petrol,12465,6
delhi-ncr,Volkswagen Polo,2012,285000,32.5K km,32500,DL,manual,petrol,19091,13
delhi-ncr,Hyundai Creta,2019,932000,84K km,84000,DL,manual,petrol,15871,6
delhi-ncr,Maruti Ertiga,2012,461000,41K km,41000,HR,manual,petrol,17533,13
delhi-ncr,Ford EcoSport,2013,410000,62K km,62000,DL,manual,petrol,11051,12
delhi-ncr,Volkswagen Ameo,2018,490000,62.5K km,62500,HR,manual,petrol,7822,7
delhi-ncr,Honda Jazz,2016,378000,111.5K km,111500,HR,manual,petrol,6034,9
delhi-ncr,Hyundai Elite i20,2014,399000,114K km,114000,DL,manual,petrol,8563,11
delhi-ncr,Maruti Swift,2016,374000,35.5K km,35500,DL,manual,petrol,6369,9
delhi-ncr,Renault Kwid,2022,420000,33K km,33000,HR,manual,petrol,7152,3
delhi-ncr,Hyundai Venue,2021,811000,40.5K km,40500,UP,manual,petrol,13810,4
delhi-ncr,Maruti Swift,2022,709000,11K km,11000,HR,automatic,petrol,12073,3
delhi-ncr,Tata Nexon,2021,884000,24.5K km,24500,HR,manual,petrol,15054,4
delhi-ncr,Hyundai New i20,2022,759000,31K km,31000,DL,automatic,petrol,12925,3
delhi-ncr,Tata Tiago,2020,452000,31.5K km,31500,DL,manual,petrol,7697,5
delhi-ncr,Maruti Wagon R 1.0,2022,468000,4.5K km,4500,DL,manual,petrol,8364,3
delhi-ncr,Maruti Ciaz,2017,637000,57.5K km,57500,HR,manual,petrol,10847,8
delhi-ncr,Hyundai Venue,2021,855000,27K km,27000,UP,manual,petrol,14560,4
delhi-ncr,Honda City,2022,1239000,42K km,42000,DL,automatic,petrol,21308,3
delhi-ncr,Maruti Ritz,2014,266000,41K km,41000,DL,manual,petrol,5352,11
delhi-ncr,Honda Amaze,2014,326000,42K km,42000,DL,manual,petrol,6996,11
delhi-ncr,Hyundai Verna,2012,319000,110K km,110000,DL,manual,petrol,12132,13
delhi-ncr,Honda City,2016,566000,57K km,57000,DL,manual,petrol,9638,9
delhi-ncr,Hyundai Grand i10,2015,392000,32K km,32000,DL,manual,petrol,7135,10
delhi-ncr,Tata Nexon,2019,622000,51.5K km,51500,DL,manual,petrol,10592,6
delhi-ncr,Renault Kwid,2020,309000,25K km,25000,DL,manual,petrol,5262,5
delhi-ncr,Honda City,2016,598000,63K km,63000,HR,manual,petrol,10183,9
delhi-ncr,Hyundai Grand i10,2016,393000,33K km,33000,DL,manual,petrol,6692,9
delhi-ncr,Nissan Micra,2017,399000,31.5K km,31500,DL,automatic,petrol,6370,8
delhi-ncr,Hyundai New i20,2021,697000,65.5K km,65500,UP,manual,petrol,11869,4
delhi-ncr,Maruti Wagon R 1.0,2014,273000,43.5K km,43500,DL,manual,petrol,6078,11
delhi-ncr,Maruti Ciaz,2019,725000,6.5K km,6500,DL,automatic,petrol,12346,6
delhi-ncr,Maruti Baleno,2018,479000,64.5K km,64500,DL,manual,petrol,8157,7
delhi-ncr,MG Hector,2020,1170000,58.5K km,58500,DL,automatic,petrol,20122,5
delhi-ncr,Renault Kwid,2022,380000,22K km,22000,HR,manual,petrol,6471,3
delhi-ncr,Maruti Baleno,2019,609000,24.5K km,24500,DL,manual,petrol,10370,6
delhi-ncr,Maruti Baleno,2022,722000,51K km,51000,UP,manual,petrol,12295,3
delhi-ncr,Maruti Baleno,2016,456000,18.5K km,18500,HR,manual,petrol,7765,9
delhi-ncr,Renault Kwid,2019,392000,32K km,32000,DL,automatic,petrol,6675,6
delhi-ncr,Hyundai Xcent,2014,282000,53K km,53000,HR,manual,petrol,5674,11
delhi-ncr,Honda Amaze,2013,300000,64K km,64000,DL,manual,petrol,8086,12
delhi-ncr,Hyundai Elite i20,2015,432000,81K km,81000,DL,manual,petrol,7863,10
delhi-ncr,Maruti Wagon R 1.0,2012,234000,82K km,82000,DL,manual,petrol+cng,8899,13
delhi-ncr,Honda Jazz,2015,363000,47K km,47000,DL,manual,petrol,6194,10
delhi-ncr,Hyundai Grand i10,2016,391000,107K km,107000,DL,automatic,petrol,6658,9
delhi-ncr,Hyundai i10,2011,181000,68K km,68000,DL,manual,petrol,12933,14
delhi-ncr,Maruti Swift Dzire,2013,317000,59.5K km,59500,DL,manual,petrol,8544,12
delhi-ncr,Hyundai i10,2012,183000,55.5K km,55500,DL,manual,petrol,6960,13
delhi-ncr,Hyundai Verna,2023,1459000,18.5K km,18500,DL,automatic,petrol,25091,2
delhi-ncr,Hyundai Tucson,2017,1201000,50.5K km,50500,HR,automatic,petrol,20656,8
delhi-ncr,Datsun Redi-GO,2021,289000,8.5K km,8500,HR,manual,petrol,4921,4
delhi-ncr,Tata Nexon,2023,922000,21.5K km,21500,HR,automatic,petrol,15701,2
delhi-ncr,Hyundai Venue,2021,839000,30.5K km,30500,DL,manual,petrol,14287,4
delhi-ncr,Hyundai Xcent,2014,330000,61K km,61000,DL,manual,petrol,6639,11
delhi-ncr,Hyundai Elite i20,2015,455000,42.5K km,42500,DL,manual,petrol,8282,10
delhi-ncr,Skoda Slavia,2022,1459000,26K km,26000,HR,automatic,petrol,25092,3
delhi-ncr,Maruti Baleno,2017,454000,62.5K km,62500,DL,manual,petrol,7731,8
delhi-ncr,Renault Kiger,2022,789000,23.5K km,23500,UP,automatic,petrol,13436,3
delhi-ncr,Honda City,2015,521000,58.5K km,58500,HR,manual,petrol,9483,10
delhi-ncr,Ford EcoSport,2014,454000,62.5K km,62500,DL,manual,petrol,9743,11
delhi-ncr,Honda Jazz,2012,247000,98K km,98000,HR,manual,petrol,8807,13
delhi-ncr,Hyundai i10,2011,176000,91.5K km,91500,DL,manual,petrol,12575,14
delhi-ncr,Honda City,2021,1123000,56K km,56000,HR,automatic,petrol,19313,4
delhi-ncr,Maruti Wagon R 1.0,2017,346000,56.5K km,56500,DL,manual,petrol+cng,5892,8
delhi-ncr,Hyundai Grand i10,2018,391000,121.5K km,121500,DL,manual,petrol,6658,7
delhi-ncr,Tata Tiago,2023,568000,38.5K km,38500,UP,manual,petrol+cng,9672,2
delhi-ncr,Hyundai Venue,2021,807000,87K km,87000,DL,manual,diesel,13742,4
delhi-ncr,Maruti Ertiga,2015,598000,55K km,55000,HR,automatic,petrol,10885,10
delhi-ncr,Maruti Ciaz,2017,645000,44.5K km,44500,DL,manual,petrol,9698,8
delhi-ncr,Renault Kwid,2020,386000,20K km,20000,DL,manual,petrol,6573,5
delhi-ncr,Kia Sonet,2021,1078000,44K km,44000,HR,automatic,petrol,18539,4
delhi-ncr,Maruti Dzire,2019,587000,27K km,27000,UP,automatic,petrol,9996,6
delhi-ncr,Maruti Baleno,2017,464000,61.5K km,61500,DL,manual,petrol,7901,8
delhi-ncr,Hyundai Elite i20,2018,618000,53K km,53000,DL,automatic,petrol,10524,7
delhi-ncr,Maruti S-Presso,2021,402000,37K km,37000,HR,manual,petrol,6845,4
delhi-ncr,Hyundai Elite i20,2016,460000,67K km,67000,UP,manual,petrol,7833,9
delhi-ncr,Hyundai New Santro 1.1,2019,420000,55K km,55000,DL,manual,petrol,6705,6
delhi-ncr,Hyundai Elite i20,2016,474000,55K km,55000,DL,manual,petrol,8071,9
delhi-ncr,Hyundai Creta,2016,774000,52K km,52000,DL,automatic,petrol,13180,9
delhi-ncr,Hyundai Grand i10,2019,512000,65.5K km,65500,DL,manual,petrol+cng,8719,6
delhi-ncr,Maruti Baleno,2016,419000,68.5K km,68500,DL,manual,petrol,7135,9
delhi-ncr,Maruti Ciaz,2015,443000,57.5K km,57500,DL,automatic,petrol,8063,10
delhi-ncr,Renault Duster,2017,508000,61.5K km,61500,DL,manual,petrol,8650,8
delhi-ncr,Honda City,2017,749000,90.5K km,90500,DL,automatic,petrol,12755,8
delhi-ncr,Honda Amaze,2017,409000,60K km,60000,UP,manual,petrol,6965,8
delhi-ncr,Hyundai Creta,2017,736000,94.5K km,94500,DL,automatic,petrol,12533,8
delhi-ncr,Maruti Ciaz,2021,730000,32K km,32000,HR,automatic,petrol,12431,4
delhi-ncr,Renault Triber,2024,584000,4.5K km,4500,DL,manual,petrol,9945,1
delhi-ncr,Hyundai Venue,2021,807000,38.5K km,38500,UP,manual,petrol,13742,4
delhi-ncr,Maruti Ciaz,2015,537000,53.5K km,53500,DL,manual,petrol,9774,10
delhi-ncr,Hyundai Grand i10 Nios,2022,710000,16.5K km,16500,HR,automatic,petrol,12090,3
delhi-ncr,Hyundai Tucson,2017,1069000,70.5K km,70500,DL,manual,petrol,18374,8
delhi-ncr,MG Astor,2022,1329000,24.5K km,24500,UP,automatic,petrol,22856,3
delhi-ncr,Maruti Baleno,2018,475000,51K km,51000,HR,manual,petrol,8088,7
delhi-ncr,Tata Nexon,2019,618000,49K km,49000,UP,automatic,diesel,10524,6
delhi-ncr,Honda City,2016,541000,74.5K km,74500,DL,manual,petrol,9212,9
delhi-ncr,Maruti XL6,2021,939000,43K km,43000,DL,manual,petrol,15990,4
delhi-ncr,Maruti Vitara Brezza,2019,646000,43.5K km,43500,HR,manual,diesel,11001,6
delhi-ncr,Kia Sonet,2021,995000,32.5K km,32500,DL,manual,petrol,16944,4
delhi-ncr,Hyundai i20,2012,271000,33.5K km,33500,DL,manual,petrol,10307,13
delhi-ncr,Maruti Baleno,2019,524000,63K km,63000,DL,manual,petrol,8923,6
delhi-ncr,Honda Amaze,2013,263000,95.5K km,95500,DL,manual,petrol,7089,12
delhi-ncr,Tata Tiago,2019,428000,38.5K km,38500,DL,manual,petrol,7288,6
delhi-ncr,Chevrolet Beat,2010,152000,33.5K km,33500,DL,manual,petrol,9698,15
delhi-ncr,Hyundai Creta,2018,772000,110.5K km,110500,DL,automatic,petrol,13146,7
delhi-ncr,Nissan Micra Active,2013,220000,95.5K km,95500,UP,manual,petrol,5930,12
delhi-ncr,Nissan Micra,2019,459000,81.5K km,81500,UP,automatic,petrol,7327,6
delhi-ncr,Toyota Glanza,2021,616000,55K km,55000,DL,manual,petrol,10490,4
delhi-ncr,Maruti Baleno,2019,611000,57K km,57000,DL,automatic,petrol,10404,6
delhi-ncr,Maruti S-Cross,2021,975000,16.5K km,16500,UP,automatic,petrol,16603,4
delhi-ncr,Maruti Ciaz,2018,690000,47K km,47000,HR,manual,petrol,11750,7
delhi-ncr,Renault Kwid,2022,469000,16K km,16000,UP,automatic,petrol,7986,3
delhi-ncr,Maruti Baleno,2019,514000,68K km,68000,HR,manual,petrol,8753,6
delhi-ncr,Tata Altroz,2021,670000,34K km,34000,DL,manual,petrol,11409,4
delhi-ncr,Maruti Baleno,2018,580000,26K km,26000,DL,manual,petrol,9877,7
delhi-ncr,Hyundai Elite i20,2015,436000,68K km,68000,DL,manual,petrol,7936,10
delhi-ncr,Honda City,2014,495000,35.5K km,35500,DL,manual,petrol,10623,11
delhi-ncr,Hyundai New i20,2021,770000,39K km,39000,DL,manual,petrol,13112,4
delhi-ncr,Renault Kwid,2018,260000,39.5K km,39500,HR,manual,petrol,4427,7
delhi-ncr,Toyota Etios,2011,207000,76.5K km,76500,DL,manual,petrol,13866,14
delhi-ncr,Ford EcoSport,2017,492000,78K km,78000,DL,manual,petrol,8378,8
delhi-ncr,Volkswagen Polo,2012,269000,98K km,98000,DL,manual,petrol,9591,13
delhi-ncr,Hyundai Verna,2012,342000,95K km,95000,DL,manual,petrol+cng,13007,13
delhi-ncr,Maruti Baleno,2017,404000,123K km,123000,DL,manual,petrol,6879,8
delhi-ncr,Honda WR-V,2017,598000,47K km,47000,HR,manual,petrol,10183,8
delhi-ncr,Tata Nexon,2021,856000,41K km,41000,HR,manual,petrol,14577,4
delhi-ncr,Hyundai i10,2013,223000,45K km,45000,DL,manual,petrol,6011,12
delhi-ncr,Renault Duster,2013,327000,79.5K km,79500,DL,manual,petrol,8814,12
delhi-ncr,Renault Kiger,2021,603000,43K km,43000,DL,manual,petrol,10268,4
delhi-ncr,Tata Tigor,2021,549000,49K km,49000,DL,manual,petrol+cng,9349,4
delhi-ncr,Maruti Ciaz,2017,565000,87.5K km,87500,DL,manual,petrol,9621,8
delhi-ncr,Tata Tiago,2020,517000,28K km,28000,HR,manual,petrol,8804,5
delhi-ncr,Ford EcoSport,2016,471000,61K km,61000,UP,manual,petrol,8020,9
delhi-ncr,Honda WR-V,2021,789000,12.5K km,12500,DL,manual,petrol,13436,4
delhi-ncr,Hyundai Verna,2018,869000,36.5K km,36500,DL,manual,petrol+cng,14798,7
delhi-ncr,Hyundai Grand i10,2019,468000,62.5K km,62500,HR,manual,petrol,7969,6
delhi-ncr,Maruti Wagon R 1.0,2024,565000,6K km,6000,DL,manual,petrol,10097,1
delhi-ncr,Maruti Wagon R 1.0,2017,361000,64K km,64000,DL,automatic,petrol,6451,8
delhi-ncr,Tata Tiago,2019,468000,22K km,22000,DL,manual,petrol,7969,6
delhi-ncr,Renault Kwid,2022,363000,41K km,41000,UP,manual,petrol,6181,3
delhi-ncr,Tata Tiago NRG,2019,401000,114K km,114000,DL,manual,petrol,6828,6
delhi-ncr,Hyundai Grand i10,2013,330000,49.5K km,49500,DL,manual,petrol,8895,12
delhi-ncr,Maruti Swift Dzire,2015,368000,73.5K km,73500,DL,manual,petrol,6698,10
delhi-ncr,Honda Jazz,2016,348000,123.5K km,123500,DL,manual,petrol,5938,9
delhi-ncr,Renault Kwid,2017,337000,27.5K km,27500,DL,automatic,petrol,5738,8
delhi-ncr,Maruti Baleno,2017,398000,111K km,111000,DL,manual,petrol,6777,8
delhi-ncr,Toyota Etios,2011,218000,80K km,80000,DL,manual,petrol,14603,14
delhi-ncr,Maruti Baleno,2018,536000,38K km,38000,HR,automatic,petrol,9127,7
delhi-ncr,Hyundai Creta,2018,789000,64K km,64000,DL,manual,petrol,13436,7
delhi-ncr,Hyundai Creta,2016,745000,67K km,67000,HR,automatic,petrol,12686,9
delhi-ncr,Maruti Ciaz,2017,607000,67.5K km,67500,UP,automatic,petrol,10336,8
delhi-ncr,Hyundai Verna,2017,765000,52K km,52000,DL,automatic,petrol,13027,8
delhi-ncr,Hyundai Creta,2018,848000,83K km,83000,DL,automatic,petrol,14440,7
delhi-ncr,Mahindra XUV 300,2020,859000,65K km,65000,UP,automatic,diesel,14628,5
delhi-ncr,Maruti Baleno,2017,525000,75.5K km,75500,HR,manual,petrol,8940,8
delhi-ncr,Maruti Baleno,2017,476000,63K km,63000,DL,manual,petrol,8106,8
delhi-ncr,Maruti Baleno,2018,484000,54.5K km,54500,DL,manual,petrol,8242,7
delhi-ncr,Renault Kwid,2021,372000,26K km,26000,UP,manual,petrol,6334,4
delhi-ncr,Tata Nexon,2022,920000,22K km,22000,DL,manual,petrol,15667,3
delhi-ncr,Hyundai Grand i10 Nios,2021,645000,29.5K km,29500,DL,manual,petrol+cng,10983,4
delhi-ncr,Hyundai i20,2012,234000,79.5K km,79500,DL,manual,petrol,8899,13
delhi-ncr,Hyundai i10,2011,182000,25.5K km,25500,DL,manual,petrol,13004,14
delhi-ncr,Maruti Swift Dzire,2012,293000,54.5K km,54500,HR,manual,petrol,11143,13
delhi-ncr,Hyundai Grand i10,2016,366000,61.5K km,61500,DL,manual,petrol,6232,9
delhi-ncr,Maruti Ritz,2012,198000,87.5K km,87500,HR,manual,petrol,7059,13
delhi-ncr,Tata Nexon,2021,795000,88.5K km,88500,UP,manual,petrol,13538,4
delhi-ncr,Nissan Sunny,2013,249000,91K km,91000,HR,manual,petrol,6292,12
delhi-ncr,Hyundai i10,2012,206000,56.5K km,56500,DL,manual,petrol,7834,13
delhi-ncr,Hyundai New Santro 1.1,2021,498000,62.5K km,62500,DL,manual,petrol+cng,7950,4
delhi-ncr,Hyundai Elite i20,2015,425000,74K km,74000,DL,manual,petrol,7736,10
delhi-ncr,Hyundai Verna,2014,458000,79K km,79000,DL,automatic,petrol,9829,11
delhi-ncr,Hyundai Elite i20,2016,513000,47.5K km,47500,DL,manual,petrol,8736,9
delhi-ncr,Renault Triber,2020,554000,13K km,13000,HR,automatic,petrol,9434,5
delhi-ncr,Hyundai Venue,2022,811000,19K km,19000,DL,manual,petrol,13810,3
delhi-ncr,Renault Kiger,2021,618000,24K km,24000,UP,manual,petrol,10524,4
delhi-ncr,Maruti Baleno,2017,446000,61K km,61000,HR,manual,petrol,7595,8
delhi-ncr,Kia Sonet,2020,839000,87K km,87000,DL,manual,petrol,14287,5
delhi-ncr,Hyundai i20 Active,2015,498000,25K km,25000,DL,manual,petrol,9064,10
delhi-ncr,Renault Kwid,2022,438000,23K km,23000,HR,automatic,petrol,7458,3
delhi-ncr,Honda Amaze,2016,424000,39.5K km,39500,HR,manual,petrol,7220,9
delhi-ncr,Maruti Wagon R 1.0,2013,254000,31K km,31000,DL,manual,petrol,7043,12
delhi-ncr,Volkswagen Polo,2018,457000,107.5K km,107500,UP,manual,petrol,7296,7
delhi-ncr,Maruti Baleno,2022,568000,32.5K km,32500,HR,manual,petrol,9672,3
delhi-ncr,Maruti Baleno,2017,461000,79.5K km,79500,HR,manual,petrol,7850,8
delhi-ncr,Maruti Baleno,2021,649000,64.5K km,64500,DL,automatic,petrol,11052,4
delhi-ncr,Maruti Baleno,2016,435000,70.5K km,70500,DL,manual,petrol,7407,9
delhi-ncr,Maruti Wagon R 1.0,2014,257000,63.5K km,63500,DL,manual,petrol,5722,11
delhi-ncr,Hyundai Grand i10,2017,312000,103K km,103000,DL,manual,petrol,5313,8
delhi-ncr,Maruti Baleno,2018,480000,57K km,57000,DL,manual,petrol,8174,7
delhi-ncr,Ford EcoSport,2018,518000,46.5K km,46500,DL,manual,petrol,8821,7
delhi-ncr,Skoda Kushaq,2022,1098000,13K km,13000,DL,manual,petrol,18885,3
delhi-ncr,Ford EcoSport,2014,480000,60.5K km,60500,DL,automatic,petrol,10301,11
delhi-ncr,Tata Nexon,2022,957000,19K km,19000,DL,manual,petrol,16297,3
delhi-ncr,Hyundai Tucson,2018,1364000,41.5K km,41500,HR,automatic,petrol,23464,7
delhi-ncr,Tata Altroz,2023,825000,17.5K km,17500,DL,automatic,petrol,14049,2
delhi-ncr,Hyundai Xcent,2014,356000,26.5K km,26500,DL,manual,petrol,7162,11
delhi-ncr,Toyota Glanza,2021,679000,32K km,32000,DL,manual,petrol,11562,4
delhi-ncr,Tata Tiago,2023,556000,11K km,11000,DL,manual,petrol,9468,2
delhi-ncr,Maruti Ciaz,2017,570000,68.5K km,68500,DL,automatic,petrol,9706,8
delhi-ncr,Volkswagen Polo,2014,307000,99.5K km,99500,UP,manual,petrol,6177,11
delhi-ncr,Hyundai Grand i10,2014,339000,109K km,109000,DL,automatic,petrol,7275,11
delhi-ncr,Hyundai New Santro 1.1,2019,401000,112.5K km,112500,HR,automatic,petrol,6401,6
delhi-ncr,Maruti Swift,2014,292000,122.5K km,122500,DL,manual,petrol,6266,11
delhi-ncr,Maruti Swift,2011,207000,76.5K km,76500,DL,manual,petrol,14790,14
delhi-ncr,Renault Kiger,2023,673000,29.5K km,29500,UP,automatic,petrol,11460,2
delhi-ncr,Volkswagen Ameo,2016,347000,118.5K km,118500,UP,manual,petrol,5539,9
delhi-ncr,Honda City,2014,470000,63.5K km,63500,DL,manual,petrol,10087,11
delhi-ncr,Volkswagen Polo,2012,295000,60.5K km,60500,HR,manual,petrol,19761,13
delhi-ncr,Hyundai Creta,2017,759000,54.5K km,54500,DL,manual,petrol,12925,8
delhi-ncr,Renault Kwid,2022,413000,11K km,11000,DL,manual,petrol,7033,3
delhi-ncr,Renault Kwid,2018,284000,49.5K km,49500,UP,manual,petrol,4836,7
delhi-ncr,Maruti Baleno,2022,632000,21K km,21000,UP,manual,petrol,10762,3
delhi-ncr,Maruti Ciaz,2018,649000,61K km,61000,UP,manual,petrol,9698,7
delhi-ncr,Maruti Baleno,2016,414000,84.5K km,84500,DL,manual,petrol,7050,9
delhi-ncr,Maruti Baleno,2017,535000,18.5K km,18500,DL,manual,petrol,9110,8
delhi-ncr,MG Hector Plus,2020,1329000,63.5K km,63500,UP,automatic,petrol,22855,5
delhi-ncr,Ford EcoSport,2015,497000,80.5K km,80500,DL,automatic,petrol,9046,10
delhi-ncr,Maruti Swift,2019,576000,67K km,67000,DL,automatic,petrol,9808,6
delhi-ncr,Volkswagen Vento,2021,981000,46K km,46000,DL,automatic,petrol,15661,4
delhi-ncr,Maruti Swift,2012,256000,71.5K km,71500,DL,manual,petrol,9736,13
delhi-ncr,Toyota Etios,2011,226000,50.5K km,50500,DL,manual,petrol,15139,14
delhi-ncr,Maruti Swift Dzire,2012,231000,97.5K km,97500,DL,manual,petrol,8785,13
delhi-ncr,Tata Tiago,2019,488000,25.5K km,25500,DL,manual,petrol,8310,6
delhi-ncr,Maruti Eeco,2022,529000,10.5K km,10500,HR,manual,petrol,8445,3
delhi-ncr,Hyundai i10,2011,190000,15K km,15000,DL,manual,petrol,13576,14
delhi-ncr,Hyundai Creta,2018,730000,113K km,113000,HR,manual,petrol,12431,7
delhi-ncr,Maruti A-Star,2012,180000,63.5K km,63500,HR,manual,petrol,6418,13
delhi-ncr,Hyundai i10,2012,187000,58.5K km,58500,DL,manual,petrol,7112,13
delhi-ncr,Maruti Swift,2018,575000,53K km,53000,DL,automatic,petrol,9791,7
delhi-ncr,Hyundai Verna,2021,1129000,25.5K km,25500,HR,automatic,petrol,19416,4
delhi-ncr,Hyundai Creta,2016,729000,74.5K km,74500,HR,automatic,petrol,12414,9
delhi-ncr,Maruti Ciaz,2015,502000,62.5K km,62500,DL,manual,petrol,9137,10
delhi-ncr,Ford EcoSport,2019,712000,40K km,40000,DL,manual,petrol,12124,6
delhi-ncr,Tata Nexon,2019,678000,72K km,72000,DL,automatic,petrol,11545,6
delhi-ncr,Hyundai Grand i10,2015,367000,64K km,64000,DL,manual,petrol,6680,10
delhi-ncr,Tata Nexon,2022,762000,30K km,30000,HR,manual,petrol,12976,3
delhi-ncr,Hyundai Elite i20,2015,430000,77K km,77000,DL,manual,petrol,7827,10
delhi-ncr,Hyundai Creta,2016,751000,43.5K km,43500,HR,manual,petrol,12789,9
delhi-ncr,Hyundai New Santro 1.1,2019,434000,45.5K km,45500,HR,manual,petrol+cng,6928,6
delhi-ncr,Chevrolet Beat,2011,180000,24.5K km,24500,DL,manual,petrol,9698,14
delhi-ncr,Maruti Ciaz,2018,616000,115.5K km,115500,DL,manual,petrol,10490,7
delhi-ncr,Maruti Swift Dzire,2015,355000,72.5K km,72500,DL,manual,petrol,6461,10
delhi-ncr,Ford EcoSport,2014,440000,72K km,72000,DL,automatic,petrol,9443,11
delhi-ncr,Maruti Alto,2011,138000,73.5K km,73500,DL,manual,petrol,9860,14
delhi-ncr,Hyundai i20 Active,2016,459000,55K km,55000,DL,manual,petrol,7816,9
delhi-ncr,Honda City,2014,484000,51.5K km,51500,HR,manual,petrol,10387,11
delhi-ncr,Honda City,2014,411000,110K km,110000,DL,manual,petrol,8820,11
delhi-ncr,Maruti Baleno,2016,420000,95.5K km,95500,DL,manual,petrol,7152,9
delhi-ncr,Kia Seltos,2019,1071000,66.5K km,66500,DL,manual,petrol,18425,6
delhi-ncr,Renault Kiger,2022,704000,24.5K km,24500,DL,automatic,petrol,11988,3
delhi-ncr,Renault Kwid,2022,394000,13.5K km,13500,HR,manual,petrol,6709,3
delhi-ncr,Maruti Alto 800,2021,351000,7K km,7000,DL,manual,petrol,6273,4
delhi-ncr,Maruti Celerio,2023,498000,30K km,30000,HR,manual,petrol,8480,2
delhi-ncr,Maruti Baleno,2016,465000,55.5K km,55500,HR,automatic,petrol,7918,9
delhi-ncr,Ford Figo,2020,509000,54.5K km,54500,UP,manual,petrol,8667,5
delhi-ncr,Maruti Baleno,2021,598000,20.5K km,20500,DL,manual,petrol,10183,4
delhi-ncr,Tata Nexon,2022,959000,26K km,26000,DL,automatic,petrol,16331,3
delhi-ncr,Hyundai Elite i20,2017,480000,34K km,34000,DL,manual,petrol,8174,8
delhi-ncr,Renault Kwid,2021,393000,17.5K km,17500,DL,manual,petrol,6692,4
delhi-ncr,Maruti Swift Dzire,2010,192000,55.5K km,55500,HR,manual,petrol,9698,15
delhi-ncr,Maruti Ciaz,2016,554000,49K km,49000,UP,automatic,petrol,9434,9
delhi-ncr,Honda City,2013,325000,48.5K km,48500,DL,manual,petrol,8760,12
delhi-ncr,Honda Jazz,2012,236000,72K km,72000,DL,manual,petrol,8414,13
delhi-ncr,Hyundai i20,2012,342000,21K km,21000,DL,manual,petrol,13007,13
delhi-ncr,Maruti Swift Dzire,2012,237000,42.5K km,42500,DL,manual,petrol,9013,13
delhi-ncr,Maruti Swift Dzire,2013,265000,89K km,89000,DL,manual,petrol,7143,12
delhi-ncr,Hyundai Grand i10,2016,348000,92.5K km,92500,HR,manual,petrol,5926,9
delhi-ncr,Nissan Magnite,2023,789000,19K km,19000,HR,manual,petrol,13436,2
delhi-ncr,Hyundai Grand i10,2018,456000,42K km,42000,DL,manual,petrol,7765,7
delhi-ncr,Hyundai Grand i10,2017,398000,58.5K km,58500,DL,manual,petrol,6777,8
delhi-ncr,Honda Amaze,2015,365000,26.5K km,26500,DL,manual,petrol,6643,10
delhi-ncr,Hyundai Verna,2019,746000,60.5K km,60500,DL,manual,petrol,12703,6
delhi-ncr,Maruti Baleno,2016,460000,76.5K km,76500,DL,manual,petrol,7833,9
delhi-ncr,Maruti Ciaz,2016,505000,70K km,70000,DL,manual,petrol,8599,9
delhi-ncr,Maruti Vitara Brezza,2021,749000,35.5K km,35500,HR,manual,petrol,12755,4
delhi-ncr,Hyundai Grand i10,2017,427000,42K km,42000,DL,manual,petrol,7271,8
delhi-ncr,Kia Seltos,2019,1079000,33K km,33000,DL,manual,diesel,18556,6
delhi-ncr,Renault Kiger,2022,717000,22K km,22000,DL,automatic,petrol,12210,3
delhi-ncr,Volkswagen Polo,2015,430000,36.5K km,36500,DL,manual,petrol,7337,10
delhi-ncr,Maruti Swift Dzire,2012,280000,37.5K km,37500,DL,manual,petrol,10649,13
delhi-ncr,Honda Jazz,2016,478000,28.5K km,28500,DL,automatic,petrol,7631,9
delhi-ncr,Maruti Wagon R 1.0,2014,289000,30K km,30000,DL,manual,petrol,6434,11
delhi-ncr,Maruti Swift Dzire,2015,388000,55K km,55000,DL,manual,petrol,7062,10
delhi-ncr,Honda Amaze,2014,346000,58.5K km,58500,DL,automatic,petrol,7425,11
delhi-ncr,Tata Tigor,2022,634000,71K km,71000,DL,manual,petrol+cng,10796,3
delhi-ncr,Maruti Ertiga,2015,515000,97K km,97000,UP,manual,petrol,9374,10
delhi-ncr,Volkswagen Vento,2014,319000,74.5K km,74500,DL,manual,petrol,8061,11
delhi-ncr,Maruti Baleno,2017,427000,119K km,119000,HR,manual,petrol,7271,8
delhi-ncr,Honda Amaze,2018,588000,40K km,40000,DL,manual,petrol,10013,7
delhi-ncr,Tata Altroz,2021,707000,25K km,25000,DL,manual,petrol,12039,4
delhi-ncr,Hyundai i20 Active,2016,528000,18K km,18000,DL,manual,petrol,8991,9
delhi-ncr,Hyundai Creta,2017,771000,90K km,90000,DL,automatic,petrol,13129,8
delhi-ncr,Kia Seltos,2023,1486000,12K km,12000,DL,manual,petrol,25561,2
delhi-ncr,Tata Nexon,2023,838000,18K km,18000,DL,manual,petrol,14270,2
delhi-ncr,Tata Tiago,2019,525000,19.5K km,19500,DL,automatic,petrol,8940,6
delhi-ncr,Honda Jazz,2016,484000,15K km,15000,HR,manual,petrol,7727,9
delhi-ncr,Hyundai Elite i20,2018,583000,33.5K km,33500,DL,manual,petrol,9928,7
delhi-ncr,Maruti Alto 800,2022,367000,10.5K km,10500,DL,manual,petrol,6559,3
delhi-ncr,Volkswagen Polo,2013,352000,71K km,71000,DL,manual,petrol,8895,12
delhi-ncr,Maruti Swift,2022,612000,52K km,52000,DL,manual,petrol,10422,3
delhi-ncr,Maruti Wagon R 1.0,2013,253000,91K km,91000,DL,manual,petrol+cng,6819,12
delhi-ncr,Honda Amaze,2014,310000,60K km,60000,DL,manual,petrol,6653,11
delhi-ncr,Hyundai Grand i10,2014,320000,45K km,45000,DL,manual,petrol,6867,11
delhi-ncr,Hyundai Elite i20,2017,494000,70.5K km,70500,HR,manual,petrol,8412,8
delhi-ncr,Hyundai i10,2011,167000,71K km,71000,DL,manual,petrol,11932,14
delhi-ncr,Maruti Swift Dzire,2013,278000,91K km,91000,HR,manual,petrol,7493,12
delhi-ncr,Maruti Baleno,2016,433000,99.5K km,99500,HR,manual,petrol,7373,9
delhi-ncr,Honda Brio,2013,248000,73.5K km,73500,DL,manual,petrol,6267,12
delhi-ncr,Tata Punch,2022,680000,25.5K km,25500,DL,manual,petrol,11580,3
delhi-ncr,Honda Amaze,2019,601000,50K km,50000,DL,automatic,petrol,10234,6
delhi-ncr,Kia Carens,2022,1478000,37.5K km,37500,DL,automatic,diesel,25419,3
delhi-ncr,Hyundai New Santro 1.1,2020,490000,38.5K km,38500,DL,manual,petrol+cng,7822,5
delhi-ncr,Maruti Baleno,2017,445000,73.5K km,73500,HR,manual,petrol,7578,8
delhi-ncr,Kia Sonet,2021,973000,50K km,50000,DL,manual,petrol,16569,4
delhi-ncr,Nissan Magnite,2022,685000,17.5K km,17500,DL,manual,petrol,11665,3
delhi-ncr,Kia Sonet,2021,966000,18.5K km,18500,DL,manual,diesel,16450,4
delhi-ncr,Maruti Baleno,2019,604000,48.5K km,48500,UP,automatic,petrol,10285,6
delhi-ncr,Maruti Baleno,2018,572000,38.5K km,38500,DL,manual,petrol,9740,7
delhi-ncr,Maruti Ciaz,2016,561000,63K km,63000,DL,manual,petrol,9553,9
delhi-ncr,Maruti Ritz,2013,228000,69K km,69000,DL,manual,petrol,5761,12
delhi-ncr,Maruti Ciaz,2016,492000,99.5K km,99500,DL,manual,petrol,8378,9
delhi-ncr,Toyota Etios Liva,2011,196000,28.5K km,28500,DL,manual,petrol,13129,14
delhi-ncr,Hyundai Verna,2012,396000,27K km,27000,DL,automatic,petrol,15061,13
delhi-ncr,Honda Amaze,2013,292000,115.5K km,115500,HR,manual,petrol,7870,12
delhi-ncr,Maruti Swift,2012,266000,100.5K km,100500,DL,manual,petrol,10116,13
delhi-ncr,Honda Amaze,2016,432000,51.5K km,51500,DL,manual,petrol,7356,9
delhi-ncr,Maruti S-Cross,2021,815000,23K km,23000,DL,manual,petrol,13878,4
delhi-ncr,Renault Kwid,2017,274000,57K km,57000,DL,manual,petrol,4666,8
delhi-ncr,Toyota Innova Crysta,2017,1286000,63K km,63000,UP,manual,petrol,22121,8
delhi-ncr,Hyundai Creta,2020,1049000,59K km,59000,DL,automatic,diesel,18034,5
delhi-ncr,Maruti Swift,2019,542000,26K km,26000,HR,automatic,petrol,9229,6
delhi-ncr,Renault Triber,2021,592000,33.5K km,33500,DL,manual,petrol,10081,4
delhi-ncr,Maruti Ciaz,2017,630000,48K km,48000,HR,manual,petrol,9698,8
delhi-ncr,Hyundai Grand i10,2017,424000,48.5K km,48500,DL,manual,petrol,7220,8
delhi-ncr,Renault Kiger,2022,787000,47.5K km,47500,UP,automatic,petrol,13368,3
delhi-ncr,Tata Nexon,2021,829000,20K km,20000,HR,automatic,petrol,14117,4
delhi-ncr,Maruti Baleno,2016,430000,56.5K km,56500,DL,manual,petrol,7578,9
delhi-ncr,Renault Duster,2017,564000,26.5K km,26500,DL,manual,petrol,9604,8
delhi-ncr,Maruti Dzire,2022,732000,19.5K km,19500,HR,manual,petrol,12465,3
delhi-ncr,Toyota Etios Liva,2011,186000,70K km,70000,DL,manual,petrol,12459,14
delhi-ncr,Maruti Swift Dzire,2014,336000,101K km,101000,DL,manual,petrol,7211,11
delhi-ncr,Maruti Ciaz,2018,623000,87.5K km,87500,HR,manual,petrol,9698,7
delhi-ncr,Renault Kwid,2021,362000,37.5K km,37500,DL,manual,petrol,6164,4
delhi-ncr,Maruti Wagon R 1.0,2012,199000,39K km,39000,DL,manual,petrol,7719,13
delhi-ncr,Honda Amaze,2015,380000,31K km,31000,UP,manual,petrol,6916,10
delhi-ncr,Kia Seltos,2020,1161000,95.5K km,95500,HR,automatic,petrol,19958,5
delhi-ncr,Hyundai New Santro 1.1,2019,392000,69.5K km,69500,DL,manual,petrol+cng,6258,6
delhi-ncr,Maruti Swift,2014,296000,86K km,86000,DL,manual,petrol,6352,11
delhi-ncr,Hyundai Venue,2021,926000,26.5K km,26500,DL,manual,petrol,15769,4
delhi-ncr,Honda Amaze,2014,332000,49K km,49000,HR,manual,petrol,7125,11
delhi-ncr,Nissan Magnite,2021,689000,33.5K km,33500,HR,manual,petrol,11733,4
delhi-ncr,Tata Altroz,2022,546000,32.5K km,32500,DL,manual,petrol,9298,3
delhi-ncr,Renault Triber,2020,535000,24.5K km,24500,DL,manual,petrol,9110,5
delhi-ncr,Hyundai Creta,2019,1023000,18K km,18000,HR,manual,petrol,17591,6
delhi-ncr,Maruti Baleno,2018,491000,72.5K km,72500,DL,manual,petrol,6879,7
delhi-ncr,Hyundai Venue,2022,1002000,25K km,25000,HR,manual,petrol,17063,3
delhi-ncr,Hyundai i20 Active,2015,492000,50.5K km,50500,HR,manual,petrol,8955,10
delhi-ncr,Tata Tigor,2022,686000,20.5K km,20500,UP,automatic,petrol,11682,3
delhi-ncr,Hyundai New Santro 1.1,2019,440000,45K km,45000,UP,manual,petrol,7024,6
delhi-ncr,Honda City,2019,650000,82.5K km,82500,HR,manual,diesel,11069,6
delhi-ncr,Hyundai Eon,2013,202000,29K km,29000,DL,manual,petrol,5104,12
delhi-ncr,Toyota Etios Liva,2011,195000,48K km,48000,DL,manual,petrol,13062,14
delhi-ncr,Maruti Ciaz,2014,429000,104K km,104000,DL,manual,petrol,9207,11
delhi-ncr,Ford EcoSport,2015,460000,85K km,85000,DL,automatic,petrol,8373,10
delhi-ncr,Honda Brio,2013,197000,95K km,95000,DL,manual,petrol,4978,12
delhi-ncr,Honda City,2017,633000,97K km,97000,DL,manual,petrol,10779,8
delhi-ncr,Tata Tiago,2019,472000,47K km,47000,DL,manual,petrol,8037,6
delhi-ncr,Maruti Swift Dzire,2012,250000,100.5K km,100500,DL,manual,petrol,9508,13
delhi-ncr,Nissan Kicks,2019,697000,38.5K km,38500,UP,manual,diesel,11869,6
delhi-ncr,MG Hector Plus,2021,1578000,27.5K km,27500,DL,manual,diesel,27137,4
delhi-ncr,Hyundai Elite i20,2019,722000,29K km,29000,HR,automatic,petrol,12295,6
delhi-ncr,Maruti Baleno,2018,486000,58.5K km,58500,HR,automatic,petrol,8276,7
delhi-ncr,Maruti Baleno,2017,474000,29.5K km,29500,DL,manual,petrol,8071,8
delhi-ncr,Hyundai Elite i20,2015,465000,63.5K km,63500,UP,manual,petrol,8464,10
delhi-ncr,Tata Tiago,2022,643000,29.5K km,29500,HR,manual,petrol+cng,10949,3
delhi-ncr,Maruti Swift,2015,343000,56K km,56000,DL,manual,petrol,6243,10
delhi-ncr,Honda City,2021,1178000,33.5K km,33500,HR,automatic,petrol,20259,4
delhi-ncr,Renault Kiger,2022,649000,36K km,36000,UP,manual,petrol,11052,3
delhi-ncr,Maruti Baleno,2021,514000,34.5K km,34500,DL,manual,petrol,8753,4
delhi-ncr,Maruti Ciaz,2015,450000,51.5K km,51500,DL,manual,petrol,8191,10
delhi-ncr,Hyundai Grand i10,2013,292000,76.5K km,76500,DL,manual,petrol,7870,12
delhi-ncr,Tata Tiago,2019,413000,56K km,56000,UP,manual,petrol,7033,6
delhi-ncr,Hyundai Elite i20,2016,445000,101.5K km,101500,DL,manual,petrol,7578,9
delhi-ncr,Hyundai Xcent,2015,353000,57K km,57000,DL,manual,petrol,6023,10
delhi-ncr,Hyundai Verna,2011,313000,44.5K km,44500,DL,manual,petrol+cng,22365,14
delhi-ncr,Ford EcoSport,2019,606000,108.5K km,108500,DL,manual,petrol,10319,6
delhi-ncr,Maruti Swift Dzire,2013,330000,70.5K km,70500,DL,manual,petrol+cng,8895,12
delhi-ncr,Hyundai Elite i20,2015,399000,70K km,70000,HR,manual,petrol,7262,10
delhi-ncr,Renault Triber,2022,611000,44K km,44000,UP,automatic,petrol,10404,3
delhi-ncr,Hyundai Creta,2016,671000,46.5K km,46500,DL,manual,petrol,11426,9
delhi-ncr,Maruti Dzire,2018,516000,77K km,77000,DL,automatic,petrol,8787,7
delhi-ncr,Maruti Baleno,2018,488000,58K km,58000,DL,manual,petrol,8310,7
delhi-ncr,Maruti S-Presso,2022,399000,10K km,10000,DL,manual,petrol,6794,3
delhi-ncr,Tata Nexon,2023,1005000,21K km,21000,DL,manual,petrol,17114,2
delhi-ncr,Hyundai Creta,2017,777000,83K km,83000,HR,automatic,petrol,13231,8
delhi-ncr,Honda Amaze,2020,707000,24.5K km,24500,DL,automatic,petrol,12039,5
delhi-ncr,Volkswagen Polo,2015,427000,53.5K km,53500,HR,manual,petrol,7286,10
delhi-ncr,Hyundai Venue,2021,810000,37.5K km,37500,UP,manual,petrol,13793,4
delhi-ncr,Kia Seltos,2020,1031000,61K km,61000,DL,manual,petrol,17726,5
delhi-ncr,Honda Amaze,2014,302000,94.5K km,94500,DL,manual,petrol,6481,11
delhi-ncr,Hyundai Fluidic Verna 4S,2015,575000,57K km,57000,UP,manual,petrol,10466,10
delhi-ncr,Maruti Swift Dzire,2013,309000,73.5K km,73500,HR,manual,petrol,8329,12
delhi-ncr,Maruti Ritz,2013,212000,55K km,55000,DL,manual,petrol,5357,12
delhi-ncr,Hyundai i20,2012,273000,50K km,50000,DL,manual,petrol,10383,13
delhi-ncr,Honda City,2015,417000,109.5K km,109500,DL,manual,petrol,7590,10
delhi-ncr,Hyundai Grand i10,2019,458000,98K km,98000,HR,manual,petrol+cng,7799,6
delhi-ncr,Maruti Celerio,2014,349000,68K km,68000,DL,manual,petrol+cng,7490,11
delhi-ncr,Hyundai i20,2011,182000,73.5K km,73500,DL,manual,petrol,13004,14
delhi-ncr,Maruti Swift,2014,345000,46.5K km,46500,DL,manual,petrol,7404,11
delhi-ncr,Hyundai Grand i10 Nios,2023,679000,41.5K km,41500,HR,manual,petrol+cng,11562,2
delhi-ncr,Volkswagen Polo,2017,467000,44.5K km,44500,DL,manual,petrol,7455,8
delhi-ncr,Renault Kwid,2023,406000,20K km,20000,DL,manual,petrol,6913,2
delhi-ncr,Tata Tigor,2022,697000,31.5K km,31500,HR,manual,petrol+cng,11869,3
delhi-ncr,Hyundai Creta,2018,819000,40.5K km,40500,DL,manual,petrol,13947,7
delhi-ncr,Maruti Swift,2014,358000,67.5K km,67500,DL,manual,petrol,7683,11
delhi-ncr,Ford EcoSport,2019,667000,57.5K km,57500,DL,manual,diesel,11358,6
delhi-ncr,Maruti Ciaz,2017,580000,53.5K km,53500,DL,manual,petrol,9877,8
delhi-ncr,Maruti S-Presso,2022,425000,10K km,10000,HR,manual,petrol,7237,3
delhi-ncr,Honda City,2023,1249000,23K km,23000,UP,manual,petrol,21480,2
delhi-ncr,Datsun Redi-GO,2018,287000,50K km,50000,DL,automatic,petrol,7736,7
delhi-ncr,Maruti Swift,2018,495000,109K km,109000,HR,automatic,petrol,8429,7
delhi-ncr,Maruti Swift Dzire,2013,252000,95K km,95000,HR,manual,petrol,6792,12
delhi-ncr,Maruti Alto K10,2011,151000,66K km,66000,DL,manual,petrol,10789,14
delhi-ncr,Maruti Swift Dzire,2012,261000,86.5K km,86500,DL,manual,petrol,9926,13
delhi-ncr,Maruti Wagon R 1.0,2013,242000,93K km,93000,DL,manual,petrol+cng,6523,12
delhi-ncr,Renault Kwid,2021,338000,39.5K km,39500,HR,manual,petrol,5755,4
delhi-ncr,Hyundai New Santro 1.1,2022,514000,36.5K km,36500,DL,manual,petrol+cng,8206,3
delhi-ncr,Maruti Baleno,2018,507000,39.5K km,39500,DL,manual,petrol,8633,7
delhi-ncr,Maruti Swift,2020,524000,66.5K km,66500,UP,automatic,petrol,8923,5
delhi-ncr,Maruti Swift Dzire,2014,353000,82K km,82000,DL,manual,petrol,7576,11
delhi-ncr,Kia Seltos,2019,1042000,37.5K km,37500,DL,manual,diesel,17914,6
delhi-ncr,Hyundai Venue,2020,778000,30.5K km,30500,DL,manual,petrol,13248,5
delhi-ncr,Maruti Baleno,2017,485000,27K km,27000,DL,manual,petrol,8259,8
delhi-ncr,Honda Amaze,2015,399000,50.5K km,50500,DL,manual,petrol,7262,10
delhi-ncr,Hyundai New i20,2023,816000,15.5K km,15500,HR,automatic,petrol,13896,2
delhi-ncr,Hyundai Verna,2018,753000,61K km,61000,DL,manual,petrol,12823,7
delhi-ncr,Tata Tiago NRG,2018,444000,55.5K km,55500,DL,manual,petrol+cng,7561,7
delhi-ncr,Maruti Swift Dzire,2016,422000,41.5K km,41500,DL,manual,petrol,7186,9
delhi-ncr,Hyundai Elite i20,2015,453000,63.5K km,63500,HR,manual,petrol,8245,10
delhi-ncr,Maruti Swift Dzire,2012,263000,54K km,54000,DL,manual,petrol,10002,13
delhi-ncr,Maruti Swift Dzire,2014,312000,103K km,103000,DL,manual,petrol,6696,11
delhi-ncr,Maruti Wagon R 1.0,2015,312000,57K km,57000,HR,manual,petrol+cng,5679,10
delhi-ncr,Honda Jazz,2017,369000,102K km,102000,UP,manual,petrol,5891,8
delhi-ncr,Maruti Vitara Brezza,2021,845000,37.5K km,37500,DL,manual,petrol,14389,4
delhi-ncr,Maruti Ciaz,2015,470000,85.5K km,85500,DL,manual,petrol,8555,10
delhi-ncr,Honda City,2017,538000,117K km,117000,DL,manual,petrol,9161,8
delhi-ncr,Maruti Ritz,2015,312000,33K km,33000,DL,manual,petrol,5324,10
delhi-ncr,Maruti Baleno,2015,410000,81.5K km,81500,DL,manual,petrol,7463,10
delhi-ncr,Renault Kwid,2019,319000,20.5K km,20500,DL,manual,petrol,5432,6
delhi-ncr,Maruti Swift Dzire,2014,305000,89.5K km,89500,DL,manual,petrol,6545,11
delhi-ncr,Maruti Swift,2017,418000,40K km,40000,DL,manual,petrol,7118,8
delhi-ncr,Hyundai Venue,2019,771000,60K km,60000,HR,automatic,petrol,13129,6
delhi-ncr,Hyundai i10,2014,276000,53K km,53000,HR,manual,petrol,5923,11
delhi-ncr,Maruti Vitara Brezza,2018,565000,80.5K km,80500,UP,manual,diesel,9621,7
delhi-ncr,Hyundai Grand i10,2019,491000,31.5K km,31500,DL,manual,petrol,8361,6
delhi-ncr,Mahindra XUV 300,2019,792000,55K km,55000,HR,manual,diesel,13487,6
delhi-ncr,Honda City,2015,464000,73K km,73000,DL,manual,petrol,8445,10
delhi-ncr,Maruti Baleno,2018,535000,50.5K km,50500,HR,manual,petrol,9110,7
delhi-ncr,Tata Altroz,2022,654000,23K km,23000,UP,manual,petrol,11131,3
delhi-ncr,Tata Tiago,2017,387000,33.5K km,33500,DL,manual,petrol,6590,8
delhi-ncr,Hyundai Verna,2012,374000,22.5K km,22500,DL,manual,petrol,14224,13
delhi-ncr,Chevrolet Beat,2011,141000,76.5K km,76500,DL,manual,petrol,9698,14
delhi-ncr,Maruti Celerio,2020,468000,32K km,32000,DL,manual,petrol+cng,7969,5
delhi-ncr,Maruti Baleno,2019,514000,34.5K km,34500,DL,manual,petrol,8753,6
delhi-ncr,Renault Duster,2013,370000,58.5K km,58500,DL,manual,petrol+cng,9973,12
delhi-ncr,Hyundai Verna,2020,1063000,57K km,57000,UP,automatic,diesel,18287,5
delhi-ncr,Maruti Ciaz,2017,559000,47K km,47000,HR,automatic,petrol,9519,8
delhi-ncr,Maruti Dzire,2017,504000,85.5K km,85500,DL,automatic,petrol,8582,8
delhi-ncr,Hyundai Verna,2018,736000,66K km,66000,DL,manual,petrol,12533,7
delhi-ncr,Maruti Swift,2016,437000,47K km,47000,DL,manual,petrol,7441,9
delhi-ncr,Maruti Baleno,2019,584000,58.5K km,58500,HR,manual,petrol,9945,6
delhi-ncr,Hyundai Verna,2020,799000,50.5K km,50500,HR,manual,petrol,13606,5
delhi-ncr,Tata Nexon,2023,835000,24K km,24000,UP,manual,petrol+cng,14219,2
delhi-ncr,Honda City,2018,734000,27.5K km,27500,DL,manual,petrol,12499,7
delhi-ncr,Kia Carens,2022,1444000,19K km,19000,HR,manual,petrol,24828,3
delhi-ncr,Renault Triber,2021,456000,48.5K km,48500,DL,manual,petrol,7765,4
delhi-ncr,Toyota Innova Crysta,2017,1238000,73.5K km,73500,DL,automatic,petrol,21286,8
delhi-ncr,Toyota Corolla Altis,2015,658000,46K km,46000,DL,manual,petrol,11977,10
delhi-ncr,Honda City,2018,699000,41K km,41000,HR,manual,petrol,11903,7
delhi-ncr,Honda Brio,2017,367000,36.5K km,36500,DL,manual,petrol,5859,8
delhi-ncr,Nissan Magnite,2021,668000,31.5K km,31500,DL,manual,petrol,11375,4
delhi-ncr,Maruti Swift,2018,589000,29.5K km,29500,DL,manual,petrol,10030,7
delhi-ncr,Volkswagen Polo,2012,265000,77.5K km,77500,DL,manual,petrol,9448,13
delhi-ncr,Maruti Swift Dzire,2014,315000,45.5K km,45500,HR,manual,petrol,6760,11
delhi-ncr,Hyundai Grand i10,2014,338000,58.5K km,58500,DL,automatic,petrol,7254,11
delhi-ncr,Hyundai New Santro 1.1,2020,460000,92K km,92000,HR,manual,petrol+cng,7343,5
delhi-ncr,Maruti Swift,2016,414000,20.5K km,20500,DL,manual,petrol,7050,9
delhi-ncr,Mahindra KUV100 NXT,2018,366000,16.5K km,16500,DL,manual,petrol,6232,7
delhi-ncr,Maruti S-Cross,2019,685000,54.5K km,54500,DL,manual,diesel,11665,6
delhi-ncr,Maruti Eeco,2018,411000,14.5K km,14500,HR,manual,petrol,6561,7
delhi-ncr,Maruti Baleno,2016,435000,68.5K km,68500,DL,automatic,petrol,7407,9
delhi-ncr,Honda City,2019,927000,32K km,32000,HR,automatic,petrol,15786,6
delhi-ncr,Hyundai Creta,2019,784000,31.5K km,31500,UP,manual,diesel,13351,6
delhi-ncr,Maruti Wagon R 1.0,2016,352000,52K km,52000,UP,automatic,petrol,6291,9
delhi-ncr,Maruti Vitara Brezza,2018,670000,50.5K km,50500,UP,automatic,diesel,11409,7
delhi-ncr,Mahindra Scorpio,2020,1164000,72K km,72000,DL,manual,diesel,20009,5
delhi-ncr,Honda City,2016,505000,101.5K km,101500,DL,manual,petrol,8599,9
delhi-ncr,Maruti Swift Dzire,2013,277000,96.5K km,96500,HR,manual,petrol,7466,12
delhi-ncr,Toyota Innova Crysta,2019,1570000,46.5K km,46500,DL,manual,diesel,27008,6
delhi-ncr,MG Hector Plus,2020,1285000,89.5K km,89500,HR,manual,diesel,22098,5
delhi-ncr,Mahindra XUV 300,2019,662000,114.5K km,114500,HR,manual,diesel,11273,6
delhi-ncr,Hyundai Grand i10,2019,515000,2K km,2000,DL,manual,petrol,8770,6
delhi-ncr,Mahindra Scorpio,2021,1130000,56.5K km,56500,UP,manual,diesel,19430,4
delhi-ncr,Maruti Ciaz,2018,600000,66.5K km,66500,HR,automatic,petrol,10217,7
delhi-ncr,Maruti Alto K10,2018,321000,45K km,45000,DL,manual,petrol,5466,7
delhi-ncr,Maruti Swift Dzire,2014,311000,43K km,43000,DL,manual,petrol,6674,11
delhi-ncr,Maruti Swift Dzire,2013,334000,58K km,58000,DL,manual,petrol+cng,9003,12
delhi-ncr,Maruti Swift,2016,375000,68.5K km,68500,HR,manual,petrol+cng,6386,9
delhi-ncr,Mahindra Scorpio,2021,1239000,45.5K km,45500,HR,manual,diesel,21307,4
delhi-ncr,Maruti Swift,2015,362000,66.5K km,66500,DL,manual,petrol+cng,6589,10
delhi-ncr,Maruti Swift Dzire,2013,313000,82K km,82000,DL,manual,petrol+cng,8436,12
delhi-ncr,Maruti Alto 800,2022,367000,7K km,7000,HR,manual,petrol,6559,3
delhi-ncr,Maruti Baleno,2022,754000,39.5K km,39500,DL,automatic,petrol,12840,3
delhi-ncr,Honda Amaze,2016,419000,79.5K km,79500,DL,automatic,petrol,7135,9
delhi-ncr,Maruti XL6,2021,892000,36K km,36000,UP,manual,petrol,15190,4
delhi-ncr,MG Hector Plus,2020,1259000,41.5K km,41500,HR,manual,petrol,21652,5
delhi-ncr,Maruti Dzire,2022,689000,10K km,10000,DL,automatic,petrol,11733,3
delhi-ncr,Honda Accord,2018,1659000,79K km,79000,HR,automatic,petrol,28535,7
delhi-ncr,Hyundai Creta,2018,912000,17.5K km,17500,UP,automatic,petrol,15530,7
delhi-ncr,Tata Tiago,2021,429000,47K km,47000,DL,manual,petrol,7305,4
delhi-ncr,MG Hector,2021,1339000,34K km,34000,HR,automatic,petrol,23028,4
delhi-ncr,Tata Punch,2023,627000,8.5K km,8500,UP,manual,petrol,10677,2
delhi-ncr,Mercedes E-Class,2017,3000000,46.5K km,46500,DL,automatic,petrol,51596,8
delhi-ncr,Maruti Wagon R 1.0,2020,448000,56K km,56000,UP,manual,petrol+cng,7629,5
delhi-ncr,Honda City,2024,591000,61K km,61000,DL,manual,petrol,10064,1
delhi-ncr,Skoda Rapid New,2021,584000,97.5K km,97500,HR,manual,petrol,9945,4
delhi-ncr,Tata Tiago,2018,390000,59.5K km,59500,DL,manual,petrol,6641,7
delhi-ncr,BMW X1,2019,1830000,50.5K km,50500,HR,automatic,diesel,31473,6
delhi-ncr,Hyundai Creta,2021,1268000,27K km,27000,HR,automatic,petrol,21807,4
delhi-ncr,Hyundai Verna,2019,875000,59K km,59000,UP,manual,petrol,14900,6
delhi-ncr,Maruti New Ertiga,2019,875000,40.5K km,40500,DL,automatic,petrol,14900,6
delhi-ncr,Skoda Slavia,2022,859000,16.5K km,16500,HR,manual,petrol,14628,3
delhi-ncr,Tata Punch,2022,768000,18K km,18000,DL,automatic,petrol,13078,3
delhi-ncr,Tata Punch,2023,665000,11.5K km,11500,HR,automatic,petrol,11324,2
delhi-ncr,Hyundai Grand i10 Nios,2023,644000,8.5K km,8500,DL,manual,petrol,10966,2
delhi-ncr,Toyota Innova Crysta,2023,1772000,21K km,21000,HR,manual,petrol,30476,2
delhi-ncr,Honda Amaze,2019,668000,21.5K km,21500,DL,automatic,petrol,11375,6
delhi-ncr,Mahindra Thar,2022,1329000,37.5K km,37500,DL,automatic,petrol,22855,3
delhi-ncr,Hyundai Creta,2022,1319000,70.5K km,70500,UP,automatic,petrol,22684,3
delhi-ncr,Ford EcoSport,2016,474000,67.5K km,67500,DL,manual,petrol,8071,9
delhi-ncr,Tata Tiago,2018,405000,102K km,102000,DL,automatic,petrol,6896,7
delhi-ncr,Mahindra XUV 300,2019,735000,46.5K km,46500,DL,manual,petrol,12516,6
delhi-ncr,Maruti Ciaz,2019,629000,45K km,45000,UP,manual,petrol,10711,6
delhi-ncr,Hyundai Elite i20,2018,593000,32K km,32000,DL,manual,petrol,10098,7
delhi-ncr,Jeep Compass,2021,1850000,36.5K km,36500,UP,automatic,petrol,31817,4
delhi-ncr,Maruti Wagon R 1.2,2022,552000,25.5K km,25500,DL,automatic,petrol,9400,3
delhi-ncr,Honda WR-V,2021,762000,20K km,20000,HR,manual,petrol,12976,4
delhi-ncr,Maruti Eeco,2018,398000,7K km,7000,DL,manual,petrol,6354,7
delhi-ncr,Kia Sonet,2021,875000,59K km,59000,DL,automatic,diesel,14900,4
delhi-ncr,Maruti Grand Vitara,2023,1129000,57K km,57000,UP,manual,petrol,19416,2
delhi-ncr,Hyundai Grand i10 Nios,2020,547000,20K km,20000,HR,manual,petrol,9315,5
delhi-ncr,Maruti Wagon R 1.2,2021,496000,38.5K km,38500,HR,automatic,petrol,8442,4
delhi-ncr,MG Astor,2024,1239000,13.5K km,13500,DL,automatic,petrol,21308,1
delhi-ncr,Renault Kiger,2022,768000,28K km,28000,HR,automatic,petrol,13078,3
delhi-ncr,Kia Seltos,2021,1170000,35K km,35000,DL,manual,petrol,20121,4
delhi-ncr,Tata Nexon,2018,571000,54K km,54000,DL,manual,petrol,9723,7
delhi-ncr,Hyundai Elite i20,2016,492000,38.5K km,38500,DL,manual,petrol,8378,9
delhi-ncr,Hyundai Grand i10,2017,372000,54.5K km,54500,HR,manual,petrol,6334,8
delhi-ncr,Maruti Ciaz,2021,697000,38.5K km,38500,UP,manual,petrol,11869,4
delhi-ncr,Honda Jazz,2018,510000,42.5K km,42500,HR,automatic,petrol,8142,7
delhi-ncr,Nissan Magnite,2023,527000,53K km,53000,UP,manual,petrol,8974,2
delhi-ncr,Honda Amaze,2019,528000,27K km,27000,DL,manual,petrol,8991,6
delhi-ncr,Honda City,2021,1125000,19K km,19000,DL,manual,petrol,19348,4
delhi-ncr,Kia Seltos,2022,1188000,13K km,13000,DL,manual,diesel,20430,3
delhi-ncr,Hyundai Alcazar,2022,1578000,21K km,21000,DL,automatic,petrol,28483,3
delhi-ncr,Renault Kiger,2022,551000,40.5K km,40500,UP,manual,petrol,9383,3
delhi-ncr,Kia Seltos,2022,1274000,20K km,20000,UP,manual,petrol,21910,3
delhi-ncr,Kia Seltos,2023,997000,15.5K km,15500,HR,manual,petrol,16978,2
delhi-ncr,Tata Tiago,2021,560000,47K km,47000,UP,automatic,petrol,9536,4
delhi-ncr,Maruti S-Cross,2022,768000,19.5K km,19500,HR,manual,petrol,13078,3
delhi-ncr,Kia Seltos,2020,992000,49K km,49000,HR,manual,petrol,16893,5
delhi-ncr,Mahindra Thar,2021,1223000,54K km,54000,HR,automatic,petrol,21031,4
delhi-ncr,Tata Nexon,2022,768000,26K km,26000,DL,manual,petrol,13078,3
delhi-ncr,Honda Amaze,2019,559000,83K km,83000,HR,manual,petrol+cng,9519,6
delhi-ncr,Renault Triber,2020,463000,102.5K km,102500,DL,automatic,petrol,7884,5
delhi-ncr,Hyundai Verna,2015,417000,89K km,89000,HR,manual,petrol,8949,10
delhi-ncr,Maruti Alto K10,2015,259000,51.5K km,51500,DL,manual,petrol,4714,10
delhi-ncr,Hyundai Eon,2012,205000,26.5K km,26500,DL,manual,petrol,7309,13
delhi-ncr,Hyundai Aura,2020,565000,60.5K km,60500,HR,manual,petrol+cng,9621,5
delhi-ncr,Maruti Alto 800,2017,263000,49.5K km,49500,UP,manual,petrol,4700,8
delhi-ncr,Maruti New Ertiga,2022,1032000,20K km,20000,HR,manual,petrol+cng,17747,3
delhi-ncr,Maruti Baleno,2021,578000,36.5K km,36500,HR,manual,petrol,9843,4
delhi-ncr,Maruti Vitara Brezza,2021,749000,25K km,25000,DL,manual,petrol,12755,4
delhi-ncr,Maruti Celerio,2022,489000,9.5K km,9500,DL,manual,petrol,8327,3
delhi-ncr,Tata Nexon,2022,1032000,15.5K km,15500,DL,automatic,petrol,17748,3
delhi-ncr,Honda Amaze,2021,698000,13K km,13000,DL,manual,petrol,11886,4
delhi-ncr,Tata Tiago,2018,411000,55K km,55000,HR,manual,petrol,6999,7
delhi-ncr,Mahindra Thar,2021,1159000,25K km,25000,HR,manual,petrol,19931,4
delhi-ncr,Honda Jazz,2018,498000,59K km,59000,DL,manual,petrol,7950,7
delhi-ncr,Hyundai Creta,2019,998000,54K km,54000,DL,automatic,petrol,16995,6
delhi-ncr,Hyundai Grand i10,2015,340000,68K km,68000,DL,manual,petrol,6188,10
delhi-ncr,Toyota Etios,2015,372000,58K km,58000,UP,manual,petrol,6348,10
delhi-ncr,Tata Tiago,2018,366000,117.5K km,117500,HR,manual,petrol,6232,7
delhi-ncr,Maruti Baleno,2018,535000,57K km,57000,UP,automatic,petrol,9110,7
delhi-ncr,Tata Nexon,2019,666000,22K km,22000,DL,automatic,petrol,11341,6
delhi-ncr,Hyundai Grand i10,2014,302000,69.5K km,69500,HR,manual,petrol,6481,11
delhi-ncr,Nissan Magnite,2023,498000,33K km,33000,DL,manual,petrol,8480,2
delhi-ncr,Skoda Kushaq,2023,1149000,20.5K km,20500,HR,manual,petrol,19753,2
delhi-ncr,Volkswagen Polo,2017,624000,58.5K km,58500,DL,automatic,petrol,9962,8
delhi-ncr,Hyundai Grand i10 Nios,2024,678000,2.5K km,2500,HR,manual,petrol,11545,1
delhi-ncr,Maruti Alto K10,2015,268000,68K km,68000,DL,automatic,petrol,4878,10
delhi-ncr,Maruti Swift,2023,635000,17.5K km,17500,DL,manual,petrol,10813,2
delhi-ncr,Toyota Urban Cruiser Hyryder,2023,1519000,28.5K km,28500,UP,manual,petrol,26123,2
delhi-ncr,Tata Punch,2022,716000,18.5K km,18500,HR,automatic,petrol,12193,3
delhi-ncr,Honda City,2022,1039000,48.5K km,48500,DL,automatic,petrol,17868,3
delhi-ncr,Maruti Swift,2024,678000,10.5K km,10500,DL,manual,petrol,11545,1
delhi-ncr,Honda City,2020,1119000,25K km,25000,HR,automatic,petrol,19244,5
delhi-ncr,Maruti XL6,2024,1241000,11.5K km,11500,DL,automatic,petrol,21343,1
delhi-ncr,Maruti Alto K10,2017,265000,63K km,63000,DL,manual,petrol+cng,4512,8
delhi-ncr,Maruti Swift,2015,337000,84.5K km,84500,DL,manual,petrol,6134,10
delhi-ncr,Hyundai Eon,2012,162000,33.5K km,33500,DL,manual,petrol,10852,13
delhi-ncr,Maruti Swift,2015,386000,92.5K km,92500,DL,manual,petrol,7026,10
delhi-ncr,Maruti S-Presso,2022,442000,69.5K km,69500,DL,manual,petrol+cng,7527,3
delhi-ncr,Ford EcoSport,2019,658000,60.5K km,60500,DL,manual,diesel,11205,6
delhi-ncr,Maruti Grand Vitara,2023,1239000,33K km,33000,DL,manual,petrol,21308,2
delhi-ncr,Hyundai Grand i10,2016,370000,54.5K km,54500,HR,manual,petrol,6300,9
delhi-ncr,Maruti Baleno,2024,759000,9.5K km,9500,DL,automatic,petrol,12925,1
delhi-ncr,Tata Punch,2024,699000,4K km,4000,UP,manual,petrol,11903,1
delhi-ncr,Maruti Wagon R 1.0,2021,498000,34K km,34000,DL,manual,petrol+cng,8480,4
delhi-ncr,Maruti Wagon R 1.0,2022,576000,18.5K km,18500,DL,manual,petrol+cng,9808,3
delhi-ncr,Hyundai New Santro 1.1,2019,417000,71K km,71000,DL,manual,petrol+cng,6657,6
delhi-ncr,Maruti Swift,2015,356000,28K km,28000,DL,manual,petrol,6480,10
delhi-ncr,Tata Altroz,2021,689000,48K km,48000,HR,manual,petrol,11733,4
delhi-ncr,Tata Punch,2021,559000,23K km,23000,UP,manual,petrol,9519,4
delhi-ncr,Tata Altroz,2024,638000,26K km,26000,HR,manual,petrol,10864,1
delhi-ncr,Honda Mobilio,2016,399000,63.5K km,63500,HR,manual,petrol,6808,9
delhi-ncr,Maruti Wagon R 1.0,2012,217000,35.5K km,35500,DL,manual,petrol,8417,13
delhi-ncr,Maruti Celerio,2016,315000,73.5K km,73500,HR,automatic,petrol,5364,9
delhi-ncr,Hyundai Grand i10,2015,370000,22K km,22000,DL,manual,petrol,6734,10
delhi-ncr,Renault Kwid,2020,343000,70K km,70000,DL,automatic,petrol,5841,5
delhi-ncr,Maruti Swift,2021,572000,5K km,5000,DL,manual,petrol,9740,4
delhi-ncr,Maruti Swift,2023,649000,16.5K km,16500,UP,manual,petrol,11052,2
delhi-ncr,Tata Nexon,2019,639000,31.5K km,31500,DL,manual,diesel,10881,6
delhi-ncr,Maruti Vitara Brezza,2021,973000,38K km,38000,DL,automatic,petrol,16569,4
delhi-ncr,Nissan Magnite,2022,635000,56K km,56000,DL,manual,petrol,10813,3
delhi-ncr,Honda Amaze,2016,395000,55K km,55000,DL,manual,petrol,6726,9
delhi-ncr,Honda City,2017,756000,21K km,21000,DL,automatic,petrol,12874,8
delhi-ncr,Maruti S-Presso,2022,398000,11.5K km,11500,UP,manual,petrol,6777,3
delhi-ncr,Tata Punch,2022,692000,22.5K km,22500,HR,automatic,petrol,11784,3
delhi-ncr,Maruti New Ertiga,2021,849000,25.5K km,25500,DL,manual,petrol,14457,4
delhi-ncr,Maruti Ciaz,2016,585000,43K km,43000,DL,automatic,petrol,9962,9
delhi-ncr,Maruti Baleno,2023,759000,17K km,17000,DL,manual,petrol+cng,12925,2
delhi-ncr,Datsun Redi-GO,2018,254000,78.5K km,78500,UP,automatic,petrol,6846,7
delhi-ncr,Maruti Baleno,2019,514000,103.5K km,103500,HR,manual,petrol,8753,6
delhi-ncr,Maruti Swift Dzire,2012,274000,58.5K km,58500,DL,manual,petrol,10421,13
delhi-ncr,Maruti Baleno,2016,434000,102.5K km,102500,HR,automatic,petrol,7390,9
delhi-ncr,Renault Kiger,2021,677000,9.5K km,9500,HR,manual,petrol,11528,4
delhi-ncr,Nissan Kicks,2020,618000,50.5K km,50500,HR,manual,diesel,10524,5
delhi-ncr,Renault Kiger,2022,587000,14K km,14000,DL,manual,petrol,9996,3
delhi-ncr,Ford EcoSport,2019,694000,39.5K km,39500,DL,manual,petrol,11818,6
delhi-ncr,Hyundai Grand i10,2017,417000,70.5K km,70500,DL,manual,petrol,7101,8
delhi-ncr,Maruti Wagon R 1.0,2017,385000,24.5K km,24500,DL,manual,petrol+cng,6556,8
delhi-ncr,Ford EcoSport,2017,554000,60K km,60000,DL,manual,petrol,9434,8
delhi-ncr,Hyundai Grand i10,2016,452000,42.5K km,42500,DL,automatic,petrol,7697,9
delhi-ncr,Maruti Alto 800,2017,268000,29K km,29000,DL,manual,petrol,4789,8
delhi-ncr,Hyundai Aura,2023,729000,48K km,48000,HR,manual,petrol+cng,12414,2
delhi-ncr,Ford EcoSport,2021,794000,23K km,23000,DL,manual,petrol,13521,4
delhi-ncr,Ford EcoSport,2015,418000,69K km,69000,DL,manual,petrol,7608,10
delhi-ncr,Tata Tiago,2017,522000,34K km,34000,DL,manual,petrol,5943,8
delhi-ncr,Honda WR-V,2017,556000,37.5K km,37500,DL,manual,petrol,9468,8
delhi-ncr,Mahindra KUV100,2016,326000,48.5K km,48500,HR,manual,petrol,5551,9
delhi-ncr,Maruti Vitara Brezza,2020,598000,85K km,85000,DL,automatic,diesel,10183,5
delhi-ncr,Maruti Alto 800,2013,200000,45.5K km,45500,DL,manual,petrol,5546,12
delhi-ncr,Tata Tiago,2017,362000,41.5K km,41500,UP,manual,petrol,6164,8
delhi-ncr,Maruti Swift,2021,549000,9.5K km,9500,HR,automatic,petrol,9349,4
delhi-ncr,Hyundai Elite i20,2015,431000,59.5K km,59500,DL,manual,petrol,7845,10
delhi-ncr,Maruti Swift,2022,647000,9K km,9000,HR,automatic,petrol,11018,3
delhi-ncr,Tata Nexon,2024,1109000,16K km,16000,HR,automatic,petrol,19072,1
delhi-ncr,Kia Seltos,2020,997000,22K km,22000,HR,manual,petrol,16978,5
delhi-ncr,Maruti S-Presso,2023,459000,10.5K km,10500,DL,manual,petrol,7816,2
delhi-ncr,Maruti Baleno,2021,647000,40.5K km,40500,DL,manual,petrol,11018,4
delhi-ncr,Hyundai Aura,2024,802000,5.5K km,5500,DL,manual,petrol+cng,13657,1
delhi-ncr,Maruti Swift,2015,384000,22K km,22000,DL,manual,petrol,6989,10
delhi-ncr,Hyundai Venue,2021,830000,20K km,20000,DL,manual,petrol,14134,4
delhi-ncr,Maruti Ignis,2019,436000,34.5K km,34500,HR,manual,petrol,7424,6
delhi-ncr,Maruti Baleno,2018,500000,37.5K km,37500,DL,manual,petrol,8514,7
delhi-ncr,Hyundai Verna,2017,702000,81K km,81000,DL,automatic,petrol,11954,8
delhi-ncr,Hyundai i10,2012,173000,44.5K km,44500,DL,manual,petrol,6579,13
delhi-ncr,Maruti Celerio,2016,353000,94K km,94000,DL,manual,petrol+cng,6011,9
delhi-ncr,Hyundai Grand i10 Nios,2021,574000,71K km,71000,DL,manual,petrol+cng,9774,4
delhi-ncr,Hyundai Verna,2013,343000,88K km,88000,HR,manual,petrol,9245,12
delhi-ncr,Maruti Wagon R 1.0,2022,489000,25K km,25000,HR,manual,petrol,8739,3
delhi-ncr,Honda City,2017,802000,38.5K km,38500,DL,automatic,petrol,13657,8
delhi-ncr,Maruti Baleno,2017,471000,47.5K km,47500,HR,manual,petrol,8020,8
delhi-ncr,Renault Kiger,2021,526000,20K km,20000,HR,automatic,petrol,8957,4
delhi-ncr,Volkswagen Polo,2016,341000,73.5K km,73500,UP,manual,petrol,5444,9
delhi-ncr,Toyota Corolla Altis,2019,1139000,79K km,79000,UP,automatic,petrol,19587,6
delhi-ncr,Maruti Ciaz,2017,527000,84K km,84000,HR,manual,petrol,8974,8
delhi-ncr,Maruti Dzire,2024,738000,10.5K km,10500,HR,automatic,petrol,12567,1
delhi-ncr,Tata Tiago,2021,589000,28.5K km,28500,DL,automatic,petrol,10030,4
delhi-ncr,Tata Tiago,2018,439000,24K km,24000,DL,manual,petrol,7475,7
delhi-ncr,Maruti Dzire,2023,796000,5K km,5000,UP,manual,petrol,13555,2
delhi-ncr,Maruti Ciaz,2017,652000,66K km,66000,DL,automatic,petrol,11103,8
delhi-ncr,Hyundai Venue,2020,675000,54K km,54000,UP,manual,petrol,11494,5
delhi-ncr,Tata Tiago,2020,394000,36.5K km,36500,DL,manual,petrol,6709,5
delhi-ncr,Maruti Wagon R 1.0,2012,211000,97K km,97000,DL,manual,petrol+cng,8025,13
delhi-ncr,Toyota Innova Crysta,2016,1125000,54K km,54000,HR,manual,petrol,19345,9
delhi-ncr,Ford EcoSport,2017,530000,107.5K km,107500,HR,automatic,petrol,9025,8
delhi-ncr,Tata Altroz,2022,644000,22K km,22000,DL,manual,petrol,10966,3
delhi-ncr,Renault Kwid,2021,370000,24K km,24000,DL,manual,petrol,6300,4
delhi-ncr,Hyundai Creta,2017,810000,41K km,41000,HR,automatic,petrol,13793,8
delhi-ncr,Honda Jazz,2018,491000,35K km,35000,DL,automatic,petrol,7838,7
delhi-ncr,Toyota Urban Cruiser Hyryder,2024,1889000,10.5K km,10500,UP,automatic,petrol,32491,1
delhi-ncr,Hyundai i10,2016,339000,37K km,37000,DL,manual,petrol,5772,9
delhi-ncr,Volkswagen Virtus,2022,1141000,44K km,44000,HR,automatic,petrol,19622,3
delhi-ncr,Maruti Baleno,2016,438000,60K km,60000,HR,manual,petrol,7458,9
delhi-ncr,Maruti Swift,2017,421000,51.5K km,51500,HR,manual,petrol,7169,8
delhi-ncr,Tata Altroz,2023,849000,23.5K km,23500,UP,manual,diesel,14457,2
delhi-ncr,Renault Kwid,2022,398000,9.5K km,9500,DL,manual,petrol,6777,3
delhi-ncr,Hyundai Elite i20,2014,426000,59.5K km,59500,DL,manual,petrol+cng,9142,11
delhi-ncr,Honda Amaze,2020,658000,92.5K km,92500,DL,automatic,diesel,11205,5
delhi-ncr,Maruti Ertiga,2014,566000,75.5K km,75500,DL,manual,petrol+cng,12147,11
delhi-ncr,Renault Triber,2020,443000,37K km,37000,HR,manual,petrol,7544,5
delhi-ncr,Renault Kiger,2021,475000,36.5K km,36500,DL,automatic,petrol,8088,4
delhi-ncr,Tata Tiago,2020,484000,38.5K km,38500,DL,manual,petrol,8242,5
delhi-ncr,Maruti Swift,2020,617000,45K km,45000,UP,automatic,petrol,10507,5
delhi-ncr,Maruti Swift Dzire,2016,414000,56K km,56000,DL,manual,petrol,7050,9
delhi-ncr,Hyundai Elite i20,2020,579000,30.5K km,30500,DL,manual,petrol,9860,5
delhi-ncr,Renault Triber,2022,598000,8K km,8000,HR,automatic,petrol,10183,3
delhi-ncr,Hyundai New i20,2021,665000,28.5K km,28500,DL,manual,petrol,11324,4
delhi-ncr,Skoda Superb,2017,1349000,89K km,89000,DL,automatic,petrol,24347,8
delhi-ncr,Honda Amaze,2014,302000,51.5K km,51500,DL,manual,petrol,6481,11
delhi-ncr,Hyundai Verna,2022,1242000,48.5K km,48500,DL,automatic,petrol,21360,3
delhi-ncr,Honda City,2018,815000,38.5K km,38500,UP,manual,petrol,13878,7
delhi-ncr,Hyundai Venue,2022,854000,72K km,72000,UP,manual,diesel,14543,3
delhi-ncr,Hyundai Grand i10,2015,334000,76.5K km,76500,DL,manual,petrol,6079,10
delhi-ncr,Mahindra Thar,2020,1134000,57.5K km,57500,HR,automatic,petrol,19498,5
delhi-ncr,Renault Triber,2022,531000,46.5K km,46500,DL,manual,petrol,9042,3
delhi-ncr,Tata Tigor,2022,638000,54K km,54000,HR,manual,petrol+cng,10864,3
delhi-ncr,Hyundai Verna,2023,1202000,33K km,33000,HR,automatic,petrol,20673,2
delhi-ncr,Maruti Swift Dzire,2012,265000,75K km,75000,DL,manual,petrol+cng,10078,13
delhi-ncr,Maruti Swift Dzire,2013,223000,118.5K km,118500,DL,manual,petrol,8481,12
delhi-ncr,Maruti Celerio,2016,370000,53K km,53000,DL,automatic,petrol,6300,9
delhi-ncr,Tata Tiago,2019,494000,23K km,23000,DL,manual,petrol,8412,6
delhi-ncr,Honda Amaze,2022,749000,27.5K km,27500,DL,manual,petrol,12755,3
delhi-ncr,Maruti Swift,2016,379000,82K km,82000,DL,manual,petrol+cng,6454,9
delhi-ncr,Hyundai Grand i10,2019,464000,45.5K km,45500,DL,manual,petrol,7901,6
delhi-ncr,Tata Altroz,2022,710000,28K km,28000,DL,automatic,petrol,12090,3
delhi-ncr,Hyundai Verna,2018,879000,19.5K km,19500,DL,automatic,petrol,14968,7
delhi-ncr,MG Hector Plus,2021,1355000,79.5K km,79500,UP,manual,diesel,23296,4
delhi-ncr,Maruti Baleno,2016,427000,80.5K km,80500,DL,automatic,petrol,7271,9
delhi-ncr,Maruti Ertiga,2015,539000,56.5K km,56500,DL,manual,petrol,9811,10
delhi-ncr,Maruti Wagon R 1.0,2016,311000,97.5K km,97500,DL,manual,petrol+cng,5296,9
delhi-ncr,Honda City,2015,491000,73K km,73000,DL,automatic,petrol,8937,10
delhi-ncr,Hyundai Aura,2021,616000,41K km,41000,UP,manual,petrol,10490,4
delhi-ncr,Honda Amaze,2016,417000,43K km,43000,DL,manual,petrol,7101,9
bangalore,Tata Tiago,2018,543000,34K km,34000,KA,automatic,petrol,9246,7
bangalore,Tata Altroz,2021,687000,16.5K km,16500,KA,manual,petrol,11699,4
bangalore,Volkswagen Polo,2016,498000,57.5K km,57500,KA,manual,petrol,7950,9
bangalore,Maruti Celerio,2014,359000,69.5K km,69500,KA,automatic,petrol,7704,11
bangalore,Tata Nexon,2021,981000,24K km,24000,KA,automatic,petrol,16705,4
bangalore,Ford EcoSport,2015,556000,77.5K km,77500,KA,automatic,petrol,10120,10
bangalore,Kia Carens,2022,1339000,24K km,24000,KA,manual,petrol,23027,3
bangalore,Maruti Wagon R 1.2,2022,578000,47.5K km,47500,KA,manual,petrol,9843,3
bangalore,Renault Kwid,2017,375000,28.5K km,28500,KA,manual,petrol,6386,8
bangalore,Honda City,2021,1319000,25.5K km,25500,KA,automatic,petrol,22684,4
bangalore,Tata Safari,2021,1829000,54K km,54000,KA,automatic,diesel,31456,4
bangalore,Ford Figo,2013,239000,114K km,114000,KA,manual,diesel,9698,12
bangalore,Maruti Swift,2018,512000,125K km,125000,KA,automatic,petrol,8719,7
bangalore,MG Hector,2021,1535000,20K km,20000,KA,automatic,petrol,26399,4
bangalore,MG Hector Plus,2021,1578000,100.5K km,100500,KA,manual,diesel,27139,4
bangalore,Maruti Alto K10,2015,278000,36.5K km,36500,KA,automatic,petrol,5060,10
bangalore,Honda Brio,2012,325000,13K km,13000,KA,manual,petrol,11588,13
bangalore,Maruti Estilo,2011,177000,113.5K km,113500,KA,manual,petrol,12647,14
bangalore,Hyundai Fluidic Verna 4S,2015,466000,104K km,104000,KA,manual,petrol,8482,10
bangalore,BMW X1,2018,2270000,48K km,48000,UP,automatic,diesel,39040,7
bangalore,Mercedes CLA,2015,1970000,53K km,53000,KA,automatic,petrol,36214,10
bangalore,Jeep Compass,2021,2200000,29.5K km,29500,KA,automatic,petrol,37836,4
bangalore,Mahindra XUV 300,2022,1149000,19K km,19000,KA,automatic,petrol,19760,3
bangalore,Tata Nexon,2020,949000,23K km,23000,KA,automatic,petrol,16160,5
bangalore,Kia Seltos,2020,1319000,26.5K km,26500,KA,automatic,petrol,22684,5
bangalore,Kia Sonet,2022,1119000,30K km,30000,KA,manual,diesel,19244,3
bangalore,Ford EcoSport,2020,989000,35.5K km,35500,KA,automatic,petrol,16842,5
bangalore,Honda WR-V,2017,633000,73.5K km,73500,KA,manual,petrol,10779,8
bangalore,Hyundai Grand i10,2019,578000,11K km,11000,KA,manual,petrol,9843,6
bangalore,Tata Altroz,2023,842000,19K km,19000,KA,manual,petrol,14338,2
bangalore,Maruti Celerio,2021,627000,20K km,20000,KA,automatic,petrol,10677,4
bangalore,Tata Nano,2013,142000,26.5K km,26500,KA,manual,petrol,3588,12
bangalore,Honda Amaze,2013,375000,64K km,64000,KA,manual,petrol,10108,12
bangalore,Maruti Alto K10,2012,234000,74K km,74000,KA,manual,petrol,8899,13
bangalore,Hyundai Eon,2014,266000,50K km,50000,KA,manual,petrol,5352,11
bangalore,Honda WR-V,2018,649000,30.5K km,30500,KA,manual,petrol,11052,7
bangalore,Honda Amaze,2013,368000,60.5K km,60500,KA,manual,diesel,9919,12
bangalore,Honda Amaze,2020,657000,70.5K km,70500,KA,automatic,petrol,11188,5
bangalore,Mahindra XUV500,2015,964000,73.5K km,73500,KA,manual,diesel,18346,10
bangalore,Mercedes GLA,2018,1850000,98K km,98000,GJ,automatic,diesel,31817,7
bangalore,Jeep Compass,2021,2250000,27.5K km,27500,KA,automatic,diesel,38696,4
bangalore,Audi Q3,2015,1680000,46K km,46000,DL,automatic,diesel,36413,10
bangalore,Renault Kiger,2022,743000,7K km,7000,KA,manual,petrol,12652,3
bangalore,Honda BR-V,2018,935000,37K km,37000,KA,automatic,petrol,15922,7
bangalore,Honda Jazz,2019,570000,59.5K km,59500,KA,manual,petrol,9100,6
bangalore,Maruti Wagon R 1.2,2021,580000,41.5K km,41500,KA,automatic,petrol,9877,4
bangalore,Maruti S-Presso,2020,470000,30.5K km,30500,KA,automatic,petrol,8003,5
bangalore,Nissan Magnite,2024,759000,8.5K km,8500,KA,automatic,petrol,12925,1
bangalore,Maruti Swift,2022,832000,12K km,12000,KA,automatic,petrol,14168,3
bangalore,Hyundai Venue,2020,897000,45K km,45000,KA,manual,diesel,15275,5
bangalore,Mahindra KUV100,2016,374000,32K km,32000,KA,manual,petrol,6369,9
bangalore,Maruti XL6,2024,1512000,4.5K km,4500,KA,automatic,petrol,26004,1
bangalore,Kia Sonet,2020,978000,90.5K km,90500,KA,automatic,petrol,16654,5
bangalore,Maruti Alto K10,2017,302000,110.5K km,110500,KA,manual,petrol,5142,8
bangalore,Honda Jazz,2015,442000,139K km,139000,KA,manual,petrol,7542,10
bangalore,Honda Jazz,2017,559000,92K km,92000,KA,automatic,petrol,8924,8
bangalore,Toyota Etios Liva,2012,289000,54.5K km,54500,KA,manual,petrol,10304,13
bangalore,Honda Jazz,2021,724000,44.5K km,44500,KA,manual,petrol,11558,4
bangalore,MG Astor,2023,970000,38K km,38000,KA,manual,petrol,16518,2
bangalore,Honda Brio,2012,282000,77.5K km,77500,KA,manual,petrol,10055,13
bangalore,Mercedes GLA,2015,1780000,65.5K km,65500,KA,automatic,petrol,32721,10
bangalore,Audi A4,2016,1880000,52.5K km,52500,HR,automatic,diesel,34560,9
bangalore,Volkswagen Taigun,2021,1478000,24.5K km,24500,KA,automatic,petrol,25419,4
bangalore,Ford EcoSport,2018,857000,45K km,45000,KA,automatic,petrol,14594,7
bangalore,Skoda Slavia,2022,1259000,26.5K km,26500,KA,automatic,petrol,21652,3
bangalore,Toyota Innova Crysta,2018,1949000,47K km,47000,KA,manual,diesel,33520,7
bangalore,Renault Triber,2021,597000,35K km,35000,KA,automatic,petrol,10166,4
bangalore,MG Hector,2020,1098000,49K km,49000,KA,manual,petrol,18883,5
bangalore,Maruti Eeco,2021,509000,20.5K km,20500,KA,manual,petrol,8126,4
bangalore,Maruti Baleno,2018,632000,28K km,28000,KA,manual,petrol,10762,7
bangalore,Maruti Alto K10,2019,408000,43.5K km,43500,KA,manual,petrol,6948,6
bangalore,Honda Brio,2014,330000,87K km,87000,KA,manual,petrol,6639,11
bangalore,Honda Brio,2014,370000,38K km,38000,KA,manual,petrol,7444,11
bangalore,Renault Duster,2015,436000,51.5K km,51500,KA,manual,petrol,7936,10
bangalore,Renault Kwid,2016,289000,72.5K km,72500,KA,manual,petrol,4921,9
bangalore,Honda WR-V,2019,696000,104.5K km,104500,KA,manual,petrol,11852,6
bangalore,Renault Kwid,2016,256000,69.5K km,69500,KA,manual,petrol,4359,9
bangalore,Renault Kwid,2017,369000,38K km,38000,KA,automatic,petrol,6283,8
bangalore,Renault Duster,2014,415000,134K km,134000,KA,manual,petrol,8906,11
bangalore,Maruti Baleno,2019,649000,45K km,45000,KA,automatic,petrol,11052,6
bangalore,Audi A4,2015,1600000,44K km,44000,HR,automatic,diesel,29412,10
bangalore,Audi Q5,2016,2150000,45K km,45000,DL,automatic,diesel,39524,9
bangalore,Hyundai i10,2015,328000,78.5K km,78500,KA,manual,petrol,7318,10
bangalore,Hyundai Venue,2021,965000,17.5K km,17500,KA,manual,petrol,16433,4
bangalore,Renault Kwid,2019,354000,39K km,39000,KA,manual,petrol,6028,6
bangalore,Hyundai New Santro 1.1,2019,486000,40.5K km,40500,KA,automatic,petrol,7759,6
bangalore,Toyota Glanza,2023,795000,61.5K km,61500,KA,manual,petrol,13538,2
bangalore,Honda Jazz,2016,481000,42K km,42000,KA,manual,petrol,8208,9
bangalore,Renault Kwid,2021,428000,50K km,50000,KA,manual,petrol,7288,4
bangalore,Skoda Kushaq,2021,1076000,31.5K km,31500,KA,manual,petrol,18510,4
bangalore,Maruti Alto 800,2016,318000,30.5K km,30500,KA,manual,petrol,5683,9
bangalore,Maruti Alto 800,2022,368000,19K km,19000,KA,manual,petrol,6577,3
bangalore,Maruti Dzire,2017,540000,109K km,109000,KA,automatic,petrol,9195,8
bangalore,Renault Kwid,2018,380000,45.5K km,45500,KA,automatic,petrol,6471,7
bangalore,Renault Kiger,2023,849000,34K km,34000,KA,automatic,petrol,14457,2
bangalore,Maruti Celerio,2016,352000,114.5K km,114500,KA,manual,petrol,5994,9
bangalore,Honda Jazz,2015,439000,88K km,88000,KA,manual,petrol,7491,10
bangalore,Maruti Alto 800,2013,238000,80K km,80000,KA,manual,petrol,9231,12
bangalore,Hyundai Creta,2016,812000,101K km,101000,KA,automatic,diesel,13827,9
bangalore,Hyundai Elite i20,2017,532000,84.5K km,84500,KA,manual,petrol,9059,8
bangalore,Nissan Micra Active,2017,339000,73.5K km,73500,KA,manual,petrol,5772,8
bangalore,Mercedes C-Class,2018,2270000,52.5K km,52500,GJ,automatic,diesel,39040,7
bangalore,Tata Altroz,2022,705000,17K km,17000,KA,manual,petrol,12005,3
bangalore,Hyundai Xcent,2017,463000,70K km,70000,KA,automatic,petrol,7391,8
bangalore,Datsun Redi-GO,2019,380000,6.5K km,6500,KA,automatic,petrol,8155,6
bangalore,Hyundai Alcazar,2022,1619000,27.5K km,27500,KA,manual,petrol,29221,3
bangalore,Honda Brio,2016,434000,67.5K km,67500,KA,manual,petrol,6928,9
bangalore,Hyundai Elite i20,2015,588000,60K km,60000,KA,manual,petrol,10703,10
bangalore,Renault Kiger,2022,829000,21K km,21000,KA,manual,petrol,14117,3
bangalore,Kia Sonet,2021,878000,72K km,72000,KA,manual,petrol,14951,4
bangalore,Maruti Celerio,2019,521000,35.5K km,35500,KA,automatic,petrol,8872,6
bangalore,Hyundai Verna,2021,1178000,67.5K km,67500,KA,automatic,petrol,20259,4
bangalore,Kia Seltos,2020,1032000,53K km,53000,KA,automatic,petrol,17747,5
bangalore,Renault Kwid,2016,315000,49.5K km,49500,KA,manual,petrol,5364,9
bangalore,Nissan Micra Active,2015,314000,50K km,50000,KA,manual,petrol,5715,10
bangalore,Maruti Dzire,2019,597000,105.5K km,105500,KA,automatic,petrol,10166,6
bangalore,Maruti Swift,2010,298000,63.5K km,63500,KA,manual,petrol,9698,15
bangalore,Honda Amaze,2013,429000,51.5K km,51500,KA,automatic,petrol,11563,12
bangalore,Honda Mobilio,2014,455000,144K km,144000,KA,manual,petrol,9154,11
bangalore,Hyundai Verna,2019,1032000,92K km,92000,KA,automatic,diesel,17746,6
bangalore,Hyundai Eon,2012,244000,81K km,81000,KA,manual,petrol,8700,13
bangalore,Mercedes E-Class,2018,3750000,39.5K km,39500,GJ,automatic,petrol,64496,7
bangalore,Hyundai Venue,2020,998000,39.5K km,39500,KA,automatic,petrol,16995,5
bangalore,Tata Nexon,2021,949000,41K km,41000,KA,manual,petrol,16160,4
bangalore,Kia Sonet,2021,874000,68K km,68000,KA,manual,petrol,14883,4
bangalore,Maruti Alto K10,2019,412000,20.5K km,20500,KA,automatic,petrol,7016,6
bangalore,Hyundai Eon,2016,296000,52K km,52000,KA,manual,petrol,4725,9
bangalore,Maruti Baleno,2017,610000,43K km,43000,HR,manual,petrol,10387,8
bangalore,Tata Tiago NRG,2018,519000,18K km,18000,KA,manual,petrol,8838,7
bangalore,Hyundai New Santro 1.1,2020,518000,26.5K km,26500,KA,automatic,petrol,8269,5
bangalore,Maruti S-Presso,2019,424000,27.5K km,27500,KA,automatic,petrol,7220,6
bangalore,Maruti Celerio,2014,345000,86K km,86000,KA,automatic,petrol,7404,11
bangalore,Honda Brio,2012,266000,56.5K km,56500,DL,manual,petrol,9484,13
bangalore,Renault Kwid,2016,282000,64K km,64000,KA,manual,petrol,4802,9
bangalore,Maruti Celerio,2016,419000,92K km,92000,KA,automatic,petrol,7135,9
bangalore,Maruti Ertiga,2015,617000,116.5K km,116500,KA,manual,petrol,11230,10
bangalore,Datsun Redi-GO,2018,310000,70K km,70000,KA,automatic,petrol,8356,7
bangalore,Hyundai Verna,2018,748000,71.5K km,71500,KA,automatic,petrol,12738,7
bangalore,Hyundai i10,2011,298000,35.5K km,35500,KA,manual,petrol,21293,14
bangalore,Hyundai i20,2014,405000,120.5K km,120500,KA,manual,diesel,8692,11
bangalore,Hyundai i10,2011,277000,46K km,46000,KA,manual,petrol,19792,14
bangalore,Land Rover Discovery Sport,2017,2800000,55K km,55000,DL,automatic,diesel,48156,8
bangalore,Maruti Alto K10,2016,328000,59.5K km,59500,KA,manual,petrol,5585,9
bangalore,Kia Sonet,2020,884000,24.5K km,24500,KA,manual,petrol,15054,5
bangalore,Maruti Celerio,2017,458000,33.5K km,33500,KA,automatic,petrol,7799,8
bangalore,Volkswagen Taigun,2024,1278000,29K km,29000,KA,manual,petrol,21979,1
bangalore,Kia Sonet,2021,1049000,40.5K km,40500,KA,manual,petrol,18040,4
bangalore,Maruti XL6,2021,1139000,33.5K km,33500,KA,automatic,petrol,19588,4
bangalore,Mahindra KUV100,2017,428000,71.5K km,71500,KA,manual,petrol,7288,8
bangalore,Maruti Alto K10,2018,375000,49.5K km,49500,KA,manual,petrol,6386,7
bangalore,Maruti Brezza,2022,1232000,11.5K km,11500,KA,manual,petrol,21188,3
bangalore,Hyundai Elite i20,2015,562000,78K km,78000,KA,manual,petrol,10229,10
bangalore,Honda Amaze,2014,370000,110K km,110000,KA,manual,petrol,7940,11
bangalore,Maruti Ertiga,2013,571000,95K km,95000,KA,manual,diesel,21717,12
bangalore,Hyundai Santro Xing,2013,250000,41K km,41000,DL,manual,petrol,6317,12
bangalore,Maruti Alto K10,2013,268000,46.5K km,46500,KA,manual,petrol,10192,12
bangalore,Nissan Micra,2016,437000,46K km,46000,KA,automatic,petrol,6976,9
bangalore,Renault Kwid,2016,288000,102K km,102000,KA,manual,petrol,4904,9
bangalore,Maruti Swift,2019,590000,104K km,104000,KA,automatic,petrol,10047,6
bangalore,Hyundai Elite i20,2016,498000,110.5K km,110500,KA,manual,petrol,8480,9
bangalore,Datsun Redi-GO,2017,232000,54K km,54000,KA,manual,petrol,16577,8
bangalore,Mercedes A-Class,2017,1620000,61.5K km,61500,GJ,automatic,diesel,29780,8
bangalore,Hyundai Venue,2020,1032000,25.5K km,25500,KA,automatic,petrol,17748,5
bangalore,Maruti Celerio,2015,397000,60.5K km,60500,KA,automatic,petrol,7226,10
bangalore,Honda Jazz,2015,485000,25K km,25000,KA,manual,petrol,8276,10
bangalore,Honda City,2015,638000,64.5K km,64500,KA,automatic,petrol,11613,10
bangalore,Maruti Wagon R 1.0,2018,467000,69K km,69000,KA,automatic,petrol,8346,7
bangalore,Maruti Alto 800,2015,271000,59K km,59000,KA,manual,petrol,6033,10
bangalore,Honda Jazz,2021,785000,49.5K km,49500,KA,automatic,petrol,12532,4
bangalore,Maruti Baleno,2019,652000,62K km,62000,KA,automatic,petrol,11103,6
bangalore,Hyundai Elite i20,2017,605000,59K km,59000,KA,manual,petrol,10302,8
bangalore,Hyundai Venue,2021,878000,56K km,56000,KA,manual,petrol,14951,4
bangalore,Hyundai Grand i10,2015,461000,63K km,63000,KA,automatic,petrol,8391,10
bangalore,Maruti Alto 800,2013,241000,46K km,46000,KA,manual,petrol,6683,12
bangalore,Hyundai Creta,2019,1058000,102.5K km,102500,KA,manual,petrol,18195,6
bangalore,Honda City,2016,646000,57K km,57000,KA,manual,petrol,11001,9
bangalore,Hyundai Eon,2012,232000,91.5K km,91500,KA,manual,petrol,8272,13
bangalore,Tata Tiago,2019,518000,96K km,96000,KA,manual,petrol,8821,6
bangalore,Maruti Vitara Brezza,2019,895000,53K km,53000,HR,manual,diesel,15241,6
bangalore,Mahindra XUV500,2016,849000,47.5K km,47500,HR,manual,diesel,15173,9
bangalore,Renault Kwid,2016,287000,37.5K km,37500,KA,manual,petrol,4887,9
bangalore,Volkswagen Ameo,2017,541000,40.5K km,40500,KA,manual,petrol,8637,8
bangalore,Maruti Wagon R 1.2,2023,621000,4.5K km,4500,KA,manual,petrol,10575,2
bangalore,Maruti Celerio,2023,595000,24K km,24000,KA,manual,petrol,10132,2
bangalore,Renault Duster,2020,874000,50.5K km,50500,KA,manual,diesel,14883,5
bangalore,Maruti Ciaz,2017,677000,50.5K km,50500,KA,automatic,petrol,11528,8
bangalore,Tata Tiago,2018,463000,47.5K km,47500,KA,automatic,petrol,7884,7
bangalore,Datsun GO,2015,265000,37K km,37000,KA,manual,petrol,18935,10
bangalore,Renault Kwid,2021,433000,22K km,22000,KA,automatic,petrol,7373,4
bangalore,Renault Kwid,2015,291000,73K km,73000,KA,manual,petrol,5296,10
bangalore,Maruti Ignis,2019,564000,42K km,42000,KA,automatic,petrol,9604,6
bangalore,Hyundai New Santro 1.1,2019,498000,16.5K km,16500,KA,automatic,petrol,7950,6
bangalore,Maruti Alto K10,2016,382000,22.5K km,22500,KA,automatic,petrol,6505,9
bangalore,Ford Figo,2012,245000,90K km,90000,KA,manual,petrol,9698,13
bangalore,Hyundai Eon,2011,240000,54.5K km,54500,KA,manual,petrol,16077,14
bangalore,Volkswagen Polo,2015,463000,141K km,141000,KA,manual,petrol,7901,10
bangalore,Renault Kwid,2023,441000,44.5K km,44500,KA,manual,petrol,7509,2
bangalore,Hyundai i10,2012,258000,67K km,67000,KA,manual,petrol,9812,13
bangalore,Datsun GO,2018,307000,47K km,47000,KA,manual,petrol,5588,7
bangalore,Maruti Swift,2011,291000,96.5K km,96500,KA,manual,petrol,20793,14
bangalore,Renault Triber,2022,688000,61K km,61000,KA,automatic,petrol,11716,3
bangalore,Hyundai i10,2011,286000,62K km,62000,KA,manual,petrol,20435,14
bangalore,Maruti Wagon R 1.2,2022,561000,38K km,38000,KA,manual,petrol,9553,3
bangalore,Hyundai Grand i10,2019,566000,27K km,27000,KA,manual,petrol,9638,6
bangalore,Mahindra KUV100 NXT,2018,455000,62.5K km,62500,KA,manual,petrol,7748,7
bangalore,Maruti Alto K10,2017,370000,22K km,22000,KA,automatic,petrol,6300,8
bangalore,Maruti Celerio,2015,379000,87.5K km,87500,KA,automatic,petrol,6898,10
bangalore,Maruti Swift,2020,649000,56.5K km,56500,KA,manual,petrol,11052,5
bangalore,Hyundai Venue,2020,833000,47K km,47000,KA,manual,petrol,14185,5
bangalore,Ford EcoSport,2020,937000,31K km,31000,KA,manual,petrol,15956,5
bangalore,Maruti Wagon R 1.0,2017,475000,30K km,30000,DL,manual,petrol+cng,8088,8
bangalore,Tata Nexon,2020,819000,28.5K km,28500,KA,automatic,petrol,13947,5
bangalore,Maruti S-Presso,2022,483000,35K km,35000,KA,manual,petrol,8225,3
bangalore,Hyundai Grand i10,2015,420000,31K km,31000,KA,manual,petrol,7645,10
bangalore,Maruti A-Star,2011,226000,90.5K km,90500,KA,manual,petrol,15139,14
bangalore,Maruti Alto K10,2024,432000,32.5K km,32500,KA,manual,petrol,7356,1
bangalore,Maruti Celerio,2017,377000,119K km,119000,KA,automatic,petrol,6420,8
bangalore,Hyundai Verna,2013,475000,58.5K km,58500,KA,manual,petrol,12803,12
bangalore,Maruti Alto K10,2018,349000,44K km,44000,KA,automatic,petrol,5943,7
bangalore,Volkswagen Polo,2015,494000,99.5K km,99500,KA,manual,petrol,8430,10
bangalore,Maruti Celerio,2014,357000,47.5K km,47500,KA,automatic,petrol,7661,11
bangalore,Hyundai Alcazar,2021,1519000,103.5K km,103500,KA,automatic,diesel,27418,4
bangalore,Volkswagen Ameo,2016,460000,75K km,75000,KA,manual,petrol,7343,9
bangalore,Renault Kiger,2021,871000,19K km,19000,KA,automatic,petrol,14832,4
bangalore,Maruti Celerio,2016,388000,64.5K km,64500,KA,automatic,petrol,6607,9
bangalore,Maruti Celerio,2014,384000,31.5K km,31500,KA,automatic,petrol,8241,11
bangalore,Renault Kwid,2023,581000,10.5K km,10500,KA,automatic,petrol,9894,2
bangalore,Maruti Swift,2019,678000,40K km,40000,KA,automatic,petrol,11545,6
bangalore,Hyundai Venue,2020,987000,53.5K km,53500,KA,automatic,petrol,16808,5
bangalore,Maruti Celerio,2019,452000,69K km,69000,KA,automatic,petrol,7697,6
bangalore,Ford EcoSport,2021,875000,38K km,38000,KA,manual,petrol,14900,4
bangalore,MG Hector,2022,1539000,30.5K km,30500,KA,manual,petrol,26467,3
bangalore,Renault Kwid,2023,552000,8K km,8000,KA,automatic,petrol,9400,2
bangalore,Honda City,2014,523000,91K km,91000,KA,automatic,petrol,11224,11
bangalore,Hyundai Elite i20,2015,549000,95K km,95000,DL,manual,diesel,9993,10
bangalore,Hyundai Eon,2014,243000,82K km,82000,KA,manual,petrol,4889,11
bangalore,Volkswagen Polo,2017,542000,103.5K km,103500,KA,manual,petrol,8653,8
bangalore,Hyundai Creta,2020,1278000,100.5K km,100500,KA,automatic,petrol,21979,5
bangalore,Hyundai Grand i10,2014,414000,78K km,78000,KA,automatic,petrol,8885,11
bangalore,Honda City,2014,419000,51K km,51000,KA,manual,petrol,8992,11
bangalore,Hyundai Elite i20,2015,519000,91K km,91000,KA,manual,petrol,9447,10
bangalore,Hyundai Verna Transform,2010,295000,83.5K km,83500,KA,manual,diesel,9698,15
bangalore,Renault Kwid,2016,355000,40K km,40000,KA,automatic,petrol,6045,9
bangalore,Kia Sonet,2021,1185000,33K km,33000,KA,manual,diesel,20379,4
bangalore,Renault Kwid,2018,407000,27.5K km,27500,KA,automatic,petrol,6930,7
bangalore,Hyundai Elite i20,2018,558000,84K km,84000,KA,manual,petrol,9502,7
bangalore,Kia Sonet,2022,1049000,14.5K km,14500,KA,manual,petrol,18040,3
bangalore,Maruti Baleno,2017,550000,73.5K km,73500,KA,automatic,petrol,9366,8
bangalore,Kia Seltos,2021,1385000,52K km,52000,KA,manual,diesel,23819,4
bangalore,Hyundai New i20,2021,1032000,10K km,10000,KA,automatic,petrol,17747,4
bangalore,Nissan Magnite,2022,939000,37K km,37000,KA,automatic,petrol,15990,3
bangalore,Hyundai Grand i10,2016,433000,63.5K km,63500,KA,manual,petrol,7373,9
bangalore,Tata Nexon,2020,978000,63.5K km,63500,KA,manual,diesel,16654,5
bangalore,Hyundai Grand i10,2020,553000,61K km,61000,KA,manual,petrol,9417,5
bangalore,Hyundai Grand i10,2015,412000,51.5K km,51500,KA,automatic,petrol,7499,10
bangalore,Maruti Wagon R 1.0,2012,267000,97K km,97000,KA,manual,petrol,10356,13
bangalore,Maruti Baleno,2017,575000,112.5K km,112500,KA,automatic,petrol,9791,8
bangalore,Ford EcoSport,2019,698000,121.5K km,121500,KA,manual,diesel,11886,6
bangalore,Hyundai Eon,2015,257000,62K km,62000,KA,manual,petrol,4385,10
bangalore,Datsun Redi-GO,2016,224000,116.5K km,116500,KA,manual,petrol,16005,9
bangalore,Hyundai i10,2012,335000,54.5K km,54500,DL,automatic,petrol,12741,13
bangalore,Volkswagen Polo,2016,431000,95K km,95000,KA,manual,petrol,6880,9
bangalore,Maruti S-Presso,2020,445000,60K km,60000,KA,automatic,petrol,7578,5
bangalore,Maruti Ignis,2017,485000,43.5K km,43500,KA,manual,petrol,8259,8
bangalore,Maruti Ciaz,2018,715000,48.5K km,48500,KA,automatic,petrol,12176,7
bangalore,Tata Nexon,2021,994000,34K km,34000,KA,automatic,petrol,16927,4
bangalore,Renault Kwid,2019,370000,38K km,38000,KA,manual,petrol,6300,6
bangalore,Ford EcoSport,2021,967000,16.5K km,16500,KA,manual,petrol,16467,4
bangalore,Hyundai Verna,2017,905000,58K km,58000,KA,automatic,petrol,15411,8
bangalore,Datsun Redi-GO,2019,267000,44K km,44000,KA,manual,petrol,7197,6
bangalore,Tata Zest,2016,403000,78K km,78000,KA,manual,petrol,6862,9
bangalore,Maruti Alto K10,2016,387000,2K km,2000,KA,automatic,petrol,6590,9
bangalore,Renault Triber,2020,645000,44.5K km,44500,KA,automatic,petrol,10983,5
bangalore,Maruti Swift,2011,380000,41.5K km,41500,KA,manual,petrol,27152,14
bangalore,Hyundai Creta,2017,919000,90.5K km,90500,DL,automatic,diesel,15650,8
bangalore,Volkswagen Polo,2014,412000,111.5K km,111500,KA,manual,petrol,8289,11
bangalore,Hyundai Creta,2017,911000,59K km,59000,KA,automatic,petrol,15513,8
bangalore,Mahindra KUV100 NXT,2018,405000,48K km,48000,KA,manual,petrol,6896,7
bangalore,Maruti Alto K10,2016,298000,90.5K km,90500,KA,manual,petrol,5074,9
bangalore,Hyundai i10,2011,240000,126.5K km,126500,KA,manual,petrol,17148,14
bangalore,Mahindra XUV500,2018,836000,79.5K km,79500,KA,manual,diesel,14941,7
bangalore,Hyundai i10,2013,351000,53K km,53000,KA,manual,petrol,9461,12
bangalore,Mahindra XUV 300,2021,998000,24K km,24000,KA,manual,petrol,16995,4
bangalore,Maruti Celerio,2016,388000,81K km,81000,KA,automatic,petrol,6607,9
bangalore,Tata Nexon,2021,872000,40.5K km,40500,KA,manual,petrol,14849,4
bangalore,Renault Kwid,2017,370000,59.5K km,59500,KA,automatic,petrol,6300,8
bangalore,Tata Altroz,2022,795000,13K km,13000,KA,manual,petrol,13538,3
bangalore,Honda City,2015,637000,81K km,81000,KA,manual,petrol,11594,10
bangalore,Maruti Alto K10,2018,412000,17K km,17000,KA,automatic,petrol,7016,7
bangalore,Hyundai Grand i10,2015,531000,17K km,17000,KA,automatic,petrol,9665,10
bangalore,Renault Kiger,2021,827000,27K km,27000,KA,automatic,petrol,14083,4
bangalore,Hyundai Grand i10,2017,498000,51K km,51000,KA,manual,petrol,8480,8
bangalore,Maruti Baleno,2023,798000,68.5K km,68500,KA,manual,petrol,13589,2
bangalore,Nissan Sunny,2013,302000,92.5K km,92500,KA,manual,petrol,7631,12
bangalore,Volkswagen Polo,2012,358000,146K km,146000,KA,manual,petrol,12764,13
bangalore,Hyundai Fluidic Verna 4S,2016,512000,62K km,62000,KA,manual,petrol,8719,9
bangalore,Renault Kwid,2018,360000,36.5K km,36500,KA,automatic,petrol,6130,7
bangalore,Hyundai i10,2010,225000,81.5K km,81500,KA,manual,petrol,9698,15
bangalore,Mahindra XUV500,2017,849000,100K km,100000,HR,automatic,diesel,15173,8
bangalore,Hyundai Eon,2018,312000,60K km,60000,KA,manual,petrol,4981,7
bangalore,Hyundai i20,2012,341000,110.5K km,110500,KA,manual,petrol,12969,13
bangalore,Hyundai i10,2013,298000,68K km,68000,KA,manual,petrol,8032,12
bangalore,Maruti Swift,2022,789000,18K km,18000,KA,automatic,petrol,13436,3
bangalore,Kia Seltos,2022,1529000,40K km,40000,KA,manual,diesel,26295,3
bangalore,Ford EcoSport,2017,705000,33.5K km,33500,KA,manual,petrol,12006,8
bangalore,Datsun Redi-GO,2018,349000,15K km,15000,KA,automatic,petrol,9407,7
bangalore,Skoda Slavia,2022,1429000,74.5K km,74500,KA,automatic,petrol,24576,3
bangalore,Kia Sonet,2021,962000,36.5K km,36500,KA,manual,petrol,16382,4
bangalore,Maruti Baleno,2018,681000,60.5K km,60500,KA,automatic,petrol,11597,7
bangalore,Tata Nexon,2021,829000,73K km,73000,KA,automatic,petrol,14117,4
bangalore,Maruti Wagon R 1.0,2024,624000,2K km,2000,KA,manual,petrol,11152,1
bangalore,Renault Kwid,2020,398000,68K km,68000,KA,automatic,petrol,6777,5
bangalore,Maruti Dzire,2018,653000,45.5K km,45500,KA,automatic,petrol,11120,7
bangalore,Hyundai Eon,2016,239000,104K km,104000,KA,manual,petrol,4078,9
bangalore,Ford Figo,2011,210000,106.5K km,106500,KA,manual,petrol,9698,14
bangalore,Renault Kwid,2016,330000,19K km,19000,KA,manual,petrol,5619,9
bangalore,Hyundai i20,2013,419000,110K km,110000,KA,manual,petrol,11294,12
bangalore,Maruti Wagon R 1.0,2011,298000,54K km,54000,KA,manual,petrol,21517,14
bangalore,Honda Amaze,2015,452000,67.5K km,67500,KA,automatic,petrol,9700,10
bangalore,Hyundai New Santro 1.1,2019,402000,48.5K km,48500,KA,automatic,petrol,6417,6
bangalore,Maruti Swift,2013,405000,50.5K km,50500,KA,manual,petrol,10916,12
bangalore,Hyundai i10,2012,291000,67K km,67000,KA,manual,petrol,11067,13
bangalore,Hyundai New Santro 1.1,2021,558000,21.5K km,21500,KA,manual,petrol,8908,4
bangalore,Honda City,2022,837000,89.5K km,89500,KA,manual,petrol,14253,3
bangalore,Kia Seltos,2021,1485000,23.5K km,23500,KA,manual,petrol,25539,4
bangalore,Volkswagen Polo,2017,534000,74K km,74000,KA,manual,petrol,8525,8
bangalore,Renault Kwid,2016,295000,74K km,74000,KA,manual,petrol,5023,9
bangalore,Maruti Alto 800,2021,388000,36K km,36000,KA,manual,petrol,6934,4
bangalore,Renault Kwid,2017,370000,38.5K km,38500,KA,manual,petrol,6300,8
bangalore,Hyundai New i20,2021,1039000,15.5K km,15500,KA,automatic,petrol,17868,4
bangalore,Maruti Wagon R 1.0,2018,485000,54.5K km,54500,KA,automatic,petrol,8668,7
bangalore,Renault Kwid,2017,358000,53K km,53000,KA,automatic,petrol,6096,8
bangalore,Maruti Wagon R 1.0,2016,393000,25.5K km,25500,KA,manual,petrol,7023,9
bangalore,Hyundai i10,2013,329000,59K km,59000,KA,manual,petrol,8868,12
bangalore,Renault Kwid,2020,317000,87K km,87000,KA,manual,petrol,5398,5
bangalore,Hyundai i10,2013,287000,63.5K km,63500,KA,manual,petrol,7736,12
bangalore,Hyundai i10,2013,280000,51K km,51000,KA,manual,petrol,10649,12
bangalore,Tata Nexon,2018,646000,117.5K km,117500,KA,automatic,petrol,10997,7
bangalore,Honda City,2018,735000,102.5K km,102500,KA,manual,petrol,12516,7
bangalore,Renault Kwid,2016,287000,68.5K km,68500,KA,manual,petrol,4887,9
bangalore,Honda Jazz,2016,430000,99.5K km,99500,KA,manual,petrol,6864,9
bangalore,Honda City,2016,627000,103.5K km,103500,KA,automatic,petrol,10677,9
bangalore,Hyundai Elite i20,2019,659000,46.5K km,46500,KA,automatic,petrol,11222,6
bangalore,Honda BR-V,2017,698000,82K km,82000,KA,automatic,petrol,11886,8
bangalore,Kia Seltos,2022,1446000,42.5K km,42500,KA,automatic,petrol,24871,3
bangalore,Hyundai Grand i10,2019,541000,50.5K km,50500,KA,manual,petrol,9212,6
bangalore,Renault Kiger,2022,885000,28.5K km,28500,KA,automatic,petrol,15071,3
bangalore,Kia Sonet,2021,982000,27K km,27000,KA,manual,petrol,16722,4
bangalore,Maruti Swift,2017,591000,41K km,41000,KA,manual,petrol,10064,8
bangalore,Maruti Vitara Brezza,2021,1105000,13.5K km,13500,KA,automatic,petrol,19003,4
bangalore,Renault Triber,2020,621000,55K km,55000,KA,automatic,petrol,10575,5
bangalore,Honda City,2016,635000,69K km,69000,KA,automatic,petrol,10813,9
bangalore,Hyundai Grand i10,2019,598000,22K km,22000,KA,manual,petrol,10183,6
bangalore,Maruti Alto K10,2013,266000,75.5K km,75500,KA,manual,petrol,7170,12
bangalore,Maruti Wagon R 1.0,2013,309000,58.5K km,58500,DL,manual,petrol+cng,8329,12
bangalore,Ford EcoSport,2013,429000,78K km,78000,HR,manual,diesel,11563,12
bangalore,Hyundai i20,2013,423000,66.5K km,66500,KA,manual,petrol,11402,12
bangalore,Maruti Ciaz,2018,709000,99K km,99000,KA,automatic,petrol,12073,7
bangalore,Renault Kwid,2017,326000,33.5K km,33500,KA,automatic,petrol,5551,8
bangalore,Maruti Estilo,2012,227000,28K km,28000,KA,manual,petrol,16220,13
bangalore,Hyundai Elite i20,2015,519000,74.5K km,74500,KA,manual,petrol,9447,10
bangalore,Maruti Ciaz,2020,839000,109.5K km,109500,KA,automatic,petrol,14287,5
bangalore,Maruti Celerio,2016,451000,38K km,38000,KA,automatic,petrol,7680,9
bangalore,Honda Amaze,2022,859000,22K km,22000,KA,automatic,petrol,14628,3
bangalore,Renault Kwid,2024,501000,12K km,12000,KA,manual,petrol,8531,1
bangalore,Honda Amaze,2024,998000,1.5K km,1500,KA,automatic,petrol,16995,1
bangalore,Hyundai Venue,2022,1229000,13.5K km,13500,KA,manual,diesel,21136,3
bangalore,Maruti Eeco,2021,549000,21.5K km,21500,KA,manual,petrol+cng,9349,4
bangalore,Hyundai Grand i10 Nios,2022,659000,22.5K km,22500,KA,manual,petrol+cng,11222,3
bangalore,Volkswagen Polo,2016,586000,68.5K km,68500,KA,manual,petrol,9355,9
bangalore,Maruti Wagon R 1.2,2021,592000,4K km,4000,KA,manual,petrol,10081,4
bangalore,MG Hector,2021,1649000,22K km,22000,KA,manual,diesel,28359,4
bangalore,Maruti Alto K10,2016,339000,51.5K km,51500,KA,automatic,petrol,6170,9
bangalore,Renault Kwid,2017,345000,52K km,52000,KA,automatic,petrol,5875,8
bangalore,Volkswagen Polo,2015,484000,64K km,64000,KA,manual,diesel,8259,10
bangalore,Maruti Swift Dzire,2011,311000,74K km,74000,KA,manual,petrol,22222,14
bangalore,Hyundai i10,2014,315000,46.5K km,46500,KA,manual,petrol,6760,11
bangalore,Hyundai Eon,2015,254000,112.5K km,112500,KA,manual,petrol,5110,10
bangalore,Maruti Vitara Brezza,2016,701000,89.5K km,89500,DL,manual,diesel,11937,9
bangalore,Hyundai i10,2012,322000,67.5K km,67500,KA,automatic,petrol,12246,13
bangalore,Mahindra Thar,2022,1388000,41.5K km,41500,KA,automatic,petrol,23875,3
bangalore,Skoda Rapid New,2018,658000,116K km,116000,KA,automatic,petrol,11205,7
bangalore,Kia Seltos,2021,1385000,30K km,30000,KA,manual,diesel,23819,4
bangalore,Maruti Eeco,2018,417000,42.5K km,42500,KA,manual,petrol,6657,7
bangalore,Kia Sonet,2021,941000,18K km,18000,KA,manual,petrol,16024,4
bangalore,Honda City,2014,499000,85K km,85000,KA,manual,petrol,10709,11
bangalore,Ford EcoSport,2020,743000,77.5K km,77500,KA,manual,petrol,12652,5
bangalore,Maruti Baleno,2018,650000,61K km,61000,DL,manual,petrol,11069,7
bangalore,Renault Kwid,2020,405000,55.5K km,55500,KA,automatic,petrol,6896,5
bangalore,Toyota Urban Cruiser Hyryder,2022,1583000,24K km,24000,KA,manual,petrol,27233,3
bangalore,Renault Kwid,2022,521000,6.5K km,6500,KA,automatic,petrol,8872,3
bangalore,Hyundai i20 Active,2016,598000,56.5K km,56500,KA,manual,petrol,10183,9
bangalore,Mahindra XUV500,2015,916000,27.5K km,27500,HR,manual,diesel,17433,10
bangalore,Honda City,2016,603000,99K km,99000,HR,manual,diesel,10268,9
bangalore,Honda Jazz,2017,512000,118K km,118000,KA,manual,petrol,8174,8
bangalore,Renault Kwid,2018,291000,95.5K km,95500,KA,manual,petrol,4955,7
bangalore,Honda Brio,2014,315000,129K km,129000,KA,manual,petrol,6337,11
bangalore,Renault Kiger,2022,651000,20K km,20000,KA,automatic,petrol,11086,3
bangalore,Honda City,2016,510000,93.5K km,93500,DL,manual,diesel,9283,9
bangalore,Volkswagen Vento,2019,649000,103.5K km,103500,KA,manual,diesel,10361,6
bangalore,Renault Duster,2017,667000,101K km,101000,HR,automatic,diesel,11358,8
bangalore,Maruti Vitara Brezza,2016,732000,41.5K km,41500,HR,manual,diesel,12465,9
bangalore,Renault Kwid,2021,459000,18K km,18000,KA,manual,petrol,7816,4
bangalore,Maruti Alto K10,2018,393000,52K km,52000,KA,automatic,petrol,6692,7
bangalore,Renault Kiger,2023,865000,6K km,6000,KA,automatic,petrol,14730,2
bangalore,Hyundai Elite i20,2014,527000,71.5K km,71500,KA,manual,petrol,11310,11
bangalore,Hyundai Xcent,2016,459000,25.5K km,25500,KA,manual,petrol,7327,9
bangalore,Maruti Ciaz,2022,995000,18.5K km,18500,KA,manual,petrol,16944,3
bangalore,Renault Duster,2016,691000,87.5K km,87500,KA,automatic,diesel,11767,9
bangalore,Hyundai New Santro 1.1,2020,408000,76K km,76000,KA,manual,petrol,6513,5
bangalore,Maruti Alto K10,2015,325000,48.5K km,48500,KA,manual,petrol,5915,10
bangalore,Hyundai Venue,2021,930000,28.5K km,28500,KA,manual,petrol,15837,4
bangalore,Mahindra Scorpio N,2023,2275000,15K km,15000,KA,automatic,diesel,39127,2
bangalore,Maruti Wagon R 1.0,2011,305000,36.5K km,36500,KA,manual,petrol,22023,14
bangalore,Hyundai i10,2010,230000,40.5K km,40500,KA,manual,petrol,9698,15
bangalore,Volkswagen Ameo,2016,468000,84K km,84000,KA,manual,petrol,7471,9
bangalore,Maruti Celerio,2018,389000,112.5K km,112500,KA,automatic,petrol,6624,7
bangalore,Hyundai Santro Xing,2011,244000,37K km,37000,KA,manual,petrol,16345,14
bangalore,Hyundai Elite i20,2016,582000,57K km,57000,DL,manual,diesel,9911,9
bangalore,Hyundai i20,2012,418000,60.5K km,60500,KA,manual,diesel,15897,13
bangalore,Hyundai i10,2011,298000,33K km,33000,KA,manual,petrol,21293,14
bangalore,Hyundai Venue,2021,841000,51.5K km,51500,KA,manual,petrol,14321,4
bangalore,Renault Kiger,2023,720000,22.5K km,22500,KA,manual,petrol,12261,2
bangalore,Ford EcoSport,2019,768000,79.5K km,79500,KA,manual,petrol,13078,6
bangalore,Hyundai Fluidic Verna 4S,2016,598000,84K km,84000,DL,manual,diesel,10183,9
bangalore,Hyundai Fluidic Verna 4S,2017,647000,82.5K km,82500,KA,manual,petrol,11018,8
bangalore,Renault Triber,2022,741000,17K km,17000,KA,automatic,petrol,12618,3
bangalore,Hyundai New i20,2021,868000,28K km,28000,KA,manual,petrol,14781,4
bangalore,Honda City,2017,723000,55.5K km,55500,KA,automatic,petrol,12312,8
bangalore,Renault Kwid,2019,365000,21.5K km,21500,KA,manual,petrol,6215,6
bangalore,Hyundai New Santro 1.1,2020,472000,44.5K km,44500,KA,manual,petrol,7535,5
bangalore,Honda City,2021,1261000,38.5K km,38500,KA,automatic,petrol,21686,4
bangalore,Tata Altroz,2023,921000,20K km,20000,KA,manual,diesel,15684,2
bangalore,Honda Jazz,2016,433000,111.5K km,111500,KA,manual,diesel,7389,9
bangalore,Hyundai Verna,2012,439000,134K km,134000,KA,automatic,diesel,16696,13
bangalore,Honda Brio,2013,324000,102K km,102000,KA,manual,petrol,8187,12
bangalore,Volkswagen Polo,2013,425000,88K km,88000,KA,manual,diesel,10739,12
bangalore,Renault Duster,2017,645000,88.5K km,88500,KA,manual,diesel,10983,8
bangalore,Hyundai Eon,2013,249000,68.5K km,68500,KA,manual,petrol,6292,12
bangalore,Honda Brio,2013,309000,68.5K km,68500,KA,manual,petrol,7808,12
bangalore,Renault Kwid,2022,512000,20.5K km,20500,KA,automatic,petrol,8719,3
bangalore,Honda Jazz,2017,462000,74.5K km,74500,KA,manual,petrol,7375,8
bangalore,Maruti Celerio,2017,436000,40K km,40000,KA,automatic,petrol,7424,8
bangalore,Maruti Ciaz,2022,930000,19K km,19000,KA,manual,petrol,15837,3
bangalore,Nissan Magnite,2022,989000,15K km,15000,KA,automatic,petrol,16842,3
bangalore,Maruti Celerio X,2019,479000,71K km,71000,KA,automatic,petrol,8025,6
bangalore,Hyundai Creta,2016,826000,85.5K km,85500,KA,manual,petrol,14066,9
bangalore,Renault Kwid,2017,343000,69K km,69000,KA,automatic,petrol,5841,8
bangalore,Kia Seltos,2019,1210000,34.5K km,34500,KA,automatic,petrol,20810,6
bangalore,Renault Triber,2021,553000,24.5K km,24500,KA,manual,petrol,9417,4
bangalore,Renault Kwid,2022,511000,21.5K km,21500,KA,automatic,petrol,8702,3
bangalore,Hyundai Grand i10,2019,574000,17.5K km,17500,KA,manual,petrol,9774,6
bangalore,Volkswagen Polo,2017,578000,47K km,47000,KA,manual,petrol,9227,8
bangalore,Maruti Baleno,2016,525000,115K km,115000,DL,manual,petrol,8940,9
bangalore,Honda Mobilio,2016,558000,108K km,108000,KA,manual,diesel,9522,9
bangalore,Kia Seltos,2020,1162000,92.5K km,92500,KA,automatic,petrol,19992,5
bangalore,Hyundai i20,2012,401000,111K km,111000,KA,manual,diesel,15251,13
bangalore,Tata Nano,2016,219000,64K km,64000,KA,automatic,petrol,3496,9
bangalore,Maruti Swift,2010,298000,99.5K km,99500,KA,manual,petrol,9698,15
bangalore,Datsun GO,2017,289000,95K km,95000,KA,manual,petrol,6202,8
bangalore,Honda City,2014,549000,101.5K km,101500,KA,manual,diesel,11782,11
bangalore,Maruti Dzire,2017,663000,70K km,70000,DL,automatic,diesel,11290,8
bangalore,Kia Seltos,2020,1119000,51K km,51000,KA,manual,diesel,19244,5
bangalore,Hyundai New Santro 1.1,2019,486000,44K km,44000,KA,manual,petrol,7759,6
bangalore,Tata Zest,2015,415000,86.5K km,86500,DL,automatic,diesel,8906,10
bangalore,Honda Jazz,2017,527000,45.5K km,45500,KA,manual,petrol,8413,8
bangalore,Renault Kiger,2022,884000,33.5K km,33500,KA,automatic,petrol,15054,3
bangalore,Tata Nexon,2022,1052000,27K km,27000,KA,manual,petrol,18091,3
bangalore,Tata Tigor,2022,729000,6.5K km,6500,KA,manual,petrol,12414,3
bangalore,Hyundai Venue,2020,999000,26K km,26000,KA,automatic,petrol,17012,5
bangalore,Hyundai Eon,2014,257000,85K km,85000,KA,manual,petrol,5170,11
bangalore,Tata Nexon,2022,1139000,15.5K km,15500,KA,automatic,petrol,19588,3
bangalore,Maruti Wagon R 1.0,2016,446000,39K km,39000,KA,automatic,petrol,7971,9
bangalore,Nissan Sunny,2013,370000,104K km,104000,KA,manual,diesel,9350,12
bangalore,Honda City,2016,519000,142K km,142000,KA,manual,petrol,8838,9
bangalore,Ford EcoSport,2017,568000,72K km,72000,KA,manual,petrol,9672,8
bangalore,Maruti A-Star,2013,269000,95.5K km,95500,KA,manual,petrol,6797,12
bangalore,Kia Sonet,2021,848000,48.5K km,48500,KA,manual,petrol,14440,4
bangalore,Maruti Celerio,2018,408000,93.5K km,93500,KA,automatic,petrol,6948,7
bangalore,Hyundai i20,2012,394000,82.5K km,82500,KA,manual,diesel,14985,13
bangalore,Maruti Dzire,2017,674000,49.5K km,49500,HR,automatic,diesel,11477,8
bangalore,Nissan Micra,2013,370000,82K km,82000,KA,automatic,petrol,9350,12
bangalore,Renault Triber,2023,806000,12K km,12000,KA,automatic,petrol,13725,2
bangalore,Renault Kwid,2021,506000,9K km,9000,KA,automatic,petrol,8616,4
bangalore,Maruti Alto K10,2016,342000,81.5K km,81500,KA,automatic,petrol,5824,9
bangalore,Maruti XL6,2022,1129000,24.5K km,24500,KA,automatic,petrol,19416,3
bangalore,Hyundai Elite i20,2015,547000,59.5K km,59500,KA,manual,petrol,9956,10
bangalore,Hyundai New i20,2021,768000,25.5K km,25500,KA,manual,petrol,13078,4
bangalore,Maruti Ignis,2017,541000,47.5K km,47500,KA,automatic,petrol,9212,8
bangalore,Kia Seltos,2019,1273000,68.5K km,68500,KA,automatic,petrol,21893,6
bangalore,Honda City,2019,819000,50K km,50000,KA,manual,petrol,13947,6
bangalore,Maruti Celerio,2015,404000,49.5K km,49500,KA,automatic,petrol,7353,10
bangalore,Maruti S-Presso,2022,496000,9K km,9000,KA,manual,petrol,8446,3
bangalore,Honda City,2014,518000,94.5K km,94500,KA,manual,petrol,11117,11
bangalore,Nissan Sunny,2012,355000,106.5K km,106500,KA,manual,diesel,12658,13
bangalore,Tata Nano,2014,190000,27K km,27000,KA,manual,petrol,3822,11
bangalore,Hyundai Grand i10,2016,476000,103.5K km,103500,KA,automatic,petrol,8106,9
bangalore,Maruti Alto K10,2013,245000,51.5K km,51500,KA,manual,petrol,6604,12
bangalore,Renault Kwid,2019,375000,79K km,79000,KA,automatic,petrol,6386,6
bangalore,Tata Nano,2013,155000,22.5K km,22500,KA,manual,petrol,3916,12
bangalore,Volkswagen Polo,2014,378000,110.5K km,110500,KA,manual,diesel,7605,11
bangalore,Hyundai Fluidic Verna 4S,2016,649000,57K km,57000,DL,automatic,diesel,11052,9
bangalore,Maruti Wagon R 1.0,2014,363000,44K km,44000,KA,manual,petrol,8082,11
bangalore,Hyundai Grand i10,2014,441000,75K km,75000,KA,automatic,petrol,9464,11
bangalore,Maruti Alto 800,2023,385000,27K km,27000,KA,manual,petrol,6880,2
bangalore,Hyundai Xcent,2019,594000,33K km,33000,KA,manual,petrol,9483,6
bangalore,Toyota Urban Cruiser Hyryder,2023,1599000,15K km,15000,KA,manual,petrol,27506,2
bangalore,Hyundai Elite i20,2015,523000,88K km,88000,KA,manual,petrol,9519,10
bangalore,Hyundai Elite i20,2018,731000,20K km,20000,KA,automatic,petrol,12448,7
bangalore,Hyundai New Santro 1.1,2022,574000,11.5K km,11500,KA,manual,petrol,9163,3
bangalore,Renault Kwid,2016,324000,43.5K km,43500,KA,manual,petrol,5517,9
bangalore,Kia Seltos,2020,1129000,65.5K km,65500,KA,manual,petrol,19416,5
bangalore,Toyota Urban Cruiser Hyryder,2022,1583000,25.5K km,25500,KA,manual,petrol,27232,3
bangalore,Renault Kwid,2018,366000,33K km,33000,KA,automatic,petrol,6232,7
bangalore,Maruti Swift Dzire,2010,295000,115K km,115000,KA,manual,petrol,9698,15
bangalore,Hyundai Grand i10,2016,441000,96K km,96000,KA,manual,petrol,8027,9
bangalore,Tata Nano,2015,159000,33K km,33000,KA,manual,petrol,3199,10
bangalore,Renault Kwid,2017,286000,105K km,105000,KA,manual,petrol,4870,8
bangalore,Renault Kwid,2016,278000,36K km,36000,KA,manual,petrol,4734,9
bangalore,Hyundai i10,2013,307000,68K km,68000,KA,manual,petrol,8275,12
bangalore,Renault Duster,2020,840000,99.5K km,99500,KA,automatic,petrol,14304,5
bangalore,Maruti Alto 800,2013,265000,34.5K km,34500,KA,manual,petrol,7349,12
bangalore,Hyundai Grand i10,2018,520000,51.5K km,51500,KA,manual,petrol,8855,7
bangalore,Hyundai Elite i20,2020,760000,41.5K km,41500,KA,automatic,petrol,12942,5
bangalore,Renault Duster,2017,700000,89K km,89000,KA,manual,diesel,11920,8
bangalore,Renault Triber,2023,721000,6.5K km,6500,KA,automatic,petrol,12278,2
bangalore,Maruti XL6,2021,1082000,29.5K km,29500,KA,automatic,petrol,18608,4
bangalore,Renault Kwid,2019,396000,13K km,13000,KA,manual,petrol,6743,6
bangalore,Hyundai Aura,2022,642000,65K km,65000,KA,manual,petrol+cng,10932,3
bangalore,Kia Seltos,2021,1549000,43.5K km,43500,KA,automatic,diesel,26640,4
bangalore,Hyundai New Santro 1.1,2019,518000,18K km,18000,KA,manual,petrol,8269,6
bangalore,Hyundai Venue,2020,938000,34.5K km,34500,KA,manual,petrol,15973,5
bangalore,Honda Jazz,2016,510000,79K km,79000,KA,manual,petrol,8142,9
bangalore,Maruti Dzire,2020,700000,21.5K km,21500,KA,automatic,petrol,11920,5
bangalore,Renault Kwid,2016,318000,30.5K km,30500,DL,manual,petrol,5415,9
bangalore,Honda City,2014,497000,108.5K km,108500,KA,manual,diesel,10666,11
bangalore,Maruti Swift,2011,416000,30K km,30000,KA,manual,petrol,29724,14
bangalore,Ford Figo,2017,412000,122K km,122000,KA,manual,diesel,15669,8
bangalore,Maruti Swift Dzire,2011,338000,96.5K km,96500,KA,manual,petrol,24151,14
bangalore,Maruti Swift Dzire,2011,288000,101.5K km,101500,KA,manual,petrol,20578,14
bangalore,Maruti Swift Dzire,2011,374000,70.5K km,70500,KL,manual,petrol,26723,14
bangalore,Hyundai Creta,2016,875000,90.5K km,90500,DL,automatic,diesel,14900,9
bangalore,Renault Kwid,2023,558000,11.5K km,11500,KA,automatic,petrol,9502,2
bangalore,Skoda Kushaq,2021,1189000,57K km,57000,KA,manual,petrol,20448,4
bangalore,Tata Tiago,2018,447000,89K km,89000,KA,automatic,petrol,7612,7
bangalore,Tata Tiago,2017,487000,67K km,67000,KA,automatic,petrol,8293,8
bangalore,Honda City,2015,614000,66K km,66000,KA,automatic,petrol,11176,10
bangalore,Maruti Alto K10,2019,381000,39K km,39000,KA,manual,petrol,6488,6
bangalore,Renault Kwid,2021,447000,27K km,27000,KA,automatic,petrol,7612,4
bangalore,Nissan Micra,2015,424000,37K km,37000,KA,automatic,petrol,7235,10
bangalore,Renault Kwid,2022,531000,11K km,11000,KA,automatic,petrol,9042,3
bangalore,Renault Kwid,2023,566000,9K km,9000,KA,automatic,petrol,9638,2
bangalore,Tata Punch,2023,768000,11K km,11000,KA,automatic,petrol,13078,2
bangalore,Maruti Celerio,2014,346000,58K km,58000,KA,automatic,petrol,7425,11
bangalore,Hyundai Creta,2017,860000,105.5K km,105500,KA,automatic,petrol,14645,8
bangalore,Hyundai Verna,2011,420000,77K km,77000,KA,manual,petrol,30010,14
bangalore,Hyundai i10,2011,282000,51.5K km,51500,KA,manual,petrol,20149,14
bangalore,Hyundai Creta,2019,834000,52K km,52000,KA,manual,petrol,14202,6
bangalore,Volkswagen Ameo,2018,498000,66.5K km,66500,DL,manual,diesel,7950,7
bangalore,Renault Duster,2017,689000,85K km,85000,HR,manual,diesel,11733,8
bangalore,Hyundai i10,2013,292000,67K km,67000,KA,manual,petrol,7870,12
bangalore,Volkswagen Ameo,2016,478000,93.5K km,93500,DL,manual,petrol,7631,9
bangalore,Hyundai Elite i20,2018,720000,46.5K km,46500,KA,automatic,petrol,12261,7
bangalore,Maruti Dzire,2017,655000,87K km,87000,KA,automatic,diesel,11154,8
bangalore,Maruti Dzire,2021,758000,20.5K km,20500,KA,automatic,petrol,12908,4
bangalore,Renault Kwid,2022,515000,13.5K km,13500,KA,automatic,petrol,8770,3
bangalore,Hyundai Creta,2017,803000,76.5K km,76500,KA,manual,petrol,13674,8
bangalore,Renault Kiger,2021,785000,25K km,25000,KA,automatic,petrol,13368,4
bangalore,Maruti Ciaz,2022,992000,21K km,21000,KA,automatic,petrol,16893,3
bangalore,Maruti Alto K10,2017,345000,27.5K km,27500,KA,automatic,petrol,5875,8
bangalore,MG Gloster,2021,3401000,59K km,59000,KA,automatic,diesel,58494,4
bangalore,Hyundai Elite i20,2018,679000,73K km,73000,KA,manual,petrol,11562,7
bangalore,Hyundai i10,2016,396000,48K km,48000,KA,manual,petrol,6743,9
bangalore,Tata Tiago,2017,437000,126K km,126000,KA,automatic,petrol,7441,8
bangalore,Honda Brio,2014,329000,112.5K km,112500,KA,manual,petrol,6619,11
bangalore,Toyota Etios Liva,2013,355000,101K km,101000,KA,manual,diesel,8971,12
bangalore,Tata Zest,2015,353000,95.5K km,95500,KA,manual,petrol,7576,10
bangalore,Skoda Rapid,2014,448000,98.5K km,98500,DL,manual,diesel,9014,11
bangalore,Maruti Estilo,2012,251000,48.5K km,48500,KA,manual,petrol,17934,13
bangalore,Hyundai Eon,2018,356000,64.5K km,64500,KA,manual,petrol,5683,7
bangalore,Maruti Vitara Brezza,2017,660000,108K km,108000,DL,manual,diesel,11239,8
bangalore,Hyundai Grand i10,2014,436000,44K km,44000,KA,automatic,petrol,9357,11
bangalore,Maruti Wagon R 1.2,2024,697000,4K km,4000,KA,manual,petrol,11869,1
bangalore,Hyundai Grand i10 Nios,2023,739000,26.5K km,26500,KA,manual,petrol,12584,2
bangalore,Maruti Ciaz,2018,710000,53.5K km,53500,KA,automatic,petrol,12090,7
bangalore,Renault Kwid,2022,498000,30K km,30000,KA,manual,petrol,8480,3
bangalore,Maruti Celerio,2015,411000,35.5K km,35500,KA,automatic,petrol,7481,10
bangalore,Hyundai Grand i10,2015,496000,40.5K km,40500,KA,automatic,petrol,9028,10
bangalore,Renault Triber,2022,626000,45.5K km,45500,KA,manual,petrol,10660,3
bangalore,Hyundai Verna,2022,1390000,28.5K km,28500,KA,automatic,petrol,23909,3
bangalore,Maruti Celerio,2022,598000,27K km,27000,KA,manual,petrol,10183,3
bangalore,Kia Sonet,2021,1101000,22.5K km,22500,KA,manual,petrol,18934,4
bangalore,Tata Tiago,2020,594000,49K km,49000,KL,automatic,petrol,10115,5
bangalore,Nissan Micra Active,2014,268000,94K km,94000,KA,manual,petrol,5751,11
bangalore,Nissan Sunny,2014,353000,105K km,105000,KA,manual,petrol,8920,11
bangalore,MG Hector Plus,2021,1278000,105K km,105000,KA,manual,diesel,21979,4
bangalore,Datsun GO,2017,278000,49.5K km,49500,KL,manual,petrol,5966,8
bangalore,Maruti Wagon R 1.0,2013,333000,43.5K km,43500,KA,manual,petrol,9234,12
bangalore,Hyundai Grand i10,2018,424000,80K km,80000,KA,manual,diesel,7220,7
bangalore,Tata Nano,2015,162000,143.5K km,143500,KA,manual,petrol,2764,10
bangalore,Nissan Micra,2017,401000,90.5K km,90500,KA,automatic,petrol,6401,8
bangalore,Maruti Swift Dzire,2013,398000,75K km,75000,DL,manual,petrol,10728,12
bangalore,Maruti Celerio,2023,624000,8K km,8000,KA,manual,petrol,10626,2
bangalore,Kia Seltos,2020,1259000,53K km,53000,KA,automatic,petrol,21652,5
bangalore,Maruti Celerio,2017,430000,53K km,53000,KA,manual,petrol,7322,8
bangalore,Maruti Wagon R 1.0,2018,440000,66K km,66000,KA,automatic,petrol,7863,7
bangalore,Hyundai Grand i10 Nios,2024,794000,12K km,12000,KA,manual,petrol,13521,1
bangalore,Renault Kwid,2019,388000,36K km,36000,KA,automatic,petrol,6607,6
bangalore,Hyundai Grand i10,2017,491000,32.5K km,32500,KA,manual,petrol,8361,8
bangalore,Renault Kwid,2017,365000,65K km,65000,KA,automatic,petrol,6215,8
bangalore,Maruti Alto 800,2018,345000,49K km,49000,KA,manual,petrol,6166,7
bangalore,Toyota Urban Cruiser Hyryder,2022,1580000,22K km,22000,KA,manual,petrol,27166,3
bangalore,Hyundai Venue,2021,820000,34.5K km,34500,KA,manual,petrol,13964,4
bangalore,Ford Freestyle,2020,567000,38.5K km,38500,KA,manual,petrol,9655,5
bangalore,Datsun Redi-GO,2018,268000,34.5K km,34500,KA,manual,petrol,10192,7
bangalore,Hyundai Grand i10,2017,471000,53.5K km,53500,KA,automatic,petrol,8020,8
bangalore,Hyundai Elite i20,2015,544000,51K km,51000,KA,manual,petrol,9902,10
bangalore,Hyundai Creta,2015,783000,103K km,103000,DL,manual,diesel,14252,10
bangalore,Skoda Rapid New,2019,698000,117.5K km,117500,KA,manual,diesel,11886,6
bangalore,Ford Figo,2020,534000,46K km,46000,KA,manual,petrol,9093,5
bangalore,Hyundai i20,2011,332000,68K km,68000,KA,manual,petrol,23722,14
bangalore,Maruti Alto K10,2014,319000,75.5K km,75500,KA,automatic,petrol,6846,11
bangalore,Maruti Baleno,2021,830000,29K km,29000,KA,automatic,petrol,14134,4
bangalore,Renault Triber,2022,692000,22K km,22000,KA,automatic,petrol,11784,3
bangalore,Hyundai Elite i20,2015,526000,52.5K km,52500,KA,manual,petrol,9574,10
bangalore,Honda City,2018,738000,72K km,72000,KA,manual,petrol,12567,7
bangalore,Renault Duster,2017,751000,58.5K km,58500,DL,manual,diesel,12789,8
bangalore,Hyundai New Santro 1.1,2022,550000,20K km,20000,KA,manual,petrol,8780,3
bangalore,Hyundai Elite i20,2014,548000,49.5K km,49500,DL,manual,petrol,11761,11
bangalore,Tata Nexon,2020,839000,47K km,47000,KA,manual,petrol,14287,5
bangalore,Renault Kiger,2023,767000,11.5K km,11500,KA,automatic,petrol,13061,2
bangalore,Hyundai New Santro 1.1,2020,523000,34.5K km,34500,KA,automatic,petrol,8349,5
bangalore,Maruti Ignis,2022,575000,13.5K km,13500,KA,manual,petrol,9791,3
bangalore,Hyundai i20 N Line,2022,997000,27K km,27000,KA,manual,petrol,16978,3
bangalore,Maruti Baleno,2018,617000,99.5K km,99500,KA,automatic,petrol,10507,7
bangalore,Maruti Celerio,2019,429000,104.5K km,104500,KA,automatic,petrol,7305,6
bangalore,Ford Freestyle,2021,653000,37.5K km,37500,KA,manual,petrol,11120,4
bangalore,Honda City,2015,503000,101.5K km,101500,KA,manual,petrol,9155,10
bangalore,Hyundai i10,2013,274000,85.5K km,85500,DL,manual,petrol,7385,12
bangalore,Maruti Baleno,2019,622000,112.5K km,112500,KA,automatic,petrol,10592,6
bangalore,Maruti Alto K10,2016,304000,90K km,90000,KA,manual,petrol,5176,9
bangalore,Renault Kwid,2020,317000,95.5K km,95500,KA,manual,petrol,5398,5
bangalore,Renault Triber,2022,692000,27.5K km,27500,KA,automatic,petrol,11784,3
bangalore,Maruti Wagon R 1.0,2018,435000,53.5K km,53500,KA,automatic,petrol,7774,7
bangalore,Hyundai Grand i10,2019,526000,12K km,12000,KA,manual,petrol,8957,6
bangalore,Renault Kiger,2023,963000,19.5K km,19500,KA,automatic,petrol,16399,2
bangalore,Renault Kwid,2023,583000,6.5K km,6500,KA,automatic,petrol,9928,2
bangalore,Renault Triber,2022,752000,13.5K km,13500,KA,automatic,petrol,12806,3
bangalore,Renault Kwid,2022,524000,11.5K km,11500,KA,automatic,petrol,8923,3
bangalore,Hyundai Xcent,2016,452000,36.5K km,36500,KA,manual,petrol,7713,9
bangalore,Renault Kwid,2019,425000,36.5K km,36500,KA,automatic,petrol,7237,6
bangalore,Renault Kwid,2022,520000,8K km,8000,KA,automatic,petrol,8855,3
bangalore,Maruti Alto K10,2019,370000,51K km,51000,KA,manual,petrol,6300,6
bangalore,Maruti Dzire,2017,631000,22K km,22000,KA,automatic,petrol,10745,8
bangalore,Hyundai i10,2015,349000,93.5K km,93500,KA,manual,petrol,6352,10
bangalore,Ford Figo,2012,239000,100K km,100000,KA,manual,diesel,9698,13
bangalore,Hyundai Verna,2013,415000,81.5K km,81500,KA,manual,petrol,11186,12
bangalore,Hyundai Venue,2020,822000,54K km,54000,KA,automatic,petrol,13998,5
bangalore,MG Hector,2020,1254000,97K km,97000,KA,manual,diesel,21559,5
bangalore,Maruti Ciaz,2021,853000,79.5K km,79500,KA,automatic,petrol,14526,4
bangalore,Honda City,2014,490000,100.5K km,100500,KA,automatic,petrol,10516,11
bangalore,Hyundai Grand i10,2018,444000,109K km,109000,KA,manual,petrol,7561,7
bangalore,Maruti Celerio,2022,558000,18.5K km,18500,KA,manual,petrol,9502,3
bangalore,Hyundai Eon,2014,296000,35.5K km,35500,KA,manual,petrol,5955,11
bangalore,Renault Kwid,2017,352000,37.5K km,37500,KA,manual,petrol,5994,8
bangalore,Renault Kwid,2016,321000,44.5K km,44500,KA,manual,petrol,5466,9
bangalore,Renault Kwid,2017,352000,47K km,47000,KA,manual,petrol,5994,8
bangalore,Kia Sonet,2020,958000,48K km,48000,KA,manual,petrol,16314,5
bangalore,Honda Mobilio,2014,496000,64.5K km,64500,KA,manual,petrol,9979,11
bangalore,Ford EcoSport,2020,862000,39K km,39000,KA,manual,petrol,14679,5
bangalore,Renault Kwid,2022,482000,18K km,18000,KA,manual,petrol,8208,3
bangalore,Datsun GO,2019,359000,39.5K km,39500,KA,manual,petrol,6113,6
bangalore,Kia Sonet,2021,973000,9.5K km,9500,KA,manual,petrol,16569,4
bangalore,Renault Kiger,2022,886000,34.5K km,34500,KA,automatic,petrol,15088,3
bangalore,Mahindra XUV500,2016,951000,128K km,128000,KA,automatic,diesel,16996,9
bangalore,Maruti Ciaz,2020,738000,122.5K km,122500,KA,manual,petrol,12567,5
bangalore,Hyundai Grand i10,2013,375000,74K km,74000,KA,manual,petrol,10108,12
bangalore,Maruti Swift Dzire,2011,395000,70.5K km,70500,KA,manual,petrol,28224,14
bangalore,Renault Kiger,2022,802000,33K km,33000,KA,automatic,petrol,13657,3
bangalore,Nissan Micra,2014,315000,94.5K km,94500,KA,automatic,petrol,6337,11
bangalore,Hyundai Creta,2019,822000,120.5K km,120500,KA,manual,petrol,13998,6
bangalore,Hyundai Creta,2015,795000,46K km,46000,DL,manual,diesel,14470,10
bangalore,Maruti S-Presso,2021,436000,6.5K km,6500,KA,manual,petrol,7424,4
bangalore,Maruti Celerio,2022,592000,19K km,19000,KA,manual,petrol,10081,3
bangalore,Renault Kiger,2022,805000,22K km,22000,KA,manual,petrol,13708,3
bangalore,Maruti Ignis,2022,621000,17K km,17000,KA,manual,petrol,10575,3
bangalore,Tata Nexon,2018,756000,23K km,23000,KL,automatic,petrol,12874,7
bangalore,Maruti Vitara Brezza,2017,788000,77K km,77000,HR,manual,diesel,13419,8
bangalore,Maruti Ciaz,2015,573000,73K km,73000,KA,automatic,petrol,10430,10
bangalore,Honda BR-V,2019,970000,53K km,53000,KA,manual,petrol,16518,6
bangalore,Maruti Alto K10,2019,376000,36K km,36000,KA,manual,petrol,6403,6
bangalore,Hyundai Venue,2022,897000,38.5K km,38500,KA,manual,petrol,15275,3
bangalore,Renault Kiger,2022,873000,36K km,36000,KA,automatic,petrol,14866,3
bangalore,Renault Kwid,2021,443000,38.5K km,38500,KA,manual,petrol,7550,4
bangalore,Renault Duster,2015,577000,111.5K km,111500,KA,manual,diesel,10502,10
bangalore,Hyundai i10,2013,275000,69.5K km,69500,KA,manual,petrol,11942,12
bangalore,Hyundai Grand i10,2018,521000,38.5K km,38500,KA,automatic,petrol,8872,7
bangalore,Honda Brio,2012,270000,63.5K km,63500,HR,manual,petrol,9627,13
bangalore,Maruti Baleno,2017,568000,66.5K km,66500,DL,manual,petrol,9672,8
bangalore,Datsun GO,2015,229000,46.5K km,46500,KL,manual,petrol,16362,10
bangalore,Volkswagen Polo,2013,372000,130K km,130000,KA,manual,diesel,9400,12
bangalore,Datsun GO,2014,234000,43.5K km,43500,KA,manual,petrol,16720,11
bangalore,Maruti Baleno,2018,640000,68K km,68000,KA,automatic,petrol,10898,7
bangalore,Hyundai Venue,2020,924000,52.5K km,52500,KA,manual,petrol,15735,5
bangalore,Maruti Celerio,2016,446000,17.5K km,17500,KA,automatic,petrol,7595,9
bangalore,Honda Brio,2016,382000,31.5K km,31500,KA,manual,petrol,6098,9
bangalore,Renault Duster,2016,709000,71.5K km,71500,KA,manual,diesel,12073,9
bangalore,Tata Zest,2015,396000,86.5K km,86500,KA,manual,petrol,7208,10
bangalore,Hyundai Venue,2023,1023000,10K km,10000,KA,manual,petrol,17591,2
bangalore,Maruti Alto 800,2018,323000,49.5K km,49500,KA,manual,petrol,5772,7
bangalore,Maruti Ciaz,2019,824000,53.5K km,53500,KA,automatic,petrol,14032,6
bangalore,Maruti Ciaz,2018,748000,60.5K km,60500,KA,automatic,petrol,12738,7
bangalore,Maruti Alto K10,2016,322000,40K km,40000,KA,manual,petrol,5483,9
bangalore,Hyundai Elite i20,2015,554000,78K km,78000,KL,manual,petrol,10084,10
bangalore,Maruti Wagon R 1.0,2014,308000,68.5K km,68500,KA,manual,petrol,8541,11
bangalore,Ford EcoSport,2017,587000,119.5K km,119500,KA,manual,petrol,9996,8
bangalore,Hyundai New Santro 1.1,2019,435000,113K km,113000,KA,manual,petrol,6944,6
bangalore,Hyundai i20 Active,2016,563000,75K km,75000,KA,manual,petrol,9587,9
bangalore,Maruti Swift Dzire,2011,363000,62.5K km,62500,KA,manual,petrol,25937,14
bangalore,Volkswagen Polo,2015,467000,141K km,141000,KA,manual,petrol,7969,10
bangalore,Hyundai i10,2015,297000,114K km,114000,KA,manual,petrol,5406,10
bangalore,Maruti Swift,2012,384000,68.5K km,68500,HR,manual,petrol,14604,13
bangalore,Renault Kwid,2019,344000,60K km,60000,KA,manual,petrol,5858,6
bangalore,Maruti Swift,2018,657000,85.5K km,85500,KA,automatic,diesel,11188,7
bangalore,Renault Kwid,2019,421000,32.5K km,32500,KA,automatic,petrol,7169,6
bangalore,Maruti Alto K10,2016,336000,41.5K km,41500,KA,manual,petrol,5721,9
bangalore,Maruti Alto K10,2018,427000,14K km,14000,KA,automatic,petrol,7271,7
bangalore,Hyundai Creta,2019,1148000,29.5K km,29500,KA,automatic,petrol,19737,6
bangalore,Renault Kwid,2019,446000,28K km,28000,KA,automatic,petrol,7595,6
bangalore,Maruti Alto 800,2014,278000,55.5K km,55500,KA,manual,petrol,6189,11
bangalore,Kia Seltos,2021,1721000,30.5K km,30500,KA,automatic,diesel,29597,4
bangalore,Nissan Micra,2015,407000,41.5K km,41500,KA,manual,petrol,6945,10
bangalore,Tata Nexon,2018,768000,51.5K km,51500,KA,automatic,petrol,13078,7
bangalore,Renault Kwid,2017,309000,44K km,44000,KA,manual,petrol,5262,8
bangalore,Ford Figo,2013,264000,66K km,66000,KA,manual,petrol,9698,12
bangalore,Datsun GO,2015,257000,52.5K km,52500,KA,manual,petrol,9774,10
bangalore,Hyundai i20,2011,314000,85K km,85000,KA,manual,petrol,22436,14
bangalore,Maruti Ertiga,2012,529000,41K km,41000,DL,manual,petrol,20119,13
bangalore,Maruti Alto K10,2013,229000,85.5K km,85500,KA,manual,petrol,6172,12
bangalore,Hyundai Elite i20,2014,419000,108K km,108000,KL,manual,petrol,8992,11
bangalore,Honda City,2015,557000,97.5K km,97500,KA,manual,petrol,10138,10
bangalore,Honda City,2015,647000,77K km,77000,DL,manual,diesel,11776,10
bangalore,MG Hector,2021,1419000,35.5K km,35500,KA,manual,petrol,24403,4
bangalore,Mahindra XUV500,2018,1106000,86K km,86000,KA,automatic,diesel,19962,7
bangalore,Renault Kiger,2022,889000,23.5K km,23500,KA,automatic,petrol,15139,3
bangalore,Renault Triber,2020,666000,21K km,21000,KA,automatic,petrol,11341,5
bangalore,Hyundai New i20,2020,831000,43.5K km,43500,KA,automatic,petrol,14151,5
bangalore,Maruti XL6,2021,1071000,24K km,24000,KA,automatic,petrol,18425,4
bangalore,Maruti Eeco,2021,498000,33K km,33000,KA,manual,petrol,7950,4
bangalore,Hyundai Venue,2021,957000,27K km,27000,KA,manual,petrol,16297,4
bangalore,Volkswagen Polo,2015,561000,38.5K km,38500,KA,manual,petrol,9573,10
bangalore,Maruti Baleno,2016,494000,83.5K km,83500,DL,manual,petrol,7765,9
bangalore,Maruti Baleno,2016,540000,63K km,63000,DL,automatic,petrol,9195,9
bangalore,Mahindra Scorpio,2018,997000,81K km,81000,KA,manual,diesel,16978,7
bangalore,Mahindra KUV100,2016,349000,42.5K km,42500,DL,manual,petrol,5943,9
bangalore,Honda Brio,2012,289000,56.5K km,56500,DL,manual,petrol,10304,13
bangalore,Hyundai Creta,2016,825000,111.5K km,111500,DL,manual,diesel,14049,9
bangalore,Tata Tiago,2018,413000,117K km,117000,KA,manual,petrol,7033,7
bangalore,Volkswagen Ameo,2016,541000,121.5K km,121500,KA,automatic,diesel,8637,9
bangalore,Nissan Sunny,2012,340000,115.5K km,115500,KA,manual,diesel,12123,13
bangalore,Volkswagen Polo,2013,442000,81.5K km,81500,KA,manual,petrol,11169,12
bangalore,Honda Brio,2013,299000,58K km,58000,DL,manual,petrol,7555,12
bangalore,Ford Freestyle,2021,684000,31K km,31000,KA,manual,petrol,11648,4
bangalore,Maruti Alto K10,2016,331000,53K km,53000,KA,manual,petrol,5636,9
bangalore,Hyundai Verna,2017,891000,67.5K km,67500,KA,automatic,petrol,15173,8
bangalore,Skoda Slavia,2023,1229000,25K km,25000,KA,manual,petrol,21136,2
bangalore,Ford EcoSport,2020,833000,60K km,60000,KA,manual,petrol,14185,5
bangalore,Renault Kwid,2020,385000,77K km,77000,KA,automatic,petrol,6556,5
bangalore,Mahindra KUV100,2016,370000,63K km,63000,KA,manual,petrol,6300,9
bangalore,Maruti Baleno,2016,554000,71.5K km,71500,DL,manual,petrol,9434,9
bangalore,Mahindra Scorpio N,2023,2378000,22.5K km,22500,KA,automatic,diesel,40897,2
bangalore,Maruti Ciaz,2018,680000,70K km,70000,KA,manual,petrol,11580,7
bangalore,Hyundai Grand i10,2015,489000,41.5K km,41500,KA,automatic,petrol,8901,10
bangalore,Hyundai Venue,2022,897000,32K km,32000,KA,manual,petrol,15275,3
bangalore,Tata Nexon,2018,765000,80.5K km,80500,DL,manual,diesel,13027,7
bangalore,Maruti Alto K10,2012,241000,66.5K km,66500,KA,manual,petrol,9166,13
bangalore,Mahindra XUV500,2016,862000,57K km,57000,KA,automatic,diesel,15406,9
bangalore,Hyundai Creta,2015,820000,105K km,105000,DL,automatic,diesel,14926,10
bangalore,Hyundai Grand i10,2017,411000,42.5K km,42500,KA,manual,petrol,6999,8
bangalore,Hyundai i10,2012,241000,83.5K km,83500,KA,manual,petrol,9166,13
bangalore,Kia Seltos,2021,1232000,80.5K km,80500,KA,manual,diesel,21187,4
bangalore,Nissan Sunny,2011,280000,95.5K km,95500,KA,manual,petrol,18756,14
bangalore,Hyundai New i20,2020,694000,25K km,25000,KA,manual,petrol,11818,5
bangalore,Renault Kiger,2021,727000,50K km,50000,KA,manual,petrol,12380,4
bangalore,Renault Kwid,2022,505000,25.5K km,25500,KA,automatic,petrol,8599,3
bangalore,Maruti Baleno,2019,613000,76K km,76000,KA,automatic,petrol,10439,6
bangalore,Maruti Alto 800,2022,419000,12K km,12000,KA,manual,petrol,7488,3
bangalore,Renault Kwid,2022,498000,27K km,27000,KA,automatic,petrol,8480,3
bangalore,Tata Tiago,2019,501000,34K km,34000,KL,automatic,petrol,8531,6
bangalore,Honda Jazz,2016,490000,77.5K km,77500,KA,manual,petrol,7822,9
bangalore,Hyundai i10,2013,319000,46K km,46000,KL,manual,petrol,8598,12
bangalore,Renault Kwid,2018,368000,39K km,39000,KL,manual,petrol,6266,7
bangalore,Datsun Redi-GO,2018,337000,39.5K km,39500,KA,automatic,petrol,9083,7
bangalore,Maruti Vitara Brezza,2018,839000,79.5K km,79500,HR,automatic,diesel,14287,7
bangalore,Datsun Redi-GO,2017,204000,104K km,104000,KA,manual,petrol,7758,8
bangalore,Hyundai i10,2010,230000,81K km,81000,KA,automatic,petrol,9698,15
bangalore,Volkswagen Polo,2015,452000,99K km,99000,WB,manual,diesel,7713,10
bangalore,Maruti Swift Dzire,2014,498000,62.5K km,62500,HR,manual,diesel,10688,11
bangalore,Skoda Fabia,2013,381000,103K km,103000,KA,manual,petrol,9628,12
bangalore,Maruti Ciaz,2018,642000,75K km,75000,DL,manual,diesel,10932,7
bangalore,Maruti Wagon R 1.0,2012,278000,71.5K km,71500,HR,manual,petrol,10783,13
bangalore,Hyundai Creta,2016,722000,143K km,143000,KA,manual,petrol,13142,9
bangalore,Maruti Celerio,2017,447000,73K km,73000,KA,automatic,petrol,7612,8
bangalore,Renault Kwid,2021,466000,29K km,29000,KA,manual,petrol,7935,4
bangalore,Hyundai i10,2016,384000,29K km,29000,KA,manual,petrol,6539,9
bangalore,Kia Seltos,2022,1629000,51.5K km,51500,KA,automatic,diesel,28015,3
bangalore,Maruti Swift,2015,429000,63.5K km,63500,DL,manual,diesel,7808,10
bangalore,Mahindra Thar,2021,1336000,26K km,26000,KA,automatic,petrol,22972,4
bangalore,Maruti S-Presso,2022,504000,21.5K km,21500,KA,manual,petrol+cng,8582,3
bangalore,Maruti Vitara Brezza,2019,877000,52K km,52000,KA,manual,diesel,14934,6
bangalore,Maruti Baleno,2017,589000,44.5K km,44500,KA,automatic,petrol,10030,8
bangalore,Tata Tiago NRG,2019,497000,56.5K km,56500,KA,manual,petrol,8463,6
bangalore,Maruti Vitara Brezza,2017,799000,84K km,84000,DL,manual,diesel,13606,8
bangalore,Renault Kwid,2021,411000,15K km,15000,KA,manual,petrol,6999,4
bangalore,Hyundai Creta,2016,840000,80.5K km,80500,DL,automatic,diesel,14304,9
bangalore,Hyundai Creta,2018,800000,113.5K km,113500,KA,manual,petrol,13623,7
bangalore,Hyundai Elite i20,2017,585000,90.5K km,90500,KA,manual,petrol,9962,8
bangalore,Honda Amaze,2014,405000,114.5K km,114500,KA,automatic,petrol,10916,11
bangalore,Honda City,2015,598000,144.5K km,144500,KA,automatic,petrol,10885,10
bangalore,Ford EcoSport,2021,792000,109K km,109000,KA,manual,diesel,13487,4
bangalore,Hyundai Verna,2012,409000,49.5K km,49500,DL,manual,petrol,15555,13
bangalore,Maruti A-Star,2013,327000,38K km,38000,KA,automatic,petrol,8263,12
bangalore,Maruti Swift,2014,445000,38.5K km,38500,DL,manual,petrol,9550,11
bangalore,Volkswagen Polo,2014,510000,85K km,85000,KA,manual,diesel,10261,11
bangalore,Kia Seltos,2020,1165000,48K km,48000,KA,manual,petrol,20042,5
bangalore,Hyundai Venue,2020,911000,50.5K km,50500,KA,manual,petrol,15513,5
bangalore,Maruti Wagon R 1.0,2014,364000,38K km,38000,DL,manual,petrol,8104,11
bangalore,Hyundai Venue,2020,993000,38.5K km,38500,KA,automatic,petrol,16910,5
bangalore,Maruti Baleno,2018,569000,58K km,58000,HR,manual,petrol,9689,7
bangalore,Honda City,2014,610000,84.5K km,84500,KA,automatic,petrol,13091,11
bangalore,Toyota Urban Cruiser Hyryder,2022,1832000,24.5K km,24500,KA,automatic,petrol,31511,3
bangalore,Maruti Baleno,2018,610000,34.5K km,34500,DL,manual,petrol,10387,7
bangalore,Ford EcoSport,2015,536000,83K km,83000,DL,automatic,petrol,9756,10
bangalore,Mahindra Scorpio N,2022,2016000,22.5K km,22500,KA,automatic,petrol,34671,3
bangalore,Honda City,2014,621000,67K km,67000,DL,automatic,petrol,13327,11
bangalore,Tata Nexon,2020,673000,31.5K km,31500,KA,automatic,petrol,11460,5
bangalore,Hyundai Creta,2016,795000,102K km,102000,DL,automatic,diesel,14470,9
bangalore,Datsun GO,2017,274000,60K km,60000,KA,manual,petrol,5880,8
bangalore,Maruti Ritz,2014,364000,99.5K km,99500,KA,manual,petrol,7323,11
bangalore,Hyundai i10,2014,284000,94K km,94000,KA,manual,petrol,6095,11
bangalore,Maruti Wagon R 1.0,2012,267000,81K km,81000,DL,manual,petrol,10356,13
bangalore,Maruti Celerio,2019,483000,52K km,52000,KA,automatic,petrol,8225,6
bangalore,Maruti Vitara Brezza,2018,829000,65K km,65000,HR,automatic,diesel,14117,7
bangalore,Honda Jazz,2016,482000,41.5K km,41500,KA,manual,petrol,7695,9
bangalore,Maruti Wagon R 1.0,2016,420000,42.5K km,42500,KA,automatic,petrol,7506,9
bangalore,Datsun GO,2014,248000,52.5K km,52500,KA,manual,petrol,17720,11
bangalore,Tata Altroz,2021,744000,39.5K km,39500,KA,manual,petrol,12669,4
bangalore,Volkswagen Vento,2015,582000,76K km,76000,DL,manual,petrol,9931,10
bangalore,MG Gloster,2021,3263000,44K km,44000,KA,automatic,diesel,56127,4
bangalore,Maruti Baleno,2016,568000,66.5K km,66500,DL,manual,petrol,9672,9
bangalore,Tata Nexon,2019,845000,8.5K km,8500,KA,automatic,petrol,14389,6
bangalore,Renault Kiger,2022,850000,24.5K km,24500,KA,automatic,petrol,14475,3
bangalore,Maruti Baleno,2017,560000,36.5K km,36500,DL,manual,petrol,9536,8
bangalore,Maruti Ciaz,2016,658000,51K km,51000,KA,automatic,petrol,11205,9
bangalore,Renault Kwid,2019,358000,87.5K km,87500,KA,automatic,petrol,6096,6
bangalore,Volkswagen Polo,2013,396000,111K km,111000,KA,manual,petrol,10007,12
bangalore,Volkswagen Polo,2013,375000,98K km,98000,KA,manual,petrol,9476,12
bangalore,Tata Tiago,2018,386000,122K km,122000,KA,automatic,petrol,6573,7
bangalore,Renault Kwid,2015,266000,36K km,36000,DL,manual,petrol,4841,10
bangalore,Hyundai i10,2012,257000,95K km,95000,KA,manual,petrol,9774,13
bangalore,Maruti Baleno,2018,639000,90.5K km,90500,KA,automatic,petrol,10881,7
bangalore,Maruti Swift Dzire,2013,379000,92.5K km,92500,DL,manual,petrol,10216,12
bangalore,Honda Jazz,2016,501000,56.5K km,56500,KA,automatic,petrol,7998,9
bangalore,Renault Kiger,2022,832000,18K km,18000,KA,manual,petrol,14168,3
bangalore,Hyundai Creta,2016,866000,72.5K km,72500,KA,automatic,petrol,14747,9
bangalore,Volkswagen Ameo,2017,569000,30.5K km,30500,DL,manual,petrol,9084,8
bangalore,Maruti Baleno,2018,599000,35.5K km,35500,DL,manual,petrol,10200,7
bangalore,Maruti Ertiga,2014,532000,53.5K km,53500,HR,manual,petrol,11417,11
bangalore,Maruti Ertiga,2018,869000,43.5K km,43500,DL,automatic,petrol,14798,7
bangalore,Maruti Baleno,2016,547000,74.5K km,74500,HR,automatic,petrol,9315,9
bangalore,Maruti Celerio,2017,452000,71K km,71000,KA,automatic,petrol,7697,8
bangalore,Hyundai Elite i20,2020,709000,31.5K km,31500,KA,manual,petrol,12073,5
bangalore,Maruti Ciaz,2018,655000,89K km,89000,KA,manual,petrol,11154,7
bangalore,Maruti Ciaz,2015,567000,61.5K km,61500,KA,manual,petrol,7492,10
bangalore,Hyundai Grand i10,2015,417000,42K km,42000,DL,manual,petrol,7590,10
bangalore,Chevrolet Beat,2016,297000,43.5K km,43500,HR,manual,petrol,21221,9
bangalore,Renault Kwid,2016,303000,37.5K km,37500,DL,manual,petrol,5159,9
bangalore,Maruti Swift,2013,424000,34.5K km,34500,DL,manual,petrol,11428,12
bangalore,Maruti Swift Dzire,2012,365000,119K km,119000,HR,manual,petrol,13882,13
bangalore,Renault Duster,2017,656000,121K km,121000,KA,automatic,diesel,11171,8
bangalore,Skoda Rapid New,2017,674000,108K km,108000,KA,manual,diesel,11477,8
bangalore,Maruti S-Cross,2016,623000,129.5K km,129500,KA,manual,diesel,11340,9
bangalore,Honda Jazz,2016,516000,49.5K km,49500,KA,manual,petrol,8237,9
bangalore,MG Hector,2022,1598000,69.5K km,69500,KA,manual,diesel,27485,3
bangalore,Hyundai Venue,2022,991000,11K km,11000,KA,manual,petrol,16876,3
bangalore,Maruti S-Cross,2021,1038000,38K km,38000,WB,automatic,petrol,17846,4
bangalore,Hyundai Elite i20,2017,616000,55.5K km,55500,WB,manual,petrol,10490,8
bangalore,Honda City,2017,795000,78K km,78000,WB,automatic,petrol,13538,8
bangalore,Hyundai Venue,2022,958000,20K km,20000,KA,manual,petrol,16314,3
bangalore,Hyundai Venue,2020,834000,36K km,36000,KA,automatic,petrol,14202,5
bangalore,Maruti Baleno,2016,600000,33.5K km,33500,KA,manual,petrol,10217,9
bangalore,Honda City,2019,1157000,49.5K km,49500,KA,manual,diesel,19889,6
bangalore,Renault Duster,2018,799000,72.5K km,72500,KA,automatic,diesel,13606,7
bangalore,Renault Duster,2016,697000,57.5K km,57500,KA,automatic,diesel,11869,9
bangalore,Volkswagen Cross Polo,2016,523000,88K km,88000,WB,manual,diesel,8924,9
bangalore,Hyundai i10,2012,267000,56K km,56000,DL,manual,petrol,10154,13
bangalore,Maruti Wagon R 1.0,2011,269000,68.5K km,68500,KA,manual,petrol,19423,14
bangalore,Skoda Rapid,2015,504000,118.5K km,118500,DL,manual,diesel,8600,10
bangalore,Hyundai Eon,2018,287000,53K km,53000,KA,manual,petrol,4581,7
bangalore,Hyundai Elite i20,2018,517000,65K km,65000,DL,manual,petrol,8804,7
bangalore,Maruti Wagon R 1.0,2013,315000,39.5K km,39500,DL,manual,petrol,8735,12
bangalore,Hyundai Elite i20,2019,665000,117.5K km,117500,HR,manual,diesel,11324,6
bangalore,Maruti Dzire,2020,776000,38K km,38000,KA,automatic,petrol,13214,5
bangalore,Maruti Baleno,2016,589000,54K km,54000,KA,automatic,petrol,10030,9
bangalore,Maruti Wagon R 1.0,2014,348000,62K km,62000,KA,manual,petrol,7748,11
bangalore,Renault Duster,2018,826000,66.5K km,66500,HR,automatic,diesel,14066,7
bangalore,Maruti Alto 800,2016,280000,51.5K km,51500,WB,manual,petrol,5004,9
bangalore,Hyundai i10,2015,310000,63K km,63000,DL,manual,petrol,5642,10
bangalore,Maruti S-Presso,2020,403000,55.5K km,55500,WB,manual,petrol,6862,5
bangalore,Maruti Swift Dzire,2014,427000,57.5K km,57500,DL,manual,petrol,9164,11
bangalore,Maruti Vitara Brezza,2018,879000,34K km,34000,DL,automatic,diesel,14968,7
bangalore,Maruti Wagon R 1.0,2014,339000,65.5K km,65500,DL,manual,petrol+cng,9137,11
bangalore,Mahindra Scorpio,2022,1480000,51K km,51000,KA,manual,diesel,25458,3
bangalore,Tata Tigor,2019,508000,71.5K km,71500,KA,automatic,petrol,8650,6
bangalore,Mahindra XUV500,2016,971000,74.5K km,74500,WB,automatic,diesel,18480,9
bangalore,Hyundai Creta,2019,978000,71.5K km,71500,HR,manual,diesel,16654,6
bangalore,Volkswagen Polo,2015,516000,101K km,101000,KA,manual,diesel,8805,10
bangalore,Nissan Sunny,2017,503000,54K km,54000,KA,manual,diesel,8030,8
bangalore,Ford Figo,2010,202000,81K km,81000,KA,manual,petrol,9698,15
bangalore,Hyundai Verna,2018,944000,83.5K km,83500,DL,automatic,diesel,16075,7
bangalore,Hyundai Grand i10,2014,398000,77.5K km,77500,HR,automatic,petrol,8541,11
bangalore,Maruti Swift,2014,394000,97K km,97000,DL,manual,petrol,8456,11
bangalore,Hyundai Grand i10,2014,442000,18K km,18000,DL,manual,petrol,9486,11
bangalore,Hyundai i10,2016,357000,44.5K km,44500,DL,manual,petrol,6079,9
bangalore,Volkswagen Polo,2018,561000,78K km,78000,KA,manual,petrol,8956,7
bangalore,Ford Endeavour,2019,2799000,36.5K km,36500,DL,manual,diesel,48138,6
bangalore,Maruti Ciaz,2018,650000,62K km,62000,KA,automatic,petrol,11069,7
bangalore,Maruti Swift Dzire,2014,495000,14.5K km,14500,DL,manual,petrol,10623,11
bangalore,Maruti Swift,2019,606000,119K km,119000,KA,automatic,petrol,10319,6
bangalore,Skoda Octavia,2016,1188000,87.5K km,87500,KA,automatic,petrol,20435,9
bangalore,Honda Mobilio,2014,502000,124K km,124000,KA,manual,diesel,10100,11
bangalore,Hyundai Elite i20,2015,551000,49.5K km,49500,DL,manual,petrol,10029,10
bangalore,Honda City,2014,535000,107.5K km,107500,DL,manual,petrol,11482,11
bangalore,Hyundai Elite i20,2017,559000,91.5K km,91500,KA,manual,petrol,9519,8
bangalore,Maruti Swift Dzire,2014,437000,41.5K km,41500,DL,manual,petrol,9378,11
bangalore,Hyundai Grand i10,2014,389000,52K km,52000,DL,manual,petrol,8348,11
bangalore,Maruti Ertiga,2014,668000,75K km,75000,KA,manual,diesel,14336,11
bangalore,Volkswagen Polo,2015,518000,85.5K km,85500,KA,manual,petrol,8839,10
bangalore,Volkswagen Polo,2016,596000,27.5K km,27500,KA,manual,petrol,9515,9
bangalore,Tata Nano,2016,231000,27K km,27000,KA,automatic,petrol,3687,9
bangalore,Volkswagen Polo,2012,310000,96K km,96000,KA,manual,petrol,11053,13
bangalore,Mercedes GLA,2018,2200000,58K km,58000,KA,automatic,petrol,37836,7
bangalore,Hyundai i20 Active,2015,489000,53K km,53000,HR,manual,diesel,8901,10
bangalore,Skoda Kushaq,2021,1405000,11.5K km,11500,KA,automatic,petrol,24163,4
bangalore,Honda Amaze,2015,366000,51K km,51000,KA,manual,petrol,6662,10
bangalore,Hyundai Tucson,2017,962000,89K km,89000,KA,automatic,diesel,16382,8
bangalore,Honda Brio,2017,435000,84K km,84000,KA,automatic,petrol,6944,8
bangalore,Jeep Compass,2021,1500000,20.5K km,20500,KA,manual,petrol,25797,4
bangalore,Tata Nano,2016,234000,25K km,25000,KA,automatic,petrol,3735,9
bangalore,Maruti Ignis,2017,480000,8K km,8000,KA,manual,petrol,8174,8
bangalore,Hyundai Grand i10 Nios,2021,622000,49K km,49000,KA,automatic,petrol,10592,4
bangalore,Hyundai Verna,2020,998000,92.5K km,92500,KA,automatic,diesel,16995,5
bangalore,Nissan Magnite,2022,568000,62.5K km,62500,KA,manual,petrol,9672,3
bangalore,Audi A3,2018,1870000,50.5K km,50500,KA,automatic,petrol,32161,7
bangalore,Honda Amaze,2019,432000,67K km,67000,KA,manual,petrol,7356,6
bangalore,Hyundai Grand i10 Nios,2020,598000,36K km,36000,KA,automatic,petrol,10183,5
bangalore,Maruti Swift,2019,556000,50.5K km,50500,KA,manual,petrol,9468,6
bangalore,Maruti Swift Dzire,2012,321000,110K km,110000,KA,manual,petrol,12208,13
bangalore,Ford Freestyle,2018,489000,43.5K km,43500,KA,manual,petrol,8901,7
bangalore,Jeep Compass,2021,2270000,27.5K km,27500,KA,automatic,petrol,39040,4
bangalore,Ford EcoSport,2014,397000,61K km,61000,KA,manual,petrol,8520,11
bangalore,Hyundai Creta,2021,1149000,15K km,15000,KA,manual,petrol,19760,4
bangalore,Honda City,2018,782000,41.5K km,41500,KA,manual,petrol,13317,7
bangalore,Hyundai Grand i10,2019,512000,54.5K km,54500,KA,manual,petrol,8719,6
bangalore,Maruti Ciaz,2019,712000,45K km,45000,KA,manual,petrol,12124,6
bangalore,Jaguar XE,2019,2575000,24K km,24000,GJ,automatic,diesel,44286,6
bangalore,Maruti Swift,2020,675000,17K km,17000,KA,manual,petrol,11494,5
bangalore,Maruti Swift,2021,646000,15K km,15000,KA,manual,petrol,11001,4
bangalore,Hyundai Grand i10 Nios,2020,598000,52.5K km,52500,KA,automatic,petrol,10183,5
bangalore,Hyundai i20,2013,340000,73K km,73000,KA,manual,petrol,9164,12
bangalore,Mahindra XUV500,2016,875000,132K km,132000,KA,automatic,diesel,15638,9
bangalore,Audi A6,2015,1550000,55.5K km,55500,DL,automatic,diesel,33595,10
bangalore,Hyundai New i20,2021,796000,20K km,20000,KA,automatic,petrol,13555,4
bangalore,Ford EcoSport,2015,509000,57K km,57000,KA,manual,petrol,9265,10
bangalore,Mahindra Thar,2021,1285000,57K km,57000,KA,automatic,petrol,22098,4
bangalore,Kia Seltos,2021,1439000,16K km,16000,KA,automatic,petrol,24748,4
bangalore,Honda Mobilio,2014,496000,124.5K km,124500,KA,manual,petrol,9979,11
bangalore,Honda Amaze,2015,398000,22.5K km,22500,KA,manual,petrol,7244,10
bangalore,Honda Brio,2014,422000,70K km,70000,KA,automatic,petrol,8490,11
bangalore,Renault Duster,2021,1111000,16.5K km,16500,KA,automatic,petrol,19107,4
bangalore,Hyundai Elite i20,2018,690000,32.5K km,32500,KA,manual,petrol,11750,7
bangalore,Tata Altroz,2020,672000,40K km,40000,KA,manual,petrol,11443,5
bangalore,Hyundai Creta,2022,1468000,52K km,52000,KA,manual,diesel,25247,3
bangalore,Hyundai Creta,2018,1159000,93K km,93000,KA,automatic,diesel,19932,7
bangalore,Maruti Ignis,2022,629000,10.5K km,10500,KA,manual,petrol,10711,3
bangalore,Maruti Baleno,2016,537000,60.5K km,60500,KA,manual,petrol,9774,9
bangalore,Honda Jazz,2018,545000,60K km,60000,KA,manual,petrol,8700,7
bangalore,Hyundai Verna,2017,891000,78K km,78000,KA,automatic,diesel,15173,8
bangalore,Maruti Ritz,2013,355000,58K km,58000,KA,manual,petrol,8971,12
bangalore,Renault Duster,2020,658000,109.5K km,109500,KA,manual,petrol,11205,5
bangalore,Honda Jazz,2021,847000,53K km,53000,KA,automatic,petrol,13522,4
bangalore,Kia Seltos,2023,1278000,7.5K km,7500,KA,manual,petrol,21978,2
bangalore,Maruti Swift,2022,739000,31.5K km,31500,KA,manual,petrol,12584,3
bangalore,Kia Seltos,2020,1359000,5K km,5000,KA,automatic,petrol,23372,5
bangalore,Maruti Ciaz,2018,676000,92K km,92000,KA,manual,petrol,9698,7
bangalore,Maruti Vitara Brezza,2021,698000,91.5K km,91500,KA,manual,petrol,11886,4
bangalore,Renault Triber,2019,524000,56K km,56000,KA,manual,petrol,8923,6
bangalore,Maruti Swift,2014,468000,63.5K km,63500,KA,manual,petrol,10044,11
bangalore,Maruti XL6,2021,1075000,32K km,32000,KA,automatic,petrol,18488,4
bangalore,Hyundai Creta,2019,1175000,38.5K km,38500,KA,automatic,petrol,20206,6
bangalore,Maruti S-Presso,2020,421000,47.5K km,47500,KA,automatic,petrol,7169,5
bangalore,Hyundai Grand i10,2014,412000,92K km,92000,KA,manual,petrol,8842,11
bangalore,Kia Seltos,2021,1379000,26.5K km,26500,KA,manual,petrol,23716,4
bangalore,Maruti Alto K10,2016,349000,40.5K km,40500,KA,automatic,petrol,6352,9
bangalore,Hyundai Creta,2022,1439000,11K km,11000,KA,automatic,petrol,24747,3
bangalore,Mahindra Thar,2021,1249000,27K km,27000,KA,manual,petrol,21480,4
bangalore,Hyundai Aura,2021,630000,61.5K km,61500,KA,automatic,petrol,10728,4
bangalore,Hyundai Xcent,2014,377000,51K km,51000,KA,manual,petrol,7585,11
bangalore,Renault Kwid,2016,298000,63K km,63000,KA,manual,petrol,5074,9
bangalore,Maruti Swift,2019,588000,47.5K km,47500,KA,automatic,petrol,10013,6
bangalore,Tata Nano,2015,203000,14.5K km,14500,KA,manual,petrol,3464,10
bangalore,Hyundai Creta,2021,1459000,36K km,36000,KA,automatic,petrol,25091,4
bangalore,Maruti Alto K10,2016,291000,47.5K km,47500,KA,manual,petrol,4955,9
bangalore,Maruti XL6,2020,950000,69K km,69000,KA,automatic,petrol,16177,5
bangalore,Maruti Swift,2019,767000,20K km,20000,KA,manual,diesel,13061,6
bangalore,Renault Kwid,2017,379000,24.5K km,24500,KA,manual,petrol,6454,8
bangalore,Renault Duster,2021,768000,38K km,38000,KA,manual,petrol,13078,4
bangalore,Renault Duster,2019,878000,31.5K km,31500,KA,manual,diesel,14951,6
bangalore,Maruti Baleno,2023,729000,31K km,31000,KA,automatic,petrol,12414,2
bangalore,Maruti Alto 800,2015,245000,49K km,49000,KA,manual,petrol,5454,10
bangalore,Renault Kiger,2021,608000,29.5K km,29500,KA,manual,petrol,10353,4
bangalore,Ford EcoSport,2016,624000,65.5K km,65500,KA,manual,diesel,10626,9
bangalore,Hyundai Verna,2021,1185000,18.5K km,18500,KA,automatic,petrol,20380,4
bangalore,MG Hector,2021,1378000,41.5K km,41500,KA,manual,petrol,23699,4
bangalore,Maruti Ertiga,2013,607000,105K km,105000,KA,manual,diesel,16361,12
bangalore,Nissan Micra,2013,305000,72K km,72000,KA,manual,petrol,7707,12
bangalore,Hyundai Elite i20,2018,689000,49.5K km,49500,KA,automatic,petrol,11733,7
bangalore,Hyundai Aura,2020,629000,39K km,39000,KA,automatic,petrol,10711,5
bangalore,Kia Seltos,2021,1442000,7.5K km,7500,KA,automatic,petrol,24800,4
bangalore,Volkswagen Vento,2022,1039000,12.5K km,12500,KA,manual,petrol,16751,3
bangalore,Datsun Redi-GO,2019,375000,3.5K km,3500,KA,automatic,petrol,8048,6
bangalore,Honda Jazz,2016,533000,108.5K km,108500,KA,manual,diesel,8509,9
bangalore,Hyundai Creta,2023,1312000,11K km,11000,KA,manual,petrol,22564,2
bangalore,Kia Seltos,2021,1619000,25.5K km,25500,KA,automatic,diesel,27844,4
bangalore,Honda Jazz,2017,545000,62K km,62000,KA,manual,petrol,8700,8
bangalore,Ford EcoSport,2018,785000,63.5K km,63500,KA,manual,diesel,13368,7
bangalore,Maruti Dzire,2018,589000,94K km,94000,KA,manual,diesel,10030,7
bangalore,Hyundai i10,2012,282000,66K km,66000,KA,manual,petrol,10725,13
bangalore,Hyundai Grand i10,2018,511000,33.5K km,33500,KA,automatic,petrol,8702,7
bangalore,Hyundai Verna,2015,519000,77.5K km,77500,KA,manual,petrol,11138,10
bangalore,Hyundai Elite i20,2019,563000,71K km,71000,KA,manual,petrol,9587,6
bangalore,Tata Tiago,2016,475000,18.5K km,18500,KA,manual,diesel,8088,9
bangalore,Hyundai Grand i10,2019,398000,39.5K km,39500,KA,manual,petrol,6777,6
bangalore,Honda Amaze,2016,462000,35.5K km,35500,DL,manual,petrol,7867,9
bangalore,Toyota Innova Crysta,2021,1786000,48K km,48000,KA,automatic,petrol,30709,4
bangalore,Maruti Celerio,2017,462000,23K km,23000,KA,automatic,petrol,7867,8
bangalore,Hyundai New Santro 1.1,2019,422000,45K km,45000,KA,manual,petrol,6737,6
bangalore,Volkswagen Vento,2020,852000,61K km,61000,KA,automatic,petrol,13602,5
bangalore,Honda Mobilio,2016,508000,97K km,97000,KA,manual,diesel,10221,9
bangalore,Hyundai Grand i10,2015,416000,39.5K km,39500,KA,automatic,petrol,7572,10
bangalore,Hyundai Grand i10,2019,540000,50.5K km,50500,KA,manual,petrol,9195,6
bangalore,MG Hector,2021,1578000,39.5K km,39500,KA,automatic,petrol,27138,4
bangalore,Hyundai Creta,2022,1339000,32.5K km,32500,KA,manual,petrol,23028,3
bangalore,Maruti Alto 800,2014,289000,18.5K km,18500,KA,manual,petrol,6434,11
bangalore,Hyundai i20,2010,298000,41.5K km,41500,KA,manual,petrol,9698,15
bangalore,Hyundai i20,2012,379000,36K km,36000,KA,manual,petrol,14414,13
bangalore,Ford Freestyle,2018,583000,77.5K km,77500,KA,manual,diesel,12512,7
bangalore,Honda Jazz,2015,511000,54K km,54000,KA,automatic,petrol,8720,10
bangalore,Maruti New Ertiga,2022,1078000,22K km,22000,KA,automatic,petrol,18538,3
bangalore,Honda Mobilio,2015,577000,39K km,39000,KA,manual,petrol,9846,10
bangalore,Honda City,2012,397000,59K km,59000,KA,automatic,petrol,15099,13
bangalore,Honda City,2018,718000,51K km,51000,KA,automatic,petrol,12227,7
bangalore,Renault Kwid,2016,289000,68K km,68000,KA,manual,petrol,4921,9
bangalore,Hyundai Verna,2021,1078000,21K km,21000,KA,manual,petrol,18539,4
bangalore,Maruti Baleno,2024,798000,18.5K km,18500,KA,manual,petrol,13589,1
bangalore,Hyundai Venue,2022,978000,8.5K km,8500,KA,manual,petrol,16654,3
bangalore,Volkswagen Vento,2016,622000,67.5K km,67500,KA,automatic,petrol,9930,9
bangalore,Hyundai i10,2010,251000,68K km,68000,KA,automatic,petrol,9698,15
bangalore,Tata Nexon,2021,1078000,36.5K km,36500,KA,manual,diesel,18538,4
bangalore,Hyundai Creta,2017,849000,61K km,61000,KA,manual,diesel,14457,8
bangalore,Toyota Innova Hycross,2023,1953000,49.5K km,49500,KA,automatic,petrol,33580,2
bangalore,Hyundai Grand i10 Nios,2021,689000,36.5K km,36500,KA,manual,petrol,11733,4
bangalore,Hyundai i10,2011,253000,71.5K km,71500,KA,manual,petrol,18077,14
bangalore,Mahindra KUV100,2016,358000,52.5K km,52500,KA,manual,petrol,6096,9
bangalore,Hyundai New i20,2021,759000,37.5K km,37500,KA,manual,petrol,12925,4
bangalore,Toyota Glanza,2021,795000,26.5K km,26500,KA,automatic,petrol,13538,4
bangalore,Honda Jazz,2021,805000,29.5K km,29500,KA,manual,petrol,12851,4
bangalore,Tata Nexon,2021,924000,41K km,41000,KA,manual,petrol,15735,4
bangalore,Hyundai Xcent,2017,458000,115.5K km,115500,KA,manual,petrol,7312,8
bangalore,Volkswagen Polo,2013,359000,101K km,101000,KA,manual,petrol,9072,12
bangalore,Maruti Wagon R 1.0,2024,680000,7K km,7000,KA,automatic,petrol,12153,1
bangalore,Kia Seltos,2024,1278000,8K km,8000,KA,manual,diesel,21979,1
bangalore,Tata Nexon,2021,897000,31K km,31000,KA,manual,petrol,15275,4
bangalore,Maruti Brezza,2024,997000,10K km,10000,KA,manual,petrol,16978,1
bangalore,Hyundai Elite i20,2015,527000,97.5K km,97500,KA,manual,petrol,9592,10
bangalore,Maruti Ciaz,2019,768000,62K km,62000,KA,automatic,petrol,13078,6
bangalore,Hyundai Elite i20,2018,708000,41K km,41000,KA,manual,petrol,12056,7
bangalore,Hyundai Grand i10,2015,462000,62K km,62000,KA,automatic,petrol,8409,10
bangalore,Tata Nexon,2021,1032000,30.5K km,30500,KA,automatic,petrol,17748,4
bangalore,Tata Altroz,2021,715000,25.5K km,25500,KA,manual,petrol,12176,4
bangalore,Maruti Ertiga,2013,549000,111K km,111000,KA,manual,diesel,20880,12
bangalore,Hyundai Creta,2019,962000,44K km,44000,KA,automatic,petrol,16382,6
bangalore,Renault Kwid,2023,519000,14K km,14000,KA,manual,petrol,8838,2
bangalore,Maruti Celerio,2015,359000,46.5K km,46500,KA,manual,petrol,6534,10
bangalore,Maruti Wagon R 1.0,2017,433000,30K km,30000,KA,automatic,petrol,7738,8
bangalore,Hyundai Elite i20,2016,556000,25K km,25000,KA,manual,petrol,9468,9
bangalore,Ford EcoSport,2014,454000,117.5K km,117500,KA,manual,diesel,12237,11
bangalore,Tata Nano,2018,235000,50.5K km,50500,KA,automatic,petrol,3751,7
bangalore,Tata Nexon,2018,725000,73K km,73000,KA,automatic,diesel,12346,7
bangalore,Mahindra KUV100,2016,401000,70K km,70000,KA,manual,petrol,6828,9
bangalore,Volkswagen Polo,2014,481000,85.5K km,85500,KA,manual,petrol,9678,11
bangalore,Skoda Rapid,2016,586000,34.5K km,34500,KA,manual,petrol,9355,9
bangalore,Hyundai Verna,2013,463000,53K km,53000,KA,manual,diesel,12480,12
bangalore,Hyundai i20,2010,275000,79.5K km,79500,KA,automatic,petrol,9698,15
bangalore,Maruti Celerio,2015,353000,24K km,24000,KA,automatic,petrol,7576,10
bangalore,Hyundai Elite i20,2015,629000,20K km,20000,KA,manual,petrol,11449,10
bangalore,Ford EcoSport,2016,581000,50K km,50000,KA,manual,petrol,9894,9
bangalore,Volkswagen Polo,2016,532000,65K km,65000,KA,manual,petrol,8493,9
bangalore,Hyundai Creta,2017,704000,76K km,76000,KA,manual,diesel,11988,8
bangalore,Honda Amaze,2015,431000,99K km,99000,KA,manual,petrol,7845,10
bangalore,Renault Kwid,2022,526000,8.5K km,8500,KA,automatic,petrol,8957,3
bangalore,Tata Tiago,2018,478000,81.5K km,81500,KA,manual,diesel,8140,7
bangalore,Honda Amaze,2016,382000,34K km,34000,KA,manual,petrol,6953,9
bangalore,Tata Nexon,2023,1060000,5.5K km,5500,KA,manual,petrol,18229,2
bangalore,Mahindra KUV100,2016,289000,85.5K km,85500,KA,manual,petrol,4921,9
bangalore,Volkswagen Polo,2012,349000,25.5K km,25500,DL,manual,petrol,12444,13
bangalore,Ford Figo,2018,498000,65K km,65000,HR,manual,diesel,10688,7
bangalore,Hyundai Elite i20,2018,576000,64.5K km,64500,KA,manual,petrol,9808,7
bangalore,Hyundai Verna,2021,1131000,34K km,34000,KA,automatic,petrol,19450,4
bangalore,Mahindra Scorpio N,2022,1978000,28K km,28000,KA,automatic,petrol,34019,3
bangalore,Hyundai New Santro 1.1,2022,447000,34.5K km,34500,KA,manual,petrol,7136,3
bangalore,Volkswagen Polo,2020,721000,95K km,95000,KA,manual,petrol,11510,5
bangalore,Tata Tiago,2018,492000,38K km,38000,KA,manual,petrol,8378,7
bangalore,Honda BR-V,2018,851000,86.5K km,86500,KA,automatic,petrol,14492,7
bangalore,Tata Altroz,2022,729000,25K km,25000,KA,automatic,petrol,12414,3
bangalore,Tata Nexon,2021,997000,24K km,24000,KA,automatic,petrol,16978,4
bangalore,Maruti Dzire,2019,630000,103K km,103000,KA,automatic,diesel,10728,6
bangalore,Honda Brio,2014,266000,59K km,59000,KA,manual,petrol,5352,11
bangalore,Hyundai Grand i10,2015,513000,18K km,18000,KA,automatic,petrol,9337,10
bangalore,Tata Nexon,2021,759000,17.5K km,17500,KA,manual,petrol,12925,4
bangalore,Maruti Ertiga,2017,749000,84.5K km,84500,KA,automatic,petrol,12755,8
bangalore,Maruti Swift Dzire,2015,489000,30K km,30000,KA,manual,petrol,8901,10
bangalore,Hyundai Creta,2022,1149000,44K km,44000,KA,manual,diesel,19760,3
bangalore,Maruti Baleno,2016,498000,104K km,104000,KA,manual,diesel,9064,9
bangalore,Maruti Celerio,2018,498000,48K km,48000,KA,automatic,petrol,8480,7
bangalore,Tata Tigor,2017,493000,32.5K km,32500,KA,manual,petrol,8395,8
bangalore,Hyundai Venue,2019,878000,59.5K km,59500,KA,automatic,petrol,14951,6
bangalore,Volkswagen Polo,2015,605000,66.5K km,66500,KA,manual,diesel,10324,10
bangalore,Ford Figo,2020,557000,96.5K km,96500,KA,manual,diesel,10138,5
bangalore,Tata Nano,2016,176000,96.5K km,96500,KA,manual,petrol,3003,9
bangalore,Hyundai Creta,2017,851000,72K km,72000,KA,automatic,petrol,14492,8
bangalore,Skoda Kushaq,2022,908000,28K km,28000,KA,manual,petrol,15462,3
bangalore,Maruti Grand Vitara,2023,1178000,20K km,20000,KA,manual,petrol,20258,2
bangalore,Hyundai Elite i20,2018,735000,78K km,78000,KA,manual,diesel,12516,7
bangalore,Tata Nano,2016,194000,41.5K km,41500,KA,manual,petrol,3097,9
bangalore,Ford Figo,2012,239000,78.5K km,78500,KA,manual,diesel,9698,13
bangalore,Ford EcoSport,2019,795000,77K km,77000,KA,manual,diesel,13538,6
bangalore,Hyundai Elite i20,2015,532000,76.5K km,76500,KA,manual,petrol,9683,10
bangalore,Hyundai Grand i10,2014,452000,50.5K km,50500,KA,automatic,petrol,9700,11
bangalore,Volkswagen Taigun,2022,1319000,18K km,18000,KA,automatic,petrol,22684,3
bangalore,Hyundai Elite i20,2015,536000,111.5K km,111500,KA,manual,diesel,9756,10
bangalore,Kia Seltos,2021,1289000,106K km,106000,KA,automatic,diesel,22168,4
bangalore,Maruti Baleno,2023,859000,5.5K km,5500,KA,automatic,petrol,14628,2
bangalore,Volkswagen Polo,2018,617000,51.5K km,51500,KA,manual,petrol,9850,7
bangalore,Honda City,2021,1085000,87.5K km,87500,KA,automatic,petrol,18659,4
bangalore,Honda City,2022,1236000,14K km,14000,KA,automatic,petrol,21257,3
bangalore,Tata Nexon,2017,691000,94K km,94000,KA,manual,diesel,11767,8
bangalore,Hyundai i10,2012,314000,41.5K km,41500,KA,manual,petrol,11942,13
bangalore,Tata Tiago,2018,436000,41.5K km,41500,KA,manual,petrol,7424,7
bangalore,Hyundai Grand i10,2019,646000,16K km,16000,KA,automatic,petrol,11001,6
bangalore,Ford EcoSport,2016,585000,79.5K km,79500,HR,manual,diesel,9962,9
bangalore,Maruti Vitara Brezza,2021,859000,27K km,27000,KA,manual,petrol,14628,4
bangalore,Renault Duster,2016,595000,128K km,128000,KA,manual,diesel,10132,9
bangalore,Maruti Grand Vitara,2023,998000,62.5K km,62500,KA,manual,petrol+cng,16995,2
bangalore,Tata Tiago,2019,491000,32K km,32000,KA,manual,petrol,8361,6
bangalore,Honda Mobilio,2015,595000,59K km,59000,KA,manual,diesel,10153,10
bangalore,Tata Tiago,2019,592000,25.5K km,25500,KA,automatic,petrol,10081,6
bangalore,Tata Nano,2014,185000,51K km,51000,KA,manual,petrol,3722,11
bangalore,Maruti Swift Dzire,2015,398000,115K km,115000,HR,manual,diesel,7244,10
bangalore,Ford Figo,2012,242000,87.5K km,87500,KA,manual,diesel,9698,13
bangalore,Honda Jazz,2017,510000,54K km,54000,KA,automatic,petrol,8142,8
bangalore,Honda Amaze,2019,677000,27K km,27000,KA,manual,diesel,11528,6
bangalore,Mahindra Scorpio N,2023,2219000,28.5K km,28500,KA,automatic,diesel,38162,2
bangalore,Ford EcoSport,2015,529000,57.5K km,57500,DL,manual,diesel,9629,10
bangalore,Renault Duster,2016,614000,104.5K km,104500,KA,manual,diesel,10456,9
bangalore,Honda City,2017,863000,52K km,52000,KA,automatic,petrol,14696,8
bangalore,Hyundai Creta,2023,1682000,12.5K km,12500,KA,automatic,petrol,28928,2
bangalore,Hyundai Elite i20,2019,617000,22.5K km,22500,KA,manual,petrol,10507,6
bangalore,Honda City,2014,612000,40.5K km,40500,KA,manual,petrol,13134,11
bangalore,Ford EcoSport,2019,932000,35.5K km,35500,KA,automatic,petrol,15871,6
bangalore,Maruti Ertiga,2013,519000,106.5K km,106500,KA,manual,diesel,19739,12
bangalore,Ford EcoSport,2013,417000,98K km,98000,KA,manual,petrol,11240,12
bangalore,Volkswagen Polo,2018,561000,49K km,49000,KA,manual,petrol,8956,7
bangalore,Hyundai New i20,2022,884000,8K km,8000,KA,manual,petrol,15054,3
bangalore,Tata Tiago,2022,635000,22K km,22000,KA,manual,petrol,10813,3
bangalore,Renault Kiger,2022,551000,23.5K km,23500,KA,manual,petrol,9383,3
bangalore,Hyundai Xcent,2015,392000,131.5K km,131500,KA,manual,diesel,7887,10
bangalore,Honda City,2014,530000,67K km,67000,DL,manual,petrol,11374,11
bangalore,Maruti Eeco,2022,539000,23K km,23000,KA,manual,petrol,8605,3
bangalore,Maruti Celerio,2018,498000,51.5K km,51500,KA,automatic,petrol,8480,7
bangalore,Renault Triber,2020,668000,19K km,19000,KA,automatic,petrol,11375,5
bangalore,Mahindra XUV500,2021,1678000,72.5K km,72500,KA,automatic,diesel,30286,4
bangalore,Maruti S-Presso,2021,463000,17K km,17000,KA,automatic,petrol,7884,4
bangalore,Ford Figo,2010,194000,73K km,73000,KA,manual,petrol,9698,15
bangalore,Renault Triber,2019,503000,73.5K km,73500,KA,manual,petrol,8565,6
bangalore,Volkswagen Vento,2019,787000,83K km,83000,KA,automatic,petrol,12564,6
bangalore,Hyundai Creta,2017,889000,50.5K km,50500,KA,automatic,petrol,15139,8
bangalore,Nissan Micra Active,2016,389000,39.5K km,39500,KA,manual,petrol,6624,9
bangalore,Tata Altroz,2023,768000,34K km,34000,KA,manual,petrol,13078,2
bangalore,Hyundai i10,2011,291000,65.5K km,65500,KA,automatic,petrol,20793,14
bangalore,Ford Freestyle,2019,530000,43K km,43000,KA,manual,petrol,9647,6
bangalore,Mahindra TUV300,2017,584000,82.5K km,82500,KA,manual,diesel,9945,8
bangalore,Tata Tiago,2023,755000,5K km,5000,KA,automatic,petrol,12857,2
bangalore,Maruti Alto 800,2014,282000,60.5K km,60500,KA,manual,petrol,6278,11
bangalore,Hyundai Xcent,2014,392000,129K km,129000,KA,manual,diesel,7887,11
bangalore,Ford Figo,2012,239000,72K km,72000,KA,manual,diesel,9698,13
bangalore,Hyundai Aura,2022,772000,28K km,28000,KA,automatic,petrol,13146,3
bangalore,Mahindra KUV100,2016,396000,36K km,36000,KA,manual,petrol,6743,9
bangalore,Ford Figo,2017,410000,43.5K km,43500,KA,manual,petrol,8799,8
bangalore,Ford Figo Aspire,2016,450000,86.5K km,86500,KA,manual,diesel,7184,9
bangalore,Hyundai Verna,2012,441000,71K km,71000,KA,manual,petrol,16772,13
bangalore,Maruti Ciaz,2015,510000,109.5K km,109500,KA,automatic,petrol,9283,10
bangalore,Kia Sonet,2020,798000,41.5K km,41500,KA,manual,petrol,13589,5
bangalore,Tata Tiago,2017,481000,27K km,27000,KA,manual,petrol,8191,8
bangalore,Hyundai Grand i10,2018,528000,23K km,23000,KA,manual,petrol,8991,7
bangalore,Volkswagen Polo,2019,525000,61.5K km,61500,KA,manual,petrol,8381,6
bangalore,Maruti Alto 800,2013,270000,30.5K km,30500,KA,manual,petrol,7487,12
bangalore,Renault Duster,2016,623000,121K km,121000,KA,manual,diesel,10609,9
bangalore,Ford EcoSport,2017,670000,65.5K km,65500,KA,manual,diesel,11409,8
bangalore,Tata Tiago,2016,406000,70.5K km,70500,KA,manual,petrol,6913,9
bangalore,Hyundai i10,2014,382000,16K km,16000,KA,manual,petrol,8198,11
bangalore,Honda City,2024,1429000,5K km,5000,KA,manual,petrol,24576,1
bangalore,Volkswagen Polo,2018,610000,96K km,96000,KA,manual,petrol,9738,7
bangalore,Hyundai Grand i10,2016,459000,67K km,67000,KA,manual,petrol,7816,9
bangalore,Tata Tiago,2017,498000,52.5K km,52500,KA,automatic,petrol,8480,8
bangalore,Kia Seltos,2020,1416000,15K km,15000,KA,manual,petrol,24352,5
bangalore,Maruti Baleno,2020,732000,35.5K km,35500,KA,manual,petrol,12465,5
bangalore,Maruti Celerio,2014,365000,55K km,55000,KA,automatic,petrol,7833,11
bangalore,Tata Nano,2016,219000,72.5K km,72500,KA,automatic,petrol,3496,9
bangalore,Ford Figo,2010,197000,115.5K km,115500,KA,manual,diesel,9698,15
bangalore,Renault Duster,2017,586000,35K km,35000,KA,manual,petrol,9979,8
bangalore,Maruti Dzire,2019,693000,61K km,61000,KA,automatic,petrol,11801,6
bangalore,Mahindra KUV100,2017,357000,45.5K km,45500,KA,manual,petrol,6079,8
bangalore,Maruti Alto K10,2023,454000,2.5K km,2500,KA,manual,petrol,7731,2
bangalore,Tata Tiago,2016,411000,45K km,45000,KA,manual,petrol,6999,9
bangalore,Mahindra KUV100,2017,328000,30.5K km,30500,KA,manual,petrol,5585,8
bangalore,Tata Nexon,2022,1120000,13K km,13000,KA,automatic,petrol,19260,3
bangalore,Hyundai Creta,2017,971000,62.5K km,62500,KA,automatic,petrol,16535,8
bangalore,Maruti Baleno,2023,859000,6.5K km,6500,KA,automatic,petrol,14628,2
bangalore,Maruti Celerio,2019,559000,19K km,19000,KA,automatic,petrol,9519,6
bangalore,Maruti Alto K10,2015,314000,43.5K km,43500,KA,automatic,petrol,5715,10
bangalore,Hyundai i20,2011,291000,131K km,131000,KA,manual,diesel,20793,14
bangalore,Honda City,2021,1078000,89K km,89000,KA,automatic,petrol,18538,4
bangalore,Hyundai Elite i20,2014,556000,44K km,44000,DL,manual,petrol,11932,11
bangalore,Hyundai Fluidic Verna 4S,2016,676000,62K km,62000,KA,manual,diesel,11511,9
bangalore,Hyundai Creta,2019,1149000,23K km,23000,KA,manual,petrol,19760,6
bangalore,Renault Duster,2021,879000,22.5K km,22500,KA,manual,petrol,14968,4
bangalore,Renault Duster,2017,677000,116K km,116000,KA,automatic,diesel,11528,8
bangalore,Hyundai Venue,2021,891000,35K km,35000,KA,manual,petrol,15173,4
bangalore,Maruti Vitara Brezza,2018,895000,50K km,50000,DL,manual,diesel,15241,7
bangalore,Hyundai Grand i10,2015,507000,17K km,17000,KA,manual,petrol,9228,10
bangalore,Nissan Micra,2015,354000,40.5K km,40500,KA,automatic,petrol,6040,10
bangalore,Maruti Celerio,2016,398000,47.5K km,47500,KA,manual,petrol,6777,9
bangalore,Ford Figo Aspire,2015,341000,91K km,91000,KA,manual,diesel,5819,10
bangalore,Hyundai Grand i10,2015,452000,20K km,20000,KA,manual,petrol,8227,10
bangalore,Tata Altroz,2022,789000,24.5K km,24500,KA,manual,petrol,13436,3
bangalore,Renault Kwid,2017,367000,14K km,14000,KA,automatic,petrol,6249,8
bangalore,Hyundai Verna,2017,758000,52K km,52000,KA,automatic,petrol,12908,8
bangalore,Kia Sonet,2021,1129000,84K km,84000,KA,automatic,diesel,19416,4
bangalore,Toyota Etios Liva,2012,334000,66.5K km,66500,DL,manual,petrol,11909,13
hyderabad,Maruti Vitara Brezza,2016,683000,69K km,69000,TG,manual,diesel,11631,9
hyderabad,Hyundai Creta,2021,992000,25.5K km,25500,TS,manual,petrol,16893,4
hyderabad,Maruti Swift,2021,592000,30K km,30000,TS,automatic,petrol,10081,4
hyderabad,Tata Punch,2022,749000,34.5K km,34500,TS,manual,petrol,12755,3
hyderabad,Hyundai Exter,2023,749000,15.5K km,15500,TS,automatic,petrol,12755,2
hyderabad,Toyota Innova Crysta,2021,2022000,52.5K km,52500,AP,automatic,diesel,34772,4
hyderabad,Nissan Magnite,2022,795000,8K km,8000,TS,manual,petrol,13538,3
hyderabad,Renault Kwid,2016,308000,56.5K km,56500,TS,manual,petrol,5245,9
hyderabad,Maruti Ciaz,2016,495000,44K km,44000,TS,manual,petrol,9010,9
hyderabad,Tata Nexon,2022,1059000,37.5K km,37500,TS,automatic,petrol,18212,3
hyderabad,Ford Figo,2013,261000,111K km,111000,AP,manual,diesel,9698,12
hyderabad,Hyundai i10,2012,273000,80.5K km,80500,AP,manual,petrol,10383,13
hyderabad,Volkswagen Polo,2014,339000,86.5K km,86500,AP,manual,petrol,6820,11
hyderabad,Nissan Sunny,2012,302000,85K km,85000,AP,manual,petrol,10768,13
hyderabad,Hyundai i10,2011,296000,62.5K km,62500,AP,automatic,petrol,21150,14
hyderabad,Kia Seltos,2020,1285000,96.5K km,96500,AP,automatic,diesel,22099,5
hyderabad,Hyundai Grand i10,2019,460000,62K km,62000,TS,manual,petrol,7833,6
hyderabad,Ford Figo Aspire,2016,419000,54.5K km,54500,TS,automatic,petrol,7150,9
hyderabad,Honda Amaze,2015,417000,64K km,64000,TS,manual,petrol,7590,10
hyderabad,Jeep Compass,2023,2370000,15.5K km,15500,TS,automatic,petrol,40760,2
hyderabad,Audi A6,2016,2050000,63.5K km,63500,TS,automatic,petrol,35256,9
hyderabad,Mercedes E-Class,2021,4100000,48.5K km,48500,TS,automatic,diesel,70516,4
hyderabad,Hyundai Grand i10 Nios,2020,568000,27.5K km,27500,TS,manual,petrol,9672,5
hyderabad,Tata Nexon,2020,712000,84.5K km,84500,TS,manual,petrol,12124,5
hyderabad,Hyundai i20,2012,332000,38.5K km,38500,AP,manual,diesel,12627,13
hyderabad,Renault Kwid,2021,384000,51.5K km,51500,TS,manual,petrol,6539,4
hyderabad,Hyundai Grand i10 Nios,2024,739000,13.5K km,13500,TS,automatic,petrol,12584,1
hyderabad,Mahindra Thar,2022,1159000,20K km,20000,TS,manual,petrol,19931,3
hyderabad,Hyundai Grand i10 Nios,2020,521000,90K km,90000,TS,manual,petrol,8872,5
hyderabad,Hyundai i20 N Line,2022,997000,4K km,4000,TS,manual,petrol,16978,3
hyderabad,Ford EcoSport,2021,953000,24K km,24000,TS,manual,diesel,16229,4
hyderabad,Kia Carens,2022,1278000,18K km,18000,TS,manual,petrol,21978,3
hyderabad,Maruti Alto 800,2017,268000,53.5K km,53500,TS,manual,petrol,4789,8
hyderabad,Renault Duster,2022,878000,47.5K km,47500,TS,manual,petrol,14951,3
hyderabad,Volkswagen Taigun,2022,1233000,44.5K km,44500,TS,manual,petrol,21205,3
hyderabad,Honda Civic,2019,1219000,115.5K km,115500,TS,manual,diesel,20963,6
hyderabad,Maruti Ritz,2014,308000,109.5K km,109500,TS,manual,petrol,6197,11
hyderabad,Honda CR-V,2014,674000,131.5K km,131500,AP,automatic,petrol,14465,11
hyderabad,Maruti Alto 800,2013,206000,81.5K km,81500,AP,manual,petrol,5712,12
hyderabad,Maruti Alto K10,2017,296000,41.5K km,41500,TS,manual,petrol,5040,8
hyderabad,Jaguar XE,2020,2850000,41.5K km,41500,TS,automatic,diesel,49016,5
hyderabad,BMW X1,2018,2300000,62K km,62000,TS,automatic,diesel,39556,7
hyderabad,Maruti Baleno,2016,537000,38.5K km,38500,TS,manual,petrol,9144,9
hyderabad,Renault Duster,2022,849000,25K km,25000,TS,manual,petrol,14457,3
hyderabad,Hyundai Elite i20,2018,614000,55.5K km,55500,TS,manual,petrol,10456,7
hyderabad,Maruti Baleno,2016,543000,37.5K km,37500,TS,manual,petrol,9246,9
hyderabad,Nissan Micra Active,2016,330000,96.5K km,96500,TS,manual,petrol,5619,9
hyderabad,Maruti Ignis,2021,545000,32K km,32000,TS,manual,petrol,9281,4
hyderabad,Maruti XL6,2020,977000,61.5K km,61500,TS,automatic,petrol,16637,5
hyderabad,Renault Kwid,2019,371000,29.5K km,29500,TS,manual,petrol,6317,6
hyderabad,Maruti Ciaz,2020,759000,88K km,88000,AP,manual,petrol,12925,5
hyderabad,Renault Kwid,2016,254000,86K km,86000,TS,manual,petrol,4325,9
hyderabad,Maruti Alto K10,2018,259000,94.5K km,94500,TS,manual,petrol,4410,7
hyderabad,Maruti Alto 800,2013,216000,51.5K km,51500,AP,manual,petrol,8378,12
hyderabad,Maruti Swift,2014,427000,68K km,68000,TS,manual,petrol,9164,11
hyderabad,Hyundai Elite i20,2017,491000,105.5K km,105500,TS,manual,petrol,8361,8
hyderabad,Maruti Alto K10,2012,219000,25K km,25000,AP,manual,petrol,8329,13
hyderabad,Maruti Alto 800,2019,304000,92K km,92000,TS,manual,petrol,5433,6
hyderabad,Maruti Swift,2016,412000,105.5K km,105500,TS,manual,petrol,7499,9
hyderabad,Hyundai Eon,2017,309000,71K km,71000,TS,manual,petrol,4933,8
hyderabad,Jeep Compass,2020,1880000,56K km,56000,TS,automatic,diesel,32333,5
hyderabad,Mercedes GLA,2016,1800000,52.5K km,52500,TS,automatic,diesel,33089,9
hyderabad,Toyota Rumion,2024,1127000,29.5K km,29500,TS,manual,petrol,19381,1
hyderabad,Honda Jazz,2016,533000,47.5K km,47500,TS,manual,petrol,8509,9
hyderabad,Maruti Baleno,2023,926000,17.5K km,17500,TS,automatic,petrol,15769,2
hyderabad,Maruti Wagon R 1.0,2014,314000,59.5K km,59500,TS,manual,petrol,6991,11
hyderabad,Nissan Micra Active,2016,331000,76.5K km,76500,TS,manual,petrol,6025,9
hyderabad,Maruti Alto K10,2018,312000,57.5K km,57500,TS,manual,petrol,5313,7
hyderabad,Maruti Baleno,2016,539000,66K km,66000,TS,manual,petrol,9178,9
hyderabad,Maruti S-Presso,2020,421000,25.5K km,25500,TS,manual,petrol,7169,5
hyderabad,Datsun GO,2018,296000,38.5K km,38500,TS,manual,petrol,6352,7
hyderabad,Honda Mobilio,2015,408000,57K km,57000,AP,manual,petrol,8209,10
hyderabad,Honda Jazz,2015,459000,68.5K km,68500,TS,manual,petrol,7832,10
hyderabad,Kia Sonet,2021,975000,113K km,113000,TS,manual,diesel,16603,4
hyderabad,Hyundai i10,2012,304000,57.5K km,57500,AP,manual,petrol,11562,13
hyderabad,Datsun GO,2017,286000,41K km,41000,TS,manual,petrol,6138,8
hyderabad,Maruti Alto 800,2013,187000,87.5K km,87500,AP,manual,petrol,5185,12
hyderabad,Renault Kwid,2016,277000,80.5K km,80500,TS,manual,petrol,4717,9
hyderabad,Maruti Celerio,2014,254000,102.5K km,102500,AP,manual,petrol,5451,11
hyderabad,Hyundai Eon,2014,247000,69.5K km,69500,AP,manual,petrol,4969,11
hyderabad,Renault Kwid,2019,308000,44K km,44000,TS,manual,petrol,5245,6
hyderabad,Audi A4,2015,1450000,57K km,57000,TS,automatic,diesel,26654,10
hyderabad,Maruti Baleno,2017,590000,40K km,40000,TS,manual,petrol,10047,8
hyderabad,Hyundai Elite i20,2015,556000,55.5K km,55500,TS,manual,petrol,10120,10
hyderabad,Hyundai Grand i10,2016,474000,63K km,63000,TS,automatic,petrol,8071,9
hyderabad,Maruti Wagon R 1.0,2015,351000,44K km,44000,TS,manual,petrol,6680,10
hyderabad,Maruti Celerio X,2020,461000,41.5K km,41500,TS,manual,petrol,7724,5
hyderabad,Maruti Alto 800,2016,265000,70.5K km,70500,TS,manual,petrol,4736,9
hyderabad,Maruti Swift,2017,490000,68.5K km,68500,AP,manual,petrol,8344,8
hyderabad,Ford Figo Aspire,2019,578000,45K km,45000,TS,manual,petrol,9227,6
hyderabad,Hyundai Grand i10,2018,498000,40.5K km,40500,AP,manual,petrol,8480,7
hyderabad,Maruti Wagon R 1.0,2016,349000,60K km,60000,TS,manual,petrol,6237,9
hyderabad,Maruti Ignis,2018,508000,52K km,52000,AP,automatic,petrol,8650,7
hyderabad,Hyundai Eon,2018,285000,32.5K km,32500,AP,manual,petrol,4550,7
hyderabad,Hyundai Grand i10,2019,493000,110K km,110000,TS,manual,petrol,8395,6
hyderabad,Maruti Alto 800,2021,333000,15K km,15000,AP,manual,petrol,5951,4
hyderabad,Maruti Wagon R 1.2,2019,435000,51.5K km,51500,TS,manual,petrol,7407,6
hyderabad,Nissan Micra Active,2018,358000,78K km,78000,TS,manual,petrol,6096,7
hyderabad,Maruti Alto 800,2014,223000,69K km,69000,TS,manual,petrol,4965,11
hyderabad,Honda Jazz,2018,478000,100.5K km,100500,TS,manual,petrol,7631,7
hyderabad,Kia Seltos,2020,1285000,107K km,107000,TS,automatic,petrol,22099,5
hyderabad,Mercedes CLA,2020,2300000,66.5K km,66500,TS,automatic,diesel,39556,5
hyderabad,Maruti Alto K10,2019,373000,39K km,39000,TS,manual,petrol,6351,6
hyderabad,Renault Kiger,2021,759000,28K km,28000,TS,manual,petrol,12925,4
hyderabad,Maruti Wagon R 1.0,2015,353000,63K km,63000,TS,manual,petrol,6718,10
hyderabad,Renault Kwid,2020,384000,41K km,41000,TS,manual,petrol,6539,5
hyderabad,Maruti Swift,2018,552000,73.5K km,73500,TS,automatic,petrol,9400,7
hyderabad,Maruti Alto K10,2019,396000,8.5K km,8500,TS,manual,petrol,6743,6
hyderabad,Renault Kwid,2019,343000,33K km,33000,TS,manual,petrol,5841,6
hyderabad,Renault Duster,2020,897000,45.5K km,45500,AP,manual,petrol,15275,5
hyderabad,Maruti Ciaz,2021,942000,45K km,45000,TS,automatic,petrol,16041,4
hyderabad,Maruti Wagon R 1.0,2013,273000,111.5K km,111500,AP,manual,petrol+cng,7358,12
hyderabad,Maruti Alto 800,2015,237000,105.5K km,105500,TS,manual,petrol,5276,10
hyderabad,Renault Kwid,2017,305000,47K km,47000,TS,automatic,petrol,5193,8
hyderabad,Maruti Wagon R 1.2,2023,608000,29K km,29000,TS,manual,petrol,10353,2
hyderabad,Kia Seltos,2020,1032000,47.5K km,47500,AP,manual,petrol,17748,5
hyderabad,Hyundai Eon,2013,233000,57.5K km,57500,AP,manual,petrol,5888,12
hyderabad,Hyundai Grand i10,2015,422000,66K km,66000,TS,automatic,petrol,7681,10
hyderabad,Hyundai i10,2010,218000,92K km,92000,AP,manual,petrol,9698,15
hyderabad,Renault Kwid,2016,242000,61K km,61000,AP,manual,petrol,4121,9
hyderabad,Renault Kwid,2018,331000,91.5K km,91500,TS,automatic,petrol,5636,7
hyderabad,Mercedes GLA,2015,1880000,59.5K km,59500,TS,automatic,diesel,34560,10
hyderabad,Hyundai i10,2016,330000,64.5K km,64500,TS,manual,petrol,6006,9
hyderabad,Hyundai Eon,2016,260000,34K km,34000,TS,manual,petrol,4150,9
hyderabad,MG Astor,2023,1349000,25.5K km,25500,AP,automatic,petrol,23199,2
hyderabad,Ford Figo Aspire,2019,622000,21.5K km,21500,TS,manual,petrol,9930,6
hyderabad,Mahindra Thar,2022,1275000,42K km,42000,TS,manual,petrol,21926,3
hyderabad,Hyundai Grand i10,2018,512000,45K km,45000,TS,manual,petrol,8719,7
hyderabad,Maruti Ciaz,2019,727000,32.5K km,32500,TS,manual,petrol,12380,6
hyderabad,Renault Kwid,2020,436000,37K km,37000,TS,automatic,petrol,7424,5
hyderabad,Renault Kwid,2017,278000,30K km,30000,TS,manual,petrol,5060,8
hyderabad,Maruti Baleno,2021,659000,45.5K km,45500,TS,manual,petrol,11222,4
hyderabad,Renault Kwid,2019,363000,47K km,47000,TS,manual,petrol,6181,6
hyderabad,Hyundai i20,2011,298000,67.5K km,67500,AP,manual,petrol,21293,14
hyderabad,Renault Kwid,2019,370000,97.5K km,97500,TS,automatic,petrol,6300,6
hyderabad,Hyundai i10,2015,310000,85.5K km,85500,TS,manual,petrol,5642,10
hyderabad,Hyundai i10,2010,235000,60K km,60000,TS,manual,petrol,9698,15
hyderabad,Maruti Wagon R 1.0,2014,278000,96.5K km,96500,TS,manual,petrol,6189,11
hyderabad,Maruti Swift,2011,319000,64K km,64000,AP,manual,petrol,22793,14
hyderabad,Hyundai i10,2011,223000,92K km,92000,AP,manual,petrol,15934,14
hyderabad,Honda Brio,2015,372000,76.5K km,76500,TS,manual,petrol,6348,10
hyderabad,Maruti Alto K10,2013,220000,40K km,40000,AP,manual,petrol,5930,12
hyderabad,Kia Sonet,2023,932000,11K km,11000,TS,manual,diesel,15871,2
hyderabad,Hyundai Grand i10 Nios,2022,689000,20K km,20000,TS,manual,petrol,11733,3
hyderabad,Maruti Swift,2019,639000,74.5K km,74500,TS,automatic,petrol,10881,6
hyderabad,Maruti Wagon R 1.0,2017,405000,41.5K km,41500,TS,manual,petrol,7238,8
hyderabad,Hyundai Grand i10,2018,559000,32.5K km,32500,TS,manual,petrol,9519,7
hyderabad,Ford Figo Aspire,2019,544000,43.5K km,43500,AP,manual,petrol,8685,6
hyderabad,Hyundai Grand i10 Nios,2020,529000,43.5K km,43500,TS,manual,petrol,9008,5
hyderabad,Maruti XL6,2022,1111000,29K km,29000,TS,automatic,petrol,19107,3
hyderabad,Honda Jazz,2016,542000,78.5K km,78500,TS,automatic,petrol,8653,9
hyderabad,Maruti Alto K10,2016,312000,63.5K km,63500,TS,automatic,petrol,5313,9
hyderabad,Hyundai Eon,2014,271000,41.5K km,41500,TS,manual,petrol,5452,11
hyderabad,Maruti Alto 800,2017,254000,43.5K km,43500,TS,manual,petrol,4539,8
hyderabad,Maruti Celerio,2017,350000,119.5K km,119500,TS,automatic,petrol,5960,8
hyderabad,Maruti Wagon R 1.0,2011,249000,65K km,65000,AP,manual,petrol,17979,14
hyderabad,Maruti Wagon R 1.0,2010,221000,51.5K km,51500,AP,manual,petrol,9698,15
hyderabad,Datsun Redi-GO,2020,282000,68K km,68000,TS,manual,petrol,6052,5
hyderabad,Hyundai i10,2011,221000,85K km,85000,AP,manual,petrol,15791,14
hyderabad,Maruti Wagon R 1.0,2011,267000,52K km,52000,AP,manual,petrol,19279,14
hyderabad,Maruti Ciaz,2021,752000,91K km,91000,TS,manual,petrol,12806,4
hyderabad,Maruti Celerio,2018,372000,80K km,80000,TS,automatic,petrol,6334,7
hyderabad,Maruti Alto 800,2021,365000,30.5K km,30500,AP,manual,petrol,6523,4
hyderabad,Renault Duster,2022,937000,24.5K km,24500,AP,manual,petrol,15956,3
hyderabad,Maruti Baleno,2021,725000,42K km,42000,TS,automatic,petrol,12346,4
hyderabad,Chevrolet Beat,2017,273000,53.5K km,53500,TS,manual,petrol,19506,8
hyderabad,Hyundai Grand i10 Nios,2022,663000,16K km,16000,TS,manual,petrol,11290,3
hyderabad,Hyundai Grand i10 Nios,2019,619000,27.5K km,27500,TS,manual,petrol,10541,6
hyderabad,Maruti Ignis,2022,609000,15.5K km,15500,TS,manual,petrol,10370,3
hyderabad,Maruti Alto 800,2017,272000,31K km,31000,TS,manual,petrol,4861,8
hyderabad,MG Astor,2022,1482000,35.5K km,35500,TS,automatic,petrol,25487,3
hyderabad,Maruti Wagon R 1.0,2014,305000,33.5K km,33500,TS,manual,petrol,6790,11
hyderabad,Maruti Swift,2013,406000,69K km,69000,AP,manual,petrol,15441,12
hyderabad,Hyundai Grand i10,2020,524000,99K km,99000,TS,manual,petrol,8923,5
hyderabad,Hyundai i10,2011,292000,31K km,31000,AP,manual,petrol,20864,14
hyderabad,Maruti Ritz,2015,312000,70K km,70000,TS,manual,petrol,6277,10
hyderabad,Maruti Alto K10,2011,160000,91.5K km,91500,AP,manual,petrol,11432,14
hyderabad,Hyundai New i20,2020,796000,112K km,112000,TS,manual,diesel,13555,5
hyderabad,Datsun Redi-GO,2020,282000,28K km,28000,TS,manual,petrol,6052,5
hyderabad,Maruti Celerio,2016,340000,67.5K km,67500,AP,automatic,petrol,6188,9
hyderabad,Datsun GO,2016,227000,130K km,130000,TS,manual,petrol,6118,9
hyderabad,Hyundai i10,2011,248000,66K km,66000,AP,manual,petrol,17720,14
hyderabad,Renault Kwid,2021,447000,43.5K km,43500,TS,automatic,petrol,7612,4
hyderabad,Hyundai Elite i20,2016,590000,50K km,50000,TS,manual,petrol,10047,9
hyderabad,Maruti Wagon R 1.2,2022,525000,23K km,23000,AP,manual,petrol,8940,3
hyderabad,Kia Sonet,2021,1083000,42K km,42000,TS,manual,diesel,18630,4
hyderabad,Maruti Vitara Brezza,2021,840000,44K km,44000,AP,manual,petrol,14304,4
hyderabad,Maruti Vitara Brezza,2022,949000,21.5K km,21500,TS,manual,petrol,16160,3
hyderabad,Hyundai Grand i10,2017,490000,38K km,38000,TS,manual,petrol,8344,8
hyderabad,Hyundai Grand i10 Nios,2022,658000,15K km,15000,TS,manual,petrol,11205,3
hyderabad,Nissan Magnite,2024,997000,4K km,4000,TS,automatic,petrol,16978,1
hyderabad,Skoda Kushaq,2021,1159000,78.5K km,78500,TS,manual,petrol,19932,4
hyderabad,Maruti Alto K10,2011,193000,19.5K km,19500,AP,manual,petrol,13790,14
hyderabad,Hyundai Aura,2022,653000,39K km,39000,TS,manual,petrol,11120,3
hyderabad,Renault Kwid,2017,304000,34K km,34000,TS,automatic,petrol,5176,8
hyderabad,Ford Figo,2011,230000,35.5K km,35500,AP,manual,petrol,9698,14
hyderabad,Mahindra XUV500,2016,871000,85.5K km,85500,TS,manual,diesel,15566,9
hyderabad,Tata Altroz,2023,875000,35.5K km,35500,TS,automatic,petrol,14900,2
hyderabad,Hyundai Grand i10,2016,383000,103K km,103000,TS,manual,petrol,6971,9
hyderabad,Maruti Swift,2014,412000,105K km,105000,TS,manual,diesel,8842,11
hyderabad,Hyundai Santro Xing,2011,242000,38.5K km,38500,AP,manual,petrol,16211,14
hyderabad,Honda Amaze,2016,434000,70.5K km,70500,TS,manual,petrol,7390,9
hyderabad,Maruti Ignis,2017,553000,24.5K km,24500,TS,automatic,petrol,9417,8
hyderabad,Maruti Swift,2017,494000,51K km,51000,TS,manual,petrol,8412,8
hyderabad,Maruti Baleno,2017,640000,29.5K km,29500,TS,automatic,petrol,10898,8
hyderabad,Maruti Alto 800,2016,264000,81K km,81000,TS,manual,petrol,4718,9
hyderabad,Maruti Celerio,2018,461000,47K km,47000,TS,automatic,petrol,7850,7
hyderabad,Hyundai New i20,2022,899000,12K km,12000,TS,manual,petrol,15309,3
hyderabad,MG Hector Plus,2021,1429000,83K km,83000,TS,manual,diesel,24575,4
hyderabad,Renault Kiger,2022,829000,17K km,17000,TS,automatic,petrol,14117,3
hyderabad,Maruti Alto K10,2016,288000,86K km,86000,TS,manual,petrol,4904,9
hyderabad,Nissan Magnite,2022,855000,52K km,52000,TS,automatic,petrol,14560,3
hyderabad,Maruti Celerio,2014,321000,55.5K km,55500,TS,automatic,petrol,6889,11
hyderabad,Maruti Swift,2019,634000,43K km,43000,TS,automatic,petrol,10796,6
hyderabad,Nissan Micra,2019,412000,45.5K km,45500,TS,automatic,petrol,6577,6
hyderabad,Maruti Wagon R 1.0,2011,253000,106.5K km,106500,AP,manual,petrol+cng,18077,14
hyderabad,Hyundai Elite i20,2015,461000,98K km,98000,TS,manual,petrol,8391,10
hyderabad,Hyundai i10,2013,284000,88K km,88000,TS,manual,petrol,7655,12
hyderabad,Honda Jazz,2017,512000,112K km,112000,TS,manual,petrol,8174,8
hyderabad,Renault Triber,2021,598000,50K km,50000,TS,manual,petrol,10183,4
hyderabad,Hyundai i10,2010,252000,60.5K km,60500,AP,automatic,petrol,9698,15
hyderabad,Honda Brio,2012,285000,78.5K km,78500,AP,manual,petrol,10162,13
hyderabad,Honda Amaze,2022,803000,14K km,14000,TS,manual,petrol,13674,3
hyderabad,Hyundai Creta,2018,1032000,82K km,82000,TS,automatic,petrol,17746,7
hyderabad,Maruti Alto 800,2014,243000,67K km,67000,TS,manual,petrol,5410,11
hyderabad,Maruti Alto 800,2020,351000,11.5K km,11500,TS,manual,petrol,6273,5
hyderabad,Maruti Swift,2020,685000,36.5K km,36500,TS,automatic,petrol,11665,5
hyderabad,Maruti S-Cross,2022,749000,76.5K km,76500,TS,manual,petrol,12755,3
hyderabad,Maruti Swift,2015,443000,53K km,53000,TS,manual,petrol,8063,10
hyderabad,Maruti Swift,2024,865000,29K km,29000,TS,manual,petrol+cng,14730,1
hyderabad,Honda City,2018,871000,54.5K km,54500,TS,automatic,petrol,14832,7
hyderabad,Hyundai Grand i10 Nios,2023,668000,6K km,6000,TS,manual,petrol,11375,2
hyderabad,Renault Kwid,2017,294000,24.5K km,24500,TS,automatic,petrol,5006,8
hyderabad,Hyundai i10,2010,201000,101.5K km,101500,AP,manual,petrol,9698,15
hyderabad,Chevrolet Spark,2014,198000,16.5K km,16500,AP,manual,petrol,9698,11
hyderabad,Maruti Alto 800,2013,233000,45.5K km,45500,AP,manual,petrol,6461,12
hyderabad,Toyota Etios,2013,419000,27K km,27000,AP,manual,petrol,10588,12
hyderabad,Maruti Vitara Brezza,2021,907000,38.5K km,38500,TS,automatic,petrol,15445,4
hyderabad,Hyundai i10,2011,210000,75.5K km,75500,AP,manual,petrol,15005,14
hyderabad,Hyundai Elite i20,2017,553000,92K km,92000,TS,manual,petrol,9417,8
hyderabad,Hyundai i10,2010,198000,113.5K km,113500,AP,manual,petrol,9698,15
hyderabad,Hyundai Venue,2019,719000,105K km,105000,TS,automatic,petrol,12244,6
hyderabad,Renault Kwid,2021,445000,21K km,21000,TS,automatic,petrol,7578,4
hyderabad,Tata Nexon,2021,979000,32K km,32000,AP,automatic,petrol,16671,4
hyderabad,Hyundai Creta,2018,1117000,36.5K km,36500,TS,manual,petrol,19210,7
hyderabad,Maruti Ciaz,2019,669000,71.5K km,71500,TS,manual,petrol,11392,6
hyderabad,Volkswagen Vento,2021,878000,40K km,40000,TS,manual,petrol,14017,4
hyderabad,Maruti Baleno,2018,712000,27K km,27000,TS,automatic,petrol,12124,7
hyderabad,Honda City,2016,618000,14K km,14000,AP,manual,petrol,10524,9
hyderabad,Maruti Baleno,2023,878000,17K km,17000,TS,manual,petrol,14951,2
hyderabad,Hyundai Verna,2020,1054000,53K km,53000,TS,manual,petrol,18126,5
hyderabad,Maruti Vitara Brezza,2021,819000,28.5K km,28500,TS,manual,petrol,13947,4
hyderabad,Maruti Alto K10,2015,252000,109.5K km,109500,TS,manual,petrol,5408,10
hyderabad,Maruti Alto K10,2013,215000,86.5K km,86500,AP,manual,petrol,5795,12
hyderabad,Hyundai i20,2013,423000,106.5K km,106500,AP,manual,diesel,11402,12
hyderabad,Hyundai Grand i10,2016,408000,106K km,106000,AP,manual,petrol,6948,9
hyderabad,Hyundai i10,2010,221000,99K km,99000,AP,manual,petrol,9698,15
hyderabad,Nissan Micra Active,2017,330000,64K km,64000,AP,manual,petrol,6006,8
hyderabad,Kia Sonet,2021,875000,110K km,110000,TS,automatic,diesel,14900,4
hyderabad,Maruti Ignis,2017,467000,80.5K km,80500,TS,automatic,diesel,7952,8
hyderabad,Nissan Micra Active,2014,268000,42.5K km,42500,AP,manual,petrol,7223,11
hyderabad,Honda City,2012,374000,75K km,75000,AP,manual,petrol,14224,13
hyderabad,Mahindra XUV700,2023,1678000,19K km,19000,TS,automatic,petrol,28857,2
hyderabad,Maruti Swift,2014,412000,52.5K km,52500,AP,manual,petrol,8842,11
hyderabad,Hyundai Grand i10,2019,559000,30K km,30000,TS,manual,petrol,9519,6
hyderabad,Maruti Alto 800,2021,375000,34K km,34000,TS,manual,petrol,6702,4
hyderabad,Maruti Baleno,2020,690000,49K km,49000,TS,manual,petrol,11750,5
hyderabad,Maruti Wagon R 1.0,2018,396000,65.5K km,65500,AP,manual,petrol,7077,7
hyderabad,Tata Nexon,2021,861000,55.5K km,55500,TS,manual,petrol,14662,4
hyderabad,Hyundai i20 Active,2018,624000,81.5K km,81500,TS,manual,petrol,10626,7
hyderabad,Maruti Celerio,2017,423000,10.5K km,10500,TS,manual,petrol,7203,8
hyderabad,Maruti Wagon R 1.2,2022,599000,32.5K km,32500,TS,manual,petrol,10200,3
hyderabad,Nissan Micra Active,2014,292000,43K km,43000,AP,manual,petrol,7870,11
hyderabad,Tata Tigor,2021,579000,90K km,90000,TS,manual,petrol,9860,4
hyderabad,Hyundai Creta,2016,850000,121K km,121000,TS,automatic,diesel,14475,9
hyderabad,Hyundai i10,2011,259000,83K km,83000,AP,manual,petrol,18506,14
hyderabad,Renault Duster,2016,572000,116.5K km,116500,TS,manual,diesel,9740,9
hyderabad,Maruti Wagon R 1.0,2016,341000,53.5K km,53500,TS,manual,petrol,6094,9
hyderabad,Maruti Alto K10,2016,247000,94.5K km,94500,TS,manual,petrol,4496,9
hyderabad,Maruti Alto 800,2018,249000,116K km,116000,TS,manual,petrol,4450,7
hyderabad,Mahindra XUV500,2020,1095000,94.5K km,94500,TS,manual,diesel,19767,5
hyderabad,Maruti Alto 800,2014,218000,40K km,40000,AP,manual,petrol,6045,11
hyderabad,Maruti Wagon R 1.0,2016,373000,74K km,74000,TS,automatic,petrol,7098,9
hyderabad,Maruti Alto K10,2017,315000,38.5K km,38500,TS,manual,petrol,5364,8
hyderabad,Maruti Ignis,2019,458000,55K km,55000,TS,automatic,petrol,7799,6
hyderabad,Maruti Ignis,2017,502000,38K km,38000,TS,automatic,petrol,8548,8
hyderabad,Maruti S-Presso,2022,429000,28.5K km,28500,TS,manual,petrol,7305,3
hyderabad,Hyundai Grand i10 Nios,2020,606000,49.5K km,49500,AP,manual,petrol,10319,5
hyderabad,Nissan Magnite,2021,874000,47.5K km,47500,TS,automatic,petrol,14883,4
hyderabad,Hyundai Exter,2024,861000,25.5K km,25500,TS,manual,petrol+cng,14662,1
hyderabad,Kia Seltos,2020,1266000,51K km,51000,AP,manual,petrol,21773,5
hyderabad,Hyundai Grand i10 Nios,2021,580000,55K km,55000,TS,manual,petrol,9877,4
hyderabad,Maruti Swift,2014,395000,105K km,105000,TS,manual,petrol,8477,11
hyderabad,Renault Kwid,2017,326000,46K km,46000,AP,automatic,petrol,5551,8
hyderabad,Hyundai Grand i10,2019,447000,103K km,103000,TS,manual,petrol,7612,6
hyderabad,Volkswagen Polo,2020,515000,62K km,62000,TS,manual,petrol,8222,5
hyderabad,Honda Amaze,2014,368000,83K km,83000,AP,manual,petrol,9919,11
hyderabad,Honda Brio,2012,273000,63.5K km,63500,AP,manual,petrol,9734,13
hyderabad,Maruti Alto 800,2019,312000,98.5K km,98500,TS,manual,petrol,5576,6
hyderabad,Honda City,2014,571000,140K km,140000,TS,manual,petrol,12254,11
hyderabad,Hyundai Creta,2016,754000,132K km,132000,TS,manual,petrol,12840,9
hyderabad,Honda City,2016,536000,97K km,97000,TS,automatic,petrol,9127,9
hyderabad,Honda WR-V,2017,645000,41.5K km,41500,TS,manual,petrol,10983,8
hyderabad,Tata Altroz,2022,778000,58.5K km,58500,TS,automatic,petrol,13248,3
hyderabad,Hyundai Aura,2021,668000,55K km,55000,TS,manual,petrol,11375,4
hyderabad,Renault Triber,2020,583000,53.5K km,53500,TS,manual,petrol,9928,5
hyderabad,Hyundai Creta,2023,1384000,18.5K km,18500,TS,manual,petrol,23801,2
hyderabad,Maruti Alto 800,2020,331000,35K km,35000,TS,manual,petrol,5915,5
hyderabad,Maruti Swift,2015,410000,82K km,82000,AP,manual,petrol,7463,10
hyderabad,Maruti Swift,2017,473000,54K km,54000,TS,manual,petrol,8054,8
hyderabad,Renault Kwid,2017,306000,30.5K km,30500,TS,manual,petrol,5211,8
hyderabad,MG Hector,2020,1285000,40K km,40000,AP,automatic,petrol,22099,5
hyderabad,Hyundai i10,2016,357000,68K km,68000,TS,manual,petrol,6079,9
hyderabad,Hyundai Creta,2016,829000,48K km,48000,TS,automatic,petrol,14117,9
hyderabad,Ford Figo,2010,188000,104.5K km,104500,AP,manual,petrol,9698,15
hyderabad,Ford Figo,2010,180000,82.5K km,82500,AP,manual,petrol,9698,15
hyderabad,Maruti Alto 800,2012,207000,60K km,60000,AP,manual,petrol,8029,13
hyderabad,Hyundai i20 Active,2017,578000,103K km,103000,TS,manual,diesel,9843,8
hyderabad,Nissan Micra,2013,249000,106.5K km,106500,AP,manual,petrol,6292,12
hyderabad,Honda City,2019,728000,105K km,105000,AP,manual,petrol,12397,6
hyderabad,Hyundai Grand i10,2014,309000,105K km,105000,AP,manual,petrol,6631,11
hyderabad,Ford EcoSport,2015,472000,144.5K km,144500,TS,manual,diesel,8591,10
hyderabad,Maruti Baleno,2021,748000,28.5K km,28500,TS,automatic,petrol,12738,4
hyderabad,Hyundai i20 Active,2018,596000,53K km,53000,TS,manual,petrol,10149,7
hyderabad,Hyundai Grand i10,2015,438000,26K km,26000,TS,manual,petrol,7972,10
hyderabad,Maruti Ciaz,2023,978000,39K km,39000,TS,automatic,petrol,16654,2
hyderabad,Maruti Swift,2023,839000,25K km,25000,TS,automatic,petrol,14287,2
hyderabad,Maruti Alto 800,2015,268000,27.5K km,27500,AP,manual,petrol,5100,10
hyderabad,Hyundai Grand i10,2019,540000,55K km,55000,AP,manual,petrol,9195,6
hyderabad,Hyundai i20 Active,2018,629000,53K km,53000,TS,manual,petrol,10711,7
hyderabad,Hyundai Eon,2017,310000,37.5K km,37500,TS,manual,petrol,4949,8
hyderabad,Skoda Kushaq,2022,1419000,16.5K km,16500,TS,automatic,petrol,24404,3
hyderabad,Maruti S-Presso,2020,392000,70.5K km,70500,TS,automatic,petrol,6675,5
hyderabad,Ford EcoSport,2016,612000,131.5K km,131500,TS,automatic,petrol,10422,9
hyderabad,Ford EcoSport,2016,524000,108K km,108000,TS,manual,diesel,9536,9
hyderabad,Ford EcoSport,2014,415000,106K km,106000,AP,manual,diesel,11186,11
hyderabad,Maruti Wagon R 1.0,2015,304000,93.5K km,93500,AP,manual,petrol,5785,10
hyderabad,Renault Triber,2021,562000,69.5K km,69500,TS,manual,petrol,9570,4
hyderabad,Ford Figo,2012,242000,102K km,102000,AP,manual,diesel,9698,13
hyderabad,Nissan Sunny,2012,312000,126.5K km,126500,AP,manual,diesel,11124,13
hyderabad,Maruti Alto K10,2018,292000,59.5K km,59500,TS,manual,petrol,4972,7
hyderabad,Maruti Alto K10,2011,196000,70.5K km,70500,AP,manual,petrol,14004,14
hyderabad,Kia Sonet,2021,1129000,89.5K km,89500,TS,automatic,diesel,19416,4
hyderabad,Hyundai Creta,2017,920000,74.5K km,74500,TS,automatic,petrol,15667,8
hyderabad,Skoda Slavia,2022,1085000,40K km,40000,TS,manual,petrol,18659,3
hyderabad,Renault Kwid,2022,481000,24.5K km,24500,TS,manual,petrol,8191,3
hyderabad,Mahindra Thar,2023,1529000,7.5K km,7500,TS,automatic,petrol,26296,2
hyderabad,Renault Triber,2021,591000,53.5K km,53500,TS,manual,petrol,10064,4
hyderabad,Tata Nexon,2024,1129000,11.5K km,11500,TS,automatic,petrol,19416,1
hyderabad,Maruti Alto 800,2016,267000,60.5K km,60500,TS,manual,petrol,4771,9
hyderabad,Maruti Swift,2017,481000,76K km,76000,TS,manual,petrol,8191,8
hyderabad,Hyundai i20 Active,2017,648000,59K km,59000,TS,manual,petrol,11035,8
hyderabad,Maruti Ciaz,2016,547000,130.5K km,130500,TS,manual,diesel,9315,9
hyderabad,Hyundai i10,2013,292000,79K km,79000,AP,manual,petrol,7870,12
hyderabad,Maruti Swift Dzire,2014,471000,86.5K km,86500,AP,manual,diesel,12695,11
hyderabad,Hyundai i10,2013,271000,121.5K km,121500,AP,manual,petrol,7304,12
hyderabad,Volkswagen Vento,2016,527000,133K km,133000,TS,manual,diesel,8413,9
hyderabad,Ford EcoSport,2013,446000,65K km,65000,TS,manual,petrol,12022,12
hyderabad,Maruti Swift Dzire,2014,405000,98K km,98000,AP,manual,petrol,8692,11
hyderabad,Hyundai i10,2010,187000,96K km,96000,AP,manual,petrol,9698,15
hyderabad,Honda Amaze,2015,402000,76.5K km,76500,AP,automatic,petrol,8627,10
hyderabad,Hyundai i10,2011,220000,71K km,71000,AP,manual,petrol,9698,14
hyderabad,Hyundai Creta,2016,795000,79.5K km,79500,TS,manual,petrol,13538,9
hyderabad,Hyundai Eon,2015,256000,72K km,72000,TS,manual,petrol,4368,10
hyderabad,Maruti Eeco,2020,454000,47.5K km,47500,TS,manual,petrol,7248,5
hyderabad,Hyundai Grand i10,2017,521000,39.5K km,39500,TS,manual,petrol,8872,8
hyderabad,Renault Kwid,2019,316000,44.5K km,44500,TS,manual,petrol,5381,6
hyderabad,Renault Triber,2022,678000,32K km,32000,TS,manual,petrol,11545,3
hyderabad,Hyundai New Santro 1.1,2022,582000,14.5K km,14500,TS,automatic,petrol,9291,3
hyderabad,Maruti Celerio,2022,587000,10.5K km,10500,TS,manual,petrol,9996,3
hyderabad,Maruti Celerio,2022,524000,15K km,15000,TS,manual,petrol,8923,3
hyderabad,Maruti Celerio,2017,397000,57.5K km,57500,TS,automatic,petrol,6760,8
hyderabad,Maruti S-Presso,2021,406000,18K km,18000,TS,manual,petrol,6913,4
hyderabad,Hyundai i10,2012,284000,47.5K km,47500,AP,manual,petrol,20292,13
hyderabad,Datsun Redi-GO,2018,255000,42.5K km,42500,TS,manual,petrol,9698,7
hyderabad,Ford EcoSport,2013,384000,98.5K km,98500,AP,manual,diesel,10350,12
hyderabad,Hyundai i10,2013,297000,41K km,41000,AP,manual,petrol,11295,12
hyderabad,Maruti Alto 800,2015,246000,53K km,53000,TS,manual,petrol,4681,10
hyderabad,Hyundai i10,2011,284000,28.5K km,28500,AP,manual,petrol,20292,14
hyderabad,Maruti Wagon R 1.0,2012,279000,71K km,71000,AP,manual,petrol+cng,10611,13
hyderabad,Hyundai Grand i10,2015,342000,136K km,136000,TS,manual,petrol,6225,10
hyderabad,Maruti S-Presso,2021,432000,20.5K km,20500,TS,manual,petrol,7356,4
hyderabad,Maruti Eeco,2021,502000,12K km,12000,TS,manual,petrol,8014,4
hyderabad,Hyundai Grand i10,2019,607000,33.5K km,33500,TS,automatic,petrol,10336,6
hyderabad,Maruti Alto 800,2018,321000,56.5K km,56500,TS,manual,petrol,5737,7
hyderabad,Hyundai Grand i10,2016,507000,45.5K km,45500,AP,automatic,petrol,8633,9
hyderabad,Maruti Celerio,2014,352000,25K km,25000,AP,automatic,petrol,7554,11
hyderabad,Honda WR-V,2021,928000,62K km,62000,TS,manual,diesel,15803,4
hyderabad,Maruti S-Presso,2022,512000,16K km,16000,AP,automatic,petrol,8719,3
hyderabad,Maruti Alto 800,2017,304000,54K km,54000,TS,manual,petrol,5433,8
hyderabad,Ford EcoSport,2017,673000,59K km,59000,TS,automatic,petrol,11460,8
hyderabad,Renault Kiger,2022,760000,28K km,28000,TS,automatic,petrol,12942,3
hyderabad,Maruti Alto K10,2012,191000,67.5K km,67500,AP,manual,petrol,7264,13
hyderabad,Maruti S-Presso,2021,388000,83K km,83000,AP,automatic,petrol,6607,4
hyderabad,Hyundai Venue,2019,849000,95K km,95000,TS,manual,diesel,14457,6
hyderabad,Hyundai i10,2015,335000,94K km,94000,AP,manual,petrol+cng,6097,10
hyderabad,Maruti Ritz,2014,281000,105.5K km,105500,TS,manual,petrol,5653,11
hyderabad,Maruti Baleno,2018,563000,100.5K km,100500,TS,manual,petrol,9587,7
hyderabad,Hyundai Grand i10,2018,512000,50K km,50000,TS,manual,petrol,8719,7
hyderabad,Hyundai Grand i10,2014,414000,82K km,82000,TS,automatic,petrol,8885,11
hyderabad,Honda City,2022,937000,32.5K km,32500,TS,manual,petrol,15956,3
hyderabad,Toyota Etios,2011,316000,70K km,70000,AP,manual,petrol,21168,14
hyderabad,Maruti Alto 800,2020,372000,18K km,18000,TS,manual,petrol,6648,5
hyderabad,Tata Tigor,2021,647000,22.5K km,22500,AP,manual,petrol,11018,4
hyderabad,Mahindra XUV 300,2020,1008000,66.5K km,66500,TS,automatic,diesel,17165,5
hyderabad,Renault Triber,2022,566000,80.5K km,80500,TS,manual,petrol,9638,3
hyderabad,Maruti Ciaz,2023,959000,23K km,23000,TS,manual,petrol,16331,2
hyderabad,Maruti Baleno,2017,602000,37.5K km,37500,TS,manual,petrol,10251,8
hyderabad,Maruti Dzire,2021,687000,26.5K km,26500,AP,automatic,petrol,11699,4
hyderabad,Maruti Ertiga,2017,729000,46K km,46000,TS,automatic,petrol,12414,8
hyderabad,Renault Kwid,2019,320000,55.5K km,55500,TS,manual,petrol,5449,6
hyderabad,Maruti Baleno,2016,555000,38K km,38000,TS,manual,petrol,9451,9
hyderabad,Honda WR-V,2018,721000,112K km,112000,TS,manual,diesel,12278,7
hyderabad,Volkswagen Polo,2015,468000,128.5K km,128500,TS,manual,diesel,7986,10
hyderabad,Mahindra TUV300,2017,592000,90K km,90000,TS,manual,diesel,10081,8
hyderabad,Maruti Alto 800,2016,257000,35K km,35000,TS,manual,petrol,4593,9
hyderabad,Hyundai i10,2010,225000,73K km,73000,AP,manual,petrol,9698,15
hyderabad,Maruti Baleno,2017,521000,121K km,121000,AP,manual,petrol,8872,8
hyderabad,Maruti Alto K10,2016,268000,56.5K km,56500,TS,manual,petrol,4563,9
hyderabad,Hyundai i10,2010,198000,76.5K km,76500,AP,manual,petrol,9698,15
hyderabad,Kia Seltos,2021,1129000,101K km,101000,TS,manual,petrol,19416,4
hyderabad,Honda WR-V,2017,678000,105K km,105000,AP,manual,diesel,11545,8
hyderabad,Maruti Alto 800,2018,284000,36K km,36000,TS,manual,petrol,5075,7
hyderabad,Hyundai Eon,2016,272000,51K km,51000,TS,manual,petrol,4641,9
hyderabad,Datsun Go Plus,2015,314000,25.5K km,25500,TS,manual,petrol,9698,10
hyderabad,Hyundai Grand i10,2018,529000,34.5K km,34500,TS,manual,petrol,9008,7
hyderabad,Hyundai Grand i10,2018,510000,47K km,47000,TS,manual,petrol,8685,7
hyderabad,Tata Tiago NRG,2023,695000,13K km,13000,TS,automatic,petrol,11835,2
hyderabad,Maruti Ignis,2022,575000,38.5K km,38500,TS,manual,petrol,9791,3
hyderabad,Hyundai Grand i10,2019,559000,26K km,26000,TS,manual,petrol,9519,6
hyderabad,Hyundai Grand i10,2019,570000,49.5K km,49500,TS,manual,petrol,9706,6
hyderabad,MG Astor,2024,1519000,11K km,11000,TS,automatic,petrol,26123,1
hyderabad,Maruti Alto K10,2013,224000,42K km,42000,AP,manual,petrol,8519,12
hyderabad,Maruti Alto 800,2018,248000,99K km,99000,TS,manual,petrol,4432,7
hyderabad,Mahindra KUV100,2016,280000,71K km,71000,TS,manual,petrol,4768,9
hyderabad,Maruti Alto 800,2018,236000,121.5K km,121500,TS,manual,petrol,4217,7
hyderabad,Maruti Swift,2016,437000,97.5K km,97500,AP,manual,petrol,7441,9
hyderabad,Maruti Swift,2012,369000,62.5K km,62500,AP,manual,petrol,14034,13
hyderabad,Honda Amaze,2015,424000,94K km,94000,TS,manual,petrol,7717,10
hyderabad,Volkswagen Polo,2015,415000,118K km,118000,TS,manual,diesel,7081,10
hyderabad,Hyundai i10,2012,281000,27.5K km,27500,AP,manual,petrol,10687,13
hyderabad,Hyundai i20,2014,390000,142.5K km,142500,TS,manual,diesel,8370,11
hyderabad,Tata Tiago,2021,425000,29K km,29000,AP,manual,petrol,7237,4
hyderabad,Renault Triber,2020,570000,51K km,51000,TS,manual,petrol,9706,5
hyderabad,Hyundai Aura,2023,659000,22K km,22000,TS,manual,petrol,11222,2
hyderabad,Maruti Ignis,2017,498000,75.5K km,75500,TS,manual,petrol,8480,8
hyderabad,Maruti Eeco,2021,465000,29.5K km,29500,TS,manual,petrol,7423,4
hyderabad,Honda Amaze,2022,759000,32.5K km,32500,TS,manual,petrol,12925,3
hyderabad,Hyundai New i20,2023,845000,32K km,32000,TS,automatic,petrol,14389,2
hyderabad,Maruti Ciaz,2022,964000,26.5K km,26500,TS,manual,petrol,16416,3
hyderabad,Hyundai Grand i10,2017,446000,30.5K km,30500,AP,manual,petrol,7595,8
hyderabad,Hyundai i20 Active,2018,652000,41.5K km,41500,TS,manual,petrol,11103,7
hyderabad,Volkswagen Vento,2016,588000,137K km,137000,AP,automatic,diesel,9387,9
hyderabad,Hyundai Elite i20,2015,537000,132K km,132000,TS,manual,diesel,9774,10
hyderabad,Maruti Baleno,2016,503000,64K km,64000,TS,automatic,petrol,8565,9
hyderabad,Ford EcoSport,2013,438000,119.5K km,119500,AP,manual,diesel,11806,12
hyderabad,Maruti Alto 800,2013,255000,36K km,36000,AP,manual,petrol,7071,12
hyderabad,Hyundai Elite i20,2014,533000,136K km,136000,TS,manual,diesel,11439,11
hyderabad,Renault Kwid,2017,289000,87.5K km,87500,TS,manual,petrol,4921,8
hyderabad,Hyundai Elite i20,2016,526000,126K km,126000,AP,manual,petrol,8957,9
hyderabad,Ford EcoSport,2018,707000,121.5K km,121500,TS,manual,diesel,12039,7
hyderabad,Hyundai Xcent,2014,386000,149.5K km,149500,TS,manual,petrol,7766,11
hyderabad,Hyundai Elite i20,2017,605000,68.5K km,68500,TS,manual,petrol,10302,8
hyderabad,Hyundai Xcent,2016,447000,79.5K km,79500,AP,manual,diesel,7136,9
hyderabad,Maruti Ertiga,2016,749000,81K km,81000,TS,manual,diesel,12755,9
hyderabad,Maruti Alto 800,2018,331000,17.5K km,17500,TS,manual,petrol,5915,7
hyderabad,Renault Triber,2020,596000,36.5K km,36500,TS,manual,petrol,10149,5
hyderabad,Honda City,2021,1059000,68K km,68000,TS,manual,petrol,18212,4
hyderabad,Tata Tigor,2023,748000,36.5K km,36500,TS,automatic,petrol,12738,2
hyderabad,Renault Kwid,2019,378000,26.5K km,26500,TS,manual,petrol,6437,6
hyderabad,Maruti S-Presso,2022,418000,20.5K km,20500,TS,manual,petrol,7118,3
hyderabad,Hyundai New i20,2021,749000,32K km,32000,AP,manual,petrol,12755,4
hyderabad,Honda City,2015,646000,107K km,107000,AP,manual,diesel,11758,10
hyderabad,Hyundai Grand i10,2016,401000,104K km,104000,TS,manual,petrol,6828,9
hyderabad,Maruti Swift,2011,293000,83.5K km,83500,AP,manual,petrol,20935,14
hyderabad,Maruti Estilo,2010,170000,103.5K km,103500,AP,manual,petrol,9698,15
hyderabad,Hyundai Eon,2017,262000,77.5K km,77500,AP,manual,petrol,4182,8
hyderabad,Maruti Alto K10,2015,236000,114K km,114000,TS,manual,petrol,4295,10
hyderabad,Hyundai i10,2012,355000,41K km,41000,AP,automatic,petrol,13501,13
hyderabad,Hyundai i10,2011,263000,62K km,62000,AP,manual,petrol,18792,14
hyderabad,Hyundai Creta,2017,874000,91.5K km,91500,TS,automatic,petrol,14883,8
hyderabad,Toyota Etios,2012,358000,142K km,142000,AP,manual,diesel,12764,13
hyderabad,Tata Tiago NRG,2023,643000,26.5K km,26500,TS,manual,petrol,10949,2
hyderabad,Hyundai Grand i10,2019,534000,45K km,45000,TS,manual,petrol,9093,6
hyderabad,Maruti Dzire,2018,674000,45K km,45000,TS,automatic,diesel,11477,7
hyderabad,Maruti Wagon R 1.0,2014,307000,64K km,64000,TS,manual,petrol,6835,11
hyderabad,Tata Nexon,2022,1085000,24K km,24000,TS,automatic,petrol,18660,3
hyderabad,Tata Tiago,2021,538000,57.5K km,57500,TS,manual,petrol,9161,4
hyderabad,Hyundai Grand i10,2014,412000,54.5K km,54500,AP,manual,petrol,8842,11
hyderabad,Maruti Ciaz,2022,784000,38K km,38000,TS,manual,petrol,13351,3
hyderabad,Honda Amaze,2015,372000,60.5K km,60500,TS,manual,petrol,6771,10
hyderabad,Honda Jazz,2021,748000,47K km,47000,TS,manual,petrol,11941,4
hyderabad,Volkswagen Vento,2013,436000,105K km,105000,AP,manual,diesel,11017,12
hyderabad,Hyundai Creta,2016,798000,138K km,138000,TS,automatic,diesel,14525,9
hyderabad,Maruti Alto K10,2011,188000,80.5K km,80500,AP,manual,petrol,13433,14
hyderabad,Hyundai i20,2014,439000,101.5K km,101500,AP,manual,diesel,9421,11
hyderabad,Tata Altroz,2021,630000,94K km,94000,AP,manual,diesel,10728,4
hyderabad,Maruti Alto K10,2017,294000,80K km,80000,AP,manual,petrol,5006,8
hyderabad,Ford EcoSport,2014,435000,100K km,100000,AP,manual,diesel,9335,11
hyderabad,Hyundai Grand i10,2017,455000,96.5K km,96500,TS,manual,petrol,7748,8
hyderabad,Maruti Estilo,2011,211000,70.5K km,70500,AP,manual,petrol,15076,14
hyderabad,Renault Duster,2022,812000,44K km,44000,TS,manual,petrol,13827,3
hyderabad,Maruti Dzire,2022,735000,17K km,17000,TS,automatic,petrol,12516,3
hyderabad,Volkswagen Taigun,2022,1359000,42K km,42000,TS,automatic,petrol,23364,3
hyderabad,Hyundai Venue,2021,873000,36.5K km,36500,TS,manual,petrol,14866,4
hyderabad,Maruti Alto 800,2018,285000,71.5K km,71500,TS,manual,petrol,5093,7
hyderabad,Honda Brio,2018,539000,44.5K km,44500,TS,automatic,petrol,8605,7
hyderabad,Hyundai Venue,2022,1178000,32K km,32000,TS,manual,diesel,20258,3
hyderabad,Maruti Alto 800,2018,347000,24K km,24000,TS,manual,petrol,6201,7
hyderabad,Renault Kwid,2023,529000,29K km,29000,TS,automatic,petrol,9008,2
hyderabad,Maruti Alto 800,2018,336000,29.5K km,29500,AP,manual,petrol,6005,7
hyderabad,Tata Altroz,2021,618000,43K km,43000,TS,manual,petrol,10524,4
hyderabad,Maruti Swift Dzire,2013,388000,58K km,58000,AP,automatic,petrol,10458,12
hyderabad,Hyundai i10,2012,253000,76K km,76000,AP,manual,petrol,9622,13
hyderabad,Ford EcoSport,2016,544000,66.5K km,66500,TS,automatic,petrol,9902,9
hyderabad,Maruti S-Cross,2018,726000,103.5K km,103500,TS,manual,diesel,12363,7
hyderabad,Maruti Celerio,2014,249000,88.5K km,88500,TS,manual,petrol,5344,11
hyderabad,Maruti Alto 800,2014,231000,67.5K km,67500,AP,manual,petrol,5143,11
hyderabad,Maruti Alto 800,2017,287000,60.5K km,60500,TS,manual,petrol,5129,8
hyderabad,Maruti Baleno,2018,583000,105K km,105000,TS,automatic,petrol,9928,7
hyderabad,Maruti XL6,2023,1039000,95K km,95000,TS,automatic,petrol,17868,2
hyderabad,Maruti Swift,2011,287000,99K km,99000,AP,manual,petrol,20507,14
hyderabad,Maruti Swift Dzire,2016,497000,89K km,89000,AP,manual,diesel,9046,9
hyderabad,Maruti Wagon R 1.0,2016,437000,61.5K km,61500,TS,automatic,petrol,7810,9
hyderabad,Volkswagen Vento,2021,897000,22K km,22000,AP,manual,petrol,14320,4
hyderabad,Maruti Ignis,2023,696000,19.5K km,19500,TS,manual,petrol,11852,2
hyderabad,Kia Seltos,2022,1682000,39K km,39000,TS,automatic,diesel,28928,3
hyderabad,Maruti S-Presso,2022,453000,32K km,32000,TS,manual,petrol,7918,3
hyderabad,Maruti Alto 800,2015,269000,35K km,35000,TS,manual,petrol,5119,10
hyderabad,Ford Figo Aspire,2019,576000,65.5K km,65500,TS,manual,petrol,9195,6
hyderabad,Tata Nano,2015,174000,12.5K km,12500,TS,manual,petrol,3500,10
hyderabad,Maruti Celerio X,2019,489000,47K km,47000,TS,automatic,petrol,8193,6
hyderabad,Hyundai Venue,2021,894000,95K km,95000,TS,automatic,petrol,15224,4
hyderabad,Tata Nano,2017,164000,55.5K km,55500,TS,manual,petrol,2798,8
hyderabad,Ford EcoSport,2017,580000,109K km,109000,AP,manual,diesel,9877,8
hyderabad,Maruti Swift Dzire,2016,541000,45.5K km,45500,TS,manual,petrol,9212,9
hyderabad,Maruti XL6,2022,1078000,45.5K km,45500,TS,manual,petrol,18538,3
hyderabad,Renault Triber,2020,529000,61K km,61000,TS,automatic,petrol,9008,5
hyderabad,Hyundai Venue,2020,821000,110.5K km,110500,TS,automatic,petrol,13981,5
hyderabad,Maruti S-Cross,2018,795000,63.5K km,63500,TS,manual,diesel,13538,7
hyderabad,Toyota Etios,2012,305000,108.5K km,108500,AP,manual,petrol,10875,13
hyderabad,Hyundai i10,2010,226000,45K km,45000,AP,manual,petrol,9698,15
hyderabad,Maruti Alto 800,2019,340000,57K km,57000,TS,manual,petrol,6076,6
hyderabad,Hyundai i20 Active,2018,598000,51K km,51000,TS,manual,petrol,10183,7
hyderabad,Maruti Alto 800,2017,297000,22K km,22000,TS,manual,petrol,5308,8
hyderabad,Maruti Fronx,2024,959000,11.5K km,11500,TG,manual,petrol,16331,1
hyderabad,Maruti Wagon R 1.2,2023,599000,21.5K km,21500,TS,manual,petrol,10200,2
hyderabad,Maruti Alto 800,2021,352000,14K km,14000,TS,manual,petrol,6291,4
hyderabad,Kia Seltos,2022,1529000,29.5K km,29500,TS,manual,petrol,26296,3
hyderabad,Renault Kwid,2019,321000,84.5K km,84500,TS,manual,petrol,5466,6
hyderabad,Renault Kwid,2018,330000,61.5K km,61500,TS,manual,petrol,5619,7
hyderabad,Honda Amaze,2022,740000,73K km,73000,TS,automatic,petrol,12601,3
hyderabad,Hyundai i10,2011,215000,113K km,113000,AP,manual,petrol,15362,14
hyderabad,Maruti Swift,2014,387000,138.5K km,138500,TS,manual,petrol,8305,11
hyderabad,Maruti Alto 800,2014,233000,79.5K km,79500,TS,manual,petrol,5187,11
hyderabad,Kia Seltos,2023,1682000,21K km,21000,TS,manual,diesel,28927,2
hyderabad,Hyundai i10,2015,342000,30K km,30000,TS,manual,petrol,6225,10
hyderabad,Hyundai i10,2015,310000,92.5K km,92500,AP,manual,petrol,5642,10
hyderabad,Maruti Swift,2012,370000,107.5K km,107500,AP,manual,diesel,14072,13
hyderabad,Maruti Swift,2014,375000,74.5K km,74500,AP,manual,petrol,10108,11
hyderabad,Hyundai i10,2012,300000,52.5K km,52500,AP,automatic,petrol,11410,13
hyderabad,Maruti Alto K10,2015,265000,53.5K km,53500,AP,manual,petrol,4823,10
hyderabad,Maruti Alto 800,2019,290000,63K km,63000,TS,manual,petrol,5183,6
hyderabad,Tata Altroz,2021,726000,47.5K km,47500,TS,manual,petrol,12363,4
hyderabad,Hyundai Creta,2018,957000,54K km,54000,TS,manual,petrol,16297,7
hyderabad,Maruti Swift,2015,499000,44K km,44000,TS,manual,petrol,9083,10
hyderabad,Maruti Alto 800,2016,273000,43.5K km,43500,TS,manual,petrol,4879,9
hyderabad,Tata Nexon,2019,719000,56K km,56000,TS,manual,petrol,12244,6
hyderabad,Maruti Ignis,2019,515000,21K km,21000,AP,automatic,petrol,8770,6
hyderabad,Hyundai i10,2015,373000,44K km,44000,TS,manual,petrol,6789,10
hyderabad,Maruti Alto 800,2021,350000,27K km,27000,AP,manual,petrol,6255,4
hyderabad,Hyundai Grand i10 Nios,2020,622000,30K km,30000,TS,automatic,petrol,10592,5
hyderabad,Honda Amaze,2014,439000,85K km,85000,TS,automatic,petrol,9421,11
hyderabad,Maruti Wagon R 1.0,2016,310000,44K km,44000,AP,manual,petrol,5540,9
hyderabad,Maruti Swift,2013,427000,62.5K km,62500,AP,manual,petrol,11509,12
hyderabad,Ford Freestyle,2018,528000,113.5K km,113500,TS,manual,diesel,11331,7
hyderabad,Mahindra Scorpio,2018,935000,87.5K km,87500,TS,manual,diesel,15922,7
hyderabad,Hyundai i10,2010,227000,67K km,67000,AP,manual,petrol,9698,15
hyderabad,Hyundai i10,2012,236000,81.5K km,81500,AP,manual,petrol,16863,13
hyderabad,Maruti Swift,2013,348000,88K km,88000,AP,manual,petrol,13235,12
hyderabad,Tata Nexon,2020,765000,88.5K km,88500,TS,automatic,petrol,13027,5
hyderabad,Ford Figo,2012,234000,79.5K km,79500,AP,manual,diesel,9698,13
hyderabad,Maruti S-Presso,2023,461000,18K km,18000,TS,manual,petrol,7850,2
hyderabad,Tata Nexon,2021,873000,48K km,48000,TS,manual,petrol,14866,4
hyderabad,Hyundai Elite i20,2017,619000,49.5K km,49500,TS,manual,petrol,10541,8
hyderabad,Hyundai Aura,2021,719000,28K km,28000,TS,manual,petrol,12244,4
hyderabad,Ford EcoSport,2017,647000,42K km,42000,TS,automatic,petrol,11018,8
hyderabad,Hyundai Grand i10 Nios,2022,666000,44.5K km,44500,TS,manual,petrol,11341,3
hyderabad,Honda WR-V,2019,768000,46K km,46000,TS,manual,petrol+cng,13078,6
hyderabad,Maruti Alto 800,2017,283000,39.5K km,39500,TS,manual,petrol,5057,8
hyderabad,Hyundai Venue,2021,853000,44.5K km,44500,TS,manual,petrol,14526,4
hyderabad,Maruti Alto 800,2017,316000,29.5K km,29500,TS,manual,petrol,5647,8
hyderabad,Tata Punch,2023,829000,16.5K km,16500,TS,automatic,petrol,14117,2
hyderabad,Hyundai New i20,2022,791000,36K km,36000,TS,manual,petrol,13470,3
hyderabad,Hyundai Grand i10,2018,452000,108K km,108000,TS,manual,petrol,7697,7
hyderabad,Maruti Ritz,2013,314000,72.5K km,72500,TS,manual,petrol,7934,12
hyderabad,Maruti Swift,2013,360000,77.5K km,77500,AP,manual,petrol,9703,12
hyderabad,Hyundai i10,2010,230000,45.5K km,45500,AP,manual,petrol,9698,15
hyderabad,Renault Duster,2016,614000,109.5K km,109500,TS,manual,diesel,10456,9
hyderabad,Honda Brio,2013,285000,89K km,89000,AP,manual,petrol,7202,12
hyderabad,Maruti Ciaz,2015,487000,119K km,119000,TS,manual,petrol,8864,10
hyderabad,Volkswagen Vento,2013,436000,103K km,103000,AP,manual,diesel,11017,12
hyderabad,Maruti Alto 800,2021,388000,12K km,12000,TS,manual,petrol,6934,4
hyderabad,Tata Tiago,2022,658000,28K km,28000,TS,automatic,petrol,11205,3
hyderabad,Maruti Ciaz,2018,708000,64.5K km,64500,TS,automatic,petrol,12056,7
hyderabad,Hyundai New Santro 1.1,2020,490000,13K km,13000,AP,manual,petrol,7822,5
hyderabad,Renault Kwid,2019,339000,80.5K km,80500,TS,manual,petrol,5772,6
hyderabad,Hyundai Aura,2023,759000,10.5K km,10500,TS,manual,petrol,12925,2
hyderabad,Renault Kwid,2021,461000,2.5K km,2500,AP,manual,petrol,7850,4
hyderabad,Renault Triber,2021,587000,41K km,41000,TS,manual,petrol,9996,4
hyderabad,Tata Altroz,2021,749000,13K km,13000,TS,manual,petrol,12755,4
hyderabad,Honda Civic,2019,1549000,59.5K km,59500,TS,manual,diesel,26639,6
hyderabad,Maruti Wagon R 1.0,2015,298000,137K km,137000,TS,manual,petrol,5671,10
hyderabad,Renault Triber,2021,593000,75.5K km,75500,TS,automatic,petrol,10098,4
hyderabad,Maruti Wagon R 1.0,2011,272000,53K km,53000,AP,manual,petrol+cng,19435,14
hyderabad,Hyundai i10,2013,288000,69.5K km,69500,AP,manual,petrol,7763,12
hyderabad,Toyota Etios,2014,387000,48.5K km,48500,AP,manual,petrol,9779,11
hyderabad,Hyundai i10,2010,230000,42K km,42000,AP,manual,petrol,9698,15
hyderabad,Hyundai i10,2013,264000,65K km,65000,AP,manual,petrol,7116,12
hyderabad,Hyundai i10,2010,210000,90K km,90000,AP,manual,petrol,9698,15
hyderabad,Maruti Ritz,2014,319000,97.5K km,97500,TS,manual,petrol,6418,11
hyderabad,Maruti Alto K10,2013,207000,82.5K km,82500,AP,manual,petrol,5579,12
hyderabad,Tata Tiago,2020,534000,41K km,41000,AP,manual,petrol,9093,5
hyderabad,Hyundai i20,2014,483000,72.5K km,72500,TS,manual,diesel,10366,11
hyderabad,Mahindra KUV100,2016,378000,29.5K km,29500,TS,manual,petrol,6437,9
hyderabad,Maruti Baleno,2016,558000,41.5K km,41500,TS,manual,petrol,9502,9
hyderabad,Hyundai Grand i10,2018,510000,41K km,41000,TS,manual,petrol,8685,7
hyderabad,Maruti S-Presso,2019,390000,36.5K km,36500,TS,manual,petrol,6641,6
hyderabad,Honda Amaze,2015,463000,52.5K km,52500,TS,manual,petrol,8427,10
hyderabad,Hyundai i20 N Line,2021,928000,30.5K km,30500,TS,automatic,petrol,15803,4
hyderabad,Honda Amaze,2019,731000,86.5K km,86500,TS,automatic,diesel,12448,6
hyderabad,Honda Brio,2018,459000,42K km,42000,TS,manual,petrol,7327,7
hyderabad,Ford EcoSport,2016,547000,111.5K km,111500,TS,manual,petrol,9315,9
hyderabad,Ford Figo,2013,253000,114K km,114000,AP,manual,diesel,9698,12
hyderabad,Hyundai Elite i20,2020,759000,81K km,81000,TS,manual,diesel,12925,5
hyderabad,Hyundai Grand i10,2019,550000,48K km,48000,TS,manual,petrol,9366,6
hyderabad,Hyundai i20 Active,2015,544000,121K km,121000,AP,manual,diesel,9902,10
hyderabad,Hyundai Grand i10,2019,456000,89.5K km,89500,TS,manual,petrol,7765,6
hyderabad,Maruti Dzire,2018,567000,117K km,117000,TS,automatic,petrol,9655,7
hyderabad,Hyundai i10,2010,235000,52K km,52000,AP,manual,petrol,9698,15
hyderabad,Volkswagen Polo,2018,566000,102.5K km,102500,AP,manual,petrol,9036,7
hyderabad,Honda Jazz,2015,443000,97.5K km,97500,TS,manual,petrol,7559,10
hyderabad,Maruti Baleno,2016,543000,54K km,54000,AP,manual,petrol,9246,9
hyderabad,Hyundai Aura,2023,759000,8K km,8000,TS,manual,petrol,12925,2
hyderabad,Maruti Swift,2017,512000,24.5K km,24500,AP,manual,petrol,8719,8
hyderabad,Maruti XL6,2023,1136000,51.5K km,51500,TS,automatic,petrol,19532,2
hyderabad,Maruti Ciaz,2020,809000,68K km,68000,TS,automatic,petrol,13776,5
hyderabad,Renault Kiger,2022,745000,15.5K km,15500,TS,manual,petrol,12686,3
hyderabad,Hyundai Venue,2021,886000,25.5K km,25500,TS,manual,petrol,15088,4
hyderabad,Maruti S-Presso,2019,390000,18.5K km,18500,TS,manual,petrol,6641,6
hyderabad,Maruti Ciaz,2018,745000,68K km,68000,TS,automatic,petrol,12686,7
hyderabad,Maruti Baleno,2017,589000,51K km,51000,AP,automatic,petrol,10030,8
hyderabad,Datsun Redi-GO,2017,231000,53K km,53000,TS,manual,petrol,8785,8
hyderabad,Volkswagen Polo,2016,438000,143K km,143000,TS,manual,diesel,6992,9
hyderabad,Hyundai i10,2010,197000,77.5K km,77500,AP,manual,petrol,9698,15
hyderabad,Hyundai i10,2011,272000,38.5K km,38500,TS,manual,petrol,19435,14
hyderabad,Maruti Alto 800,2019,269000,75K km,75000,TS,manual,petrol,4807,6
hyderabad,Hyundai Elite i20,2015,572000,104.5K km,104500,TS,manual,diesel,10411,10
hyderabad,Hyundai i20,2014,440000,133.5K km,133500,TS,manual,diesel,9443,11
hyderabad,Renault Kwid,2016,285000,71.5K km,71500,TS,manual,petrol,4853,9
hyderabad,Honda Jazz,2017,478000,57K km,57000,TS,manual,petrol,7631,8
hyderabad,Hyundai Elite i20,2016,484000,101K km,101000,TS,manual,petrol,8809,9
hyderabad,Maruti Swift,2018,699000,54.5K km,54500,TS,automatic,diesel,11903,7
hyderabad,Maruti Eeco,2020,478000,28K km,28000,TS,manual,petrol,7631,5
hyderabad,Renault Kwid,2019,336000,40K km,40000,TS,manual,petrol,5721,6
hyderabad,Maruti Dzire,2018,597000,49.5K km,49500,TS,automatic,petrol,10166,7
hyderabad,Maruti Dzire,2022,719000,25.5K km,25500,TS,automatic,petrol,12244,3
hyderabad,Kia Sonet,2023,1245000,11.5K km,11500,TS,manual,diesel,21405,2
hyderabad,Maruti Dzire,2019,711000,30.5K km,30500,AP,manual,petrol,12107,6
hyderabad,Maruti Alto 800,2016,276000,47K km,47000,TS,manual,petrol,4932,9
hyderabad,Maruti Dzire,2017,737000,63.5K km,63500,TS,automatic,diesel,12550,8
hyderabad,Maruti Alto 800,2019,329000,25K km,25000,TS,manual,petrol,5880,6
hyderabad,Renault Kwid,2019,350000,55.5K km,55500,TS,automatic,petrol,5960,6
hyderabad,Maruti Baleno,2018,530000,123.5K km,123500,TS,automatic,petrol,9025,7
hyderabad,Kia Seltos,2022,1272000,31K km,31000,TS,manual,petrol,21875,3
hyderabad,Maruti Swift,2015,390000,124.5K km,124500,TS,manual,petrol,7098,10
hyderabad,Hyundai Creta,2018,874000,97K km,97000,TS,automatic,petrol,14883,7
hyderabad,Hyundai i20 Active,2017,557000,61.5K km,61500,TS,manual,diesel,9485,8
hyderabad,Tata Altroz,2023,817000,14.5K km,14500,TS,manual,petrol,13913,2
hyderabad,Maruti S-Presso,2021,380000,96.5K km,96500,TS,manual,petrol,6471,4
hyderabad,Tata Zest,2014,429000,94K km,94000,TS,automatic,diesel,9207,11
hyderabad,Maruti Alto K10,2023,453000,24.5K km,24500,TS,manual,petrol,7714,2
hyderabad,Tata Nexon,2021,1032000,68K km,68000,AP,manual,diesel,17747,4
hyderabad,Hyundai Venue,2021,795000,67K km,67000,TS,manual,petrol,13538,4
hyderabad,Maruti S-Cross,2016,694000,65K km,65000,TS,manual,diesel,11818,9
hyderabad,Maruti Baleno,2016,522000,79.5K km,79500,TS,automatic,petrol,8889,9
hyderabad,Volkswagen Vento,2022,795000,61.5K km,61500,TS,manual,petrol,12692,3
hyderabad,Maruti Swift,2021,598000,27K km,27000,AP,manual,petrol,10183,4
hyderabad,Hyundai Grand i10 Nios,2021,614000,30K km,30000,TS,manual,petrol,10456,4
hyderabad,Tata Tiago,2020,535000,48.5K km,48500,TS,automatic,petrol,9110,5
hyderabad,Renault Triber,2021,597000,27K km,27000,TS,manual,petrol,10166,4
hyderabad,Hyundai New i20,2021,878000,62K km,62000,TS,automatic,petrol,14951,4
hyderabad,Maruti S-Cross,2017,690000,101K km,101000,TS,manual,diesel,11750,8
hyderabad,Tata Nano,2015,158000,36K km,36000,TS,manual,petrol,3179,10
hyderabad,Maruti S-Cross,2020,799000,85.5K km,85500,TS,manual,diesel,13606,5
hyderabad,Maruti Wagon R 1.0,2012,261000,78K km,78000,AP,manual,petrol+cng,9926,13
hyderabad,Maruti S-Cross,2018,741000,106K km,106000,TS,manual,diesel,12618,7
hyderabad,Maruti Swift,2021,610000,99.5K km,99500,TS,manual,petrol,10387,4
hyderabad,Ford EcoSport,2018,590000,107K km,107000,TS,automatic,petrol,10047,7
hyderabad,Maruti Ciaz,2022,689000,58.5K km,58500,TS,manual,petrol,11733,3
hyderabad,Maruti Wagon R 1.0,2013,266000,104.5K km,104500,AP,manual,petrol,7376,12
hyderabad,Honda Brio,2013,277000,78K km,78000,AP,manual,petrol,6999,12
hyderabad,Hyundai Venue,2022,849000,23.5K km,23500,TS,manual,petrol,14457,3
hyderabad,Tata Nexon,2021,807000,21K km,21000,AP,manual,petrol,13742,4
hyderabad,Maruti Swift Dzire,2015,436000,39.5K km,39500,WB,manual,petrol,9357,10
hyderabad,Renault Kwid,2017,307000,62.5K km,62500,TS,automatic,petrol,5228,8
hyderabad,Tata Altroz,2022,809000,25K km,25000,TS,automatic,petrol,13776,3
hyderabad,Renault Kwid,2020,408000,36.5K km,36500,TS,automatic,petrol,6948,5
hyderabad,Maruti Alto K10,2016,288000,54.5K km,54500,TS,manual,petrol,5242,9
hyderabad,Maruti S-Presso,2020,397000,29K km,29000,WB,manual,petrol,6760,5
hyderabad,Hyundai Eon,2014,273000,42.5K km,42500,AP,manual,petrol,5492,11
hyderabad,Nissan Magnite,2021,803000,10.5K km,10500,TS,manual,petrol,13674,4
hyderabad,Maruti Dzire,2022,661000,40K km,40000,TS,automatic,petrol,11256,3
hyderabad,Maruti Swift,2013,352000,132K km,132000,AP,manual,petrol,9488,12
hyderabad,Maruti Swift,2011,261000,114K km,114000,AP,manual,petrol,18649,14
hyderabad,Hyundai i10,2012,274000,54K km,54000,AP,manual,petrol,10421,13
hyderabad,Maruti Dzire,2018,620000,47.5K km,47500,AP,automatic,petrol,10558,7
hyderabad,Honda City,2014,562000,100.5K km,100500,AP,manual,diesel,12061,11
hyderabad,Hyundai Elite i20,2016,552000,104K km,104000,TS,manual,diesel,10047,9
hyderabad,Ford Figo,2013,229000,115.5K km,115500,AP,manual,diesel,9698,12
hyderabad,Maruti Vitara Brezza,2017,597000,97.5K km,97500,AP,manual,diesel,10166,8
hyderabad,Hyundai Verna,2011,423000,128.5K km,128500,AP,automatic,petrol,30224,14
hyderabad,Maruti Swift,2014,415000,47K km,47000,WB,manual,petrol,8906,11
hyderabad,Maruti Wagon R 1.0,2013,299000,53.5K km,53500,AP,manual,petrol,8291,12
hyderabad,Ford Figo,2016,359000,76K km,76000,TS,manual,petrol,9676,9
hyderabad,Maruti Ritz,2015,360000,52K km,52000,TS,manual,petrol,6135,10
hyderabad,Maruti Alto 800,2019,279000,42.5K km,42500,TS,manual,petrol,4986,6
hyderabad,Maruti Alto 800,2021,328000,36.5K km,36500,TS,manual,petrol,5862,4
hyderabad,Hyundai Elite i20,2018,595000,58.5K km,58500,TS,manual,petrol,10132,7
hyderabad,Maruti Alto 800,2015,240000,44K km,44000,AP,manual,petrol,5343,10
hyderabad,Hyundai Grand i10,2015,499000,49.5K km,49500,TS,automatic,petrol,9083,10
hyderabad,Hyundai Grand i10,2017,469000,52.5K km,52500,TS,manual,petrol,7986,8
hyderabad,Hyundai New Santro 1.1,2019,459000,46K km,46000,TS,manual,petrol+cng,7327,6
hyderabad,Honda City,2020,997000,62K km,62000,TS,manual,petrol,16978,5
hyderabad,Mahindra TUV300,2016,599000,119.5K km,119500,TS,manual,diesel,10200,9
hyderabad,Toyota Etios,2011,313000,109K km,109000,AP,manual,petrol,20967,14
hyderabad,Hyundai Aura,2021,649000,108K km,108000,TS,automatic,diesel,11052,4
hyderabad,Maruti Wagon R 1.0,2012,244000,114K km,114000,AP,manual,petrol+cng,9280,13
hyderabad,Maruti A-Star,2013,242000,52.5K km,52500,AP,manual,petrol,8628,12
hyderabad,Maruti Alto 800,2022,339000,37.5K km,37500,TS,manual,petrol,6058,3
hyderabad,Nissan Sunny,2018,517000,136K km,136000,TS,manual,diesel,8253,7
hyderabad,Renault Kwid,2022,389000,54K km,54000,TS,manual,petrol,6624,3
hyderabad,Ford EcoSport,2018,688000,89K km,89000,TS,automatic,petrol,11716,7
hyderabad,Maruti Alto 800,2022,352000,14.5K km,14500,TS,manual,petrol,6291,3
hyderabad,Hyundai Venue,2019,825000,63.5K km,63500,AP,automatic,petrol,14049,6
hyderabad,Maruti Baleno,2016,574000,35.5K km,35500,TS,automatic,petrol,9774,9
hyderabad,Honda Amaze,2021,733000,31K km,31000,AP,manual,petrol,12482,4
hyderabad,Maruti Celerio,2016,412000,44.5K km,44500,AP,automatic,petrol,7016,9
hyderabad,Hyundai Grand i10,2019,531000,62.5K km,62500,AP,manual,petrol,9042,6
hyderabad,Maruti Alto 800,2018,302000,37K km,37000,TS,manual,petrol,5397,7
hyderabad,Maruti Eeco,2018,422000,37.5K km,37500,AP,manual,petrol,6737,7
hyderabad,Maruti Ciaz,2022,874000,52.5K km,52500,TS,manual,petrol,14883,3
hyderabad,Honda Amaze,2015,476000,54.5K km,54500,TS,manual,petrol,8664,10
hyderabad,Maruti Vitara Brezza,2019,682000,83K km,83000,AP,manual,diesel,11614,6
hyderabad,Ford Figo,2012,232000,102.5K km,102500,AP,manual,diesel,9698,13
hyderabad,Hyundai i10,2011,232000,39.5K km,39500,AP,manual,petrol,16577,14
hyderabad,Hyundai Xcent,2015,395000,73.5K km,73500,TS,manual,petrol,6740,10
hyderabad,Hyundai Verna,2019,778000,79.5K km,79500,TS,manual,diesel,13248,6
hyderabad,Maruti Vitara Brezza,2017,719000,96K km,96000,AP,manual,diesel,12244,8
hyderabad,Volkswagen Vento,2020,823000,115K km,115000,TS,automatic,petrol,13139,5
hyderabad,Maruti S-Cross,2018,740000,119.5K km,119500,TS,manual,diesel,12601,7
hyderabad,Maruti Alto K10,2018,315000,31K km,31000,TS,manual,petrol,5364,7
hyderabad,Maruti Baleno,2018,582000,52.5K km,52500,TS,automatic,petrol,9911,7
hyderabad,Hyundai Venue,2021,972000,49.5K km,49500,AP,manual,diesel,16552,4
hyderabad,Maruti Ciaz,2018,766000,57.5K km,57500,TS,automatic,petrol,13044,7
hyderabad,Hyundai New i20,2021,739000,32.5K km,32500,TS,manual,petrol,12584,4
hyderabad,Maruti Alto 800,2018,290000,58.5K km,58500,TS,manual,petrol,5183,7
hyderabad,Maruti Celerio,2021,476000,24K km,24000,AP,manual,petrol,8106,4
hyderabad,Maruti Ciaz,2021,926000,32K km,32000,TS,automatic,petrol,15769,4
hyderabad,Hyundai Venue,2021,891000,15K km,15000,AP,manual,petrol,15173,4
hyderabad,Renault Kwid,2019,362000,45K km,45000,WB,manual,petrol,6164,6
hyderabad,Hyundai Grand i10 Nios,2022,604000,28.5K km,28500,TS,manual,petrol,10285,3
hyderabad,Volkswagen Taigun,2022,1178000,51.5K km,51500,TS,manual,petrol,20259,3
hyderabad,Maruti S-Presso,2021,363000,80K km,80000,TS,manual,petrol,6181,4
hyderabad,Hyundai Grand i10,2015,404000,116.5K km,116500,TS,automatic,petrol,7353,10
hyderabad,Renault Kwid,2021,406000,39.5K km,39500,TS,manual,petrol,6913,4
hyderabad,Maruti Swift,2015,479000,119K km,119000,AP,manual,diesel,8718,10
hyderabad,Nissan Micra Active,2016,337000,74K km,74000,TS,manual,petrol,5738,9
hyderabad,Hyundai i10,2010,185000,86K km,86000,TS,manual,petrol,9698,15
hyderabad,Hyundai Grand i10,2014,308000,140K km,140000,AP,manual,diesel,8302,11
hyderabad,Hyundai Eon,2018,317000,82K km,82000,TS,manual,petrol,5060,7
hyderabad,Hyundai Elite i20,2014,482000,145K km,145000,TS,manual,diesel,10344,11
hyderabad,Toyota Etios Liva,2019,668000,60K km,60000,TS,manual,diesel,10664,6
hyderabad,Renault Kwid,2023,448000,21.5K km,21500,TS,manual,petrol,7629,2
hyderabad,Maruti Alto 800,2018,270000,26.5K km,26500,AP,manual,petrol,4825,7
hyderabad,Renault Kwid,2022,466000,22.5K km,22500,TS,automatic,petrol,7935,3
hyderabad,Renault Kwid,2022,506000,25.5K km,25500,TS,automatic,petrol,8616,3
hyderabad,Maruti Swift,2021,742000,21.5K km,21500,TS,automatic,petrol,12635,4
hyderabad,Hyundai Grand i10,2019,544000,60K km,60000,TS,manual,petrol,9264,6
hyderabad,Maruti Alto 800,2022,368000,22.5K km,22500,TS,manual,petrol,6577,3
hyderabad,Honda Amaze,2021,730000,23.5K km,23500,TS,automatic,petrol,12431,4
hyderabad,Honda WR-V,2018,545000,78K km,78000,TS,manual,petrol,9281,7
hyderabad,Hyundai New Santro 1.1,2022,557000,37.5K km,37500,TS,manual,petrol+cng,8892,3
hyderabad,Honda Amaze,2014,384000,115.5K km,115500,AP,manual,petrol,10350,11
hyderabad,Hyundai Santro Xing,2014,248000,127.5K km,127500,TS,manual,petrol,4989,11
hyderabad,Maruti Baleno,2021,626000,51.5K km,51500,TS,automatic,petrol,10660,4
hyderabad,Hyundai Grand i10,2015,361000,141.5K km,141500,AP,manual,diesel,6571,10
hyderabad,Maruti Alto 800,2021,315000,52K km,52000,AP,manual,petrol,5629,4
hyderabad,Maruti Alto K10,2012,207000,69K km,69000,AP,manual,petrol,7872,13
hyderabad,Maruti Ritz,2013,305000,125K km,125000,AP,manual,diesel,7707,12
hyderabad,Maruti S-Presso,2020,365000,61.5K km,61500,TS,manual,petrol,6215,5
hyderabad,Maruti S-Cross,2021,815000,54.5K km,54500,AP,automatic,petrol,13878,4
hyderabad,Maruti Ciaz,2018,849000,70K km,70000,TS,manual,diesel,14457,7
hyderabad,Mahindra TUV300,2016,699000,73K km,73000,TS,manual,diesel,11903,9
hyderabad,Hyundai Grand i10,2015,434000,47K km,47000,TS,automatic,petrol,7899,10
hyderabad,Maruti Alto K10,2016,288000,53.5K km,53500,TS,automatic,petrol,5242,9
hyderabad,Hyundai Elite i20,2017,626000,47K km,47000,TS,manual,petrol,10660,8
hyderabad,Maruti Swift Dzire,2015,467000,57K km,57000,AP,manual,petrol,8500,10
hyderabad,Hyundai New i20,2021,850000,29K km,29000,AP,automatic,petrol,14475,4
hyderabad,Hyundai Grand i10,2016,423000,47K km,47000,AP,manual,petrol,7203,9
hyderabad,Hyundai Elite i20,2017,524000,88.5K km,88500,TS,manual,petrol,8923,8
hyderabad,Hyundai Creta,2018,912000,93K km,93000,AP,manual,diesel,15530,7
hyderabad,Volkswagen Polo,2015,478000,131K km,131000,TS,manual,diesel,6771,10
hyderabad,Hyundai Grand i10,2020,610000,40K km,40000,TS,automatic,petrol,10387,5
hyderabad,Honda Amaze,2022,737000,31.5K km,31500,TS,manual,petrol,12550,3
hyderabad,Toyota Etios,2012,306000,103.5K km,103500,AP,manual,petrol,10910,13
hyderabad,Maruti Wagon R 1.0,2011,196000,125.5K km,125500,AP,manual,petrol,14152,14
hyderabad,Hyundai Creta,2019,1035000,103.5K km,103500,TS,automatic,diesel,17794,6
hyderabad,Hyundai Elite i20,2015,571000,114.5K km,114500,TS,manual,diesel,10393,10
hyderabad,Hyundai i10,2014,266000,71K km,71000,TS,manual,petrol,5708,11
hyderabad,Kia Sonet,2021,990000,101K km,101000,TS,automatic,diesel,16859,4
hyderabad,Honda City,2016,690000,72K km,72000,TS,automatic,petrol,11750,9
hyderabad,Ford Figo Aspire,2020,628000,34K km,34000,AP,manual,petrol,10026,5
hyderabad,Hyundai Creta,2017,939000,87.5K km,87500,TS,manual,diesel,15990,8
hyderabad,Hyundai Creta,2018,1026000,80.5K km,80500,TS,automatic,diesel,17640,7
hyderabad,Datsun Redi-GO,2018,291000,19.5K km,19500,TS,automatic,petrol,7843,7
hyderabad,Skoda Karoq,2020,1869000,46K km,46000,TS,automatic,petrol,32151,5
hyderabad,Renault Kwid,2022,301000,37.5K km,37500,TS,manual,petrol,5125,3
hyderabad,Renault Duster,2017,629000,85K km,85000,TS,automatic,diesel,10711,8
hyderabad,Hyundai Verna,2021,1037000,99.5K km,99500,TS,automatic,petrol,17829,4
hyderabad,Mahindra Thar,2021,1228000,62.5K km,62500,TS,automatic,diesel,21116,4
hyderabad,Maruti S-Cross,2016,624000,135.5K km,135500,AP,manual,diesel,10626,9
hyderabad,Ford EcoSport,2016,609000,59K km,59000,TS,manual,diesel,10370,9
hyderabad,Maruti Baleno,2016,524000,27.5K km,27500,HR,manual,petrol,8923,9
hyderabad,Hyundai Creta,2019,885000,47K km,47000,TS,manual,petrol,15071,6
hyderabad,Maruti Wagon R 1.0,2012,238000,75.5K km,75500,WB,manual,petrol,9231,13
hyderabad,Toyota Yaris,2019,607000,89.5K km,89500,AP,manual,petrol,9690,6
hyderabad,Maruti Ritz,2013,278000,82K km,82000,AP,manual,petrol,7025,12
hyderabad,Ford EcoSport,2018,722000,67K km,67000,AP,manual,diesel,12295,7
hyderabad,Datsun Redi-GO,2020,273000,71K km,71000,TS,manual,petrol,5859,5
hyderabad,Maruti S-Presso,2021,364000,81.5K km,81500,TS,manual,petrol,6198,4
hyderabad,Ford Figo Aspire,2018,441000,106K km,106000,TS,manual,petrol,7040,7
hyderabad,MG Astor,2022,1452000,21.5K km,21500,TS,automatic,petrol,24965,3
hyderabad,Maruti Dzire,2018,755000,79K km,79000,TS,automatic,diesel,12857,7
hyderabad,Maruti Alto 800,2019,317000,58.5K km,58500,TS,manual,petrol,5665,6
hyderabad,Skoda Rapid,2014,465000,142.5K km,142500,TS,manual,diesel,9356,11
hyderabad,Honda Amaze,2015,402000,137.5K km,137500,TS,manual,petrol,7317,10
hyderabad,Tata Altroz,2022,795000,26.5K km,26500,AP,manual,petrol,13538,3
hyderabad,Maruti Swift,2016,457000,72K km,72000,TS,manual,petrol,7782,9
hyderabad,Maruti Dzire,2019,676000,99.5K km,99500,TS,automatic,diesel,11511,6
hyderabad,Honda WR-V,2018,755000,66K km,66000,TS,manual,diesel,12857,7
hyderabad,Volkswagen Vento,2020,845000,101.5K km,101500,TS,manual,diesel,13490,5
hyderabad,Hyundai Grand i10,2018,495000,54K km,54000,AP,manual,petrol,8429,7
hyderabad,Maruti Dzire,2018,644000,96.5K km,96500,TS,automatic,diesel,10966,7
hyderabad,Mahindra Thar,2021,1251000,32K km,32000,AP,automatic,petrol,21506,4
hyderabad,Mahindra XUV500,2020,1355000,60.5K km,60500,TS,manual,diesel,24447,5
hyderabad,Hyundai Xcent,2019,522000,60.5K km,60500,WB,manual,petrol,8333,6
hyderabad,Maruti Dzire,2018,735000,60.5K km,60500,TS,automatic,diesel,12516,7
hyderabad,Datsun GO,2017,248000,92.5K km,92500,TS,manual,petrol,5322,8
hyderabad,Ford Figo Aspire,2020,588000,90.5K km,90500,HR,manual,petrol,9387,5
hyderabad,Hyundai Grand i10,2018,543000,17K km,17000,AP,manual,petrol,9246,7
hyderabad,Volkswagen Polo,2020,580000,47K km,47000,TS,manual,petrol,9259,5
hyderabad,Hyundai Eon,2014,223000,55.5K km,55500,TS,manual,petrol,4486,11
hyderabad,Hyundai Grand i10 Nios,2020,638000,14.5K km,14500,TS,automatic,petrol,10864,5
hyderabad,Maruti Wagon R 1.2,2021,489000,46K km,46000,TS,manual,petrol,8327,4
hyderabad,Kia Sonet,2021,925000,31K km,31000,TS,manual,petrol,15752,4
hyderabad,Hyundai New Santro 1.1,2019,483000,7.5K km,7500,TS,manual,petrol,7711,6
hyderabad,Hyundai Creta,2023,1259000,25K km,25000,TS,manual,petrol,21652,2
hyderabad,MG Hector Plus,2021,1482000,22K km,22000,TS,automatic,petrol,25487,4
hyderabad,Volkswagen Virtus,2024,1468000,27K km,27000,TS,manual,petrol,25247,1
hyderabad,Maruti Vitara Brezza,2022,842000,23K km,23000,TS,manual,petrol,14338,3
hyderabad,Hyundai i20,2013,359000,52K km,52000,AP,manual,petrol,9676,12
hyderabad,Jeep Compass,2021,2000000,31K km,31000,TS,automatic,diesel,34397,4
hyderabad,Honda Amaze,2015,382000,66K km,66000,TS,manual,petrol,8198,10
hyderabad,Mahindra XUV 300,2022,932000,20.5K km,20500,TS,manual,petrol,15871,3
hyderabad,Hyundai New i20,2021,756000,39.5K km,39500,TS,manual,petrol,12874,4
hyderabad,Hyundai New i20,2021,759000,33K km,33000,TS,manual,petrol,12925,4
hyderabad,Mahindra XUV 3XO,2024,1139000,10.5K km,10500,TG,automatic,petrol,19588,1
hyderabad,Kia Carens,2022,1539000,43K km,43000,TS,automatic,petrol,26467,3
hyderabad,Renault Kwid,2018,372000,29.5K km,29500,TS,automatic,petrol,6334,7
hyderabad,Maruti Celerio,2023,598000,21.5K km,21500,TS,manual,petrol,10183,2
hyderabad,Volkswagen Virtus,2022,1482000,24K km,24000,TS,automatic,petrol,25487,3
hyderabad,Hyundai Elite i20,2019,710000,64.5K km,64500,TS,automatic,petrol,12090,6
hyderabad,Ford Figo Aspire,2016,351000,50.5K km,50500,TS,manual,diesel,5989,9
hyderabad,BMW X1,2020,2600000,35K km,35000,TS,automatic,diesel,44716,5
hyderabad,Honda Brio,2012,312000,20K km,20000,AP,manual,petrol,11124,13
hyderabad,Volkswagen Taigun,2021,1032000,86K km,86000,TS,manual,petrol,17747,4
hyderabad,Maruti XL6,2019,862000,96.5K km,96500,TS,automatic,petrol,14679,6
hyderabad,Hyundai Eon,2014,224000,57.5K km,57500,AP,manual,petrol,4507,11
hyderabad,Ford Figo Aspire,2019,479000,58.5K km,58500,TS,manual,petrol,7647,6
hyderabad,Maruti Dzire,2020,751000,95K km,95000,TS,manual,diesel,12789,5
hyderabad,Maruti XL6,2020,858000,103.5K km,103500,TS,automatic,petrol,14611,5
mumbai,Toyota Etios Cross,2015,368000,57K km,57000,MH,manual,petrol,6698,10
mumbai,Hyundai New Santro 1.1,2021,526000,29.5K km,29500,MH,manual,petrol+cng,8397,4
mumbai,Honda Jazz,2018,568000,42.5K km,42500,MH,manual,diesel,9068,7
mumbai,Maruti Dzire,2022,647000,25.5K km,25500,MH,manual,petrol,11018,3
mumbai,Mahindra Marazzo,2019,859000,29.5K km,29500,MH,manual,diesel,14628,6
mumbai,Honda Amaze,2018,572000,48.5K km,48500,MH,automatic,petrol,9740,7
mumbai,Hyundai Elite i20,2017,507000,39K km,39000,MH,manual,petrol,8633,8
mumbai,Tata Altroz,2021,689000,17K km,17000,MH,manual,petrol,11733,4
mumbai,Volkswagen Virtus,2023,1039000,7K km,7000,MH,manual,petrol,17868,2
mumbai,Honda City,2018,831000,46.5K km,46500,MH,automatic,petrol,14151,7
mumbai,Maruti Ciaz,2020,839000,14K km,14000,MH,manual,petrol,14287,5
mumbai,Kia Seltos,2019,1285000,43K km,43000,MH,automatic,petrol,22099,6
mumbai,Honda Amaze,2016,432000,43.5K km,43500,MH,automatic,petrol,7356,9
mumbai,Tata Altroz,2020,498000,51K km,51000,MH,manual,petrol,8480,5
mumbai,Volkswagen Vento,2013,331000,29.5K km,29500,MH,manual,petrol,8364,12
mumbai,Tata Tigor,2018,364000,27.5K km,27500,MH,manual,petrol,6198,7
mumbai,Maruti S-Cross,2022,996000,20.5K km,20500,MH,automatic,petrol,16961,3
mumbai,Maruti Ignis,2019,442000,93.5K km,93500,MH,manual,petrol,7527,6
mumbai,Maruti Wagon R 1.0,2012,250000,16K km,16000,MH,manual,petrol,9697,13
mumbai,Jeep Compass,2018,975000,33K km,33000,MH,manual,petrol,16603,7
mumbai,Jeep Compass,2017,900000,45.5K km,45500,MH,manual,diesel,15326,8
mumbai,BMW 3 Series,2016,1370000,55K km,55000,MH,automatic,diesel,23561,9
mumbai,Maruti S-Presso,2020,446000,28.5K km,28500,MH,manual,petrol+cng,7595,5
mumbai,Honda City,2017,648000,33K km,33000,MH,manual,petrol,11035,8
mumbai,Honda City,2021,1219000,25K km,25000,MH,automatic,petrol,20964,4
mumbai,Hyundai New Santro 1.1,2019,349000,50K km,50000,MH,manual,petrol,5571,6
mumbai,Hyundai Aura,2021,612000,49.5K km,49500,MH,manual,petrol+cng,10422,4
mumbai,Volkswagen Ameo,2019,534000,11.5K km,11500,MH,manual,petrol,8525,6
mumbai,Hyundai Elite i20,2019,532000,81.5K km,81500,MH,manual,petrol,9059,6
mumbai,Tata Nexon,2020,862000,60K km,60000,MH,automatic,petrol,14679,5
mumbai,Hyundai Creta,2019,931000,72.5K km,72500,MH,manual,petrol,15854,6
mumbai,Tata Nexon,2022,997000,19K km,19000,MH,manual,petrol,16978,3
mumbai,Tata Altroz,2023,859000,9.5K km,9500,MH,manual,petrol,14628,2
mumbai,Maruti Baleno,2020,629000,38K km,38000,MH,manual,petrol,10711,5
mumbai,Maruti Wagon R 1.0,2013,254000,52.5K km,52500,MH,manual,petrol,7043,12
mumbai,Hyundai Elite i20,2015,412000,95.5K km,95500,MH,manual,petrol,7499,10
mumbai,Hyundai Xcent,2015,402000,50.5K km,50500,MH,manual,petrol,6860,10
mumbai,Honda Jazz,2017,442000,56K km,56000,MH,manual,petrol,7056,8
mumbai,Hyundai Creta,2019,770000,101.5K km,101500,MH,manual,petrol,13112,6
mumbai,Maruti Wagon R 1.0,2015,287000,79K km,79000,MH,manual,petrol,5462,10
mumbai,Mercedes GLA,2015,1580000,46.5K km,46500,MH,automatic,petrol,29044,10
mumbai,BMW X1,2017,1970000,33.5K km,33500,MH,automatic,diesel,33881,8
mumbai,Hyundai Grand i10 Nios,2023,654000,10K km,10000,MH,manual,petrol,11137,2
mumbai,Toyota Urban Cruiser,2022,820000,32K km,32000,MH,manual,petrol,13964,3
mumbai,Maruti Swift,2017,441000,44K km,44000,MH,manual,petrol,7509,8
mumbai,Hyundai Xcent,2019,538000,25K km,25000,MH,manual,petrol,8589,6
mumbai,Hyundai Creta,2018,998000,13K km,13000,MH,manual,petrol,16995,7
mumbai,Hyundai Venue,2020,850000,51K km,51000,MH,automatic,petrol,14475,5
mumbai,Maruti Wagon R 1.0,2023,571000,4.5K km,4500,MH,manual,petrol,10205,2
mumbai,Maruti Baleno,2017,527000,22K km,22000,MH,manual,petrol,8974,8
mumbai,Honda Civic,2019,1229000,26K km,26000,MH,automatic,petrol,21135,6
mumbai,Hyundai New Santro 1.1,2019,437000,59K km,59000,MH,manual,petrol+cng,6976,6
mumbai,Maruti Wagon R 1.0,2023,558000,13.5K km,13500,MH,manual,petrol,9972,2
mumbai,Maruti Baleno,2015,517000,27.5K km,27500,MH,manual,petrol,9410,10
mumbai,Maruti Dzire,2017,564000,30K km,30000,MH,automatic,petrol,9604,8
mumbai,Hyundai Elite i20,2018,511000,54K km,54000,MH,manual,petrol,8702,7
mumbai,Skoda Superb,2018,1249000,23.5K km,23500,MH,automatic,petrol,22542,7
mumbai,Hyundai Creta,2017,692000,45.5K km,45500,MH,automatic,petrol,11784,8
mumbai,Honda WR-V,2017,578000,72K km,72000,MH,manual,petrol,9843,8
mumbai,Toyota Corolla Altis,2014,585000,110K km,110000,MH,automatic,petrol,12555,11
mumbai,Maruti Wagon R 1.0,2012,254000,36.5K km,36500,MH,manual,petrol,9852,13
mumbai,BMW 3 Series GT,2018,2700000,42K km,42000,MH,automatic,diesel,46436,7
mumbai,Hyundai New i20,2021,797000,36.5K km,36500,MH,automatic,petrol,13572,4
mumbai,Maruti Ciaz,2022,905000,42.5K km,42500,MH,automatic,petrol,15411,3
mumbai,Maruti Dzire,2019,612000,29.5K km,29500,MH,manual,petrol,10422,6
mumbai,Maruti Ciaz,2016,543000,42.5K km,42500,MH,manual,petrol,9246,9
mumbai,Hyundai Grand i10,2015,370000,52.5K km,52500,MH,manual,petrol,6734,10
mumbai,Kia Seltos,2020,1139000,74.5K km,74500,MH,automatic,petrol,19588,5
mumbai,Honda Jazz,2017,511000,42K km,42000,MH,automatic,petrol,8158,8
mumbai,Hyundai Grand i10,2016,408000,47K km,47000,MH,manual,petrol,6948,9
mumbai,Maruti Baleno,2022,768000,41.5K km,41500,MH,manual,petrol,13078,3
mumbai,Maruti Dzire,2019,576000,22.5K km,22500,MH,automatic,petrol,9808,6
mumbai,Maruti Ignis,2017,479000,52K km,52000,MH,automatic,petrol,8157,8
mumbai,Hyundai New i20,2021,714000,37K km,37000,MH,manual,petrol,12159,4
mumbai,Tata Altroz,2023,919000,2.5K km,2500,MH,automatic,petrol,15650,2
mumbai,Renault Kwid,2017,253000,45K km,45000,MH,manual,petrol,4308,8
mumbai,Honda City,2016,593000,46K km,46000,MH,automatic,petrol,10098,9
mumbai,Hyundai Verna,2014,455000,65.5K km,65500,MH,manual,petrol,9765,11
mumbai,Maruti Wagon R 1.0,2011,234000,56.5K km,56500,MH,manual,petrol,16896,14
mumbai,Honda City,2015,491000,47.5K km,47500,MH,manual,petrol,8937,10
mumbai,Honda BR-V,2017,632000,92K km,92000,MH,automatic,petrol,10762,8
mumbai,Mercedes CLA,2018,2050000,45K km,45000,MH,automatic,diesel,35256,7
mumbai,Tata Altroz,2022,728000,16.5K km,16500,MH,manual,petrol,12397,3
mumbai,MG Hector,2021,1429000,60K km,60000,MH,automatic,petrol,24575,4
mumbai,Toyota Glanza,2020,678000,37K km,37000,MH,automatic,petrol,11545,5
mumbai,Maruti Swift,2016,436000,65K km,65000,MH,manual,petrol,7424,9
mumbai,Hyundai Grand i10 Nios,2021,702000,15K km,15000,MH,automatic,petrol,11954,4
mumbai,Honda WR-V,2022,768000,11K km,11000,MH,manual,petrol,13078,3
mumbai,Honda Amaze,2021,798000,17K km,17000,MH,automatic,petrol,13589,4
mumbai,Hyundai Verna,2021,1229000,44K km,44000,MH,automatic,petrol,21136,4
mumbai,Mahindra Bolero Neo,2022,1037000,10.5K km,10500,MH,manual,diesel,17834,3
mumbai,Hyundai New Santro 1.1,2020,503000,21K km,21000,MH,manual,petrol+cng,8030,5
mumbai,Hyundai Grand i10,2016,366000,27K km,27000,MH,manual,petrol,6232,9
mumbai,Tata Nexon,2021,971000,2K km,2000,MH,manual,petrol,16535,4
mumbai,Maruti Baleno,2016,533000,34K km,34000,MH,manual,petrol,9076,9
mumbai,Honda Brio,2013,259000,30K km,30000,MH,automatic,petrol,6545,12
mumbai,Honda City,2017,582000,62.5K km,62500,MH,manual,petrol,9911,8
mumbai,Renault Duster,2018,598000,97.5K km,97500,MH,automatic,petrol,10183,7
mumbai,Honda City,2015,558000,60.5K km,60500,MH,automatic,petrol,10156,10
mumbai,Maruti Ciaz,2016,528000,96K km,96000,MH,automatic,petrol,8991,9
mumbai,Hyundai Elite i20,2015,384000,68.5K km,68500,MH,manual,petrol,6989,10
mumbai,Maruti Celerio,2014,281000,66K km,66000,MH,manual,petrol,6030,11
mumbai,Honda WR-V,2018,651000,61K km,61000,MH,manual,petrol,11086,7
mumbai,Maruti Swift Dzire,2016,473000,34.5K km,34500,MH,manual,petrol,8054,9
mumbai,Volkswagen Polo,2016,440000,70K km,70000,MH,manual,petrol,7024,9
mumbai,Hyundai New Santro 1.1,2019,460000,24.5K km,24500,MH,manual,petrol+cng,7343,6
mumbai,Maruti Wagon R 1.0,2014,307000,67.5K km,67500,MH,manual,petrol+cng,6588,11
mumbai,Hyundai New Santro 1.1,2021,524000,42K km,42000,MH,manual,petrol+cng,8365,4
mumbai,Hyundai Verna,2019,797000,57K km,57000,MH,automatic,petrol,13572,6
mumbai,Toyota Camry,2014,798000,71.5K km,71500,MH,automatic,petrol,17126,11
mumbai,Maruti Dzire,2019,602000,25.5K km,25500,MH,automatic,petrol,10251,6
mumbai,Renault Kwid,2017,298000,48.5K km,48500,MH,manual,petrol,5074,8
mumbai,Maruti XL6,2022,1139000,35.5K km,35500,MH,automatic,petrol,19588,3
mumbai,Mahindra XUV 300,2023,875000,18.5K km,18500,MH,manual,petrol,14900,2
mumbai,Hyundai New Santro 1.1,2019,432000,53K km,53000,MH,manual,petrol+cng,6896,6
mumbai,Honda Amaze,2015,418000,28.5K km,28500,MH,manual,petrol,7608,10
mumbai,Maruti S-Presso,2022,444000,60.5K km,60500,MH,manual,petrol+cng,7561,3
mumbai,Skoda Kushaq,2021,1259000,43.5K km,43500,MH,automatic,petrol,21652,4
mumbai,Hyundai Creta,2018,864000,98.5K km,98500,MH,manual,petrol,14713,7
mumbai,Kia Sonet,2021,1006000,36.5K km,36500,MH,automatic,diesel,17132,4
mumbai,Hyundai Grand i10 Nios,2020,545000,95.5K km,95500,MH,manual,petrol+cng,9281,5
mumbai,Renault Kwid,2018,299000,26.5K km,26500,MH,manual,petrol,5091,7
mumbai,Hyundai Creta,2020,1085000,35K km,35000,MH,automatic,petrol,18660,5
mumbai,Maruti Celerio,2020,497000,12.5K km,12500,MH,automatic,petrol,8463,5
mumbai,Hyundai Elite i20,2016,452000,50.5K km,50500,MH,manual,petrol,7697,9
mumbai,Maruti Celerio,2020,480000,37K km,37000,MH,automatic,petrol,8174,5
mumbai,Volkswagen Tiguan,2018,1549000,64K km,64000,MH,automatic,diesel,26640,7
mumbai,Maruti Celerio,2022,542000,23.5K km,23500,MH,manual,petrol+cng,9229,3
mumbai,Mahindra XUV700,2022,1629000,13K km,13000,MH,manual,petrol,28016,3
mumbai,Hyundai New i20,2020,678000,34K km,34000,MH,manual,petrol,11545,5
mumbai,Honda City,2018,848000,40.5K km,40500,MH,automatic,petrol,14440,7
mumbai,Volkswagen Vento,2021,967000,29.5K km,29500,MH,automatic,petrol,15438,4
mumbai,Maruti Swift,2021,622000,13K km,13000,MH,manual,petrol,10592,4
mumbai,Maruti S-Cross,2021,878000,42.5K km,42500,MH,automatic,petrol,14951,4
mumbai,Kia Seltos,2021,1265000,13K km,13000,MH,manual,petrol,21755,4
mumbai,Maruti Dzire,2023,719000,13K km,13000,MH,manual,petrol,12244,2
mumbai,Renault Kwid,2016,235000,20.5K km,20500,MH,manual,petrol,4001,9
mumbai,Honda City,2016,573000,62K km,62000,MH,automatic,petrol,9757,9
mumbai,Tata Nexon,2021,846000,72K km,72000,MH,automatic,petrol,14406,4
mumbai,Toyota Corolla Altis,2015,589000,74K km,74000,MH,manual,petrol,10721,10
mumbai,Maruti Baleno,2018,464000,34.5K km,34500,MH,automatic,petrol,7901,7
mumbai,Maruti Wagon R 1.0,2011,215000,44.5K km,44500,MH,manual,petrol,15524,14
mumbai,Maruti Swift,2023,712000,15K km,15000,MH,automatic,petrol,12124,2
mumbai,Maruti Brezza,2022,1032000,14.5K km,14500,MH,manual,petrol,17747,3
mumbai,Honda City,2022,1195000,15K km,15000,MH,manual,petrol,20551,3
mumbai,Honda Jazz,2020,799000,31K km,31000,MH,automatic,petrol,12756,5
mumbai,Honda Amaze,2019,656000,36K km,36000,MH,automatic,petrol,11171,6
mumbai,Hyundai Grand i10,2018,459000,76.5K km,76500,MH,manual,diesel,7816,7
mumbai,Honda City,2021,1078000,9K km,9000,MH,manual,petrol,18538,4
mumbai,Honda Amaze,2021,792000,12K km,12000,MH,automatic,petrol,13487,4
mumbai,Nissan Magnite,2022,634000,24.5K km,24500,MH,manual,petrol,10796,3
mumbai,Hyundai Grand i10,2018,553000,13.5K km,13500,MH,automatic,petrol,9417,7
mumbai,Hyundai Creta,2017,712000,54K km,54000,MH,manual,petrol,12124,8
mumbai,Maruti Dzire,2018,564000,28K km,28000,MH,manual,petrol,9604,7
mumbai,Maruti Baleno,2018,584000,33K km,33000,MH,automatic,petrol,9945,7
mumbai,Maruti Dzire,2021,634000,44.5K km,44500,MH,automatic,petrol,10796,4
mumbai,Maruti Ciaz,2015,472000,108K km,108000,MH,automatic,petrol,8591,10
mumbai,Maruti Baleno,2021,642000,33K km,33000,MH,manual,petrol,10932,4
mumbai,Maruti Baleno,2018,521000,107K km,107000,MH,manual,petrol,8872,7
mumbai,Tata Harrier,2021,1378000,93K km,93000,MH,automatic,diesel,23697,4
mumbai,Ford EcoSport,2015,380000,38K km,38000,MH,manual,diesel,8155,10
mumbai,Toyota Etios Liva,2013,296000,34.5K km,34500,MH,manual,petrol,7480,12
mumbai,Tata Nexon,2021,856000,44K km,44000,MH,manual,petrol,14577,4
mumbai,Renault Triber,2020,598000,49K km,49000,MH,automatic,petrol,10183,5
mumbai,Hyundai Venue,2020,895000,36.5K km,36500,MH,manual,petrol,15241,5
mumbai,Hyundai Venue,2021,759000,25K km,25000,MH,manual,petrol,12925,4
mumbai,Maruti Alto 800,2021,372000,22K km,22000,MH,manual,petrol,6648,4
mumbai,Maruti Celerio,2022,582000,5.5K km,5500,MH,manual,petrol+cng,9911,3
mumbai,Maruti Alto K10,2017,312000,19K km,19000,MH,manual,petrol,5313,8
mumbai,Volkswagen Vento,2016,463000,74K km,74000,MH,manual,petrol,7391,9
mumbai,Toyota Glanza,2023,837000,8.5K km,8500,MH,automatic,petrol,14253,2
mumbai,Renault Duster,2018,697000,33K km,33000,MH,automatic,petrol,11869,7
mumbai,Honda City,2015,612000,38.5K km,38500,MH,automatic,petrol,11139,10
mumbai,Hyundai Aura,2023,768000,15.5K km,15500,MH,automatic,petrol,13078,2
mumbai,Honda City,2020,1129000,31K km,31000,MH,automatic,petrol,19416,5
mumbai,Hyundai Grand i10,2018,464000,40K km,40000,MH,automatic,petrol,7901,7
mumbai,Maruti Ignis,2017,469000,42.5K km,42500,MH,automatic,petrol,7986,8
mumbai,Skoda Rapid New,2017,498000,64K km,64000,MH,automatic,petrol,8480,8
mumbai,Hyundai i20,2011,215000,44.5K km,44500,MH,manual,petrol,15362,14
mumbai,Hyundai Grand i10,2018,418000,29.5K km,29500,MH,manual,petrol,7118,7
mumbai,Hyundai Xcent,2020,454000,68.5K km,68500,MH,manual,petrol,7248,5
mumbai,Volkswagen Ameo,2017,389000,95.5K km,95500,MH,manual,petrol,6210,8
mumbai,Maruti Alto 800,2019,327000,49K km,49000,MH,manual,petrol,5844,6
mumbai,Maruti Ignis,2019,511000,48.5K km,48500,MH,automatic,petrol,8702,6
mumbai,Maruti Baleno,2017,588000,43.5K km,43500,MH,manual,diesel,10013,8
mumbai,Hyundai New i20,2020,812000,63.5K km,63500,MH,automatic,petrol,13827,5
mumbai,Hyundai Grand i10,2015,334000,72.5K km,72500,MH,manual,petrol,6079,10
mumbai,Renault Kwid,2019,310000,68.5K km,68500,MH,manual,petrol,5279,6
mumbai,Hyundai Grand i10,2018,464000,36.5K km,36500,MH,manual,petrol,7901,7
mumbai,Toyota Glanza,2020,658000,30K km,30000,MH,automatic,petrol,11205,5
mumbai,Maruti Wagon R 1.2,2024,681000,0.5K km,500,MH,manual,petrol,11597,1
mumbai,Honda City,2019,897000,41K km,41000,MH,automatic,petrol,15275,6
mumbai,Maruti Baleno,2019,573000,44K km,44000,MH,manual,petrol,9757,6
mumbai,Tata Harrier,2019,1229000,27K km,27000,MH,manual,diesel,21135,6
mumbai,Honda BR-V,2017,658000,61.5K km,61500,MH,automatic,petrol,11205,8
mumbai,Maruti Swift,2021,712000,30.5K km,30500,MH,manual,petrol,12124,4
mumbai,Maruti Ciaz,2018,668000,34K km,34000,MH,automatic,petrol,11375,7
mumbai,Hyundai i20 Active,2016,431000,105K km,105000,MH,manual,petrol,7339,9
mumbai,Hyundai Grand i10,2018,450000,48.5K km,48500,MH,automatic,petrol,7663,7
mumbai,Nissan Magnite,2021,485000,14K km,14000,MH,manual,petrol,8259,4
mumbai,Honda City,2016,474000,82K km,82000,MH,manual,petrol,8071,9
mumbai,Hyundai Elite i20,2014,373000,51.5K km,51500,MH,manual,petrol,8005,11
mumbai,Hyundai Grand i10 Nios,2020,559000,23K km,23000,MH,manual,petrol,9519,5
mumbai,Maruti S-Presso,2020,398000,38.5K km,38500,MH,manual,petrol,6777,5
mumbai,Renault Triber,2021,641000,21K km,21000,MH,manual,petrol,10915,4
mumbai,Maruti Baleno,2017,523000,34.5K km,34500,MH,manual,petrol,8906,8
mumbai,Maruti Dzire,2017,543000,19K km,19000,MH,automatic,petrol,9246,8
mumbai,Tata Tigor,2021,571000,20.5K km,20500,MH,automatic,petrol,9723,4
mumbai,MG Astor,2022,1205000,35K km,35000,MH,manual,petrol,20724,3
mumbai,Hyundai Grand i10,2018,509000,27.5K km,27500,MH,manual,petrol,8667,7
mumbai,Hyundai Elite i20,2018,628000,17K km,17000,MH,automatic,petrol,10694,7
mumbai,Honda City,2020,997000,19K km,19000,MH,automatic,petrol,16978,5
mumbai,Toyota Glanza,2022,819000,19.5K km,19500,MH,manual,petrol,13947,3
mumbai,Hyundai Creta,2019,1059000,85.5K km,85500,MH,automatic,diesel,18212,6
mumbai,Maruti Celerio,2020,511000,16K km,16000,MH,automatic,petrol,8702,5
mumbai,Hyundai New Santro 1.1,2019,421000,74.5K km,74500,MH,manual,petrol+cng,6721,6
mumbai,Hyundai i10,2011,225000,45K km,45000,MH,manual,petrol,16077,14
mumbai,Hyundai Grand i10,2013,318000,51.5K km,51500,MH,manual,petrol,8571,12
mumbai,Hyundai i10,2013,221000,77K km,77000,MH,manual,petrol,5957,12
mumbai,Maruti Baleno,2021,656000,68K km,68000,MH,automatic,petrol,11171,4
mumbai,Renault Kwid,2017,302000,24.5K km,24500,MH,automatic,petrol,5142,8
mumbai,Hyundai i20,2011,225000,55.5K km,55500,MH,manual,petrol,16077,14
mumbai,Renault Triber,2022,612000,39K km,39000,MH,manual,petrol,10422,3
mumbai,Volkswagen Vento,2016,499000,75K km,75000,MH,manual,petrol,7966,9
mumbai,Tata Nexon,2022,795000,29.5K km,29500,MH,manual,petrol,13538,3
mumbai,Maruti Alto 800,2022,389000,9.5K km,9500,MH,manual,petrol,6952,3
mumbai,Hyundai Grand i10,2018,445000,25.5K km,25500,MH,manual,petrol,7578,7
mumbai,Maruti Ignis,2018,423000,7.5K km,7500,MH,manual,petrol,7203,7
mumbai,Honda Amaze,2020,753000,13.5K km,13500,MH,automatic,petrol,12823,5
mumbai,Tata Harrier,2022,1729000,25.5K km,25500,MH,manual,diesel,29734,3
mumbai,Skoda Kushaq,2021,1159000,29.5K km,29500,MH,automatic,petrol,19932,4
mumbai,Maruti Ciaz,2018,649000,51.5K km,51500,MH,automatic,petrol,11052,7
mumbai,Maruti Alto 800,2021,380000,30.5K km,30500,MH,manual,petrol,6791,4
mumbai,Maruti Alto 800,2018,294000,30K km,30000,MH,manual,petrol,5254,7
mumbai,Maruti Alto 800,2022,377000,12.5K km,12500,MH,manual,petrol,6737,3
mumbai,Maruti Alto 800,2017,268000,42.5K km,42500,MH,manual,petrol,4789,8
mumbai,Volkswagen Polo,2015,375000,36K km,36000,MH,manual,petrol,6399,10
mumbai,Maruti Alto K10,2015,248000,37K km,37000,MH,manual,petrol,4514,10
mumbai,Honda Amaze,2013,334000,56K km,56000,MH,manual,petrol,9003,12
mumbai,Skoda Fabia,2013,248000,83K km,83000,MH,manual,petrol,6267,12
mumbai,Maruti S-Cross,2015,509000,96.5K km,96500,MH,manual,diesel,9265,10
mumbai,Hyundai Verna,2012,366000,66K km,66000,MH,manual,petrol,13920,13
mumbai,Hyundai Elite i20,2016,489000,31K km,31000,MH,manual,petrol,8327,9
mumbai,Mahindra XUV500,2021,1168000,55K km,55000,MH,manual,diesel,21082,4
mumbai,Hyundai Venue,2021,866000,29.5K km,29500,MH,manual,petrol,14747,4
mumbai,Maruti Alto K10,2023,528000,5.5K km,5500,MH,automatic,petrol,8991,2
mumbai,Maruti S-Presso,2020,446000,8K km,8000,MH,automatic,petrol,7595,5
mumbai,Toyota Glanza,2019,653000,42K km,42000,MH,automatic,petrol,11120,6
mumbai,Hyundai Grand i10 Nios,2020,538000,44.5K km,44500,MH,manual,petrol,9161,5
mumbai,Maruti Swift,2020,598000,19.5K km,19500,MH,automatic,petrol,10183,5
mumbai,Hyundai Creta,2015,755000,73.5K km,73500,MH,manual,diesel,13742,10
mumbai,Hyundai Creta,2018,910000,65.5K km,65500,MH,automatic,petrol,15496,7
mumbai,Maruti Swift,2020,597000,15.5K km,15500,MH,automatic,petrol,10166,5
mumbai,Maruti Alto 800,2020,342000,67K km,67000,MH,manual,petrol+cng,6118,5
mumbai,Maruti Alto 800,2022,411000,3K km,3000,MH,manual,petrol,7345,3
mumbai,Hyundai Venue,2021,917000,47.5K km,47500,MH,manual,petrol,15615,4
mumbai,Ford Fiesta,2012,277000,26.5K km,26500,MH,manual,petrol,18702,13
mumbai,Hyundai New i20,2021,762000,66K km,66000,MH,automatic,petrol,12976,4
mumbai,Mahindra Thar,2022,1349000,33K km,33000,MH,automatic,petrol,23200,3
mumbai,Hyundai Xcent,2014,299000,78K km,78000,MH,manual,petrol,6016,11
mumbai,Hyundai Grand i10,2013,321000,68K km,68000,MH,manual,petrol,8652,12
mumbai,Renault Kwid,2016,244000,27.5K km,27500,MH,manual,petrol,4155,9
mumbai,Honda Amaze,2022,839000,22.5K km,22500,MH,automatic,petrol,14287,3
mumbai,Nissan Magnite,2021,546000,28K km,28000,MH,manual,petrol,9298,4
mumbai,Maruti S-Presso,2022,494000,25K km,25000,MH,manual,petrol+cng,8412,3
mumbai,Hyundai New Santro 1.1,2019,425000,47.5K km,47500,MH,manual,petrol+cng,6785,6
mumbai,Maruti Swift,2023,667000,12.5K km,12500,MH,manual,petrol,11358,2
mumbai,Toyota Camry,2017,1459000,50.5K km,50500,MH,automatic,petrol,25091,8
mumbai,Maruti Baleno,2016,436000,51.5K km,51500,MH,manual,petrol,7424,9
mumbai,Hyundai New Santro 1.1,2022,538000,34.5K km,34500,MH,automatic,petrol,8589,3
mumbai,Renault Kwid,2022,464000,32.5K km,32500,MH,manual,petrol,7901,3
mumbai,Maruti Ciaz,2017,604000,74.5K km,74500,MH,automatic,petrol,10285,8
mumbai,Maruti Alto 800,2019,319000,35.5K km,35500,MH,manual,petrol+cng,5701,6
mumbai,Maruti S-Presso,2021,459000,4K km,4000,MH,automatic,petrol,7816,4
mumbai,Renault Kwid,2019,371000,6K km,6000,MH,automatic,petrol,6317,6
mumbai,Maruti Ciaz,2022,938000,10.5K km,10500,MH,manual,petrol,15973,3
mumbai,Hyundai Verna,2014,452000,108.5K km,108500,MH,automatic,petrol,9700,11
mumbai,Hyundai Creta,2016,712000,82K km,82000,MH,manual,petrol,12124,9
mumbai,Ford Figo,2012,215000,58K km,58000,MH,manual,petrol,9698,13
mumbai,Hyundai Grand i10,2018,412000,51.5K km,51500,MH,manual,petrol,7016,7
mumbai,Tata Nexon,2019,766000,35.5K km,35500,MH,automatic,petrol,13044,6
mumbai,Volkswagen Ameo,2017,524000,116K km,116000,MH,automatic,diesel,8365,8
mumbai,Skoda Kushaq,2021,1369000,35K km,35000,MH,manual,petrol,23550,4
mumbai,Maruti Ciaz,2018,627000,53.5K km,53500,MH,automatic,petrol,10677,7
mumbai,Maruti Celerio,2019,437000,76K km,76000,MH,automatic,petrol,7441,6
mumbai,Maruti Alto 800,2014,237000,23.5K km,23500,MH,manual,petrol,5276,11
mumbai,Honda City,2019,741000,32.5K km,32500,MH,manual,petrol,12618,6
mumbai,Maruti S-Presso,2021,385000,22.5K km,22500,MH,manual,petrol,6556,4
mumbai,Honda City,2017,632000,50.5K km,50500,MH,manual,petrol,10762,8
mumbai,Datsun Redi-GO,2018,229000,14K km,14000,MH,manual,petrol,6172,7
mumbai,Maruti Ciaz,2018,719000,51K km,51000,MH,automatic,petrol,12244,7
mumbai,Ford EcoSport,2016,529000,55.5K km,55500,MH,manual,petrol,9008,9
mumbai,Tata Nexon,2021,975000,22K km,22000,MH,manual,petrol+cng,16603,4
mumbai,Tata Nexon,2021,995000,41K km,41000,MH,manual,diesel,16944,4
mumbai,Maruti S-Cross,2016,514000,85.5K km,85500,MH,manual,diesel,8753,9
mumbai,Maruti Celerio,2023,561000,7.5K km,7500,MH,manual,petrol,9553,2
mumbai,Toyota Etios Liva,2012,274000,51.5K km,51500,MH,manual,petrol,9769,13
mumbai,Honda City,2013,357000,58.5K km,58500,MH,automatic,petrol,9622,12
mumbai,Hyundai Creta,2016,743000,116.5K km,116500,MH,automatic,petrol,12652,9
mumbai,Volkswagen Polo,2015,419000,106.5K km,106500,MH,manual,diesel,7150,10
mumbai,Toyota Etios,2011,254000,32K km,32000,MH,manual,petrol,17014,14
mumbai,Hyundai Venue,2019,814000,42.5K km,42500,MH,automatic,petrol,13861,6
mumbai,Hyundai Venue,2022,899000,35.5K km,35500,MH,manual,petrol,15309,3
mumbai,Hyundai Elite i20,2018,502000,46K km,46000,MH,manual,petrol,8548,7
mumbai,Maruti Baleno,2019,565000,74.5K km,74500,MH,automatic,petrol,9621,6
mumbai,Toyota Urban Cruiser,2022,912000,10K km,10000,MH,automatic,petrol,15530,3
mumbai,Honda City,2015,552000,64K km,64000,MH,automatic,petrol,10047,10
mumbai,Renault Kiger,2022,669000,37K km,37000,MH,manual,petrol,11392,3
mumbai,Hyundai New Santro 1.1,2019,433000,8.5K km,8500,MH,manual,petrol,6912,6
mumbai,Hyundai Grand i10,2017,512000,26.5K km,26500,MH,automatic,petrol,8719,8
mumbai,Volkswagen Ameo,2017,607000,39K km,39000,MH,automatic,diesel,9690,8
mumbai,Hyundai Creta,2015,768000,68.5K km,68500,MH,manual,diesel,13979,10
mumbai,Hyundai Grand i10 Nios,2020,535000,41.5K km,41500,MH,manual,petrol,9110,5
mumbai,Maruti Alto 800,2021,341000,14K km,14000,MH,manual,petrol,6094,4
mumbai,Hyundai New Santro 1.1,2020,421000,84.5K km,84500,MH,manual,petrol+cng,6721,5
mumbai,Hyundai New Santro 1.1,2021,513000,36K km,36000,MH,manual,petrol+cng,8190,4
mumbai,Skoda Octavia,2015,795000,54.5K km,54500,MH,automatic,petrol,14470,10
mumbai,Skoda Rapid,2016,494000,74K km,74000,MH,automatic,diesel,7886,9
mumbai,Hyundai Elite i20,2016,383000,40K km,40000,MH,manual,petrol,6522,9
mumbai,Maruti Alto K10,2015,239000,101.5K km,101500,MH,manual,petrol,4350,10
mumbai,Maruti Ciaz,2017,559000,96K km,96000,MH,automatic,petrol,9519,8
mumbai,Maruti Celerio,2014,298000,56K km,56000,MH,automatic,petrol,6395,11
mumbai,Tata Nexon,2019,736000,70.5K km,70500,MH,automatic,petrol,12533,6
mumbai,Volkswagen Ameo,2016,519000,72K km,72000,MH,automatic,diesel,8285,9
mumbai,Skoda Rapid New,2019,680000,35.5K km,35500,MH,automatic,petrol,11580,6
mumbai,Maruti Ignis,2017,479000,31.5K km,31500,MH,manual,petrol,8157,8
mumbai,Maruti Wagon R 1.0,2022,532000,7K km,7000,MH,manual,petrol,9508,3
mumbai,Volkswagen Ameo,2016,412000,33K km,33000,MH,manual,petrol,6577,9
mumbai,Maruti XL6,2022,1159000,28.5K km,28500,MH,manual,petrol,19932,3
mumbai,Hyundai Aura,2020,668000,32K km,32000,MH,automatic,petrol,11375,5
mumbai,Hyundai Grand i10,2015,364000,76K km,76000,MH,manual,petrol,6625,10
mumbai,Maruti Ertiga,2017,832000,29.5K km,29500,MH,manual,petrol,14168,8
mumbai,Tata Tigor,2022,729000,16.5K km,16500,MH,manual,petrol+cng,12414,3
mumbai,Tata Tiago,2022,675000,27.5K km,27500,MH,manual,petrol+cng,11494,3
mumbai,Tata Tiago NRG,2022,651000,6K km,6000,MH,automatic,petrol,11086,3
mumbai,Tata Nexon,2019,732000,72K km,72000,MH,automatic,petrol,12465,6
mumbai,Toyota Etios,2011,228000,68.5K km,68500,MH,manual,petrol,15273,14
mumbai,Hyundai Grand i10,2019,461000,35K km,35000,MH,automatic,petrol,7850,6
mumbai,Maruti Swift,2012,352000,41K km,41000,MH,manual,petrol,13387,13
mumbai,Ford Figo,2012,218000,44K km,44000,MH,manual,petrol,9698,13
mumbai,Toyota Etios Liva,2011,247000,27.5K km,27500,MH,manual,petrol,16546,14
mumbai,Renault Duster,2020,712000,94K km,94000,MH,manual,petrol,12124,5
mumbai,Renault Kwid,2023,441000,6.5K km,6500,MH,manual,petrol,7509,2
mumbai,Hyundai Grand i10 Nios,2020,537000,44.5K km,44500,MH,manual,petrol,9144,5
mumbai,Hyundai New Santro 1.1,2021,508000,18.5K km,18500,MH,manual,petrol+cng,8110,4
mumbai,Renault Kwid,2024,454000,10K km,10000,MH,manual,petrol,7731,1
mumbai,Hyundai Creta,2018,826000,70.5K km,70500,MH,manual,petrol,14066,7
mumbai,Hyundai New i20,2021,738000,19.5K km,19500,MH,manual,petrol,12567,4
mumbai,Honda Civic,2020,1259000,16K km,16000,MH,automatic,petrol,21651,5
mumbai,Hyundai Venue,2020,825000,9K km,9000,MH,manual,petrol,14049,5
mumbai,Maruti Baleno,2018,623000,40.5K km,40500,MH,automatic,petrol,10609,7
mumbai,Honda WR-V,2021,675000,26.5K km,26500,MH,manual,petrol,11494,4
mumbai,Hyundai Creta,2021,1032000,44K km,44000,MH,manual,petrol,17747,4
mumbai,MG Astor,2022,1473000,13.5K km,13500,MH,automatic,petrol,25339,3
mumbai,Honda City,2017,690000,75K km,75000,MH,automatic,petrol,11750,8
mumbai,Hyundai New Santro 1.1,2019,436000,43K km,43000,MH,automatic,petrol,6960,6
mumbai,Volkswagen Polo,2015,368000,65.5K km,65500,MH,manual,petrol,6279,10
mumbai,Honda Amaze,2014,298000,92K km,92000,MH,manual,petrol,6395,11
mumbai,Volkswagen Vento,2017,553000,108.5K km,108500,MH,automatic,petrol,8828,8
mumbai,Maruti Swift Dzire,2015,340000,79K km,79000,MH,manual,petrol,6188,10
mumbai,Toyota Corolla Altis,2014,549000,98K km,98000,MH,automatic,petrol,11782,11
mumbai,Volkswagen Vento,2016,498000,58K km,58000,MH,automatic,petrol,7950,9
mumbai,Hyundai Grand i10,2018,512000,24.5K km,24500,MH,manual,petrol,8719,7
mumbai,Hyundai Venue,2021,957000,47K km,47000,MH,automatic,petrol,16722,4
mumbai,Maruti Alto K10,2024,517000,1.5K km,1500,MH,manual,petrol,8804,1
mumbai,Honda Amaze,2022,842000,17.5K km,17500,MH,automatic,petrol,14338,3
mumbai,Toyota Corolla Altis,2016,789000,39K km,39000,MH,automatic,petrol,13436,9
mumbai,Hyundai Aura,2020,599000,30K km,30000,MH,manual,petrol,10200,5
mumbai,Maruti Baleno,2017,518000,38.5K km,38500,MH,manual,petrol,8821,8
mumbai,Honda City,2019,733000,84K km,84000,MH,automatic,petrol,12482,6
mumbai,Hyundai Grand i10,2016,402000,36.5K km,36500,MH,manual,petrol,7317,9
mumbai,Hyundai Xcent,2014,389000,32.5K km,32500,MH,manual,petrol,7826,11
mumbai,Renault Triber,2021,635000,13.5K km,13500,MH,manual,petrol,10813,4
mumbai,Hyundai Grand i10,2014,345000,60.5K km,60500,MH,manual,petrol,7404,11
mumbai,Hyundai Aura,2023,819000,3.5K km,3500,MH,automatic,petrol,13947,2
mumbai,Mahindra XUV 300,2021,868000,25K km,25000,MH,manual,petrol,14781,4
mumbai,Hyundai Xcent,2015,424000,57K km,57000,MH,automatic,petrol,7235,10
mumbai,Maruti Wagon R 1.0,2017,344000,48.5K km,48500,MH,manual,petrol+cng,5858,8
mumbai,Renault Triber,2019,489000,106.5K km,106500,MH,manual,petrol,8327,6
mumbai,Hyundai i10,2013,222000,27K km,27000,MH,manual,petrol,5984,12
mumbai,Renault Kwid,2018,305000,46.5K km,46500,MH,automatic,petrol,5193,7
mumbai,Maruti Celerio,2016,317000,40K km,40000,MH,manual,petrol,5398,9
mumbai,Renault Triber,2020,613000,18.5K km,18500,MH,automatic,petrol,10439,5
mumbai,Tata Tiago,2022,681000,27K km,27000,MH,manual,petrol+cng,11597,3
mumbai,Honda Amaze,2024,973000,4K km,4000,MH,automatic,petrol,16569,1
mumbai,Hyundai i20 Active,2017,524000,51K km,51000,MH,manual,petrol,8923,8
mumbai,Maruti Celerio,2015,345000,35.5K km,35500,MH,automatic,petrol,6279,10
mumbai,Maruti Baleno,2018,563000,63K km,63000,MH,automatic,petrol,9587,7
mumbai,Tata Nexon,2018,682000,36.5K km,36500,MH,manual,petrol,11614,7
mumbai,Kia Sonet,2022,1319000,18K km,18000,MH,automatic,diesel,22684,3
mumbai,Maruti Swift,2018,488000,82K km,82000,MH,automatic,petrol,8310,7
mumbai,Hyundai Grand i10,2017,440000,41.5K km,41500,MH,manual,petrol,7492,8
mumbai,Maruti Ciaz,2016,528000,74.5K km,74500,MH,automatic,petrol,8991,9
mumbai,Hyundai i20 Active,2016,485000,40K km,40000,MH,manual,petrol,8259,9
mumbai,Renault Triber,2020,527000,80K km,80000,MH,manual,petrol,8974,5
mumbai,Hyundai Grand i10,2017,433000,43K km,43000,MH,automatic,petrol,7373,8
mumbai,Hyundai Grand i10,2016,364000,45K km,45000,MH,manual,petrol,6198,9
mumbai,Toyota Etios,2011,232000,67K km,67000,MH,manual,petrol,15541,14
mumbai,Maruti Baleno,2017,498000,34K km,34000,MH,manual,petrol,8480,8
mumbai,Honda Mobilio,2015,435000,70.5K km,70500,MH,manual,petrol,7423,10
mumbai,Maruti Ciaz,2018,524000,102.5K km,102500,MH,manual,petrol,8923,7
mumbai,Maruti Wagon R 1.0,2015,302000,94.5K km,94500,MH,manual,petrol+cng,5497,10
mumbai,Renault Kwid,2023,475000,14K km,14000,MH,manual,petrol,8088,2
mumbai,Maruti Baleno,2017,527000,20.5K km,20500,MH,manual,petrol,8974,8
mumbai,Maruti Celerio,2022,489000,22.5K km,22500,MH,manual,petrol,8327,3
mumbai,Nissan Magnite,2021,568000,54K km,54000,MH,manual,petrol,9672,4
mumbai,Hyundai New Santro 1.1,2019,432000,77K km,77000,MH,manual,petrol+cng,6896,6
mumbai,Hyundai Grand i10 Nios,2021,627000,22.5K km,22500,MH,automatic,petrol,10677,4
mumbai,Renault Triber,2019,537000,35.5K km,35500,MH,manual,petrol,9144,6
mumbai,Kia Sonet,2021,997000,34.5K km,34500,MH,manual,petrol,16978,4
mumbai,Renault Kiger,2022,767000,14.5K km,14500,MH,manual,petrol,13061,3
mumbai,Tata Tiago NRG,2023,632000,13K km,13000,MH,manual,petrol,10762,2
mumbai,Maruti Ignis,2018,489000,54.5K km,54500,MH,automatic,petrol,8327,7
mumbai,Hyundai Creta,2018,859000,54.5K km,54500,MH,manual,petrol,14628,7
mumbai,Maruti Ciaz,2016,525000,74.5K km,74500,MH,automatic,petrol,8940,9
mumbai,Hyundai Aura,2021,691000,27K km,27000,MH,manual,petrol,11767,4
mumbai,Maruti Ciaz,2018,628000,63K km,63000,MH,automatic,petrol,10694,7
mumbai,Hyundai Grand i10,2017,443000,35K km,35000,MH,manual,petrol,7544,8
mumbai,Hyundai Venue,2022,1059000,62K km,62000,MH,manual,diesel,18212,3
mumbai,Hyundai Venue,2019,716000,105.5K km,105500,MH,automatic,petrol,12193,6
mumbai,Chevrolet Beat,2012,204000,29.5K km,29500,MH,manual,petrol,9698,13
mumbai,Hyundai Xcent,2015,375000,32K km,32000,MH,manual,petrol,6399,10
mumbai,Maruti Wagon R 1.0,2018,435000,32.5K km,32500,MH,automatic,petrol,7774,7
mumbai,Honda Jazz,2019,576000,42K km,42000,MH,manual,petrol,9195,6
mumbai,Hyundai Grand i10,2018,446000,38K km,38000,MH,manual,petrol+cng,7595,7
mumbai,Hyundai Grand i10,2015,339000,47.5K km,47500,MH,manual,petrol,6170,10
mumbai,Maruti Dzire,2017,520000,62.5K km,62500,MH,automatic,petrol,8855,8
mumbai,Hyundai Creta,2017,816000,66K km,66000,MH,automatic,petrol,13896,8
mumbai,Tata Tiago,2019,433000,53K km,53000,MH,manual,petrol,7373,6
mumbai,Hyundai Elite i20,2018,490000,57.5K km,57500,MH,manual,petrol,8344,7
mumbai,Honda Amaze,2021,794000,20.5K km,20500,MH,automatic,petrol,13521,4
mumbai,Hyundai Creta,2021,1619000,34K km,34000,MH,automatic,diesel,27843,4
mumbai,Nissan Magnite,2021,875000,14K km,14000,MH,automatic,petrol,14900,4
mumbai,Renault Kwid,2021,425000,19.5K km,19500,MH,manual,petrol,7237,4
mumbai,Maruti Dzire,2019,568000,47K km,47000,MH,manual,petrol,9672,6
mumbai,Honda Amaze,2020,650000,25.5K km,25500,MH,manual,petrol,11069,5
mumbai,Honda City,2019,726000,39K km,39000,MH,automatic,petrol,12363,6
mumbai,Volkswagen Polo,2011,214000,86K km,86000,MH,manual,petrol,14335,14
mumbai,Hyundai Grand i10,2017,418000,39.5K km,39500,MH,manual,petrol,7118,8
mumbai,Honda Amaze,2021,615000,24K km,24000,MH,manual,petrol,10473,4
mumbai,Maruti Celerio,2014,302000,72K km,72000,MH,automatic,petrol,6481,11
mumbai,Volkswagen Ameo,2016,361000,44K km,44000,MH,manual,petrol,5763,9
mumbai,Renault Triber,2023,618000,21.5K km,21500,MH,automatic,petrol,10524,2
mumbai,Honda City,2017,731000,43K km,43000,MH,automatic,petrol,12448,8
mumbai,Nissan Magnite,2021,568000,52.5K km,52500,MH,manual,petrol,9672,4
mumbai,Mahindra XUV 300,2022,891000,29.5K km,29500,MH,manual,petrol,15173,3
mumbai,Hyundai Elite i20,2015,531000,86.5K km,86500,MH,manual,diesel,9670,10
mumbai,Hyundai Xcent,2018,495000,47.5K km,47500,MH,manual,petrol,7902,7
mumbai,Skoda Kushaq,2021,929000,35K km,35000,MH,manual,petrol,15820,4
mumbai,Volkswagen Polo,2014,378000,30.5K km,30500,MH,manual,petrol,7605,11
mumbai,Toyota Glanza,2021,776000,22K km,22000,MH,automatic,petrol,13214,4
mumbai,Maruti Baleno,2017,500000,40.5K km,40500,MH,manual,petrol,8514,8
mumbai,Nissan Magnite,2021,659000,38.5K km,38500,MH,automatic,petrol,11222,4
mumbai,Renault Triber,2024,840000,6.5K km,6500,MH,automatic,petrol,14304,1
mumbai,Hyundai Grand i10,2015,382000,24.5K km,24500,MH,manual,petrol,6953,10
mumbai,Maruti Celerio,2016,347000,59K km,59000,MH,manual,petrol,5909,9
mumbai,Tata Nexon,2020,792000,101.5K km,101500,MH,manual,diesel,13487,5
mumbai,Hyundai Grand i10,2017,391000,95.5K km,95500,MH,automatic,petrol,6658,8
mumbai,Volkswagen Polo,2014,389000,106.5K km,106500,MH,manual,diesel,7826,11
mumbai,Hyundai Venue,2020,772000,66.5K km,66500,MH,manual,petrol,13146,5
mumbai,Renault Triber,2022,655000,14K km,14000,MH,automatic,petrol,11154,3
mumbai,Maruti Wagon R 1.0,2012,239000,32.5K km,32500,MH,manual,petrol,9270,13
mumbai,Renault Kwid,2020,411000,39K km,39000,MH,automatic,petrol,6999,5
mumbai,Maruti Ciaz,2021,870000,50K km,50000,MH,automatic,petrol,14815,4
mumbai,Maruti Baleno,2018,534000,28.5K km,28500,MH,manual,petrol,9093,7
mumbai,Honda Amaze,2018,565000,23.5K km,23500,MH,manual,petrol,9621,7
mumbai,Honda Amaze,2022,829000,15K km,15000,MH,automatic,petrol,14117,3
mumbai,Tata Nexon,2023,1071000,12K km,12000,MH,automatic,petrol,18425,2
mumbai,Hyundai Grand i10 Nios,2022,670000,18K km,18000,MH,manual,petrol+cng,11409,3
mumbai,Tata Tiago NRG,2021,608000,30.5K km,30500,MH,automatic,petrol,10353,4
mumbai,Hyundai Creta,2016,787000,60K km,60000,MH,automatic,petrol,13402,9
mumbai,Hyundai Grand i10 Nios,2020,535000,80.5K km,80500,MH,manual,petrol+cng,9110,5
mumbai,Hyundai Venue,2022,1026000,14.5K km,14500,MH,manual,petrol,17642,3
mumbai,Maruti Alto K10,2017,332000,33K km,33000,MH,automatic,petrol,5653,8
mumbai,Mahindra KUV100,2016,319000,52K km,52000,MH,manual,petrol,5432,9
mumbai,Maruti S-Presso,2021,455000,26K km,26000,MH,manual,petrol+cng,7748,4
mumbai,Mahindra KUV100 NXT,2019,424000,37K km,37000,MH,manual,petrol,7220,6
mumbai,Hyundai Xcent,2019,506000,84.5K km,84500,MH,manual,petrol+cng,8616,6
mumbai,Nissan Terrano,2015,389000,50.5K km,50500,MH,manual,petrol,6638,10
mumbai,Renault Kwid,2016,254000,28K km,28000,MH,manual,petrol,4325,9
mumbai,Volkswagen Vento,2013,365000,90.5K km,90500,MH,manual,diesel,9223,12
mumbai,Maruti Ciaz,2017,577000,85.5K km,85500,MH,manual,diesel,9825,8
mumbai,Hyundai Grand i10,2019,482000,20.5K km,20500,MH,manual,petrol,8208,6
mumbai,Hyundai Creta,2019,956000,29K km,29000,MH,manual,petrol,16280,6
mumbai,Renault Kwid,2018,303000,63.5K km,63500,MH,manual,petrol,5159,7
mumbai,Maruti Baleno,2017,506000,33.5K km,33500,MH,manual,petrol,8616,8
mumbai,Volkswagen Taigun,2022,1239000,27K km,27000,MH,manual,petrol,21303,3
mumbai,Maruti S-Presso,2021,437000,45.5K km,45500,MH,manual,petrol+cng,7441,4
mumbai,Honda City,2019,734000,43.5K km,43500,MH,automatic,petrol,12499,6
mumbai,Maruti Ciaz,2018,636000,65K km,65000,MH,manual,petrol,10830,7
mumbai,Hyundai Grand i10,2015,372000,24K km,24000,MH,manual,petrol,6771,10
mumbai,Honda Amaze,2019,573000,51K km,51000,MH,manual,petrol,9757,6
mumbai,Kia Sonet,2021,885000,30.5K km,30500,MH,manual,petrol,15071,4
mumbai,Maruti Alto 800,2022,402000,23K km,23000,MH,manual,petrol,7184,3
mumbai,Tata Tiago NRG,2023,635000,21K km,21000,MH,manual,petrol+cng,10813,2
mumbai,Hyundai i10,2016,323000,17K km,17000,MH,manual,petrol,5500,9
mumbai,Toyota Corolla Altis,2015,549000,104K km,104000,MH,manual,petrol,9993,10
mumbai,Volkswagen Polo,2011,268000,41.5K km,41500,MH,manual,petrol,17952,14
mumbai,Renault Kwid,2016,230000,66.5K km,66500,MH,manual,petrol,3916,9
mumbai,Honda Amaze,2015,389000,50.5K km,50500,MH,automatic,petrol,7080,10
mumbai,Hyundai Grand i10,2017,397000,30K km,30000,MH,manual,petrol,6760,8
mumbai,Honda City,2019,686000,44K km,44000,MH,automatic,petrol,11682,6
mumbai,Ford Freestyle,2021,622000,34K km,34000,MH,manual,petrol,10592,4
mumbai,Ford EcoSport,2019,697000,30K km,30000,MH,manual,petrol,11869,6
mumbai,Hyundai Creta,2019,1078000,35K km,35000,MH,automatic,diesel,18537,6
mumbai,Maruti Alto 800,2021,366000,6.5K km,6500,MH,manual,petrol,6541,4
mumbai,Honda BR-V,2016,623000,68.5K km,68500,MH,automatic,petrol,10609,9
mumbai,Maruti Ignis,2017,397000,51K km,51000,MH,manual,petrol,6760,8
mumbai,Honda Jazz,2022,852000,14K km,14000,MH,automatic,petrol,13602,3
mumbai,Hyundai Grand i10,2014,343000,58.5K km,58500,MH,manual,petrol,7361,11
mumbai,Volkswagen Taigun,2022,1236000,24.5K km,24500,MH,manual,petrol,21252,3
mumbai,Hyundai Grand i10,2019,460000,68K km,68000,MH,manual,petrol+cng,7833,6
mumbai,Ford Fiesta,2012,313000,72.5K km,72500,MH,automatic,petrol,11326,13
mumbai,Kia Sonet,2022,1092000,14K km,14000,MH,manual,petrol,18782,3
mumbai,Hyundai Venue,2019,689000,15K km,15000,MH,manual,petrol,11733,6
mumbai,Hyundai Grand i10,2018,427000,35.5K km,35500,MH,manual,petrol,7271,7
mumbai,Hyundai Verna,2017,619000,52K km,52000,MH,manual,petrol,10541,8
mumbai,Maruti Swift Dzire,2013,364000,34K km,34000,MH,manual,petrol,9811,12
mumbai,Maruti Swift Dzire,2011,246000,96.5K km,96500,MH,manual,petrol,17577,14
mumbai,Honda Mobilio,2015,421000,69K km,69000,MH,manual,petrol,7184,10
mumbai,Honda WR-V,2017,581000,26.5K km,26500,MH,manual,petrol,9894,8
mumbai,Maruti Alto 800,2014,211000,61K km,61000,MH,manual,petrol,4697,11
mumbai,Hyundai New i20,2020,678000,18.5K km,18500,MH,manual,petrol,11545,5
mumbai,Kia Seltos,2020,1124000,45.5K km,45500,MH,manual,petrol,19328,5
mumbai,Hyundai Grand i10,2017,393000,68K km,68000,MH,manual,petrol,6692,8
mumbai,Skoda Octavia,2018,1117000,82K km,82000,MH,automatic,petrol,19207,7
mumbai,Maruti Baleno,2016,529000,84.5K km,84500,MH,manual,diesel,9008,9
mumbai,Maruti Swift,2019,567000,46.5K km,46500,MH,manual,petrol,9655,6
mumbai,Toyota Etios Liva,2015,409000,85K km,85000,MH,manual,diesel,6979,10
mumbai,Tata Tiago,2023,615000,18.5K km,18500,MH,manual,petrol,10473,2
mumbai,Hyundai Elite i20,2015,454000,24K km,24000,MH,manual,petrol,8263,10
mumbai,Hyundai New Santro 1.1,2022,546000,28.5K km,28500,MH,manual,petrol+cng,8716,3
mumbai,Honda City,2022,1119000,25.5K km,25500,MH,automatic,petrol,19244,3
mumbai,Hyundai Grand i10,2020,467000,26K km,26000,MH,manual,petrol,7952,5
mumbai,Nissan Magnite,2021,619000,60.5K km,60500,MH,manual,petrol,10541,4
mumbai,Hyundai Aura,2020,673000,27.5K km,27500,MH,manual,petrol,11460,5
mumbai,Maruti Ciaz,2018,498000,60.5K km,60500,MH,manual,petrol,8480,7
mumbai,Maruti Alto K10,2018,305000,50K km,50000,MH,manual,petrol+cng,5193,7
mumbai,Hyundai Xcent,2014,383000,60.5K km,60500,MH,automatic,petrol,7706,11
mumbai,Maruti Ciaz,2016,439000,99.5K km,99500,MH,manual,petrol,7475,9
mumbai,Ford EcoSport,2016,554000,86K km,86000,MH,manual,diesel,9434,9
mumbai,Maruti Swift Dzire,2012,326000,27.5K km,27500,MH,manual,petrol,12398,13
mumbai,Maruti S-Presso,2021,405000,62.5K km,62500,MH,manual,petrol+cng,6896,4
mumbai,Renault Triber,2019,545000,33.5K km,33500,MH,manual,petrol,9281,6
mumbai,Tata Nexon,2022,979000,52.5K km,52500,MH,manual,diesel,16671,3
mumbai,Hyundai Grand i10,2016,410000,16K km,16000,MH,automatic,petrol,6982,9
mumbai,Maruti Ciaz,2023,932000,9K km,9000,MH,manual,petrol,15871,2
mumbai,Maruti S-Presso,2022,447000,10.5K km,10500,MH,manual,petrol,7612,3
mumbai,MG Astor,2023,954000,10.5K km,10500,MH,manual,petrol,16246,2
mumbai,Mahindra XUV500,2017,940000,67K km,67000,MH,automatic,diesel,16800,8
mumbai,Skoda Slavia,2022,1499000,25K km,25000,MH,automatic,petrol,25782,3
mumbai,Maruti Ciaz,2020,696000,120K km,120000,MH,manual,petrol,11852,5
mumbai,Maruti Ciaz,2016,499000,60K km,60000,MH,automatic,petrol,8497,9
mumbai,Renault Kiger,2021,804000,31.5K km,31500,MH,automatic,petrol,13691,4
mumbai,Maruti Swift Dzire,2014,372000,77.5K km,77500,MH,manual,petrol,7983,11
mumbai,Hyundai Creta,2018,791000,92K km,92000,MH,automatic,petrol,13470,7
mumbai,Tata Nexon,2022,914000,65.5K km,65500,MH,manual,diesel,15564,3
mumbai,Honda Jazz,2021,837000,28K km,28000,MH,automatic,petrol,13362,4
mumbai,Maruti Dzire,2018,619000,26K km,26000,MH,automatic,petrol,10541,7
mumbai,Maruti Wagon R 1.0,2016,370000,33K km,33000,MH,manual,petrol+cng,6300,9
mumbai,Maruti Swift Dzire,2013,366000,52.5K km,52500,MH,manual,petrol,9865,12
mumbai,Tata Tiago,2022,602000,67.5K km,67500,MH,manual,petrol+cng,10251,3
mumbai,Maruti Alto K10,2023,538000,0.5K km,500,MH,automatic,petrol,9161,2
mumbai,Maruti Alto 800,2017,282000,22.5K km,22500,MH,manual,petrol,5040,8
mumbai,Tata Tiago,2022,661000,24K km,24000,MH,manual,petrol+cng,11256,3
mumbai,Maruti Ciaz,2019,704000,37.5K km,37500,MH,manual,petrol,11988,6
mumbai,Mahindra XUV500,2021,1161000,53.5K km,53500,MH,manual,diesel,20946,4
mumbai,Kia Seltos,2022,1449000,43.5K km,43500,MH,manual,diesel,24919,3
mumbai,Hyundai Tucson,2017,1118000,80K km,80000,MH,automatic,diesel,19226,8
mumbai,Tata Nexon,2022,912000,13K km,13000,MH,manual,petrol,15530,3
mumbai,Honda City,2017,663000,61K km,61000,MH,automatic,petrol,11290,8
mumbai,Hyundai Grand i10,2014,329000,88.5K km,88500,MH,manual,petrol,7275,11
mumbai,Tata Tigor,2022,597000,34K km,34000,MH,manual,petrol+cng,10166,3
mumbai,Hyundai Creta,2017,808000,69K km,69000,MH,automatic,petrol,13759,8
mumbai,Hyundai New i20,2021,922000,17K km,17000,MH,automatic,petrol,15701,4
mumbai,Maruti Celerio,2019,416000,97.5K km,97500,MH,automatic,petrol,7084,6
mumbai,Mahindra XUV 300,2023,1159000,11K km,11000,MH,automatic,petrol,19924,2
mumbai,Ford Fiesta,2012,270000,123.5K km,123500,MH,automatic,petrol,9770,13
mumbai,Maruti Swift Dzire,2012,289000,113.5K km,113500,MH,manual,petrol,10991,13
mumbai,Honda Amaze,2013,359000,61.5K km,61500,MH,automatic,petrol,9676,12
mumbai,Renault Kiger,2021,769000,31.5K km,31500,MH,automatic,petrol,13095,4
mumbai,Volkswagen Vento,2015,553000,88K km,88000,MH,automatic,diesel,9436,10
mumbai,Toyota Corolla Altis,2019,1110000,50K km,50000,MH,automatic,petrol,19089,6
mumbai,Hyundai Creta,2016,787000,57K km,57000,MH,automatic,petrol,13402,9
mumbai,Honda Amaze,2018,654000,46.5K km,46500,MH,automatic,diesel,11137,7
mumbai,Tata Nexon,2023,841000,22K km,22000,MH,manual,petrol,14321,2
mumbai,Maruti Alto 800,2020,308000,42K km,42000,MH,manual,petrol+cng,5504,5
mumbai,Hyundai Grand i10,2019,533000,33K km,33000,MH,automatic,petrol,9076,6
mumbai,Kia Seltos,2020,979000,40.5K km,40500,MH,manual,petrol,16671,5
mumbai,Hyundai New i20,2021,893000,33.5K km,33500,MH,automatic,petrol,15207,4
mumbai,Tata Nexon,2022,871000,70.5K km,70500,MH,automatic,diesel,14832,3
mumbai,Maruti Ritz,2013,259000,57K km,57000,MH,manual,petrol,6545,12
mumbai,Hyundai i10,2015,261000,97.5K km,97500,MH,manual,petrol,4750,10
mumbai,Maruti Ciaz,2015,462000,113K km,113000,MH,automatic,petrol,8409,10
mumbai,Mahindra Marazzo,2019,799000,75.5K km,75500,MH,manual,diesel,13606,6
mumbai,Honda Jazz,2022,811000,18.5K km,18500,MH,automatic,petrol,12947,3
mumbai,Maruti Ertiga,2014,505000,101.5K km,101500,MH,manual,petrol,10838,11
mumbai,Nissan Terrano,2018,793000,77.5K km,77500,MH,automatic,diesel,12660,7
mumbai,Mahindra Thar,2022,1204000,35K km,35000,MH,manual,petrol,20707,3
mumbai,Hyundai Grand i10 Nios,2022,693000,9K km,9000,MH,manual,petrol+cng,11801,3
mumbai,Honda City,2019,866000,16K km,16000,MH,automatic,petrol,14747,6
mumbai,Hyundai Grand i10,2019,469000,21.5K km,21500,MH,manual,petrol,7986,6
mumbai,BMW X1,2018,2370000,65K km,65000,MH,automatic,diesel,40760,7
mumbai,Maruti New Ertiga,2023,1149000,2.5K km,2500,MH,manual,petrol+cng,19760,2
mumbai,Maruti Brezza,2022,868000,29K km,29000,MH,manual,petrol,14781,3
mumbai,Maruti Wagon R 1.2,2020,525000,22.5K km,22500,MH,automatic,petrol,8940,5
mumbai,Tata Punch,2022,612000,21.5K km,21500,MH,manual,petrol,10422,3
mumbai,Hyundai Elite i20,2015,469000,28.5K km,28500,MH,manual,petrol,8536,10
mumbai,Maruti Vitara Brezza,2020,859000,26K km,26000,MH,automatic,petrol,14628,5
mumbai,Toyota Etios Cross,2016,367000,52K km,52000,MH,manual,petrol+cng,6249,9
mumbai,Skoda Kodiaq,2020,1959000,47.5K km,47500,MH,automatic,diesel,33690,5
mumbai,Mahindra XUV700,2022,1319000,36K km,36000,MH,manual,diesel,22683,3
mumbai,Maruti New Ertiga,2023,1110000,7.5K km,7500,MH,manual,petrol,19089,2
mumbai,Tata Tiago,2022,606000,20K km,20000,MH,automatic,petrol,10314,3
mumbai,Tata Altroz,2020,618000,30K km,30000,MH,manual,petrol,10524,5
mumbai,MG Hector,2019,1032000,38.5K km,38500,MH,automatic,petrol,17747,6
mumbai,Maruti Baleno,2020,625000,35K km,35000,MH,automatic,petrol,10643,5
mumbai,Maruti Ignis,2018,397000,16.5K km,16500,MH,manual,petrol,6760,7
mumbai,Mahindra KUV100 NXT,2018,349000,30.5K km,30500,MH,manual,diesel,5943,7
mumbai,Hyundai i20,2013,270000,56K km,56000,MH,manual,petrol,7277,12
mumbai,Maruti Swift,2013,322000,45.5K km,45500,MH,manual,petrol,8679,12
mumbai,BMW X1,2021,2970000,20.5K km,20500,MH,automatic,petrol,51080,4
mumbai,Toyota Glanza,2023,778000,33K km,33000,MH,manual,petrol+cng,13248,2
mumbai,Hyundai Venue,2019,719000,37.5K km,37500,MH,manual,petrol,12244,6
mumbai,Maruti Swift,2019,536000,27K km,27000,MH,manual,petrol,9127,6
mumbai,MG Astor,2021,1149000,22K km,22000,MH,manual,petrol,19760,4
mumbai,Maruti S-Cross,2022,1112000,7K km,7000,MH,automatic,petrol,19124,3
mumbai,Honda Jazz,2022,932000,19K km,19000,MH,automatic,petrol,14879,3
mumbai,Tata Tiago,2019,534000,31.5K km,31500,MH,automatic,petrol,9093,6
mumbai,Hyundai Xcent,2017,359000,62K km,62000,MH,manual,petrol,5731,8
mumbai,Hyundai Aura,2022,697000,12K km,12000,MH,manual,petrol,11869,3
mumbai,Honda Amaze,2020,668000,38.5K km,38500,MH,automatic,petrol,11375,5
mumbai,Hyundai Verna,2019,975000,66.5K km,66500,MH,automatic,diesel,16603,6
mumbai,Toyota Glanza,2021,693000,40.5K km,40500,MH,automatic,petrol,11801,4
mumbai,Tata Nexon,2022,997000,35.5K km,35500,MH,automatic,petrol,16978,3
mumbai,Hyundai Grand i10 Nios,2022,595000,16K km,16000,MH,manual,petrol,10132,3
mumbai,Maruti Swift,2020,608000,37K km,37000,MH,manual,petrol,10353,5
mumbai,Hyundai New Santro 1.1,2019,372000,88K km,88000,MH,manual,petrol+cng,5939,6
mumbai,Ford Figo,2015,235000,78.5K km,78500,MH,manual,petrol,8937,10
mumbai,Hyundai i20 Active,2016,499000,50.5K km,50500,MH,manual,petrol,8497,9
mumbai,Maruti Celerio,2014,302000,54K km,54000,MH,automatic,petrol,6481,11
mumbai,Tata Altroz,2022,635000,10K km,10000,MH,manual,petrol,10813,3
mumbai,Maruti Vitara Brezza,2021,625000,30.5K km,30500,MH,manual,petrol,10643,4
mumbai,Honda City,2017,662000,31K km,31000,MH,automatic,petrol,11273,8
mumbai,Nissan Magnite,2021,605000,25.5K km,25500,MH,manual,petrol,10302,4
mumbai,Maruti Swift,2019,617000,38.5K km,38500,MH,automatic,petrol,10507,6
mumbai,Honda Brio,2014,350000,35K km,35000,MH,automatic,petrol,7042,11
mumbai,Hyundai Elite i20,2019,692000,25.5K km,25500,MH,automatic,petrol,11784,6
mumbai,Hyundai Grand i10,2018,537000,29K km,29000,MH,automatic,petrol,9144,7
mumbai,Hyundai Elite i20,2020,535000,31.5K km,31500,MH,manual,petrol,9110,5
mumbai,Honda Amaze,2022,849000,11K km,11000,MH,automatic,petrol,14457,3
mumbai,Hyundai Venue,2020,785000,55K km,55000,MH,manual,petrol,13368,5
mumbai,Hyundai Grand i10,2015,398000,37.5K km,37500,MH,automatic,petrol,8541,10
mumbai,Toyota Urban Cruiser,2022,835000,25K km,25000,MH,automatic,petrol,14219,3
mumbai,Hyundai Elite i20,2015,463000,32.5K km,32500,MH,manual,petrol,8427,10
mumbai,Ford EcoSport,2017,532000,72K km,72000,MH,manual,petrol,9059,8
mumbai,Datsun GO,2019,242000,48.5K km,48500,MH,manual,petrol,4404,6
mumbai,Honda Amaze,2014,314000,84.5K km,84500,MH,manual,petrol,6739,11
mumbai,Maruti S-Presso,2020,380000,34.5K km,34500,MH,automatic,petrol,6471,5
mumbai,Volkswagen Vento,2014,296000,79K km,79000,MH,manual,petrol,5955,11
mumbai,Hyundai Xcent,2017,489000,50K km,50000,MH,automatic,petrol,7806,8
mumbai,Maruti Dzire,2018,675000,44K km,44000,MH,manual,diesel,11494,7
mumbai,Honda City,2018,863000,30.5K km,30500,MH,automatic,petrol,14696,7
mumbai,Toyota Urban Cruiser,2021,796000,23K km,23000,MH,automatic,petrol,13555,4
mumbai,Maruti Ertiga,2018,730000,45K km,45000,MH,manual,petrol,12431,7
mumbai,Maruti Celerio,2017,373000,73.5K km,73500,MH,manual,petrol+cng,6351,8
mumbai,Maruti Baleno,2021,672000,42.5K km,42500,MH,manual,petrol,11443,4
mumbai,Honda Amaze,2019,529000,16.5K km,16500,MH,manual,petrol,9008,6
mumbai,Maruti Wagon R 1.0,2021,498000,56K km,56000,MH,manual,petrol+cng,8480,4
mumbai,Maruti Swift,2022,668000,23K km,23000,MH,automatic,petrol,11375,3
mumbai,Maruti Baleno,2022,697000,19K km,19000,MH,automatic,petrol,11869,3
mumbai,Hyundai Elite i20,2017,488000,22K km,22000,MH,manual,petrol,8310,8
mumbai,Tata Tigor,2021,659000,6K km,6000,MH,automatic,petrol,11222,4
mumbai,Ford EcoSport,2015,389000,72.5K km,72500,MH,manual,petrol,7080,10
mumbai,Maruti Baleno,2018,573000,56K km,56000,MH,manual,petrol,9757,7
mumbai,Maruti Baleno,2018,615000,19.5K km,19500,MH,automatic,petrol,10473,7
mumbai,Volkswagen Vento,2013,365000,91K km,91000,MH,manual,diesel,9223,12
mumbai,Hyundai Eon,2013,223000,25K km,25000,MH,manual,petrol,16077,12
mumbai,Mahindra XUV500,2018,781000,60K km,60000,MH,manual,diesel,13958,7
mumbai,Honda Amaze,2020,675000,37K km,37000,MH,automatic,petrol,11494,5
mumbai,Mahindra KUV100 NXT,2018,449000,36.5K km,36500,MH,manual,petrol,7646,7
mumbai,Ford Figo Aspire,2019,589000,32.5K km,32500,MH,manual,diesel,9403,6
mumbai,Maruti Baleno,2017,516000,53.5K km,53500,MH,manual,petrol,8787,8
mumbai,Hyundai Grand i10 Nios,2021,589000,32.5K km,32500,MH,manual,petrol+cng,10030,4
mumbai,Honda City,2015,470000,72.5K km,72500,MH,automatic,petrol,8555,10
mumbai,Tata Punch,2022,659000,25.5K km,25500,MH,automatic,petrol,11222,3
mumbai,Maruti XL6,2023,1078000,54.5K km,54500,MH,manual,petrol,18538,2
mumbai,Hyundai Grand i10,2019,461000,24.5K km,24500,MH,manual,petrol,7850,6
mumbai,Maruti Wagon R 1.0,2021,529000,35K km,35000,MH,manual,petrol+cng,9008,4
mumbai,Maruti Wagon R 1.0,2016,377000,25K km,25000,MH,automatic,petrol,6737,9
mumbai,Hyundai Grand i10,2017,451000,46K km,46000,MH,automatic,petrol,7680,8
mumbai,Maruti Ciaz,2016,465000,62.5K km,62500,MH,manual,petrol,8464,9
mumbai,Maruti Ignis,2018,512000,28K km,28000,MH,automatic,petrol,8719,7
mumbai,Hyundai Elite i20,2018,574000,28.5K km,28500,MH,manual,petrol,9774,7
mumbai,Volkswagen Ameo,2017,412000,30.5K km,30500,MH,manual,petrol,6577,8
mumbai,Maruti Baleno,2017,553000,36.5K km,36500,MH,manual,diesel,9417,8
mumbai,Ford EcoSport,2019,795000,23.5K km,23500,MH,automatic,petrol,13538,6
mumbai,Maruti S-Presso,2021,412000,69K km,69000,MH,manual,petrol+cng,7016,4
mumbai,Maruti Alto 800,2022,412000,4.5K km,4500,MH,manual,petrol,7363,3
mumbai,Kia Seltos,2020,1478000,40.5K km,40500,MH,automatic,diesel,25418,5
mumbai,Maruti S-Presso,2021,447000,19.5K km,19500,MH,automatic,petrol,7612,4
mumbai,Tata Tigor,2022,578000,9K km,9000,MH,manual,petrol,9843,3
mumbai,Maruti Swift,2022,768000,19.5K km,19500,MH,automatic,petrol,13078,3
mumbai,Maruti Baleno,2018,525000,18.5K km,18500,MH,manual,petrol,8940,7
mumbai,Tata Altroz,2023,736000,5.5K km,5500,MH,manual,petrol,12533,2
mumbai,Kia Sonet,2022,1050000,36.5K km,36500,MH,manual,petrol,18050,3
mumbai,Hyundai New Santro 1.1,2022,543000,30.5K km,30500,MH,manual,petrol+cng,8669,3
mumbai,Tata Tiago,2022,619000,3.5K km,3500,MH,manual,petrol,10541,3
mumbai,Maruti Ciaz,2016,440000,79K km,79000,MH,manual,petrol,7492,9
mumbai,Maruti Baleno,2016,400000,73.5K km,73500,MH,manual,petrol,6811,9
mumbai,Tata Nexon,2019,764000,51.5K km,51500,MH,automatic,petrol,13010,6
mumbai,Tata Hexa,2017,891000,71K km,71000,MH,automatic,diesel,14224,8
mumbai,Maruti S-Presso,2021,455000,21K km,21000,MH,manual,petrol+cng,7748,4
mumbai,Ford EcoSport,2017,569000,54K km,54000,MH,manual,diesel,9689,8
mumbai,Volkswagen Ameo,2019,439000,35K km,35000,MH,manual,petrol,7008,6
mumbai,Maruti Baleno,2016,456000,47K km,47000,MH,manual,petrol,7765,9
mumbai,Maruti Ciaz,2015,430000,70K km,70000,MH,manual,petrol,7827,10
mumbai,Hyundai New i20,2021,826000,24.5K km,24500,MH,automatic,petrol,14066,4
mumbai,Hyundai Grand i10,2016,363000,60.5K km,60500,MH,manual,petrol,6607,9
mumbai,MG Hector,2019,1214000,41.5K km,41500,MH,automatic,petrol,20878,6
mumbai,Renault Triber,2021,593000,28K km,28000,MH,manual,petrol,10098,4
mumbai,Honda City,2018,720000,59K km,59000,MH,automatic,petrol,12261,7
mumbai,Hyundai Creta,2020,1482000,45.5K km,45500,MH,automatic,diesel,25488,5
mumbai,Hyundai Grand i10,2014,355000,55.5K km,55500,MH,manual,petrol,7619,11
mumbai,Tata Safari,2021,1578000,32.5K km,32500,MH,manual,diesel,27137,4
mumbai,Maruti Ertiga,2016,618000,82K km,82000,MH,manual,petrol,11249,9
mumbai,Hyundai Grand i10,2015,345000,68.5K km,68500,MH,manual,petrol,6279,10
mumbai,Tata Nexon,2020,884000,29K km,29000,MH,automatic,petrol,15615,5
mumbai,Renault Kwid,2018,314000,34.5K km,34500,MH,automatic,petrol,5347,7
mumbai,Hyundai New i20,2023,925000,5.5K km,5500,MH,manual,petrol,15752,2
mumbai,Renault Triber,2022,590000,48.5K km,48500,MH,manual,petrol,10047,3
mumbai,Hyundai Venue,2020,799000,64K km,64000,MH,automatic,petrol,13606,5
mumbai,Maruti S-Presso,2021,454000,27.5K km,27500,MH,manual,petrol+cng,7731,4
mumbai,Maruti Alto K10,2015,242000,43K km,43000,MH,manual,petrol,4404,10
mumbai,Maruti Ciaz,2018,678000,39K km,39000,MH,automatic,petrol,11545,7
mumbai,Maruti Ciaz,2016,491000,75K km,75000,MH,manual,petrol,8361,9
mumbai,Hyundai Venue,2022,1059000,35K km,35000,MH,manual,diesel,18212,3
mumbai,Nissan Magnite,2021,546000,20K km,20000,MH,manual,petrol,9298,4
mumbai,Hyundai Venue,2022,925000,12K km,12000,MH,manual,petrol,15752,3
mumbai,Tata Tiago,2019,490000,60.5K km,60500,MH,manual,petrol,8344,6
mumbai,Volkswagen Polo,2017,487000,108K km,108000,MH,manual,petrol,7774,8
mumbai,Tata Nexon,2020,749000,63.5K km,63500,MH,automatic,diesel,12755,5
mumbai,Volkswagen Polo,2016,449000,88.5K km,88500,MH,manual,petrol,7168,9
mumbai,Maruti Celerio,2015,359000,99.5K km,99500,MH,automatic,petrol,6534,10
mumbai,Tata Nexon,2018,575000,39K km,39000,MH,manual,petrol,9791,7
mumbai,Maruti Baleno,2017,560000,37.5K km,37500,MH,manual,petrol,9536,8
mumbai,Toyota Etios Liva,2012,338000,110.5K km,110500,MH,manual,diesel,12051,13
mumbai,Maruti Ignis,2023,626000,20.5K km,20500,MH,manual,petrol,10660,2
mumbai,Hyundai New Santro 1.1,2021,434000,42.5K km,42500,MH,manual,petrol,6928,4
mumbai,Renault Kwid,2022,479000,23.5K km,23500,MH,automatic,petrol,8157,3
mumbai,Renault Triber,2021,531000,41K km,41000,MH,manual,petrol,9042,4
mumbai,Maruti Alto 800,2022,409000,1.5K km,1500,MH,manual,petrol,7309,3
mumbai,Tata Tigor,2020,588000,37.5K km,37500,MH,manual,petrol,10013,5
mumbai,Tata Nexon,2019,723000,85.5K km,85500,MH,automatic,petrol,12312,6
mumbai,Kia Sonet,2022,1111000,21.5K km,21500,MH,manual,petrol,19107,3
mumbai,Maruti Ignis,2022,560000,16.5K km,16500,MH,manual,petrol,9536,3
mumbai,Maruti Ignis,2022,484000,35.5K km,35500,MH,manual,petrol,8242,3
mumbai,Maruti Ciaz,2021,935000,32K km,32000,MH,automatic,petrol,15922,4
mumbai,Renault Kwid,2021,413000,41.5K km,41500,MH,automatic,petrol,7033,4
mumbai,Toyota Urban Cruiser Hyryder,2023,1454000,49K km,49000,MH,manual,petrol,24999,2
mumbai,Honda City,2023,1224000,9.5K km,9500,MH,manual,petrol,21048,2
mumbai,Maruti Swift,2022,616000,14.5K km,14500,MH,manual,petrol,10490,3
mumbai,Maruti Ignis,2022,575000,30.5K km,30500,MH,manual,petrol,9791,3
mumbai,Renault Kwid,2021,381000,25.5K km,25500,MH,manual,petrol,6488,4
mumbai,Tata Punch,2024,699000,2.5K km,2500,MH,manual,petrol+cng,11903,1
mumbai,Maruti Ignis,2022,629000,31K km,31000,MH,automatic,petrol,10711,3
mumbai,Honda Elevate,2023,1423000,32.5K km,32500,MH,automatic,petrol,24470,2
mumbai,Honda Amaze,2019,555000,61.5K km,61500,MH,manual,petrol,9451,6
mumbai,Tata Tiago,2019,442000,46K km,46000,MH,manual,petrol,7527,6
mumbai,Maruti Alto 800,2022,370000,23.5K km,23500,MH,manual,petrol,6612,3
mumbai,Kia Sonet,2022,1122000,14K km,14000,MH,manual,petrol,19294,3
mumbai,Tata Tigor,2022,633000,43K km,43000,MH,manual,petrol+cng,10779,3
mumbai,Hyundai Grand i10 Nios,2022,604000,10K km,10000,MH,manual,petrol,10285,3
mumbai,Maruti Ciaz,2021,839000,50.5K km,50500,MH,manual,petrol,14287,4
mumbai,Maruti Baleno,2022,840000,8K km,8000,MH,manual,petrol,14304,3
mumbai,Maruti Wagon R 1.2,2022,595000,10.5K km,10500,MH,automatic,petrol,10132,3
mumbai,Nissan Magnite,2021,470000,30.5K km,30500,MH,manual,petrol,8003,4
mumbai,Maruti Dzire,2022,827000,11.5K km,11500,MH,automatic,petrol,14083,3
mumbai,Renault Triber,2023,589000,24K km,24000,MH,automatic,petrol,10030,2
mumbai,Toyota Urban Cruiser Hyryder,2023,1454000,49K km,49000,MH,manual,petrol,24999,2
mumbai,Honda City,2023,1224000,9.5K km,9500,MH,manual,petrol,21048,2
mumbai,Maruti Swift,2022,616000,14.5K km,14500,MH,manual,petrol,10490,3
mumbai,Maruti Ignis,2022,575000,30.5K km,30500,MH,manual,petrol,9791,3
mumbai,Renault Kwid,2021,381000,25.5K km,25500,MH,manual,petrol,6488,4
mumbai,Tata Punch,2024,699000,2.5K km,2500,MH,manual,petrol+cng,11903,1
mumbai,Maruti Ignis,2022,629000,31K km,31000,MH,automatic,petrol,10711,3
mumbai,Honda Elevate,2023,1423000,32.5K km,32500,MH,automatic,petrol,24470,2
mumbai,Honda Amaze,2019,555000,61.5K km,61500,MH,manual,petrol,9451,6
mumbai,Tata Tiago,2019,442000,46K km,46000,MH,manual,petrol,7527,6
mumbai,Maruti Alto 800,2022,370000,23.5K km,23500,MH,manual,petrol,6612,3
mumbai,Kia Sonet,2022,1122000,14K km,14000,MH,manual,petrol,19294,3
mumbai,Tata Tigor,2022,633000,43K km,43000,MH,manual,petrol+cng,10779,3
mumbai,Hyundai Grand i10 Nios,2022,604000,10K km,10000,MH,manual,petrol,10285,3
mumbai,Maruti Ciaz,2021,839000,50.5K km,50500,MH,manual,petrol,14287,4
mumbai,Maruti Baleno,2022,840000,8K km,8000,MH,manual,petrol,14304,3
mumbai,Maruti Wagon R 1.2,2022,595000,10.5K km,10500,MH,automatic,petrol,10132,3
mumbai,Nissan Magnite,2021,470000,30.5K km,30500,MH,manual,petrol,8003,4
mumbai,Maruti Dzire,2022,827000,11.5K km,11500,MH,automatic,petrol,14083,3
mumbai,Renault Triber,2023,589000,24K km,24000,MH,automatic,petrol,10030,2
mumbai,Renault Triber,2020,518000,52.5K km,52500,MH,manual,petrol,8821,5
mumbai,Hyundai Xcent,2014,375000,74.5K km,74500,MH,manual,petrol,7545,11
mumbai,Hyundai Verna,2024,1530000,16K km,16000,MH,automatic,petrol,26310,1
mumbai,Hyundai Grand i10,2019,449000,49.5K km,49500,MH,manual,petrol,7646,6
mumbai,Renault Triber,2023,684000,9K km,9000,MH,manual,petrol,11648,2
mumbai,Mahindra Scorpio N,2022,1896000,49.5K km,49500,MH,automatic,diesel,32611,3
mumbai,Maruti S-Presso,2022,394000,50K km,50000,MH,manual,petrol,6709,3
mumbai,Renault Kwid,2023,467000,7K km,7000,MH,manual,petrol,7952,2
mumbai,Maruti Alto K10,2013,240000,15K km,15000,MH,manual,petrol,6469,12
mumbai,Hyundai Venue,2023,1004000,12.5K km,12500,MH,manual,petrol,17098,2
mumbai,Renault Triber,2020,558000,47K km,47000,MH,manual,petrol,9502,5
mumbai,Hyundai Grand i10,2016,399000,36.5K km,36500,MH,manual,petrol,6794,9
mumbai,Maruti Swift Dzire,2014,412000,52K km,52000,MH,manual,petrol,8842,11
mumbai,Tata Tigor,2022,713000,29.5K km,29500,MH,manual,petrol+cng,12141,3
mumbai,Tata Punch,2024,940000,3.5K km,3500,MH,automatic,petrol,16007,1
mumbai,Honda Brio,2013,243000,115K km,115000,MH,manual,petrol,6140,12
mumbai,Maruti Brezza,2023,1142000,25.5K km,25500,MH,automatic,petrol,19640,2
mumbai,Volkswagen Polo,2012,333000,55.5K km,55500,MH,manual,petrol,11873,13
mumbai,Volkswagen Polo,2016,298000,134K km,134000,MH,manual,petrol,4757,9
mumbai,Tata Harrier,2022,1729000,23K km,23000,MH,automatic,diesel,29734,3
mumbai,Toyota Urban Cruiser,2021,999000,20.5K km,20500,MH,automatic,petrol,17012,4
mumbai,Tata Altroz,2022,758000,10K km,10000,MH,manual,petrol,12908,3
mumbai,Hyundai Eon,2012,225000,57K km,57000,MH,manual,petrol,8022,13
mumbai,Maruti Estilo,2011,165000,59.5K km,59500,MH,manual,petrol,11789,14
mumbai,Maruti Celerio,2017,418000,76.5K km,76500,MH,manual,petrol+cng,7118,8
mumbai,Hyundai i20 Active,2015,498000,42.5K km,42500,MH,manual,petrol,9064,10
mumbai,Maruti Alto 800,2012,208000,45.5K km,45500,MH,manual,petrol,8068,13
mumbai,Hyundai Venue,2024,1085000,3K km,3000,MH,manual,petrol,18659,1
mumbai,Maruti Baleno,2016,465000,29K km,29000,MH,manual,petrol,7918,9
mumbai,Ford Figo Aspire,2017,428000,48.5K km,48500,MH,manual,petrol,6833,8
mumbai,Hyundai i20,2013,358000,55K km,55000,MH,manual,petrol,9649,12
mumbai,Hyundai Grand i10,2017,397000,59.5K km,59500,MH,manual,petrol,6760,8
mumbai,Kia Sonet,2022,974000,35.5K km,35500,MH,manual,petrol,16586,3
mumbai,Maruti Wagon R 1.0,2014,305000,52.5K km,52500,MH,manual,petrol,6790,11
mumbai,Maruti Ciaz,2019,789000,26K km,26000,MH,manual,petrol,13436,6
mumbai,Toyota Innova Crysta,2018,1770000,74K km,74000,MH,manual,diesel,30444,7
mumbai,Hyundai i10,2012,256000,57.5K km,57500,MH,manual,petrol,9736,13
mumbai,Maruti Celerio,2014,329000,123K km,123000,MH,automatic,petrol,7060,11
mumbai,Nissan Magnite,2021,875000,21.5K km,21500,MH,automatic,petrol,14900,4
mumbai,Tata Altroz,2021,645000,15.5K km,15500,MH,manual,petrol,10983,4
mumbai,Volkswagen Polo,2015,458000,93K km,93000,MH,manual,petrol,7815,10
mumbai,Hyundai Verna,2018,819000,56K km,56000,MH,manual,petrol,13947,7
mumbai,Maruti S-Presso,2022,443000,22K km,22000,MH,manual,petrol,7544,3
mumbai,Tata Altroz,2021,743000,39K km,39000,MH,manual,petrol,12652,4
mumbai,Hyundai Eon,2015,231000,67.5K km,67500,MH,manual,petrol,3941,10
mumbai,Hyundai New Santro 1.1,2021,473000,15.5K km,15500,MH,manual,petrol,7551,4
mumbai,Maruti Ertiga,2016,754000,13.5K km,13500,MH,manual,petrol,12840,9
mumbai,Maruti Celerio,2015,387000,58.5K km,58500,MH,automatic,petrol,7044,10
mumbai,Tata Tiago,2021,504000,65.5K km,65500,MH,manual,petrol,8582,4
mumbai,Honda Amaze,2016,511000,59.5K km,59500,MH,automatic,petrol,8702,9
mumbai,Maruti Dzire,2018,619000,57.5K km,57500,MH,automatic,petrol,10541,7
mumbai,Maruti Baleno,2016,537000,53.5K km,53500,MH,manual,petrol,9144,9
mumbai,Hyundai Venue,2022,997000,36.5K km,36500,MH,manual,petrol,16978,3
mumbai,Hyundai i20,2010,268000,61.5K km,61500,MH,manual,petrol,9698,15
mumbai,Maruti Swift Dzire,2010,254000,80.5K km,80500,MH,manual,petrol,9698,15
mumbai,Volkswagen Polo,2010,250000,74.5K km,74500,MH,manual,petrol,9698,15
mumbai,Ford Figo,2011,184000,50K km,50000,MH,manual,petrol,9698,14
mumbai,Maruti Wagon R 1.0,2010,210000,77.5K km,77500,MH,manual,petrol,9698,15
mumbai,Ford Figo,2010,187000,63.5K km,63500,MH,manual,petrol,9698,15
mumbai,Maruti Wagon R 1.0,2010,215000,22K km,22000,MH,manual,petrol,9698,15
mumbai,Maruti Alto K10,2016,310000,26.5K km,26500,MH,manual,petrol,5279,9
mumbai,Maruti Alto K10,2015,261000,56.5K km,56500,MH,manual,petrol,4750,10
mumbai,Mahindra KUV100 NXT,2017,359000,121K km,121000,MH,manual,petrol,6113,8
mumbai,Maruti Celerio,2019,474000,104K km,104000,MH,automatic,petrol,8071,6
mumbai,Volkswagen Polo,2013,310000,92.5K km,92500,MH,manual,petrol,7833,12
mumbai,Hyundai Xcent,2015,401000,90K km,90000,MH,manual,petrol,6842,10
mumbai,Tata Nano,2014,145000,41.5K km,41500,MH,manual,petrol,2917,11
mumbai,Maruti Alto 800,2019,317000,77.5K km,77500,MH,manual,petrol,5665,6
mumbai,Tata Punch,2023,863000,4.5K km,4500,MH,manual,petrol+cng,14696,2
mumbai,Hyundai i20,2012,256000,82.5K km,82500,MH,manual,petrol,18292,13
mumbai,Hyundai Xcent,2015,459000,56.5K km,56500,MH,manual,petrol,7832,10
mumbai,Hyundai Elite i20,2015,590000,101.5K km,101500,MH,manual,diesel,10739,10
mumbai,Hyundai Elite i20,2017,598000,53K km,53000,MH,manual,petrol,10183,8
mumbai,Maruti Ciaz,2021,859000,30.5K km,30500,MH,manual,petrol,14628,4
mumbai,Ford Figo,2012,224000,50K km,50000,MH,manual,petrol,9698,13
mumbai,Hyundai Grand i10,2016,385000,122K km,122000,MH,manual,petrol,6556,9
mumbai,Tata Altroz,2023,768000,27K km,27000,MH,manual,petrol,13078,2
mumbai,Maruti Ignis,2022,589000,35.5K km,35500,MH,manual,petrol,10030,3
mumbai,Maruti Celerio,2019,480000,59K km,59000,MH,manual,petrol+cng,8174,6
mumbai,Maruti Celerio,2022,589000,19.5K km,19500,MH,manual,petrol,10030,3
mumbai,Honda City,2012,348000,76.5K km,76500,MH,manual,petrol,13235,13
mumbai,Honda Brio,2012,242000,58.5K km,58500,MH,manual,petrol,8628,13
mumbai,Hyundai i10,2012,190000,112K km,112000,MH,manual,petrol,13576,13
mumbai,Tata Tiago,2018,512000,26.5K km,26500,MH,automatic,petrol,8719,7
mumbai,Maruti Alto 800,2013,210000,74K km,74000,MH,manual,petrol,5823,12
mumbai,Hyundai Grand i10,2017,424000,123.5K km,123500,MH,manual,diesel,7220,8
mumbai,Hyundai i20 Active,2015,477000,33K km,33000,MH,manual,petrol,8682,10
mumbai,Honda Amaze,2014,362000,43.5K km,43500,MH,manual,petrol,7769,11
mumbai,Maruti Swift,2016,417000,37K km,37000,MH,manual,petrol,7101,9
mumbai,Hyundai Aura,2023,790000,22.5K km,22500,MH,manual,petrol+cng,13453,2
mumbai,Tata Punch,2022,862000,6.5K km,6500,MH,automatic,petrol,14679,3
mumbai,Ford EcoSport,2013,492000,108K km,108000,MH,manual,diesel,13261,12
mumbai,Volkswagen Ameo,2018,544000,55.5K km,55500,MH,manual,petrol,8685,7
mumbai,Hyundai Grand i10,2018,408000,49.5K km,49500,MH,manual,petrol,6948,7
mumbai,Maruti Alto 800,2016,229000,87.5K km,87500,MH,manual,petrol,4092,9
mumbai,Hyundai Verna,2011,322000,97K km,97000,MH,manual,petrol,23008,14
mumbai,Maruti Swift,2012,358000,82.5K km,82500,MH,manual,petrol,13615,13
mumbai,Hyundai i10,2015,333000,26.5K km,26500,MH,manual,petrol,6061,10
mumbai,Maruti Swift,2017,453000,69K km,69000,MH,manual,petrol,7714,8
mumbai,Ford Freestyle,2018,526000,41K km,41000,MH,manual,petrol,9574,7
mumbai,Hyundai Creta,2021,921000,14.5K km,14500,MH,manual,petrol,15684,4
mumbai,Hyundai Creta,2019,1149000,75.5K km,75500,MH,automatic,diesel,19759,6
mumbai,Maruti Ciaz,2018,656000,78.5K km,78500,MH,manual,petrol,11171,7
mumbai,Maruti Ciaz,2016,610000,14.5K km,14500,MH,manual,petrol,10387,9
mumbai,Hyundai Venue,2021,1049000,20K km,20000,MH,automatic,petrol,18040,4
mumbai,Hyundai i10,2016,336000,53K km,53000,MH,manual,petrol,6116,9
mumbai,Honda WR-V,2019,735000,17K km,17000,MH,manual,petrol,12516,6
mumbai,Honda Jazz,2016,546000,40.5K km,40500,MH,automatic,petrol,8716,9
mumbai,Renault Kiger,2022,732000,34K km,34000,MH,manual,petrol,12465,3
mumbai,Maruti Alto 800,2018,284000,35K km,35000,MH,manual,petrol,5075,7
mumbai,Maruti Ciaz,2018,599000,71.5K km,71500,MH,manual,petrol,10200,7
mumbai,Hyundai Elite i20,2015,502000,67.5K km,67500,MH,manual,petrol,9137,10
mumbai,Hyundai Eon,2013,192000,90K km,90000,MH,manual,petrol,6846,12
mumbai,Hyundai New i20,2025,825000,2.5K km,2500,MH,manual,petrol,14049,0
mumbai,Maruti Celerio,2017,412000,58.5K km,58500,MH,manual,petrol+cng,7016,8
mumbai,Honda City,2019,868000,93K km,93000,MH,automatic,petrol,14781,6
mumbai,Maruti XL6,2022,1078000,31K km,31000,MH,manual,petrol,18538,3
mumbai,Toyota Glanza,2021,759000,50K km,50000,MH,automatic,petrol,12925,4
mumbai,Maruti Wagon R 1.0,2013,272000,70K km,70000,MH,manual,petrol,7543,12
mumbai,Hyundai Elite i20,2016,559000,43.5K km,43500,MH,manual,petrol,9519,9
mumbai,Ford EcoSport,2019,744000,66K km,66000,MH,manual,petrol,12669,6
mumbai,Maruti Baleno,2024,939000,9K km,9000,MH,manual,petrol,15990,1
mumbai,Hyundai Eon,2014,251000,26.5K km,26500,MH,manual,petrol,5050,11
mumbai,Hyundai Grand i10,2019,507000,33.5K km,33500,MH,manual,petrol,8633,6
mumbai,Tata Nano,2013,125000,42.5K km,42500,MH,manual,petrol,4457,12
mumbai,Maruti Baleno,2017,526000,42K km,42000,MH,manual,petrol,8957,8
mumbai,Honda Jazz,2016,431000,82K km,82000,MH,automatic,petrol,6880,9
mumbai,Maruti Alto 800,2013,230000,38.5K km,38500,MH,manual,petrol,6378,12
mumbai,Honda Amaze,2016,507000,38.5K km,38500,MH,manual,petrol,8633,9
mumbai,Honda City,2015,498000,60K km,60000,MH,manual,petrol,9064,10
mumbai,Honda City,2015,472000,141.5K km,141500,MH,manual,petrol,8591,10
mumbai,Hyundai New Santro 1.1,2021,479000,111.5K km,111500,MH,manual,petrol+cng,7647,4
mumbai,Tata Zest,2020,419000,24.5K km,24500,MH,manual,petrol,7135,5
mumbai,Maruti Alto 800,2019,274000,80K km,80000,MH,manual,petrol,4897,6
mumbai,Maruti Celerio,2017,418000,65.5K km,65500,MH,automatic,petrol,7118,8
mumbai,Honda City,2019,813000,38.5K km,38500,MH,automatic,petrol,13844,6
mumbai,Hyundai Elite i20,2017,545000,23K km,23000,MH,manual,petrol,9281,8
mumbai,Maruti Ciaz,2016,604000,49.5K km,49500,MH,automatic,petrol,10285,9
mumbai,Hyundai Creta,2017,782000,77.5K km,77500,MH,automatic,petrol,11324,8
mumbai,Hyundai i10,2012,247000,92.5K km,92500,MH,automatic,petrol,9394,13
mumbai,Hyundai Eon,2018,309000,26.5K km,26500,MH,manual,petrol,4933,7
mumbai,Honda Jazz,2015,471000,69K km,69000,MH,automatic,petrol,8037,10
mumbai,Honda Amaze,2014,332000,78K km,78000,MH,manual,petrol,7125,11
mumbai,Tata Tiago,2019,493000,25.5K km,25500,MH,manual,petrol,8395,6
mumbai,Honda Amaze,2016,402000,108K km,108000,MH,manual,petrol,6845,9
mumbai,Maruti Celerio,2017,403000,50.5K km,50500,MH,automatic,petrol,6862,8
mumbai,Tata Nexon,2018,694000,79K km,79000,MH,manual,diesel,11818,7
mumbai,Maruti Wagon R 1.0,2016,390000,27.5K km,27500,MH,automatic,petrol,6970,9
mumbai,Hyundai i10,2012,219000,42.5K km,42500,MH,manual,petrol,8329,13
mumbai,Tata Nexon,2019,728000,48.5K km,48500,MH,manual,petrol,12397,6
mumbai,Maruti Ciaz,2018,733000,14K km,14000,MH,manual,petrol,12482,7
mumbai,Hyundai Elite i20,2017,574000,44K km,44000,MH,manual,petrol,9774,8
mumbai,Maruti Celerio,2019,462000,37.5K km,37500,MH,manual,petrol,7867,6
mumbai,Tata Punch,2022,753000,18.5K km,18500,MH,manual,petrol,12823,3
mumbai,Maruti Swift,2012,331000,70.5K km,70500,MH,manual,petrol,12589,13
mumbai,Maruti Vitara Brezza,2017,688000,114K km,114000,MH,manual,diesel,11716,8
mumbai,Hyundai Venue,2021,998000,31.5K km,31500,MH,automatic,petrol,16995,4
mumbai,Maruti Alto K10,2017,301000,78.5K km,78500,MH,automatic,petrol,5125,8
mumbai,Tata Tigor,2021,642000,38.5K km,38500,MH,automatic,petrol,10932,4
mumbai,Tata Punch,2023,895000,24K km,24000,MH,manual,petrol+cng,15241,2
mumbai,Volkswagen Ameo,2017,439000,120K km,120000,MH,manual,petrol,7008,8
mumbai,Tata Nexon,2022,997000,36.5K km,36500,MH,automatic,petrol,16978,3
mumbai,Maruti Alto 800,2022,411000,1K km,1000,MH,manual,petrol,7345,3
mumbai,Maruti Baleno,2021,754000,45.5K km,45500,MH,automatic,petrol,12840,4
mumbai,Renault Triber,2021,645000,24K km,24000,MH,manual,petrol,10983,4
mumbai,Hyundai i10,2013,292000,74K km,74000,MH,automatic,petrol,7870,12
mumbai,Maruti Baleno,2023,915000,14.5K km,14500,MH,automatic,petrol,15581,2
mumbai,Maruti Baleno,2021,697000,7K km,7000,MH,manual,petrol,11869,4
mumbai,Hyundai Elite i20,2016,562000,16.5K km,16500,MH,manual,petrol,9570,9
mumbai,Tata Tiago,2017,449000,37.5K km,37500,MH,automatic,petrol,7646,8
mumbai,Hyundai i20,2011,263000,118K km,118000,MH,manual,petrol,18792,14
mumbai,Maruti Alto K10,2017,376000,10K km,10000,MH,automatic,petrol,6403,8
mumbai,Maruti Celerio,2016,408000,34.5K km,34500,MH,automatic,petrol,7426,9
mumbai,Honda City,2015,470000,136K km,136000,MH,manual,petrol,8555,10
mumbai,Maruti Alto 800,2022,407000,24K km,24000,MH,manual,petrol,7274,3
mumbai,Hyundai Grand i10,2020,585000,7K km,7000,MH,manual,petrol,9962,5
mumbai,Hyundai Grand i10,2018,465000,50K km,50000,MH,manual,petrol+cng,7918,7
mumbai,Honda BR-V,2016,698000,62K km,62000,MH,automatic,petrol,11886,9
mumbai,Volkswagen Polo,2014,420000,60.5K km,60500,MH,manual,diesel,8450,11
mumbai,Hyundai i20 N Line,2023,1129000,6.5K km,6500,MH,automatic,petrol,19416,2
mumbai,Hyundai Venue,2021,997000,16.5K km,16500,MH,manual,petrol,16978,4
mumbai,Volkswagen Polo,2014,309000,116.5K km,116500,MH,manual,petrol,6217,11
mumbai,Maruti Ritz,2015,290000,58.5K km,58500,MH,manual,petrol,4948,10
mumbai,Tata Nexon,2018,658000,103.5K km,103500,MH,manual,diesel,11205,7
mumbai,Maruti Wagon R 1.0,2012,274000,43K km,43000,MH,manual,petrol,10628,13
mumbai,Hyundai Verna,2011,345000,103.5K km,103500,MH,automatic,petrol,24651,14
mumbai,Maruti Swift,2018,511000,41.5K km,41500,MH,manual,petrol,8702,7
mumbai,Maruti Wagon R 1.0,2010,198000,58.5K km,58500,MH,manual,petrol+cng,9698,15
mumbai,Hyundai Verna,2018,732000,95.5K km,95500,MH,manual,petrol,12465,7
mumbai,Renault Kwid,2017,273000,71.5K km,71500,MH,automatic,petrol,4649,8
mumbai,Tata Altroz,2022,830000,10.5K km,10500,MH,manual,petrol,14134,3
mumbai,Skoda Rapid New,2021,719000,27K km,27000,MH,manual,petrol,12244,4
mumbai,Hyundai Tucson,2017,1249000,87K km,87000,MH,automatic,diesel,21479,8
mumbai,Honda Brio,2013,263000,65K km,65000,MH,manual,petrol,6646,12
mumbai,Hyundai i20 Active,2018,519000,72K km,72000,MH,manual,petrol,8838,7
mumbai,Kia Seltos,2021,1219000,93K km,93000,MH,manual,diesel,20964,4
mumbai,Honda City,2023,1124000,13K km,13000,MH,manual,petrol,19330,2
mumbai,Tata Tiago,2018,450000,43K km,43000,MH,manual,petrol+cng,7663,7
mumbai,Honda City,2020,978000,54K km,54000,MH,automatic,petrol,16654,5
mumbai,Tata Tiago,2017,455000,34.5K km,34500,MH,manual,petrol,7748,8
mumbai,Renault Kwid,2016,281000,34K km,34000,MH,manual,petrol,4785,9
mumbai,Maruti Alto 800,2017,285000,46.5K km,46500,MH,manual,petrol,5093,8
mumbai,Maruti Ciaz,2020,822000,37K km,37000,MH,manual,petrol,13998,5
mumbai,Maruti Wagon R 1.0,2016,329000,96K km,96000,MH,automatic,petrol,5880,9
mumbai,Maruti Ignis,2024,619000,2.5K km,2500,MH,manual,petrol,10541,1
mumbai,Maruti Baleno,2017,589000,43.5K km,43500,MH,manual,petrol,10030,8
mumbai,Maruti Alto 800,2014,254000,14K km,14000,MH,manual,petrol,5655,11
mumbai,Tata Nexon,2021,895000,45.5K km,45500,MH,manual,petrol,15241,4
mumbai,Hyundai Elite i20,2015,521000,43K km,43000,MH,manual,petrol,9483,10
mumbai,MG Gloster,2021,2877000,47K km,47000,MH,automatic,diesel,49487,4
mumbai,Renault Kwid,2018,385000,12K km,12000,MH,automatic,petrol,6556,7
mumbai,Hyundai Xcent,2014,387000,78.5K km,78500,MH,manual,petrol,7786,11
mumbai,Ford EcoSport,2015,458000,86.5K km,86500,MH,manual,petrol,8336,10
mumbai,Kia Seltos,2022,1198000,23K km,23000,MH,manual,petrol,20605,3
mumbai,Honda Amaze,2022,712000,13K km,13000,MH,automatic,petrol,12124,3
mumbai,Renault Kwid,2018,352000,30K km,30000,MH,automatic,petrol,5994,7
mumbai,Maruti XL6,2022,1165000,47.5K km,47500,MH,automatic,petrol,20035,3
mumbai,Maruti Celerio,2017,455000,37.5K km,37500,MH,automatic,petrol,7748,8
mumbai,Maruti Baleno,2019,554000,108.5K km,108500,MH,automatic,petrol,9434,6
mumbai,Tata Altroz,2021,587000,81K km,81000,MH,manual,petrol,9996,4
mumbai,Hyundai Eon,2013,233000,87.5K km,87500,MH,manual,petrol,5888,12
mumbai,Tata Punch,2022,768000,20.5K km,20500,MH,manual,petrol,13078,3
mumbai,Ford Figo,2012,230000,61K km,61000,MH,manual,diesel,9698,13
mumbai,Hyundai i10,2011,230000,63K km,63000,MH,manual,petrol,16434,14
mumbai,Volkswagen Polo,2016,458000,38K km,38000,MH,manual,petrol,7312,9
mumbai,Hyundai Eon,2015,250000,47.5K km,47500,MH,manual,petrol,4266,10
mumbai,Maruti Celerio,2017,422000,106.5K km,106500,MH,automatic,petrol,7186,8
mumbai,Tata Nexon,2023,1032000,10.5K km,10500,MH,manual,petrol,17747,2
mumbai,Hyundai Elite i20,2017,567000,37.5K km,37500,MH,manual,petrol,9655,8
mumbai,Tata Tiago,2018,478000,41.5K km,41500,MH,automatic,petrol,8140,7
mumbai,Volkswagen Polo,2013,321000,102K km,102000,MH,manual,petrol,8111,12
mumbai,Maruti Baleno,2017,507000,43.5K km,43500,MH,manual,petrol,8633,8
mumbai,Hyundai i10,2011,204000,89.5K km,89500,MH,manual,petrol,14576,14
mumbai,Maruti Ritz,2014,248000,87K km,87000,MH,manual,petrol,4989,11
mumbai,Hyundai Eon,2011,197000,56K km,56000,MH,manual,petrol,13196,14
mumbai,Maruti Swift,2015,438000,60.5K km,60500,MH,manual,petrol,7972,10
mumbai,Maruti Alto K10,2024,602000,1.5K km,1500,MH,automatic,petrol,10251,1
mumbai,Ford EcoSport,2015,539000,58K km,58000,MH,automatic,petrol,9811,10
mumbai,Hyundai Elite i20,2018,526000,58.5K km,58500,MH,manual,petrol,8957,7
mumbai,Hyundai Xcent,2015,383000,51K km,51000,MH,manual,petrol,6535,10
mumbai,Volkswagen Ameo,2017,547000,118.5K km,118500,MH,automatic,diesel,8732,8
mumbai,Volkswagen Polo,2015,442000,94.5K km,94500,MH,manual,petrol,7542,10
mumbai,Maruti Vitara Brezza,2021,761000,27K km,27000,MH,manual,petrol,12959,4
mumbai,Hyundai Grand i10,2018,425000,51K km,51000,MH,manual,petrol,7237,7
mumbai,Maruti Wagon R 1.0,2012,281000,41.5K km,41500,MH,manual,petrol,10899,13
mumbai,Volkswagen Polo,2011,275000,40.5K km,40500,MH,manual,petrol,18421,14
mumbai,Honda Jazz,2016,498000,59K km,59000,MH,manual,petrol,7950,9
mumbai,Honda Jazz,2019,566000,65.5K km,65500,MH,manual,petrol,9036,6
mumbai,Hyundai New Santro 1.1,2019,489000,46K km,46000,MH,manual,petrol+cng,7806,6
mumbai,Hyundai Grand i10,2015,406000,20K km,20000,MH,manual,petrol,7390,10
mumbai,Hyundai Grand i10,2016,439000,56K km,56000,MH,manual,petrol,7475,9
mumbai,Hyundai i10,2013,261000,48K km,48000,MH,manual,petrol,7035,12
mumbai,Hyundai Grand i10,2016,441000,49.5K km,49500,MH,manual,petrol,7509,9
mumbai,Maruti Baleno,2017,554000,48.5K km,48500,MH,manual,petrol,9434,8
mumbai,Honda Amaze,2015,361000,81.5K km,81500,MH,manual,petrol,6571,10
mumbai,Maruti Wagon R 1.0,2013,259000,95.5K km,95500,MH,manual,petrol,7182,12
mumbai,Renault Kwid,2017,282000,45K km,45000,MH,manual,petrol,4802,8
mumbai,Tata Nexon,2019,728000,73K km,73000,MH,manual,diesel,12397,6
mumbai,Honda Amaze,2013,343000,71K km,71000,MH,manual,petrol,9245,12
mumbai,Tata Nexon,2019,627000,46.5K km,46500,MH,manual,petrol,10677,6
mumbai,Maruti Vitara Brezza,2018,782000,58.5K km,58500,MH,manual,diesel,13317,7
mumbai,Hyundai New Santro 1.1,2020,461000,34K km,34000,MH,manual,petrol,7359,5
mumbai,Maruti Vitara Brezza,2017,675000,54K km,54000,MH,manual,diesel,11494,8
mumbai,Hyundai Elite i20,2019,578000,64K km,64000,MH,manual,petrol,9843,6
mumbai,Renault Kwid,2019,382000,33.5K km,33500,MH,automatic,petrol,6505,6
mumbai,Maruti Wagon R 1.0,2024,565000,3K km,3000,MH,manual,petrol,10097,1
mumbai,Maruti Swift,2015,350000,66K km,66000,MH,manual,petrol,6370,10
mumbai,Maruti S-Cross,2018,831000,62.5K km,62500,MH,manual,diesel,14151,7
mumbai,Hyundai i20 Active,2015,472000,59.5K km,59500,MH,manual,petrol,8591,10
mumbai,Maruti Wagon R 1.0,2012,271000,72.5K km,72500,MH,manual,petrol,10511,13
mumbai,Honda City,2015,575000,66.5K km,66500,MH,automatic,petrol,10466,10
mumbai,Honda Jazz,2017,492000,95K km,95000,MH,automatic,petrol,7854,8
mumbai,Hyundai Grand i10,2015,393000,30.5K km,30500,MH,manual,petrol,7153,10
mumbai,Ford Figo,2011,198000,71K km,71000,MH,manual,diesel,9698,14
mumbai,Maruti Baleno,2016,503000,38.5K km,38500,MH,manual,petrol,8565,9
mumbai,Honda City,2017,629000,35.5K km,35500,MH,manual,petrol,10711,8
mumbai,Hyundai Grand i10,2016,437000,14K km,14000,MH,manual,petrol,7441,9
mumbai,Maruti Swift,2011,285000,54.5K km,54500,MH,manual,petrol,20364,14
mumbai,Kia Seltos,2020,1372000,46.5K km,46500,MH,automatic,petrol,23596,5
mumbai,Honda Amaze,2023,761000,43K km,43000,MH,manual,petrol,12959,2
mumbai,Ford Figo,2011,188000,53K km,53000,MH,manual,petrol,9698,14
mumbai,Maruti Wagon R 1.0,2014,357000,47K km,47000,MH,manual,petrol+cng,7661,11
mumbai,Hyundai New Santro 1.1,2021,426000,44K km,44000,MH,manual,petrol,6801,4
mumbai,Hyundai Grand i10 Nios,2022,719000,8K km,8000,MH,manual,petrol+cng,12244,3
mumbai,Maruti Wagon R 1.0,2013,298000,116K km,116000,MH,manual,petrol+cng,8032,12
mumbai,Honda Amaze,2021,736000,93K km,93000,MH,automatic,diesel,12533,4
mumbai,Tata Zest,2015,346000,53K km,53000,MH,manual,petrol,6298,10
mumbai,Renault Kwid,2021,389000,31K km,31000,MH,manual,petrol,6624,4
mumbai,Hyundai i10,2013,265000,64.5K km,64500,MH,manual,petrol,7143,12
mumbai,Maruti Alto 800,2014,215000,57K km,57000,MH,manual,petrol,4786,11
mumbai,Maruti Wagon R 1.0,2017,392000,41.5K km,41500,MH,automatic,petrol,7006,8
mumbai,Maruti Ciaz,2016,582000,62.5K km,62500,MH,manual,petrol,9911,9
mumbai,Maruti Ciaz,2020,843000,9K km,9000,MH,manual,petrol,14355,5
mumbai,Tata Nexon,2019,809000,52K km,52000,MH,manual,diesel,13776,6
mumbai,Maruti Alto 800,2013,202000,64.5K km,64500,MH,manual,petrol,7835,12
mumbai,Maruti Alto K10,2023,486000,9.5K km,9500,MH,manual,petrol,8276,2
mumbai,Maruti Dzire,2019,710000,48.5K km,48500,MH,automatic,petrol,12090,6
mumbai,Maruti Alto 800,2022,386000,8.5K km,8500,MH,manual,petrol,6898,3
mumbai,Hyundai Venue,2020,918000,54K km,54000,MH,automatic,petrol,15633,5
mumbai,Renault Kwid,2019,386000,14K km,14000,MH,automatic,petrol,6573,6
mumbai,Hyundai New Santro 1.1,2019,422000,41K km,41000,MH,manual,petrol,6737,6
mumbai,Maruti Wagon R 1.0,2023,604000,12.5K km,12500,MH,manual,petrol+cng,10285,2
mumbai,Hyundai Creta,2017,916000,38K km,38000,MH,automatic,petrol,15598,8
mumbai,Honda Amaze,2013,332000,92.5K km,92500,MH,manual,petrol,8949,12
mumbai,Honda Amaze,2014,331000,132.5K km,132500,MH,manual,petrol,7103,11
mumbai,Renault Triber,2022,558000,31.5K km,31500,MH,manual,petrol,9502,3
mumbai,Tata Tiago NRG,2021,520000,91.5K km,91500,MH,manual,petrol,8855,4
mumbai,Hyundai Grand i10,2019,511000,32.5K km,32500,MH,manual,petrol,7901,6
mumbai,Tata Tiago,2022,709000,19.5K km,19500,MH,manual,petrol+cng,12073,3
mumbai,Maruti Celerio,2016,385000,67K km,67000,MH,automatic,petrol,6556,9
mumbai,Maruti Baleno,2017,551000,57.5K km,57500,MH,manual,petrol,9383,8
mumbai,Hyundai i20,2011,267000,83.5K km,83500,MH,manual,petrol,19078,14
mumbai,Hyundai Grand i10,2019,468000,39.5K km,39500,MH,manual,petrol,7969,6
mumbai,Hyundai Elite i20,2016,516000,42.5K km,42500,MH,manual,petrol,8787,9
mumbai,Hyundai Elite i20,2016,542000,63.5K km,63500,MH,manual,petrol,9229,9
mumbai,Maruti Swift Dzire,2012,352000,86K km,86000,MH,manual,petrol,13387,13
mumbai,Ford EcoSport,2013,479000,132K km,132000,MH,manual,diesel,12911,12
mumbai,Nissan Micra,2017,417000,44K km,44000,MH,automatic,petrol,6657,8
mumbai,Hyundai Venue,2021,948000,45.5K km,45500,MH,manual,petrol,16143,4
mumbai,Renault Kiger,2021,753000,23K km,23000,MH,manual,petrol,12823,4
mumbai,Honda City,2014,538000,101.5K km,101500,MH,automatic,petrol,11546,11
mumbai,Ford Figo,2012,212000,100.5K km,100500,MH,manual,diesel,9698,13
mumbai,Tata Tiago,2018,437000,19K km,19000,MH,automatic,petrol,7441,7
mumbai,Renault Kwid,2016,240000,54.5K km,54500,MH,manual,petrol,4087,9
mumbai,Volkswagen Vento,2017,659000,86.5K km,86500,MH,manual,diesel,10520,8
mumbai,Hyundai Grand i10,2014,392000,61.5K km,61500,MH,manual,petrol,8413,11
mumbai,Maruti Baleno,2018,589000,44K km,44000,MH,manual,petrol,10030,7
mumbai,Chevrolet Beat,2014,205000,88K km,88000,MH,manual,petrol,9698,11
mumbai,Maruti Wagon R 1.0,2016,368000,51.5K km,51500,MH,automatic,petrol,6577,9
mumbai,Maruti Swift,2014,390000,34K km,34000,MH,manual,petrol,8370,11
mumbai,Maruti Ignis,2017,412000,64K km,64000,MH,manual,petrol,7016,8
mumbai,Hyundai Grand i10,2016,323000,60K km,60000,MH,manual,petrol,5500,9
mumbai,Maruti Celerio,2015,338000,75.5K km,75500,MH,manual,petrol,7254,10
mumbai,Renault Kwid,2017,289000,63K km,63000,MH,automatic,petrol,4921,8
mumbai,Hyundai Grand i10,2015,399000,59K km,59000,MH,manual,petrol,7262,10
mumbai,Hyundai Creta,2019,946000,41K km,41000,MH,manual,petrol,16109,6
mumbai,Maruti Celerio,2015,392000,37K km,37000,MH,automatic,petrol,7135,10
mumbai,Nissan Magnite,2023,935000,30.5K km,30500,MH,automatic,petrol,15922,2
mumbai,Honda City,2014,469000,66.5K km,66500,MH,automatic,petrol,10065,11
mumbai,Kia Seltos,2020,1239000,46.5K km,46500,MH,automatic,petrol,21308,5
mumbai,Maruti Alto K10,2013,230000,58K km,58000,MH,manual,petrol,6199,12
mumbai,Hyundai i20,2011,229000,65K km,65000,MH,manual,petrol,16362,14
mumbai,Hyundai Grand i10,2017,445000,25.5K km,25500,MH,manual,petrol,7578,8
mumbai,Honda City,2021,978000,27.5K km,27500,MH,automatic,petrol,16654,4
mumbai,Maruti Wagon R 1.0,2016,354000,79.5K km,79500,MH,automatic,petrol,6326,9
mumbai,Maruti Celerio,2016,394000,122K km,122000,MH,manual,petrol+cng,6709,9
mumbai,Ford Freestyle,2019,466000,104K km,104000,MH,manual,petrol,7935,6
mumbai,Hyundai i20 Active,2016,568000,48K km,48000,MH,manual,petrol,9672,9
mumbai,Hyundai Grand i10,2019,457000,53.5K km,53500,MH,manual,petrol,7782,6
mumbai,Maruti Alto 800,2020,348000,43K km,43000,MH,manual,petrol,6219,5
mumbai,Maruti Alto K10,2017,315000,39.5K km,39500,MH,manual,petrol,5364,8
mumbai,Mahindra Thar,2021,1329000,16.5K km,16500,MH,automatic,petrol,22855,4
mumbai,Tata Tiago,2019,524000,42K km,42000,MH,manual,petrol,8923,6
mumbai,Tata Tiago,2019,470000,40K km,40000,MH,manual,petrol,8003,6
mumbai,Renault Kwid,2022,498000,17K km,17000,MH,automatic,petrol,8480,3
mumbai,Hyundai New Santro 1.1,2020,523000,28.5K km,28500,MH,manual,petrol+cng,8349,5
mumbai,Hyundai Xcent,2014,452000,81K km,81000,MH,automatic,petrol,9094,11
mumbai,Skoda Rapid New,2021,744000,79K km,79000,MH,manual,petrol,12669,4
mumbai,Maruti Alto K10,2012,215000,21K km,21000,MH,manual,petrol,8177,13
mumbai,Hyundai Eon,2013,220000,33.5K km,33500,MH,manual,petrol,5559,12
mumbai,Tata Nexon,2023,968000,30.5K km,30500,MH,manual,petrol,16484,2
mumbai,Maruti Ciaz,2017,729000,100K km,100000,MH,manual,diesel,12414,8
mumbai,Hyundai i20,2014,437000,88.5K km,88500,MH,manual,petrol,9378,11
mumbai,Hyundai Eon,2015,279000,56K km,56000,MH,manual,petrol,4761,10
mumbai,Hyundai Santro Xing,2012,187000,55K km,55000,MH,manual,petrol,6667,13
mumbai,Volkswagen Vento,2013,356000,138K km,138000,MH,manual,petrol,8996,12
mumbai,Hyundai Eon,2015,263000,47K km,47000,MH,manual,petrol,4488,10
mumbai,Hyundai i10,2013,273000,40K km,40000,MH,manual,petrol,7358,12
mumbai,Honda City,2014,492000,67.5K km,67500,MH,manual,petrol,10559,11
mumbai,Maruti Celerio,2022,557000,12.5K km,12500,MH,manual,petrol,9485,3
mumbai,Maruti Ignis,2017,459000,50K km,50000,MH,automatic,petrol,7816,8
mumbai,Maruti Vitara Brezza,2016,719000,87.5K km,87500,MH,manual,diesel,12244,9
mumbai,Honda Jazz,2017,547000,52.5K km,52500,MH,automatic,petrol,8732,8
mumbai,Maruti Swift,2012,357000,70.5K km,70500,MH,manual,petrol,13577,13
mumbai,Renault Triber,2020,531000,41K km,41000,MH,manual,petrol,9042,5
mumbai,Hyundai Eon,2017,280000,41.5K km,41500,MH,manual,petrol,4470,8
mumbai,Maruti Celerio,2022,488000,20K km,20000,MH,manual,petrol,8310,3
mumbai,Renault Triber,2021,644000,41K km,41000,MH,automatic,petrol,10030,4
mumbai,Maruti Ignis,2019,482000,50K km,50000,MH,automatic,petrol,8208,6
mumbai,Maruti Celerio,2015,349000,125.5K km,125500,MH,automatic,petrol,6352,10
mumbai,Hyundai Eon,2018,355000,28.5K km,28500,MH,manual,petrol,5667,7
mumbai,Hyundai i10,2012,245000,62.5K km,62500,MH,manual,petrol,9318,13
mumbai,Honda City,2017,791000,62.5K km,62500,MH,automatic,petrol,13470,8
mumbai,Hyundai Elite i20,2017,530000,43.5K km,43500,MH,manual,petrol,9025,8
mumbai,Hyundai Grand i10,2017,409000,124K km,124000,MH,automatic,petrol,6965,8
mumbai,Maruti Baleno,2016,518000,55.5K km,55500,MH,manual,petrol,8821,9
mumbai,Maruti Wagon R 1.0,2016,346000,39.5K km,39500,MH,automatic,petrol,6183,9
mumbai,Hyundai Grand i10,2017,459000,24K km,24000,MH,manual,petrol,7816,8
mumbai,Tata Nexon,2020,824000,28K km,28000,MH,manual,petrol,14032,5
mumbai,Honda Jazz,2016,439000,55K km,55000,MH,manual,petrol,7008,9
mumbai,Maruti Swift,2016,498000,52.5K km,52500,MH,manual,petrol,8480,9
mumbai,Tata Tiago NRG,2023,719000,8.5K km,8500,MH,automatic,petrol,12244,2
mumbai,Hyundai i20,2011,302000,59K km,59000,MH,manual,petrol,21579,14
mumbai,Honda City,2014,426000,55.5K km,55500,MH,manual,petrol,9142,11
mumbai,Honda City,2015,470000,121.5K km,121500,MH,manual,petrol,8555,10
mumbai,Renault Kiger,2022,720000,21K km,21000,MH,manual,petrol,12261,3
mumbai,Maruti Dzire,2017,640000,44.5K km,44500,MH,automatic,petrol,10898,8
mumbai,Maruti Wagon R 1.0,2012,245000,54.5K km,54500,MH,manual,petrol,9503,13
mumbai,Maruti Ignis,2022,468000,43K km,43000,MH,manual,petrol,7969,3
mumbai,Maruti Wagon R 1.0,2016,342000,105.5K km,105500,MH,manual,petrol+cng,5824,9
mumbai,Hyundai Xcent,2016,498000,74K km,74000,MH,automatic,petrol,7950,9
mumbai,Maruti Wagon R 1.0,2015,329000,42K km,42000,MH,manual,petrol,6261,10
mumbai,Ford EcoSport,2014,490000,100.5K km,100500,MH,manual,diesel,10516,11
mumbai,Maruti Baleno,2018,588000,92.5K km,92500,MH,automatic,petrol,10013,7
mumbai,Renault Kwid,2022,475000,13K km,13000,MH,automatic,petrol,8088,3
mumbai,Maruti Baleno,2017,497000,103K km,103000,MH,manual,petrol,8463,8
mumbai,Hyundai Elite i20,2015,463000,103K km,103000,MH,manual,petrol,8427,10
mumbai,Maruti Ciaz,2016,509000,36K km,36000,MH,manual,petrol,8667,9
mumbai,Hyundai Grand i10,2013,370000,24.5K km,24500,MH,manual,petrol,9973,12
mumbai,Hyundai Elite i20,2015,458000,147K km,147000,MH,manual,petrol,8336,10
mumbai,Hyundai Elite i20,2016,493000,75K km,75000,MH,manual,petrol,8395,9
mumbai,Renault Kwid,2022,477000,39K km,39000,MH,automatic,petrol,8123,3
mumbai,Maruti Baleno,2018,574000,59K km,59000,MH,manual,petrol,9774,7
mumbai,Maruti S-Presso,2021,415000,32.5K km,32500,MH,manual,petrol,7067,4
mumbai,Volkswagen Ameo,2018,529000,45.5K km,45500,MH,manual,petrol,8445,7
mumbai,Maruti Alto 800,2015,265000,15K km,15000,MH,manual,petrol,5043,10
mumbai,Hyundai Grand i10,2016,398000,45.5K km,45500,MH,manual,petrol,7244,9
mumbai,Hyundai Grand i10,2019,512000,52K km,52000,MH,manual,petrol,8719,6
mumbai,Hyundai Grand i10,2016,429000,63.5K km,63500,MH,manual,petrol,7305,9
mumbai,Maruti Alto 800,2014,253000,16K km,16000,MH,manual,petrol,5632,11
mumbai,Honda WR-V,2018,729000,81K km,81000,MH,manual,diesel,12414,7
mumbai,Hyundai Grand i10,2016,385000,85K km,85000,MH,automatic,petrol,6556,9
mumbai,Maruti Ciaz,2015,566000,88.5K km,88500,MH,automatic,petrol,10302,10
mumbai,Toyota Etios,2011,299000,72K km,72000,MH,manual,petrol,20029,14
mumbai,Maruti Ciaz,2017,481000,62K km,62000,MH,manual,petrol,8191,8
mumbai,Volkswagen Vento,2014,478000,64.5K km,64500,MH,manual,diesel,9617,11
mumbai,Hyundai Grand i10,2015,459000,113K km,113000,MH,manual,petrol,8354,10
mumbai,Toyota Etios,2016,407000,120K km,120000,MH,manual,petrol,6497,9
mumbai,Hyundai New Santro 1.1,2021,506000,23.5K km,23500,MH,manual,petrol,8078,4
mumbai,MG Hector,2021,1478000,44.5K km,44500,MH,automatic,petrol,25418,4
mumbai,Hyundai Grand i10,2019,494000,88.5K km,88500,MH,manual,petrol+cng,8412,6
mumbai,Maruti Wagon R 1.0,2016,392000,39.5K km,39500,MH,automatic,petrol,7006,9
mumbai,Maruti Wagon R 1.0,2015,361000,73K km,73000,MH,manual,petrol+cng,6571,10
mumbai,Maruti Alto 800,2012,195000,89K km,89000,MH,manual,petrol,7563,13
mumbai,Maruti Wagon R Stingray,2014,294000,74K km,74000,MH,manual,petrol,6309,11
mumbai,Honda Amaze,2014,451000,72.5K km,72500,MH,manual,diesel,9679,11
mumbai,Mahindra XUV500,2021,1578000,24K km,24000,MH,manual,diesel,28481,4
mumbai,Hyundai Elite i20,2017,491000,69.5K km,69500,MH,manual,petrol,8361,8
mumbai,Maruti Ciaz,2017,589000,117.5K km,117500,MH,automatic,petrol,10030,8
mumbai,Hyundai Elite i20,2017,517000,57K km,57000,MH,manual,petrol,8804,8
mumbai,Volkswagen T-Roc,2021,1782000,63K km,63000,MH,automatic,petrol,30648,4
mumbai,Maruti Swift Dzire,2015,424000,58.5K km,58500,MH,manual,petrol,7717,10
mumbai,Volkswagen Polo,2016,471000,104K km,104000,MH,manual,petrol,7519,9
mumbai,Hyundai Eon,2013,230000,34K km,34000,MH,manual,petrol,5812,12
mumbai,Honda City,2013,429000,73.5K km,73500,MH,automatic,petrol,11563,12
mumbai,Volkswagen Polo,2016,517000,50K km,50000,MH,manual,diesel,8253,9
mumbai,Renault Kwid,2021,418000,20K km,20000,MH,automatic,petrol,7118,4
mumbai,Toyota Etios Liva,2011,237000,117.5K km,117500,MH,manual,petrol,15876,14
mumbai,Maruti Wagon R 1.0,2016,358000,69K km,69000,MH,manual,petrol+cng,6096,9
mumbai,Tata Tiago,2022,695000,24K km,24000,MH,manual,petrol+cng,11835,3
mumbai,Renault Kwid,2019,365000,30K km,30000,MH,manual,petrol,6215,6
mumbai,Renault Kwid,2022,441000,0.5K km,500,MH,manual,petrol,7509,3
mumbai,Hyundai i10,2016,324000,58.5K km,58500,MH,manual,petrol,5517,9
mumbai,Renault Kiger,2022,894000,21.5K km,21500,MH,automatic,petrol,15224,3
mumbai,Maruti Celerio,2020,468000,14.5K km,14500,MH,manual,petrol,7969,5
mumbai,Maruti Baleno,2019,644000,53K km,53000,MH,automatic,petrol,10966,6
mumbai,Hyundai Xcent,2014,367000,55.5K km,55500,MH,manual,petrol,7384,11
mumbai,Tata Tigor,2017,439000,47K km,47000,MH,manual,petrol,7475,8
mumbai,Nissan Micra,2017,319000,137K km,137000,MH,manual,petrol,5092,8
mumbai,Ford EcoSport,2018,687000,115.5K km,115500,MH,manual,diesel,11699,7
mumbai,Honda Amaze,2014,463000,57.5K km,57500,MH,automatic,petrol,9936,11
mumbai,Maruti Celerio,2017,429000,28K km,28000,MH,automatic,petrol,7305,8
mumbai,Volkswagen Vento,2013,374000,54K km,54000,MH,manual,petrol,9451,12
mumbai,Renault Triber,2022,608000,27K km,27000,MH,manual,petrol,10353,3
mumbai,Maruti Ciaz,2023,1032000,1K km,1000,MH,automatic,petrol,17747,2
mumbai,Hyundai i10,2013,251000,64.5K km,64500,MH,manual,petrol,6765,12
mumbai,Maruti S-Presso,2023,497000,17K km,17000,MH,manual,petrol,8463,2
mumbai,Hyundai Grand i10,2020,528000,43K km,43000,MH,manual,petrol,8991,5
mumbai,Hyundai Elite i20,2017,532000,83K km,83000,MH,manual,petrol,9059,8
mumbai,Maruti Alto 800,2013,208000,107.5K km,107500,MH,manual,petrol,5768,12
mumbai,Hyundai i10,2014,273000,95.5K km,95500,MH,manual,petrol,7358,11
mumbai,Maruti Wagon R 1.0,2023,594000,20.5K km,20500,MH,manual,petrol+cng,10115,2
mumbai,Hyundai Grand i10,2017,466000,69K km,69000,MH,manual,petrol,7935,8
mumbai,Hyundai Grand i10,2017,419000,58K km,58000,MH,manual,petrol,7135,8
mumbai,Hyundai Grand i10,2017,461000,16.5K km,16500,MH,manual,petrol,7850,8
mumbai,Maruti Baleno,2018,629000,39K km,39000,MH,automatic,petrol,10711,7
mumbai,Hyundai Grand i10,2017,428000,59K km,59000,MH,manual,petrol,7288,8
mumbai,Renault Kiger,2023,950000,21K km,21000,MH,automatic,petrol,16177,2
mumbai,Nissan Magnite,2021,741000,23K km,23000,MH,manual,petrol,12618,4
mumbai,Maruti Vitara Brezza,2016,727000,84K km,84000,MH,manual,diesel,12380,9
mumbai,Hyundai Grand i10,2014,432000,53.5K km,53500,MH,automatic,petrol,9271,11
mumbai,Hyundai i10,2013,215000,79.5K km,79500,MH,manual,petrol,5795,12
mumbai,Maruti Alto K10,2017,312000,23K km,23000,MH,manual,petrol,5313,8
mumbai,Maruti Swift Dzire,2014,378000,52.5K km,52500,MH,manual,petrol,8112,11
mumbai,Maruti Wagon R 1.0,2015,317000,88.5K km,88500,MH,manual,petrol,6033,10
mumbai,Renault Kwid,2016,279000,39K km,39000,MH,manual,petrol,4751,9
mumbai,Tata Nano,2014,149000,50.5K km,50500,MH,manual,petrol,2997,11
mumbai,Maruti Swift,2015,437000,31.5K km,31500,MH,manual,petrol,7954,10
mumbai,Hyundai Grand i10,2015,379000,84K km,84000,MH,manual,petrol,6898,10
mumbai,Maruti Alto 800,2016,266000,39.5K km,39500,MH,manual,petrol,4754,9
mumbai,Maruti Swift Dzire,2015,444000,63.5K km,63500,MH,manual,petrol,8081,10
mumbai,Hyundai Elite i20,2016,469000,118K km,118000,MH,manual,petrol,7986,9
mumbai,Tata Tiago,2019,539000,22.5K km,22500,MH,manual,petrol,9178,6
mumbai,Maruti Wagon R Stingray,2016,319000,144K km,144000,MH,manual,petrol,5432,9
mumbai,Tata Altroz,2021,743000,13.5K km,13500,MH,manual,petrol,12652,4
mumbai,Hyundai Grand i10,2016,431000,38K km,38000,MH,manual,petrol,7339,9
mumbai,Hyundai Grand i10,2015,396000,85.5K km,85500,MH,manual,petrol,7208,10
mumbai,Tata Altroz,2022,893000,27.5K km,27500,MH,manual,diesel,15207,3
mumbai,Toyota Etios Liva,2011,294000,45K km,45000,MH,manual,petrol,19694,14
mumbai,Toyota Urban Cruiser,2022,856000,30.5K km,30500,MH,manual,petrol,14577,3
mumbai,Maruti Baleno,2017,499000,83K km,83000,MH,manual,petrol,8497,8
mumbai,Honda City,2017,847000,27.5K km,27500,MH,automatic,petrol,14423,8
mumbai,Nissan Magnite,2023,805000,31K km,31000,MH,manual,petrol,13708,2
mumbai,Maruti Celerio,2022,568000,40K km,40000,MH,manual,petrol,9672,3
mumbai,Tata Nexon,2020,978000,41.5K km,41500,MH,manual,diesel,16654,5
mumbai,Maruti Alto 800,2013,205000,76.5K km,76500,MH,manual,petrol,5685,12
mumbai,Hyundai New Santro 1.1,2021,532000,34K km,34000,MH,manual,petrol+cng,8493,4
mumbai,Toyota Etios Liva,2011,244000,97.5K km,97500,MH,manual,petrol,16345,14
mumbai,Hyundai Grand i10,2016,472000,33.5K km,33500,MH,manual,petrol,8037,9
mumbai,Maruti Swift,2014,339000,57.5K km,57500,MH,manual,petrol,7275,11
mumbai,Ford EcoSport,2015,481000,112.5K km,112500,MH,automatic,petrol,8755,10
mumbai,Tata Tiago NRG,2023,649000,20.5K km,20500,MH,manual,petrol,11052,2
mumbai,Hyundai Grand i10,2019,517000,22K km,22000,MH,manual,petrol,8804,6
mumbai,Maruti Wagon R 1.0,2018,474000,9.5K km,9500,MH,automatic,petrol,8471,7
mumbai,Hyundai Eon,2018,339000,27.5K km,27500,MH,manual,petrol,5412,7
mumbai,Maruti Swift,2013,349000,112K km,112000,MH,manual,petrol,9407,12
mumbai,Renault Triber,2022,728000,27.5K km,27500,MH,automatic,petrol,12397,3
mumbai,Honda WR-V,2018,576000,49.5K km,49500,MH,manual,petrol,9808,7
mumbai,Maruti Baleno,2018,571000,109.5K km,109500,MH,automatic,petrol,9723,7
mumbai,Maruti Swift,2011,296000,74K km,74000,MH,manual,petrol,21150,14
mumbai,Hyundai Grand i10,2019,478000,40.5K km,40500,MH,manual,petrol,8140,6
mumbai,Volkswagen Ameo,2017,429000,63K km,63000,MH,manual,petrol,6849,8
mumbai,Hyundai Grand i10,2019,532000,29.5K km,29500,MH,manual,petrol+cng,9059,6
mumbai,Maruti Swift,2013,373000,48.5K km,48500,MH,manual,petrol,10054,12
mumbai,Renault Kwid,2022,473000,11.5K km,11500,MH,automatic,petrol,8054,3
mumbai,Hyundai i10,2011,242000,60K km,60000,MH,manual,petrol,17291,14
mumbai,Nissan Micra Active,2014,268000,39.5K km,39500,MH,manual,petrol,5751,11
mumbai,Honda City,2021,1079000,42K km,42000,MH,manual,petrol,18556,4
mumbai,Ford EcoSport,2017,574000,66.5K km,66500,MH,manual,diesel,9774,8
mumbai,Ford Figo,2011,197000,63K km,63000,MH,manual,petrol,9698,14
mumbai,Tata Tigor,2022,649000,17.5K km,17500,MH,manual,petrol+cng,11052,3
mumbai,Hyundai Elite i20,2018,539000,66.5K km,66500,MH,manual,petrol,9178,7
mumbai,Honda City,2017,786000,89.5K km,89500,MH,automatic,petrol,13385,8
mumbai,Hyundai Elite i20,2018,498000,66.5K km,66500,MH,manual,petrol,8480,7
mumbai,Volkswagen Polo,2017,509000,70K km,70000,MH,manual,petrol,8126,8
mumbai,Volkswagen Tiguan,2018,1529000,106.5K km,106500,MH,automatic,diesel,26296,7
mumbai,Hyundai Grand i10,2016,385000,62.5K km,62500,MH,manual,petrol,6556,9
mumbai,Hyundai Grand i10,2016,345000,43.5K km,43500,MH,manual,petrol,6279,9
mumbai,Kia Sonet,2022,1078000,77K km,77000,MH,automatic,petrol,18539,3
mumbai,Maruti Alto 800,2015,227000,70K km,70000,MH,manual,petrol,4320,10
mumbai,Maruti Celerio,2016,405000,46.5K km,46500,MH,manual,petrol+cng,6896,9
mumbai,Toyota Etios Liva,2012,332000,91.5K km,91500,MH,manual,diesel,11837,13
mumbai,Hyundai Grand i10,2016,458000,59.5K km,59500,MH,automatic,petrol,7799,9
mumbai,Hyundai Grand i10,2019,491000,52K km,52000,MH,manual,petrol,8361,6
mumbai,Hyundai Venue,2022,761000,30K km,30000,MH,manual,petrol,12959,3
mumbai,Renault Triber,2021,673000,19K km,19000,MH,automatic,petrol,11460,4
mumbai,Maruti Baleno,2018,531000,62.5K km,62500,MH,manual,petrol,9042,7
mumbai,Honda Amaze,2024,949000,13.5K km,13500,MH,automatic,petrol,16160,1
mumbai,Hyundai Grand i10,2019,524000,15K km,15000,MH,manual,petrol,8923,6
mumbai,Renault Triber,2023,757000,9K km,9000,MH,automatic,petrol,12891,2
mumbai,Maruti Alto K10,2012,185000,77K km,77000,MH,manual,petrol,7036,13
mumbai,Tata Nexon,2021,1034000,57.5K km,57500,MH,automatic,diesel,17782,4
mumbai,Maruti Baleno,2018,622000,31K km,31000,MH,manual,petrol,10592,7
mumbai,Tata Nexon,2022,964000,12K km,12000,MH,manual,petrol,16416,3
mumbai,Tata Nexon,2023,1178000,33K km,33000,MH,manual,diesel,20258,2
mumbai,Honda Brio,2013,239000,110K km,110000,MH,manual,petrol,6039,12
mumbai,Maruti Swift Dzire,2012,339000,116K km,116000,MH,manual,petrol,12893,13
mumbai,Maruti Celerio,2014,329000,57.5K km,57500,MH,automatic,petrol,7060,11
mumbai,Maruti Alto 800,2013,224000,54.5K km,54500,MH,manual,petrol,6212,12
mumbai,Maruti Swift,2016,447000,127.5K km,127500,MH,manual,petrol,7612,9
mumbai,Hyundai New Santro 1.1,2021,494000,26K km,26000,MH,manual,petrol,7886,4
mumbai,Hyundai New Santro 1.1,2021,545000,31.5K km,31500,MH,manual,petrol+cng,8700,4
mumbai,Nissan Magnite,2021,839000,25K km,25000,MH,automatic,petrol,14287,4
mumbai,Hyundai Eon,2016,248000,66K km,66000,MH,manual,petrol,3959,9
mumbai,Honda City,2015,512000,105K km,105000,MH,manual,petrol,9319,10
mumbai,Maruti Swift Dzire,2017,512000,34K km,34000,MH,manual,petrol,8719,8
mumbai,Maruti Ciaz,2017,669000,65.5K km,65500,MH,automatic,petrol,11392,8
mumbai,Hyundai Grand i10,2014,350000,106K km,106000,MH,manual,petrol,7511,11
mumbai,Renault Kwid,2022,454000,15.5K km,15500,MH,automatic,petrol,7731,3
mumbai,Maruti Brezza,2023,1166000,26K km,26000,MH,manual,petrol,20060,2
mumbai,Renault Kiger,2021,678000,50.5K km,50500,MH,manual,petrol,11545,4
mumbai,Maruti Swift,2015,405000,46K km,46000,MH,manual,petrol,7371,10
mumbai,Hyundai Venue,2020,855000,20K km,20000,MH,manual,petrol,14560,5
mumbai,Tata Zest,2014,332000,60K km,60000,MH,manual,petrol,7125,11
mumbai,Maruti Wagon R 1.0,2017,436000,39.5K km,39500,MH,manual,petrol+cng,7424,8
mumbai,Volkswagen Ameo,2017,441000,95K km,95000,MH,manual,petrol,7040,8
mumbai,Ford Figo,2011,198000,99.5K km,99500,MH,manual,petrol,9698,14
mumbai,Datsun Redi-GO,2017,242000,19.5K km,19500,MH,manual,petrol,9204,8
mumbai,Hyundai Eon,2015,252000,50.5K km,50500,MH,manual,petrol,5070,10
mumbai,Maruti Baleno,2017,527000,36.5K km,36500,MH,manual,petrol,8974,8
mumbai,Hyundai Elite i20,2015,503000,73.5K km,73500,MH,manual,petrol,9155,10
mumbai,Maruti Alto 800,2013,249000,23.5K km,23500,MH,manual,petrol,6905,12
mumbai,Maruti Celerio,2015,370000,77.5K km,77500,MH,automatic,petrol,6734,10
mumbai,Volkswagen Vento,2021,925000,21K km,21000,MH,manual,petrol,14767,4
mumbai,Maruti Ciaz,2017,646000,51.5K km,51500,MH,automatic,petrol,11001,8
mumbai,Volkswagen Vento,2021,793000,56K km,56000,MH,automatic,petrol,12660,4
mumbai,Maruti Wagon R 1.0,2013,244000,112.5K km,112500,MH,manual,petrol,6766,12
mumbai,Maruti Celerio,2015,394000,37K km,37000,MH,automatic,petrol,7171,10
mumbai,Chevrolet Spark,2013,189000,33K km,33000,MH,manual,petrol,9698,12
mumbai,Maruti Alto 800,2022,456000,8K km,8000,MH,manual,petrol+cng,8149,3
mumbai,Hyundai i10,2016,327000,54.5K km,54500,MH,manual,petrol,5568,9
mumbai,Nissan Micra,2012,223000,59K km,59000,MH,manual,petrol,7951,13
mumbai,Volkswagen Polo,2016,422000,64.5K km,64500,MH,manual,petrol,6737,9
mumbai,Tata Nexon,2022,972000,24K km,24000,MH,manual,diesel,16552,3
mumbai,Hyundai Eon,2014,239000,44K km,44000,MH,manual,petrol,4808,11
mumbai,Maruti Alto 800,2013,195000,74.5K km,74500,MH,manual,petrol,5407,12
mumbai,Maruti Swift,2015,439000,37K km,37000,MH,manual,petrol,7990,10
mumbai,Hyundai Eon,2015,268000,42.5K km,42500,MH,manual,petrol,4573,10
mumbai,Maruti Ciaz,2022,892000,18K km,18000,MH,manual,petrol,15190,3
mumbai,Hyundai i20 N Line,2022,949000,17.5K km,17500,MH,manual,petrol,16160,3
mumbai,Nissan Magnite,2021,863000,25.5K km,25500,MH,automatic,petrol,14696,4
mumbai,Ford EcoSport,2014,492000,126K km,126000,MH,manual,diesel,10559,11
mumbai,Ford Figo,2012,232000,30.5K km,30500,MH,manual,petrol,9698,13
mumbai,Hyundai Xcent,2017,449000,103.5K km,103500,MH,manual,petrol,7168,8
mumbai,Maruti Celerio,2015,337000,91.5K km,91500,MH,automatic,petrol,6134,10
mumbai,Mahindra Thar,2022,1233000,35.5K km,35500,MH,manual,diesel,21201,3
mumbai,Hyundai Eon,2014,246000,45.5K km,45500,MH,manual,petrol,6216,11
mumbai,Maruti Alto 800,2021,362000,25K km,25000,MH,manual,petrol,6469,4
mumbai,Maruti Ciaz,2018,725000,41K km,41000,MH,automatic,petrol,12346,7
mumbai,Maruti Baleno,2016,512000,79K km,79000,MH,manual,petrol,8719,9
mumbai,Hyundai Venue,2022,843000,19K km,19000,MH,manual,petrol,14355,3
mumbai,Maruti Swift,2016,463000,32.5K km,32500,MH,manual,petrol,7884,9
mumbai,Maruti Swift Dzire,2012,377000,62.5K km,62500,MH,manual,petrol,14338,13
mumbai,Hyundai Grand i10,2019,484000,87K km,87000,MH,manual,petrol,8242,6
mumbai,Maruti S-Cross,2016,571000,141K km,141000,MH,manual,diesel,10393,9
mumbai,Tata Altroz,2021,765000,31.5K km,31500,MH,manual,diesel,13027,4
mumbai,Mahindra XUV500,2017,896000,85.5K km,85500,MH,automatic,diesel,16013,8
mumbai,Maruti Swift Dzire,2012,396000,78.5K km,78500,MH,manual,petrol,15061,13
mumbai,Renault Triber,2023,641000,33.5K km,33500,MH,automatic,petrol,10915,2
mumbai,Maruti Wagon R 1.0,2012,275000,62K km,62000,MH,manual,petrol,10667,13
mumbai,Skoda Kushaq,2023,1139000,11K km,11000,MH,manual,petrol,19588,2
mumbai,Maruti Alto K10,2017,295000,39K km,39000,MH,manual,petrol,5023,8
mumbai,Hyundai Verna,2013,557000,86K km,86000,MH,automatic,diesel,15014,12
mumbai,Honda Amaze,2016,412000,81K km,81000,MH,manual,petrol,7016,9
mumbai,Datsun Redi-GO,2019,225000,51K km,51000,MH,manual,petrol,6064,6
mumbai,Maruti Ciaz,2017,578000,109.5K km,109500,MH,automatic,petrol,9843,8
mumbai,Volkswagen Polo,2015,412000,66.5K km,66500,MH,manual,petrol,7030,10
mumbai,Nissan Sunny,2016,552000,111.5K km,111500,MH,manual,diesel,8812,9
mumbai,Maruti Alto 800,2014,223000,50.5K km,50500,MH,manual,petrol,4965,11
mumbai,Maruti Celerio,2022,565000,20.5K km,20500,MH,manual,petrol,9621,3
mumbai,Hyundai Grand i10,2019,497000,23.5K km,23500,MH,manual,petrol,8463,6
pune,Volkswagen Polo,2016,449000,88.5K km,88500,MH,manual,petrol,7168,9
pune,Maruti Baleno,2017,560000,37.5K km,37500,MH,manual,petrol,9536,8
pune,Maruti Alto 800,2016,275000,34.5K km,34500,MH,manual,petrol,4914,9
pune,Maruti Ignis,2022,552000,18K km,18000,MH,manual,petrol,9400,3
pune,Toyota Etios Liva,2015,343000,51K km,51000,MH,manual,petrol,5853,10
pune,Maruti Swift Dzire,2014,412000,52K km,52000,MH,manual,petrol,8842,11
pune,Tata Punch,2024,940000,3.5K km,3500,MH,automatic,petrol,16007,1
pune,Maruti Brezza,2023,1142000,25.5K km,25500,MH,automatic,petrol,19640,2
pune,Tata Altroz,2022,758000,10K km,10000,MH,manual,petrol,12908,3
pune,Maruti Celerio,2017,418000,76.5K km,76500,MH,manual,petrol+cng,7118,8
pune,Hyundai i20 Active,2015,498000,42.5K km,42500,MH,manual,petrol,9064,10
pune,Hyundai Venue,2024,1085000,3K km,3000,MH,manual,petrol,18659,1
pune,Tata Tiago,2019,490000,60.5K km,60500,MH,manual,petrol,8344,6
pune,Maruti Swift,2012,410000,99K km,99000,MH,manual,diesel,15593,13
pune,Maruti Alto K10,2013,240000,15K km,15000,MH,manual,petrol,6469,12
pune,Honda Brio,2013,243000,115K km,115000,MH,manual,petrol,6140,12
pune,Volkswagen Polo,2012,333000,55.5K km,55500,MH,manual,petrol,11873,13
pune,Volkswagen Polo,2016,298000,134K km,134000,MH,manual,petrol,4757,9
pune,Hyundai Eon,2012,225000,57K km,57000,MH,manual,petrol,8022,13
pune,Maruti Estilo,2011,165000,59.5K km,59500,MH,manual,petrol,11789,14
pune,Audi Q3,2018,2020000,42K km,42000,MH,automatic,petrol,34741,7
pune,Jaguar XF,2015,1800000,69K km,69000,MH,automatic,diesel,33089,10
pune,Maruti Baleno,2016,465000,29K km,29000,MH,manual,petrol,7918,9
pune,Ford Figo Aspire,2017,428000,48.5K km,48500,MH,manual,petrol,6833,8
pune,Kia Sonet,2022,974000,35.5K km,35500,MH,manual,petrol,16586,3
pune,Maruti Wagon R 1.0,2014,305000,52.5K km,52500,MH,manual,petrol,6790,11
pune,Maruti Ciaz,2019,789000,26K km,26000,MH,manual,petrol,13436,6
pune,Toyota Innova Crysta,2018,1770000,74K km,74000,MH,manual,diesel,30444,7
pune,Maruti Alto 800,2012,208000,45.5K km,45500,MH,manual,petrol,8068,13
pune,Maruti Celerio,2015,338000,75.5K km,75500,MH,manual,petrol,7254,10
pune,Hyundai Creta,2021,921000,14.5K km,14500,MH,manual,petrol,15684,4
pune,Kia Seltos,2020,1372000,46.5K km,46500,MH,automatic,petrol,23596,5
pune,Mahindra KUV100 NXT,2017,359000,121K km,121000,MH,manual,petrol,6113,8
pune,Maruti Ciaz,2018,599000,71.5K km,71500,MH,manual,petrol,10200,7
pune,Hyundai i10,2012,256000,57.5K km,57500,MH,manual,petrol,9736,13
pune,Maruti Wagon R Stingray,2014,294000,74K km,74000,MH,manual,petrol,6309,11
pune,Maruti Alto K10,2017,315000,39.5K km,39500,MH,manual,petrol,5364,8
pune,Hyundai i10,2013,261000,48K km,48000,MH,manual,petrol,7035,12
pune,Hyundai Elite i20,2015,463000,103K km,103000,MH,manual,petrol,8427,10
pune,Honda City,2014,426000,55.5K km,55500,MH,manual,petrol,9142,11
pune,Maruti Alto K10,2015,261000,56.5K km,56500,MH,manual,petrol,4750,10
pune,Mercedes A-Class,2015,1350000,66K km,66000,MH,automatic,diesel,29260,10
pune,Maruti Wagon R 1.0,2015,329000,42K km,42000,MH,manual,petrol,6261,10
pune,Maruti Wagon R 1.0,2024,565000,3K km,3000,MH,manual,petrol,10097,1
pune,Tata Altroz,2022,893000,27.5K km,27500,MH,manual,diesel,15207,3
pune,Maruti Wagon R 1.0,2014,357000,47K km,47000,MH,manual,petrol+cng,7661,11
pune,Hyundai New i20,2025,825000,2.5K km,2500,MH,manual,petrol,14049,0
pune,Hyundai Grand i10,2016,472000,33.5K km,33500,MH,manual,petrol,8037,9
pune,Tata Altroz,2021,587000,81K km,81000,MH,manual,petrol,9996,4
pune,Maruti Wagon R 1.0,2018,474000,9.5K km,9500,MH,automatic,petrol,8471,7
pune,Tata Altroz,2021,743000,13.5K km,13500,MH,manual,petrol,12652,4
pune,Maruti Baleno,2019,644000,53K km,53000,MH,automatic,petrol,10966,6
pune,Hyundai Grand i10,2016,385000,62.5K km,62500,MH,manual,petrol,6556,9
pune,Maruti Celerio,2017,412000,58.5K km,58500,MH,manual,petrol+cng,7016,8
pune,Maruti Ciaz,2017,481000,62K km,62000,MH,manual,petrol,8191,8
pune,Chevrolet Spark,2013,189000,33K km,33000,MH,manual,petrol,9698,12
pune,Tata Nexon,2020,978000,41.5K km,41500,MH,manual,diesel,16654,5
pune,Maruti Wagon R 1.0,2016,329000,96K km,96000,MH,automatic,petrol,5880,9
pune,Hyundai i20,2013,358000,55K km,55000,MH,manual,petrol,9649,12
pune,Hyundai i20,2014,437000,88.5K km,88500,MH,manual,petrol,9378,11
pune,Tata Tiago,2019,470000,40K km,40000,MH,manual,petrol,8003,6
pune,Jeep Compass,2021,1870000,29K km,29000,MH,automatic,petrol,32161,4
pune,Hyundai New Santro 1.1,2021,506000,23.5K km,23500,MH,manual,petrol,8078,4
pune,Hyundai Venue,2021,948000,45.5K km,45500,MH,manual,petrol,16143,4
pune,Hyundai Grand i10,2017,428000,59K km,59000,MH,manual,petrol,7288,8
pune,Maruti Wagon R 1.0,2016,390000,27.5K km,27500,MH,automatic,petrol,6970,9
pune,Honda Jazz,2016,498000,59K km,59000,MH,manual,petrol,7950,9
pune,Maruti Swift,2018,511000,41.5K km,41500,MH,manual,petrol,8702,7
pune,Hyundai Elite i20,2016,542000,63.5K km,63500,MH,manual,petrol,9229,9
pune,Tata Punch,2024,699000,2.5K km,2500,MH,manual,petrol+cng,11903,1
pune,Maruti Baleno,2017,589000,43.5K km,43500,MH,manual,petrol,10030,8
pune,Maruti Celerio,2019,480000,59K km,59000,MH,manual,petrol+cng,8174,6
pune,Maruti Ignis,2017,412000,64K km,64000,MH,manual,petrol,7016,8
pune,Maruti Wagon R 1.0,2016,358000,69K km,69000,MH,manual,petrol+cng,6096,9
pune,Renault Kwid,2016,240000,54.5K km,54500,MH,manual,petrol,4087,9
pune,Renault Kwid,2016,279000,39K km,39000,MH,manual,petrol,4751,9
pune,Maruti Wagon R 1.0,2016,342000,105.5K km,105500,MH,manual,petrol+cng,5824,9
pune,Honda Brio,2013,239000,110K km,110000,MH,manual,petrol,6039,12
pune,Hyundai Xcent,2016,498000,74K km,74000,MH,automatic,petrol,7950,9
pune,Honda Jazz,2017,492000,95K km,95000,MH,automatic,petrol,7854,8
pune,Toyota Etios,2016,407000,120K km,120000,MH,manual,petrol,6497,9
pune,Hyundai Grand i10,2017,419000,58K km,58000,MH,manual,petrol,7135,8
pune,Maruti Ciaz,2021,839000,50.5K km,50500,MH,manual,petrol,14287,4
pune,Tata Tiago,2017,455000,34.5K km,34500,MH,manual,petrol,7748,8
pune,Hyundai Grand i10,2019,517000,22K km,22000,MH,manual,petrol,8804,6
pune,Hyundai Grand i10,2015,399000,59K km,59000,MH,manual,petrol,7262,10
pune,Tata Altroz,2021,645000,15.5K km,15500,MH,manual,petrol,10983,4
pune,Hyundai i20 Active,2016,568000,48K km,48000,MH,manual,petrol,9672,9
pune,Toyota Urban Cruiser,2021,999000,20.5K km,20500,MH,automatic,petrol,17012,4
pune,Tata Nexon,2023,968000,30.5K km,30500,MH,manual,petrol,16484,2
pune,Maruti Celerio,2015,387000,58.5K km,58500,MH,automatic,petrol,7044,10
pune,Hyundai Venue,2022,843000,19K km,19000,MH,manual,petrol,14355,3
pune,Hyundai Grand i10,2017,461000,16.5K km,16500,MH,manual,petrol,7850,8
pune,Maruti Wagon R 1.0,2013,272000,70K km,70000,MH,manual,petrol,7543,12
pune,Hyundai Eon,2015,252000,50.5K km,50500,MH,manual,petrol,5070,10
pune,Honda BR-V,2016,698000,62K km,62000,MH,automatic,petrol,11886,9
pune,Kia Sonet,2022,1111000,21.5K km,21500,MH,manual,petrol,19107,3
pune,Maruti Wagon R 1.0,2013,244000,112.5K km,112500,MH,manual,petrol,6766,12
pune,Maruti Wagon R 1.0,2013,298000,116K km,116000,MH,manual,petrol+cng,8032,12
pune,Hyundai i10,2013,251000,64.5K km,64500,MH,manual,petrol,6765,12
pune,Maruti Alto 800,2013,249000,23.5K km,23500,MH,manual,petrol,6905,12
pune,Maruti Swift,2015,405000,46K km,46000,MH,manual,petrol,7371,10
pune,Honda Amaze,2016,507000,38.5K km,38500,MH,manual,petrol,8633,9
pune,Maruti Celerio,2022,488000,20K km,20000,MH,manual,petrol,8310,3
pune,Hyundai Elite i20,2016,562000,16.5K km,16500,MH,manual,petrol,9570,9
pune,Hyundai New Santro 1.1,2021,473000,15.5K km,15500,MH,manual,petrol,7551,4
pune,Renault Kwid,2022,441000,0.5K km,500,MH,manual,petrol,7509,3
pune,Honda Amaze,2023,761000,43K km,43000,MH,manual,petrol,12959,2
pune,Maruti Baleno,2022,840000,8K km,8000,MH,manual,petrol,14304,3
pune,Maruti XL6,2022,1078000,31K km,31000,MH,manual,petrol,18538,3
pune,Hyundai i20 Active,2015,472000,59.5K km,59500,MH,manual,petrol,8591,10
pune,Hyundai Grand i10,2014,432000,53.5K km,53500,MH,automatic,petrol,9271,11
pune,Maruti Celerio,2015,392000,37K km,37000,MH,automatic,petrol,7135,10
pune,Maruti Wagon R 1.0,2017,392000,41.5K km,41500,MH,automatic,petrol,7006,8
pune,Hyundai Elite i20,2019,578000,64K km,64000,MH,manual,petrol,9843,6
pune,Hyundai i10,2014,273000,95.5K km,95500,MH,manual,petrol,7358,11
pune,Maruti Baleno,2018,571000,109.5K km,109500,MH,automatic,petrol,9723,7
pune,Ford EcoSport,2015,458000,86.5K km,86500,MH,manual,petrol,8336,10
pune,Kia Sonet,2022,1078000,77K km,77000,MH,automatic,petrol,18539,3
pune,Maruti Wagon R 1.0,2012,274000,43K km,43000,MH,manual,petrol,10628,13
pune,Hyundai i10,2011,230000,63K km,63000,MH,manual,petrol,16434,14
pune,Honda Jazz,2016,431000,82K km,82000,MH,automatic,petrol,6880,9
pune,Maruti Swift Dzire,2017,512000,34K km,34000,MH,manual,petrol,8719,8
pune,Tata Nexon,2023,1032000,10.5K km,10500,MH,manual,petrol,17747,2
pune,Hyundai Grand i10,2019,457000,53.5K km,53500,MH,manual,petrol,7782,6
pune,Hyundai Elite i20,2016,559000,43.5K km,43500,MH,manual,petrol,9519,9
pune,Maruti Baleno,2023,915000,14.5K km,14500,MH,automatic,petrol,15581,2
pune,Maruti Ignis,2024,619000,2.5K km,2500,MH,manual,petrol,10541,1
pune,Honda Jazz,2016,546000,40.5K km,40500,MH,automatic,petrol,8716,9
pune,Hyundai New Santro 1.1,2021,426000,44K km,44000,MH,manual,petrol,6801,4
pune,Renault Kiger,2022,894000,21.5K km,21500,MH,automatic,petrol,15224,3
pune,Tata Nexon,2022,997000,36.5K km,36500,MH,automatic,petrol,16978,3
pune,Tata Punch,2023,895000,24K km,24000,MH,manual,petrol+cng,15241,2
pune,Honda City,2014,492000,67.5K km,67500,MH,manual,petrol,10559,11
pune,Hyundai Santro Xing,2012,187000,55K km,55000,MH,manual,petrol,6667,13
pune,Maruti Celerio,2015,359000,99.5K km,99500,MH,automatic,petrol,6534,10
pune,Hyundai i10,2013,292000,74K km,74000,MH,automatic,petrol,7870,12
pune,Hyundai i10,2011,204000,89.5K km,89500,MH,manual,petrol,14576,14
pune,Maruti Swift,2013,349000,112K km,112000,MH,manual,petrol,9407,12
pune,Renault Kwid,2017,289000,63K km,63000,MH,automatic,petrol,4921,8
pune,Hyundai Grand i10,2016,385000,85K km,85000,MH,automatic,petrol,6556,9
pune,Hyundai i10,2013,265000,64.5K km,64500,MH,manual,petrol,7143,12
pune,Maruti Baleno,2024,939000,9K km,9000,MH,manual,petrol,15990,1
pune,Maruti Celerio,2022,589000,19.5K km,19500,MH,manual,petrol,10030,3
pune,Hyundai Eon,2018,339000,27.5K km,27500,MH,manual,petrol,5412,7
pune,Kia Sonet,2022,1122000,14K km,14000,MH,manual,petrol,19294,3
pune,Hyundai New Santro 1.1,2021,434000,42.5K km,42500,MH,manual,petrol,6928,4
pune,Maruti Swift,2014,390000,34K km,34000,MH,manual,petrol,8370,11
pune,Mahindra Thar,2021,1329000,16.5K km,16500,MH,automatic,petrol,22855,4
pune,Maruti Dzire,2022,700000,35.5K km,35500,MH,manual,petrol,12312,3
pune,Renault Triber,2022,728000,27.5K km,27500,MH,automatic,petrol,12397,3
pune,Maruti Ignis,2022,629000,31K km,31000,MH,automatic,petrol,10711,3
pune,Chevrolet Beat,2014,205000,88K km,88000,MH,manual,petrol,9698,11
pune,Maruti Alto 800,2013,224000,54.5K km,54500,MH,manual,petrol,6212,12
pune,Maruti Alto 800,2013,210000,74K km,74000,MH,manual,petrol,5823,12
pune,Hyundai i20,2010,268000,61.5K km,61500,MH,manual,petrol,9698,15
pune,Honda City,2013,429000,73.5K km,73500,MH,automatic,petrol,11563,12
pune,Honda Brio,2012,242000,58.5K km,58500,MH,manual,petrol,8628,13
pune,Tata Nexon,2018,575000,39K km,39000,MH,manual,petrol,9791,7
pune,Volkswagen Vento,2021,793000,56K km,56000,MH,automatic,petrol,12660,4
pune,Tata Tiago,2018,437000,19K km,19000,MH,automatic,petrol,7441,7
pune,Maruti Swift,2015,350000,66K km,66000,MH,manual,petrol,6370,10
pune,Maruti Celerio,2016,408000,34.5K km,34500,MH,automatic,petrol,7426,9
pune,Hyundai Venue,2022,761000,30K km,30000,MH,manual,petrol,12959,3
pune,Renault Kiger,2022,720000,21K km,21000,MH,manual,petrol,12261,3
pune,Honda Amaze,2022,712000,13K km,13000,MH,automatic,petrol,12124,3
pune,Maruti Ciaz,2015,566000,88.5K km,88500,MH,automatic,petrol,10302,10
pune,Tata Nexon,2020,824000,28K km,28000,MH,manual,petrol,14032,5
pune,Hyundai New Santro 1.1,2020,461000,34K km,34000,MH,manual,petrol,7359,5
pune,Maruti Wagon R 1.0,2016,368000,51.5K km,51500,MH,automatic,petrol,6577,9
pune,Maruti Ciaz,2023,1032000,1K km,1000,MH,automatic,petrol,17747,2
pune,Hyundai New Santro 1.1,2019,489000,46K km,46000,MH,manual,petrol+cng,7806,6
pune,Tata Punch,2022,862000,6.5K km,6500,MH,automatic,petrol,14679,3
pune,Honda City,2015,470000,136K km,136000,MH,manual,petrol,8555,10
pune,Renault Kwid,2017,273000,71.5K km,71500,MH,automatic,petrol,4649,8
pune,Hyundai Eon,2013,220000,33.5K km,33500,MH,manual,petrol,5559,12
pune,Tata Tiago,2019,442000,46K km,46000,MH,manual,petrol,7527,6
pune,Maruti Celerio,2016,394000,122K km,122000,MH,manual,petrol+cng,6709,9
pune,Hyundai Grand i10,2015,393000,30.5K km,30500,MH,manual,petrol,7153,10
pune,Hyundai i20,2011,263000,118K km,118000,MH,manual,petrol,18792,14
pune,Maruti Swift,2012,358000,82.5K km,82500,MH,manual,petrol,13615,13
pune,Maruti Baleno,2019,554000,108.5K km,108500,MH,automatic,petrol,9434,6
pune,Hyundai Eon,2015,231000,67.5K km,67500,MH,manual,petrol,3941,10
pune,Renault Triber,2021,645000,24K km,24000,MH,manual,petrol,10983,4
pune,Hyundai i10,2016,336000,53K km,53000,MH,manual,petrol,6116,9
pune,Hyundai Venue,2021,1049000,20K km,20000,MH,automatic,petrol,18040,4
pune,Maruti Baleno,2021,697000,7K km,7000,MH,manual,petrol,11869,4
pune,Tata Nexon,2022,964000,12K km,12000,MH,manual,petrol,16416,3
pune,Hyundai i10,2015,333000,26.5K km,26500,MH,manual,petrol,6061,10
pune,Renault Kiger,2022,732000,34K km,34000,MH,manual,petrol,12465,3
pune,Renault Kwid,2021,418000,20K km,20000,MH,automatic,petrol,7118,4
pune,Maruti Baleno,2017,526000,42K km,42000,MH,manual,petrol,8957,8
pune,Maruti XL6,2022,1165000,47.5K km,47500,MH,automatic,petrol,20035,3
pune,Renault Triber,2020,558000,47K km,47000,MH,manual,petrol,9502,5
pune,Maruti Alto K10,2013,230000,58K km,58000,MH,manual,petrol,6199,12
pune,Honda Amaze,2014,331000,132.5K km,132500,MH,manual,petrol,7103,11
pune,Tata Zest,2014,332000,60K km,60000,MH,manual,petrol,7125,11
pune,Honda Amaze,2015,361000,81.5K km,81500,MH,manual,petrol,6571,10
pune,Ford EcoSport,2014,490000,100.5K km,100500,MH,manual,diesel,10516,11
pune,Ford Figo,2011,197000,63K km,63000,MH,manual,petrol,9698,14
pune,Hyundai Eon,2013,230000,34K km,34000,MH,manual,petrol,5812,12
pune,Tata Tiago,2018,450000,43K km,43000,MH,manual,petrol+cng,7663,7
pune,Hyundai Elite i20,2015,502000,67.5K km,67500,MH,manual,petrol,9137,10
pune,Maruti Celerio,2017,418000,65.5K km,65500,MH,automatic,petrol,7118,8
pune,Toyota Glanza,2021,759000,50K km,50000,MH,automatic,petrol,12925,4
pune,Hyundai Grand i10 Nios,2022,604000,10K km,10000,MH,manual,petrol,10285,3
pune,MG Hector,2021,1478000,44.5K km,44500,MH,automatic,petrol,25418,4
pune,Hyundai New Santro 1.1,2021,532000,34K km,34000,MH,manual,petrol+cng,8493,4
pune,Tata Tiago,2018,512000,26.5K km,26500,MH,automatic,petrol,8719,7
pune,Renault Kwid,2019,365000,30K km,30000,MH,manual,petrol,6215,6
pune,Ford EcoSport,2019,744000,66K km,66000,MH,manual,petrol,12669,6
pune,Maruti Alto 800,2018,284000,35K km,35000,MH,manual,petrol,5075,7
pune,Maruti Alto 800,2022,407000,24K km,24000,MH,manual,petrol,7274,3
pune,Honda Amaze,2013,343000,71K km,71000,MH,manual,petrol,9245,12
pune,Renault Kwid,2019,382000,33.5K km,33500,MH,automatic,petrol,6505,6
pune,Maruti Alto K10,2012,215000,21K km,21000,MH,manual,petrol,8177,13
pune,Maruti Wagon R 1.0,2010,198000,58.5K km,58500,MH,manual,petrol+cng,9698,15
pune,Honda City,2014,538000,101.5K km,101500,MH,automatic,petrol,11546,11
pune,Volkswagen Polo,2016,422000,64.5K km,64500,MH,manual,petrol,6737,9
pune,Maruti Swift Dzire,2012,352000,86K km,86000,MH,manual,petrol,13387,13
pune,Hyundai Eon,2015,250000,47.5K km,47500,MH,manual,petrol,4266,10
pune,Hyundai New Santro 1.1,2021,479000,111.5K km,111500,MH,manual,petrol+cng,7647,4
pune,Renault Kiger,2021,753000,23K km,23000,MH,manual,petrol,12823,4
pune,Maruti Alto 800,2022,370000,23.5K km,23500,MH,manual,petrol,6612,3
pune,Maruti Celerio,2015,394000,37K km,37000,MH,automatic,petrol,7171,10
pune,Hyundai Venue,2020,855000,20K km,20000,MH,manual,petrol,14560,5
pune,Hyundai New Santro 1.1,2020,523000,28.5K km,28500,MH,manual,petrol+cng,8349,5
pune,Maruti Baleno,2016,518000,55.5K km,55500,MH,manual,petrol,8821,9
pune,Maruti Alto 800,2022,411000,1K km,1000,MH,manual,petrol,7345,3
pune,Maruti Celerio,2017,455000,37.5K km,37500,MH,automatic,petrol,7748,8
pune,Hyundai Elite i20,2017,574000,44K km,44000,MH,manual,petrol,9774,8
pune,Maruti Alto 800,2017,285000,46.5K km,46500,MH,manual,petrol,5093,8
pune,Honda City,2015,498000,60K km,60000,MH,manual,petrol,9064,10
pune,Hyundai i20,2011,229000,65K km,65000,MH,manual,petrol,16362,14
pune,Volkswagen Polo,2013,310000,92.5K km,92500,MH,manual,petrol,7833,12
pune,Maruti Swift Dzire,2010,254000,80.5K km,80500,MH,manual,petrol,9698,15
pune,Honda Amaze,2013,332000,92.5K km,92500,MH,manual,petrol,8949,12
pune,Maruti Alto 800,2013,230000,38.5K km,38500,MH,manual,petrol,6378,12
pune,Hyundai Eon,2011,197000,56K km,56000,MH,manual,petrol,13196,14
pune,Hyundai i10,2013,273000,40K km,40000,MH,manual,petrol,7358,12
pune,Maruti Wagon R 1.0,2012,271000,72.5K km,72500,MH,manual,petrol,10511,13
pune,Hyundai Grand i10,2018,465000,50K km,50000,MH,manual,petrol+cng,7918,7
pune,Maruti S-Presso,2022,394000,50K km,50000,MH,manual,petrol,6709,3
pune,Honda Jazz,2016,439000,55K km,55000,MH,manual,petrol,7008,9
pune,Tata Tiago,2017,449000,37.5K km,37500,MH,automatic,petrol,7646,8
pune,Tata Nexon,2019,728000,48.5K km,48500,MH,manual,petrol,12397,6
pune,Maruti Swift,2015,437000,31.5K km,31500,MH,manual,petrol,7954,10
pune,Tata Nexon,2019,627000,46.5K km,46500,MH,manual,petrol,10677,6
pune,Maruti Alto K10,2017,376000,10K km,10000,MH,automatic,petrol,6403,8
pune,Renault Triber,2023,589000,24K km,24000,MH,automatic,petrol,10030,2
pune,Hyundai Grand i10,2019,491000,52K km,52000,MH,manual,petrol,8361,6
pune,Maruti Wagon R 1.2,2022,595000,10.5K km,10500,MH,automatic,petrol,10132,3
pune,Maruti Ciaz,2022,892000,18K km,18000,MH,manual,petrol,15190,3
pune,Renault Kwid,2018,352000,30K km,30000,MH,automatic,petrol,5994,7
pune,Hyundai Grand i10,2015,459000,113K km,113000,MH,manual,petrol,8354,10
pune,Maruti Ritz,2015,290000,58.5K km,58500,MH,manual,petrol,4948,10
pune,Hyundai Eon,2013,233000,87.5K km,87500,MH,manual,petrol,5888,12
pune,Hyundai i10,2012,190000,112K km,112000,MH,manual,petrol,13576,13
pune,Ford Figo,2011,188000,53K km,53000,MH,manual,petrol,9698,14
pune,Hyundai Grand i10,2018,408000,49.5K km,49500,MH,manual,petrol,6948,7
pune,Hyundai Eon,2013,192000,90K km,90000,MH,manual,petrol,6846,12
pune,Hyundai Eon,2014,239000,44K km,44000,MH,manual,petrol,4808,11
pune,Hyundai Tucson,2017,1249000,87K km,87000,MH,automatic,diesel,21479,8
pune,Honda City,2017,786000,89.5K km,89500,MH,automatic,petrol,13385,8
pune,Ford EcoSport,2015,539000,58K km,58000,MH,automatic,petrol,9811,10
pune,Renault Kwid,2018,385000,12K km,12000,MH,automatic,petrol,6556,7
pune,Maruti Dzire,2019,710000,48.5K km,48500,MH,automatic,petrol,12090,6
pune,Renault Kwid,2021,389000,31K km,31000,MH,manual,petrol,6624,4
pune,Renault Kwid,2016,281000,34K km,34000,MH,manual,petrol,4785,9
pune,Maruti Alto 800,2019,274000,80K km,80000,MH,manual,petrol,4897,6
pune,Skoda Rapid New,2021,744000,79K km,79000,MH,manual,petrol,12669,4
pune,Maruti Ignis,2022,468000,43K km,43000,MH,manual,petrol,7969,3
pune,Maruti Swift,2016,463000,32.5K km,32500,MH,manual,petrol,7884,9
pune,Ford Freestyle,2018,526000,41K km,41000,MH,manual,petrol,9574,7
pune,Maruti Ciaz,2017,729000,100K km,100000,MH,manual,diesel,12414,8
pune,Honda City,2012,348000,76.5K km,76500,MH,manual,petrol,13235,13
pune,Maruti Celerio,2014,329000,123K km,123000,MH,automatic,petrol,7060,11
pune,Volkswagen Polo,2016,471000,104K km,104000,MH,manual,petrol,7519,9
pune,Maruti Celerio,2019,474000,104K km,104000,MH,automatic,petrol,8071,6
pune,Hyundai i20,2012,256000,82.5K km,82500,MH,manual,petrol,18292,13
pune,Hyundai i20 Active,2015,477000,33K km,33000,MH,manual,petrol,8682,10
pune,Maruti Alto 800,2016,229000,87.5K km,87500,MH,manual,petrol,4092,9
pune,Renault Kwid,2022,479000,23.5K km,23500,MH,automatic,petrol,8157,3
pune,Maruti Ciaz,2020,822000,37K km,37000,MH,manual,petrol,13998,5
pune,Honda City,2021,978000,27.5K km,27500,MH,automatic,petrol,16654,4
pune,Hyundai Grand i10,2014,392000,61.5K km,61500,MH,manual,petrol,8413,11
pune,Hyundai Venue,2022,997000,36.5K km,36500,MH,manual,petrol,16978,3
pune,Maruti Vitara Brezza,2021,761000,27K km,27000,MH,manual,petrol,12959,4
pune,Hyundai Grand i10,2013,370000,24.5K km,24500,MH,manual,petrol,9973,12
pune,Maruti Alto 800,2014,253000,16K km,16000,MH,manual,petrol,5632,11
pune,Volkswagen Vento,2017,659000,86.5K km,86500,MH,manual,diesel,10520,8
pune,Maruti Alto K10,2017,312000,23K km,23000,MH,manual,petrol,5313,8
pune,Tata Punch,2022,768000,20.5K km,20500,MH,manual,petrol,13078,3
pune,Renault Triber,2021,644000,41K km,41000,MH,automatic,petrol,10030,4
pune,Ford EcoSport,2015,481000,112.5K km,112500,MH,automatic,petrol,8755,10
pune,Maruti Ciaz,2016,610000,14.5K km,14500,MH,manual,petrol,10387,9
pune,Maruti Ignis,2023,626000,20.5K km,20500,MH,manual,petrol,10660,2
pune,Volkswagen Ameo,2017,439000,120K km,120000,MH,manual,petrol,7008,8
pune,Volkswagen Ameo,2017,441000,95K km,95000,MH,manual,petrol,7040,8
pune,Toyota Etios Liva,2011,294000,45K km,45000,MH,manual,petrol,19694,14
pune,Honda City,2014,469000,66.5K km,66500,MH,automatic,petrol,10065,11
pune,Hyundai Grand i10,2016,323000,60K km,60000,MH,manual,petrol,5500,9
pune,Hyundai Xcent,2014,387000,78.5K km,78500,MH,manual,petrol,7786,11
pune,Tata Altroz,2022,722000,28.5K km,28500,MH,manual,petrol,12295,3
pune,Honda City,2019,813000,38.5K km,38500,MH,automatic,petrol,13844,6
pune,Maruti Swift,2015,439000,37K km,37000,MH,manual,petrol,7990,10
pune,Honda WR-V,2019,735000,17K km,17000,MH,manual,petrol,12516,6
pune,Renault Kwid,2021,381000,25.5K km,25500,MH,manual,petrol,6488,4
pune,Volkswagen Polo,2015,458000,93K km,93000,MH,manual,petrol,7815,10
pune,Hyundai Eon,2015,263000,47K km,47000,MH,manual,petrol,4488,10
pune,Hyundai i20,2011,267000,83.5K km,83500,MH,manual,petrol,19078,14
pune,Hyundai Grand i10,2016,439000,56K km,56000,MH,manual,petrol,7475,9
pune,Honda City,2015,512000,105K km,105000,MH,manual,petrol,9319,10
pune,Maruti Vitara Brezza,2016,727000,84K km,84000,MH,manual,diesel,12380,9
pune,Tata Zest,2020,419000,24.5K km,24500,MH,manual,petrol,7135,5
pune,Hyundai Verna,2024,1530000,16K km,16000,MH,automatic,petrol,26310,1
pune,Volkswagen Vento,2021,925000,21K km,21000,MH,manual,petrol,14767,4
pune,Hyundai Grand i10,2019,507000,33.5K km,33500,MH,manual,petrol,8633,6
pune,Maruti Celerio,2017,422000,106.5K km,106500,MH,automatic,petrol,7186,8
pune,Hyundai Eon,2017,280000,41.5K km,41500,MH,manual,petrol,4470,8
pune,Hyundai Elite i20,2017,530000,43.5K km,43500,MH,manual,petrol,9025,8
pune,Tata Tiago NRG,2021,520000,91.5K km,91500,MH,manual,petrol,8855,4
pune,Hyundai Grand i10,2019,484000,87K km,87000,MH,manual,petrol,8242,6
pune,Maruti Ciaz,2021,935000,32K km,32000,MH,automatic,petrol,15922,4
pune,Honda City,2017,629000,35.5K km,35500,MH,manual,petrol,10711,8
pune,Tata Tiago NRG,2023,719000,8.5K km,8500,MH,automatic,petrol,12244,2
pune,Maruti Swift,2013,373000,48.5K km,48500,MH,manual,petrol,10054,12
pune,Maruti Celerio,2017,403000,50.5K km,50500,MH,automatic,petrol,6862,8
pune,Honda Amaze,2014,362000,43.5K km,43500,MH,manual,petrol,7769,11
pune,Ford Figo,2011,184000,50K km,50000,MH,manual,petrol,9698,14
pune,Honda Brio,2013,263000,65K km,65000,MH,manual,petrol,6646,12
pune,Hyundai Eon,2014,251000,26.5K km,26500,MH,manual,petrol,5050,11
pune,Honda Amaze,2016,412000,81K km,81000,MH,manual,petrol,7016,9
pune,Kia Seltos,2022,1198000,23K km,23000,MH,manual,petrol,20605,3
pune,Ford Freestyle,2019,466000,104K km,104000,MH,manual,petrol,7935,6
pune,Maruti Wagon R 1.0,2016,346000,39.5K km,39500,MH,automatic,petrol,6183,9
pune,Maruti Baleno,2021,754000,45.5K km,45500,MH,automatic,petrol,12840,4
pune,Maruti Alto 800,2022,409000,1.5K km,1500,MH,manual,petrol,7309,3
pune,Nissan Micra,2017,319000,137K km,137000,MH,manual,petrol,5092,8
pune,Maruti Baleno,2016,537000,53.5K km,53500,MH,manual,petrol,9144,9
pune,Hyundai Elite i20,2017,517000,57K km,57000,MH,manual,petrol,8804,8
pune,Maruti Baleno,2017,551000,57.5K km,57500,MH,manual,petrol,9383,8
pune,Maruti Vitara Brezza,2017,675000,54K km,54000,MH,manual,diesel,11494,8
pune,Renault Kiger,2021,549000,30K km,30000,MH,manual,petrol,9349,4
pune,Hyundai Grand i10,2015,396000,85.5K km,85500,MH,manual,petrol,7208,10
pune,Ford Figo,2010,187000,63.5K km,63500,MH,manual,petrol,9698,15
pune,Honda City,2023,1124000,13K km,13000,MH,manual,petrol,19330,2
pune,Maruti Baleno,2017,527000,36.5K km,36500,MH,manual,petrol,8974,8
pune,Hyundai Grand i10,2017,397000,59.5K km,59500,MH,manual,petrol,6760,8
pune,Volkswagen Ameo,2018,544000,55.5K km,55500,MH,manual,petrol,8685,7
pune,Maruti Alto K10,2023,486000,9.5K km,9500,MH,manual,petrol,8276,2
pune,Hyundai Eon,2015,279000,56K km,56000,MH,manual,petrol,4761,10
pune,Toyota Urban Cruiser,2022,856000,30.5K km,30500,MH,manual,petrol,14577,3
pune,Ford Figo,2012,224000,50K km,50000,MH,manual,petrol,9698,13
pune,Honda City,2015,575000,66.5K km,66500,MH,automatic,petrol,10466,10
pune,Hyundai Grand i10,2015,406000,20K km,20000,MH,manual,petrol,7390,10
pune,Hyundai Venue,2021,997000,16.5K km,16500,MH,manual,petrol,16978,4
pune,Hyundai Grand i10,2016,385000,122K km,122000,MH,manual,petrol,6556,9
pune,Hyundai Grand i10,2016,441000,49.5K km,49500,MH,manual,petrol,7509,9
pune,Hyundai i10,2013,215000,79.5K km,79500,MH,manual,petrol,5795,12
pune,Hyundai Verna,2011,322000,97K km,97000,MH,manual,petrol,23008,14
pune,Honda City,2020,978000,54K km,54000,MH,automatic,petrol,16654,5
pune,Hyundai Aura,2023,790000,22.5K km,22500,MH,manual,petrol+cng,13453,2
pune,Tata Tiago,2019,524000,42K km,42000,MH,manual,petrol,8923,6
pune,Mahindra XUV500,2021,1578000,24K km,24000,MH,manual,diesel,28481,4
pune,Maruti Baleno,2018,589000,44K km,44000,MH,manual,petrol,10030,7
pune,Maruti Ignis,2022,513000,101K km,101000,MH,manual,petrol,8736,3
pune,Renault Kwid,2023,467000,7K km,7000,MH,manual,petrol,7952,2
pune,Hyundai i10,2016,324000,58.5K km,58500,MH,manual,petrol,5517,9
pune,Maruti Baleno,2017,499000,83K km,83000,MH,manual,petrol,8497,8
pune,Renault Kwid,2021,413000,41.5K km,41500,MH,automatic,petrol,7033,4
pune,Tata Punch,2023,863000,4.5K km,4500,MH,manual,petrol+cng,14696,2
pune,Hyundai Xcent,2015,459000,56.5K km,56500,MH,manual,petrol,7832,10
pune,Hyundai Venue,2020,918000,54K km,54000,MH,automatic,petrol,15633,5
pune,Hyundai Elite i20,2018,539000,66.5K km,66500,MH,manual,petrol,9178,7
pune,Hyundai Grand i10 Nios,2022,719000,8K km,8000,MH,manual,petrol+cng,12244,3
pune,Ford EcoSport,2013,479000,132K km,132000,MH,manual,diesel,12911,12
pune,Honda City,2015,472000,141.5K km,141500,MH,manual,petrol,8591,10
pune,Tata Tigor,2022,713000,29.5K km,29500,MH,manual,petrol+cng,12141,3
pune,Volkswagen Polo,2016,458000,38K km,38000,MH,manual,petrol,7312,9
pune,Tata Nano,2014,145000,41.5K km,41500,MH,manual,petrol,2917,11
pune,Renault Kwid,2022,473000,11.5K km,11500,MH,automatic,petrol,8054,3
pune,Ford Figo,2011,198000,71K km,71000,MH,manual,diesel,9698,14
pune,Hyundai Elite i20,2015,503000,73.5K km,73500,MH,manual,petrol,9155,10
pune,Honda Amaze,2021,736000,93K km,93000,MH,automatic,diesel,12533,4
pune,Maruti Ignis,2022,589000,35.5K km,35500,MH,manual,petrol,10030,3
pune,Maruti S-Presso,2023,497000,17K km,17000,MH,manual,petrol,8463,2
pune,Maruti Swift,2016,417000,37K km,37000,MH,manual,petrol,7101,9
pune,Hyundai Grand i10,2017,466000,69K km,69000,MH,manual,petrol,7935,8
pune,Honda City,2019,868000,93K km,93000,MH,automatic,petrol,14781,6
pune,Tata Tiago,2021,504000,65.5K km,65500,MH,manual,petrol,8582,4
pune,Maruti Alto K10,2016,310000,26.5K km,26500,MH,manual,petrol,5279,9
pune,Tata Nexon,2018,658000,103.5K km,103500,MH,manual,diesel,11205,7
pune,Volkswagen Polo,2013,321000,102K km,102000,MH,manual,petrol,8111,12
pune,Hyundai Eon,2015,268000,42.5K km,42500,MH,manual,petrol,4573,10
pune,Kia Seltos,2021,1219000,93K km,93000,MH,manual,diesel,20964,4
pune,Maruti Ignis,2022,560000,16.5K km,16500,MH,manual,petrol,9536,3
pune,Tata Tigor,2022,633000,43K km,43000,MH,manual,petrol+cng,10779,3
pune,Tata Tiago,2022,695000,24K km,24000,MH,manual,petrol+cng,11835,3
pune,Tata Nexon,2021,895000,45.5K km,45500,MH,manual,petrol,15241,4
pune,Tata Tiago NRG,2023,649000,20.5K km,20500,MH,manual,petrol,11052,2
pune,Renault Kiger,2021,678000,50.5K km,50500,MH,manual,petrol,11545,4
pune,Hyundai Verna,2018,732000,95.5K km,95500,MH,manual,petrol,12465,7
pune,Volkswagen Polo,2015,412000,66.5K km,66500,MH,manual,petrol,7030,10
pune,Maruti Swift Dzire,2012,339000,116K km,116000,MH,manual,petrol,12893,13
pune,Tata Nano,2013,125000,42.5K km,42500,MH,manual,petrol,4457,12
pune,Tata Zest,2015,346000,53K km,53000,MH,manual,petrol,6298,10
pune,Volkswagen Vento,2013,374000,54K km,54000,MH,manual,petrol,9451,12
pune,Maruti Wagon R 1.0,2016,392000,39.5K km,39500,MH,automatic,petrol,7006,9
pune,Tata Altroz,2023,768000,27K km,27000,MH,manual,petrol,13078,2
pune,Maruti Wagon R 1.0,2012,245000,54.5K km,54500,MH,manual,petrol,9503,13
pune,Renault Kwid,2017,282000,45K km,45000,MH,manual,petrol,4802,8
pune,Hyundai Creta,2019,946000,41K km,41000,MH,manual,petrol,16109,6
pune,Maruti Baleno,2018,629000,39K km,39000,MH,automatic,petrol,10711,7
pune,Renault Kiger,2023,950000,21K km,21000,MH,automatic,petrol,16177,2
pune,Maruti Alto 800,2020,348000,43K km,43000,MH,manual,petrol,6219,5
pune,Renault Kwid,2022,454000,15.5K km,15500,MH,automatic,petrol,7731,3
pune,Maruti Alto 800,2019,317000,77.5K km,77500,MH,manual,petrol,5665,6
pune,Volkswagen Virtus,2023,1243000,16K km,16000,MH,automatic,petrol,21371,2
pune,Renault Kwid,2022,498000,17K km,17000,MH,automatic,petrol,8480,3
pune,Maruti Celerio,2022,568000,40K km,40000,MH,manual,petrol,9672,3
pune,Maruti Ignis,2022,484000,35.5K km,35500,MH,manual,petrol,8242,3
pune,Ford Figo,2012,212000,100.5K km,100500,MH,manual,diesel,9698,13
pune,Maruti Celerio,2014,329000,57.5K km,57500,MH,automatic,petrol,7060,11
pune,Honda Amaze,2016,402000,108K km,108000,MH,manual,petrol,6845,9
pune,Maruti Vitara Brezza,2017,688000,114K km,114000,MH,manual,diesel,11716,8
pune,Tata Nano,2014,149000,50.5K km,50500,MH,manual,petrol,2997,11
pune,Hyundai Grand i10,2014,350000,106K km,106000,MH,manual,petrol,7511,11
pune,Hyundai Verna,2018,819000,56K km,56000,MH,manual,petrol,13947,7
pune,Maruti Wagon R 1.0,2010,210000,77.5K km,77500,MH,manual,petrol,9698,15
pune,Maruti Wagon R 1.0,2015,317000,88.5K km,88500,MH,manual,petrol,6033,10
pune,Tata Tigor,2020,588000,37.5K km,37500,MH,manual,petrol,10013,5
pune,Ford EcoSport,2014,492000,126K km,126000,MH,manual,diesel,10559,11
pune,Hyundai Elite i20,2017,567000,37.5K km,37500,MH,manual,petrol,9655,8
pune,Volkswagen T-Roc,2021,1782000,63K km,63000,MH,automatic,petrol,30648,4
pune,Hyundai Creta,2019,1149000,75.5K km,75500,MH,automatic,diesel,19759,6
pune,Tata Nexon,2018,694000,79K km,79000,MH,manual,diesel,11818,7
pune,Maruti Ciaz,2020,843000,9K km,9000,MH,manual,petrol,14355,5
pune,Tata Altroz,2022,830000,10.5K km,10500,MH,manual,petrol,14134,3
pune,Maruti Baleno,2018,622000,31K km,31000,MH,manual,petrol,10592,7
pune,Maruti Alto 800,2021,362000,25K km,25000,MH,manual,petrol,6469,4
pune,Maruti Baleno,2017,554000,48.5K km,48500,MH,manual,petrol,9434,8
pune,Ford EcoSport,2013,492000,108K km,108000,MH,manual,diesel,13261,12
pune,Hyundai i20 Active,2018,519000,72K km,72000,MH,manual,petrol,8838,7
pune,Tata Nexon,2023,1178000,33K km,33000,MH,manual,diesel,20258,2
pune,Hyundai Elite i20,2017,491000,69.5K km,69500,MH,manual,petrol,8361,8
pune,Hyundai Grand i10,2016,458000,59.5K km,59500,MH,automatic,petrol,7799,9
pune,Hyundai i20,2011,302000,59K km,59000,MH,manual,petrol,21579,14
pune,Maruti Wagon R 1.0,2013,259000,95.5K km,95500,MH,manual,petrol,7182,12
pune,Nissan Magnite,2021,470000,30.5K km,30500,MH,manual,petrol,8003,4
pune,Maruti Baleno,2018,574000,59K km,59000,MH,manual,petrol,9774,7
pune,Maruti Celerio,2017,429000,28K km,28000,MH,automatic,petrol,7305,8
pune,Hyundai New Santro 1.1,2019,422000,41K km,41000,MH,manual,petrol,6737,6
pune,Toyota Etios,2011,299000,72K km,72000,MH,manual,petrol,20029,14
pune,Maruti Ertiga,2016,754000,13.5K km,13500,MH,manual,petrol,12840,9
pune,Ford Figo,2012,230000,61K km,61000,MH,manual,diesel,9698,13
pune,Toyota Etios Liva,2012,338000,110.5K km,110500,MH,manual,diesel,12051,13
pune,Maruti Dzire,2018,619000,57.5K km,57500,MH,automatic,petrol,10541,7
pune,Renault Kiger,2021,646000,21K km,21000,MH,manual,petrol,11001,4
pune,Nissan Micra,2017,417000,44K km,44000,MH,automatic,petrol,6657,8
pune,Hyundai Grand i10,2019,524000,15K km,15000,MH,manual,petrol,8923,6
pune,Maruti Baleno,2018,531000,62.5K km,62500,MH,manual,petrol,9042,7
pune,Maruti Wagon R 1.0,2010,215000,22K km,22000,MH,manual,petrol,9698,15
pune,Maruti Swift,2017,453000,69K km,69000,MH,manual,petrol,7714,8
pune,Honda Amaze,2014,463000,57.5K km,57500,MH,automatic,petrol,9936,11
pune,Maruti Wagon R 1.0,2015,361000,73K km,73000,MH,manual,petrol+cng,6571,10
pune,Maruti Baleno,2017,497000,103K km,103000,MH,manual,petrol,8463,8
pune,Maruti Celerio,2015,370000,77.5K km,77500,MH,automatic,petrol,6734,10
pune,Maruti Ciaz,2016,582000,62.5K km,62500,MH,manual,petrol,9911,9
pune,Nissan Magnite,2023,805000,31K km,31000,MH,manual,petrol,13708,2
pune,Volkswagen Ameo,2017,547000,118.5K km,118500,MH,automatic,diesel,8732,8
pune,Kia Seltos,2020,1239000,46.5K km,46500,MH,automatic,petrol,21308,5
pune,Hyundai Xcent,2014,367000,55.5K km,55500,MH,manual,petrol,7384,11
pune,Hyundai Elite i20,2016,516000,42.5K km,42500,MH,manual,petrol,8787,9
pune,Honda Amaze,2016,511000,59.5K km,59500,MH,automatic,petrol,8702,9
pune,Maruti Wagon R 1.0,2012,275000,62K km,62000,MH,manual,petrol,10667,13
pune,Hyundai Xcent,2014,452000,81K km,81000,MH,automatic,petrol,9094,11
pune,Hyundai Elite i20,2017,598000,53K km,53000,MH,manual,petrol,10183,8
pune,Maruti Ignis,2023,639000,3.5K km,3500,MH,manual,petrol,10881,2
pune,Maruti Swift,2016,447000,127.5K km,127500,MH,manual,petrol,7612,9
pune,Maruti Ritz,2014,248000,87K km,87000,MH,manual,petrol,4989,11
pune,Hyundai i10,2011,242000,60K km,60000,MH,manual,petrol,17291,14
pune,Maruti Ciaz,2018,656000,78.5K km,78500,MH,manual,petrol,11171,7
pune,Volkswagen Polo,2010,250000,74.5K km,74500,MH,manual,petrol,9698,15
pune,Maruti S-Presso,2022,443000,22K km,22000,MH,manual,petrol,7544,3
pune,Maruti Wagon R 1.0,2023,594000,20.5K km,20500,MH,manual,petrol+cng,10115,2
pune,Hyundai Grand i10,2016,431000,38K km,38000,MH,manual,petrol,7339,9
pune,Maruti Swift,2012,357000,70.5K km,70500,MH,manual,petrol,13577,13
pune,Hyundai i10,2012,247000,92.5K km,92500,MH,automatic,petrol,9394,13
pune,Tata Altroz,2021,743000,39K km,39000,MH,manual,petrol,12652,4
pune,Hyundai New Santro 1.1,2021,494000,26K km,26000,MH,manual,petrol,7886,4
pune,Maruti Swift Dzire,2012,377000,62.5K km,62500,MH,manual,petrol,14338,13
pune,Maruti Alto 800,2013,208000,107.5K km,107500,MH,manual,petrol,5768,12
pune,Nissan Micra,2012,223000,59K km,59000,MH,manual,petrol,7951,13
pune,Hyundai Grand i10,2017,409000,124K km,124000,MH,automatic,petrol,6965,8
pune,Honda Jazz,2019,566000,65.5K km,65500,MH,manual,petrol,9036,6
pune,Honda Amaze,2014,451000,72.5K km,72500,MH,manual,diesel,9679,11
pune,Hyundai Elite i20,2016,469000,118K km,118000,MH,manual,petrol,7986,9
pune,Honda Amaze,2019,555000,61.5K km,61500,MH,manual,petrol,9451,6
pune,Hyundai Grand i10,2017,459000,24K km,24000,MH,manual,petrol,7816,8
pune,Nissan Magnite,2021,741000,23K km,23000,MH,manual,petrol,12618,4
pune,Tata Altroz,2022,779000,16K km,16000,MH,manual,petrol,13265,3
pune,Maruti Wagon R 1.0,2016,354000,79.5K km,79500,MH,automatic,petrol,6326,9
pune,Tata Tigor,2022,649000,17.5K km,17500,MH,manual,petrol+cng,11052,3
pune,Tata Tiago,2018,478000,41.5K km,41500,MH,automatic,petrol,8140,7
pune,Hyundai Grand i10,2019,511000,32.5K km,32500,MH,manual,petrol,7901,6
pune,Maruti Wagon R 1.0,2017,436000,39.5K km,39500,MH,manual,petrol+cng,7424,8
pune,Mahindra XUV500,2017,896000,85.5K km,85500,MH,automatic,diesel,16013,8
pune,Hyundai Elite i20,2015,590000,101.5K km,101500,MH,manual,diesel,10739,10
pune,Tata Tiago,2019,493000,25.5K km,25500,MH,manual,petrol,8395,6
pune,Maruti Ciaz,2017,646000,51.5K km,51500,MH,automatic,petrol,11001,8
pune,Tata Nexon,2020,749000,63.5K km,63500,MH,automatic,diesel,12755,5
pune,Volkswagen Tiguan,2018,1529000,106.5K km,106500,MH,automatic,diesel,26296,7
pune,Hyundai Grand i10 Nios,2021,682000,41.5K km,41500,MH,automatic,petrol,11614,4
pune,Maruti Swift,2011,296000,74K km,74000,MH,manual,petrol,21150,14
pune,Maruti Celerio,2022,557000,12.5K km,12500,MH,manual,petrol,9485,3
pune,Maruti Celerio,2019,462000,37.5K km,37500,MH,manual,petrol,7867,6
pune,Renault Triber,2020,531000,41K km,41000,MH,manual,petrol,9042,5
pune,Hyundai Eon,2014,246000,45.5K km,45500,MH,manual,petrol,6216,11
pune,Maruti Baleno,2016,503000,38.5K km,38500,MH,manual,petrol,8565,9
pune,Maruti Ciaz,2021,859000,30.5K km,30500,MH,manual,petrol,14628,4
pune,Hyundai Grand i10,2016,429000,63.5K km,63500,MH,manual,petrol,7305,9
pune,Ford Figo,2011,198000,99.5K km,99500,MH,manual,petrol,9698,14
pune,Maruti Alto K10,2012,185000,77K km,77000,MH,manual,petrol,7036,13
pune,Maruti Wagon R Stingray,2016,319000,144K km,144000,MH,manual,petrol,5432,9
pune,Hyundai Xcent,2017,449000,103.5K km,103500,MH,manual,petrol,7168,8
pune,Hyundai Grand i10,2016,345000,43.5K km,43500,MH,manual,petrol,6279,9
pune,Honda Jazz,2017,547000,52.5K km,52500,MH,automatic,petrol,8732,8
pune,Hyundai Elite i20,2017,545000,23K km,23000,MH,manual,petrol,9281,8
pune,Volkswagen Polo,2017,509000,70K km,70000,MH,manual,petrol,8126,8
pune,Maruti Ciaz,2017,589000,117.5K km,117500,MH,automatic,petrol,10030,8
pune,Tata Nexon,2022,972000,24K km,24000,MH,manual,diesel,16552,3
pune,Hyundai Grand i10,2020,585000,7K km,7000,MH,manual,petrol,9962,5
pune,Honda Amaze,2024,949000,13.5K km,13500,MH,automatic,petrol,16160,1
pune,Renault Kwid,2019,386000,14K km,14000,MH,automatic,petrol,6573,6
pune,Hyundai i20 N Line,2022,949000,17.5K km,17500,MH,manual,petrol,16160,3
pune,Hyundai Elite i20,2017,532000,83K km,83000,MH,manual,petrol,9059,8
pune,Renault Kwid,2023,492000,11K km,11000,MH,manual,petrol,8378,2
pune,Maruti Celerio,2022,565000,20.5K km,20500,MH,manual,petrol,9621,3
pune,Maruti Wagon R 1.0,2012,281000,41.5K km,41500,MH,manual,petrol,10899,13
pune,Nissan Magnite,2021,875000,21.5K km,21500,MH,automatic,petrol,14900,4
pune,Hyundai Grand i10,2020,528000,43K km,43000,MH,manual,petrol,8991,5
pune,Nissan Micra Active,2014,268000,39.5K km,39500,MH,manual,petrol,5751,11
pune,Hyundai Xcent,2014,375000,74.5K km,74500,MH,manual,petrol,7545,11
pune,Renault Kiger,2021,570000,87.5K km,87500,MH,manual,petrol,9706,4
pune,Maruti S-Presso,2021,415000,32.5K km,32500,MH,manual,petrol,7067,4
pune,Toyota Etios Liva,2011,244000,97.5K km,97500,MH,manual,petrol,16345,14
pune,Datsun Redi-GO,2017,242000,19.5K km,19500,MH,manual,petrol,9204,8
pune,Ford Figo,2012,232000,30.5K km,30500,MH,manual,petrol,9698,13
pune,Maruti Alto 800,2015,265000,15K km,15000,MH,manual,petrol,5043,10
pune,Volkswagen Vento,2013,356000,138K km,138000,MH,manual,petrol,8996,12
pune,Honda Elevate,2023,1423000,32.5K km,32500,MH,automatic,petrol,24470,2
pune,Maruti S-Cross,2018,831000,62.5K km,62500,MH,manual,diesel,14151,7
pune,Hyundai Elite i20,2016,493000,75K km,75000,MH,manual,petrol,8395,9
pune,Renault Triber,2023,684000,9K km,9000,MH,manual,petrol,11648,2
pune,Maruti Baleno,2018,588000,92.5K km,92500,MH,automatic,petrol,10013,7
pune,Renault Triber,2021,531000,41K km,41000,MH,manual,petrol,9042,4
pune,Maruti Celerio,2015,349000,125.5K km,125500,MH,automatic,petrol,6352,10
pune,Maruti Dzire,2017,640000,44.5K km,44500,MH,automatic,petrol,10898,8
pune,Renault Triber,2020,518000,52.5K km,52500,MH,manual,petrol,8821,5
pune,Maruti Alto 800,2022,386000,8.5K km,8500,MH,manual,petrol,6898,3
pune,Tata Punch,2022,753000,18.5K km,18500,MH,manual,petrol,12823,3
pune,Hyundai Xcent,2015,401000,90K km,90000,MH,manual,petrol,6842,10
pune,Maruti Celerio,2020,468000,14.5K km,14500,MH,manual,petrol,7969,5
pune,Hyundai i10,2016,327000,54.5K km,54500,MH,manual,petrol,5568,9
pune,Hyundai Elite i20,2018,526000,58.5K km,58500,MH,manual,petrol,8957,7
pune,Tata Tigor,2021,642000,38.5K km,38500,MH,automatic,petrol,10932,4
pune,Renault Kwid,2022,475000,13K km,13000,MH,automatic,petrol,8088,3
pune,Maruti Alto K10,2017,301000,78.5K km,78500,MH,automatic,petrol,5125,8
pune,Maruti Alto 800,2014,254000,14K km,14000,MH,manual,petrol,5655,11
pune,Hyundai Elite i20,2015,470000,45K km,45000,MH,manual,petrol,8555,10
pune,Hyundai Creta,2017,916000,38K km,38000,MH,automatic,petrol,15598,8
pune,Tata Altroz,2021,765000,31.5K km,31500,MH,manual,diesel,13027,4
pune,Maruti Dzire,2022,827000,11.5K km,11500,MH,automatic,petrol,14083,3
pune,Datsun Redi-GO,2019,225000,51K km,51000,MH,manual,petrol,6064,6
pune,Maruti Alto 800,2022,456000,8K km,8000,MH,manual,petrol+cng,8149,3
pune,Hyundai Eon,2018,309000,26.5K km,26500,MH,manual,petrol,4933,7
pune,Honda City,2017,791000,62.5K km,62500,MH,automatic,petrol,13470,8
pune,Honda City,2017,847000,27.5K km,27500,MH,automatic,petrol,14423,8
pune,Tata Nexon,2021,1034000,57.5K km,57500,MH,automatic,diesel,17782,4
pune,Hyundai i10,2012,245000,62.5K km,62500,MH,manual,petrol,9318,13
pune,Maruti Ciaz,2017,578000,109.5K km,109500,MH,automatic,petrol,9843,8
pune,Hyundai New Santro 1.1,2021,545000,31.5K km,31500,MH,manual,petrol+cng,8700,4
pune,Hyundai Eon,2018,355000,28.5K km,28500,MH,manual,petrol,5667,7
pune,Nissan Magnite,2021,863000,25.5K km,25500,MH,automatic,petrol,14696,4
pune,Hyundai Elite i20,2018,498000,66.5K km,66500,MH,manual,petrol,8480,7
pune,Maruti Ignis,2019,482000,50K km,50000,MH,automatic,petrol,8208,6
pune,Tata Tigor,2017,439000,47K km,47000,MH,manual,petrol,7475,8
pune,Honda City,2021,1079000,42K km,42000,MH,manual,petrol,18556,4
pune,Maruti Alto 800,2013,205000,76.5K km,76500,MH,manual,petrol,5685,12
pune,Maruti Alto K10,2024,602000,1.5K km,1500,MH,automatic,petrol,10251,1
pune,Maruti Alto 800,2013,202000,64.5K km,64500,MH,manual,petrol,7835,12
pune,Honda WR-V,2018,729000,81K km,81000,MH,manual,diesel,12414,7
pune,Maruti Baleno,2016,512000,79K km,79000,MH,manual,petrol,8719,9
pune,Maruti Swift,2012,331000,70.5K km,70500,MH,manual,petrol,12589,13
pune,Toyota Etios Liva,2011,237000,117.5K km,117500,MH,manual,petrol,15876,14
pune,Honda Amaze,2014,332000,78K km,78000,MH,manual,petrol,7125,11
pune,Maruti Alto K10,2017,295000,39K km,39000,MH,manual,petrol,5023,8
pune,Maruti Alto 800,2014,223000,50.5K km,50500,MH,manual,petrol,4965,11
pune,Tata Nexon,2019,809000,52K km,52000,MH,manual,diesel,13776,6
pune,Tata Tiago,2019,539000,22.5K km,22500,MH,manual,petrol,9178,6
pune,Tata Nexon,2019,728000,73K km,73000,MH,manual,diesel,12397,6
pune,Maruti Alto 800,2015,227000,70K km,70000,MH,manual,petrol,4320,10
pune,Maruti Swift,2022,616000,14.5K km,14500,MH,manual,petrol,10490,3
pune,Maruti Baleno,2017,507000,43.5K km,43500,MH,manual,petrol,8633,8
pune,Maruti Celerio,2016,405000,46.5K km,46500,MH,manual,petrol+cng,6896,9
pune,Maruti Vitara Brezza,2021,964000,32K km,32000,MH,automatic,petrol,16416,4
pune,Hyundai Grand i10,2019,449000,49.5K km,49500,MH,manual,petrol,7646,6
pune,Nissan Sunny,2016,552000,111.5K km,111500,MH,manual,diesel,8812,9
pune,Hyundai Verna,2011,345000,103.5K km,103500,MH,automatic,petrol,24651,14
pune,Maruti Alto 800,2016,266000,39.5K km,39500,MH,manual,petrol,4754,9
pune,Hyundai Venue,2023,1004000,12.5K km,12500,MH,manual,petrol,17098,2
pune,Maruti S-Cross,2016,571000,141K km,141000,MH,manual,diesel,10393,9
pune,Maruti Ciaz,2018,733000,14K km,14000,MH,manual,petrol,12482,7
pune,Hyundai Grand i10,2018,425000,51K km,51000,MH,manual,petrol,7237,7
pune,Volkswagen Polo,2011,275000,40.5K km,40500,MH,manual,petrol,18421,14
pune,Renault Kwid,2022,477000,39K km,39000,MH,automatic,petrol,8123,3
pune,Kia Seltos,2021,963000,22K km,22000,MH,manual,petrol,16399,4
pune,Maruti Wagon R 1.0,2023,604000,12.5K km,12500,MH,manual,petrol+cng,10285,2
pune,Skoda Rapid New,2021,719000,27K km,27000,MH,manual,petrol,12244,4
pune,Renault Triber,2021,673000,19K km,19000,MH,automatic,petrol,11460,4
pune,Toyota Urban Cruiser Hyryder,2023,1454000,49K km,49000,MH,manual,petrol,24999,2
pune,Hyundai Grand i10,2019,497000,23.5K km,23500,MH,manual,petrol,8463,6
pune,Maruti Alto 800,2014,215000,57K km,57000,MH,manual,petrol,4786,11
pune,Maruti Swift,2014,339000,57.5K km,57500,MH,manual,petrol,7275,11
pune,Volkswagen Polo,2017,487000,108K km,108000,MH,manual,petrol,7774,8
pune,Maruti Alto 800,2013,195000,74.5K km,74500,MH,manual,petrol,5407,12
pune,Ford EcoSport,2018,687000,115.5K km,115500,MH,manual,diesel,11699,7
pune,Ford EcoSport,2017,574000,66.5K km,66500,MH,manual,diesel,9774,8
pune,Toyota Etios Liva,2012,332000,91.5K km,91500,MH,manual,diesel,11837,13
pune,Hyundai Grand i10,2019,512000,52K km,52000,MH,manual,petrol,8719,6
pune,Maruti Ciaz,2016,509000,36K km,36000,MH,manual,petrol,8667,9
pune,Hyundai Elite i20,2015,521000,43K km,43000,MH,manual,petrol,9483,10
pune,Hyundai i20 N Line,2023,1129000,6.5K km,6500,MH,automatic,petrol,19416,2
pune,Maruti Ciaz,2017,669000,65.5K km,65500,MH,automatic,petrol,11392,8
pune,Honda City,2023,1224000,9.5K km,9500,MH,manual,petrol,21048,2
pune,Volkswagen Ameo,2018,529000,45.5K km,45500,MH,manual,petrol,8445,7
pune,Renault Triber,2023,757000,9K km,9000,MH,automatic,petrol,12891,2
pune,Maruti Swift Dzire,2015,424000,58.5K km,58500,MH,manual,petrol,7717,10
pune,Maruti Brezza,2023,1166000,26K km,26000,MH,manual,petrol,20060,2
pune,Maruti Ignis,2022,575000,30.5K km,30500,MH,manual,petrol,9791,3
pune,Maruti Ciaz,2018,725000,41K km,41000,MH,automatic,petrol,12346,7
pune,Hyundai i10,2012,219000,42.5K km,42500,MH,manual,petrol,8329,13
pune,Maruti Celerio,2015,337000,91.5K km,91500,MH,automatic,petrol,6134,10
pune,Maruti Ciaz,2016,604000,49.5K km,49500,MH,automatic,petrol,10285,9
pune,Maruti Ignis,2017,459000,50K km,50000,MH,automatic,petrol,7816,8
pune,Maruti Swift,2015,438000,60.5K km,60500,MH,manual,petrol,7972,10
pune,Renault Triber,2022,608000,27K km,27000,MH,manual,petrol,10353,3
pune,Hyundai Venue,2021,998000,31.5K km,31500,MH,automatic,petrol,16995,4
pune,Maruti Swift Dzire,2012,396000,78.5K km,78500,MH,manual,petrol,15061,13
pune,Honda City,2015,470000,121.5K km,121500,MH,manual,petrol,8555,10
pune,Hyundai Grand i10,2016,399000,36.5K km,36500,MH,manual,petrol,6794,9
pune,Hyundai Grand i10,2019,468000,39.5K km,39500,MH,manual,petrol,7969,6
pune,Skoda Kushaq,2023,1195000,27.5K km,27500,MH,manual,petrol,20554,2
pune,Renault Triber,2022,558000,31.5K km,31500,MH,manual,petrol,9502,3
pune,Maruti Vitara Brezza,2016,719000,87.5K km,87500,MH,manual,diesel,12244,9
pune,Hyundai Elite i20,2015,458000,147K km,147000,MH,manual,petrol,8336,10
pune,Hyundai Xcent,2015,383000,51K km,51000,MH,manual,petrol,6535,10
pune,Hyundai Grand i10,2016,437000,14K km,14000,MH,manual,petrol,7441,9
pune,Volkswagen Polo,2014,309000,116.5K km,116500,MH,manual,petrol,6217,11
pune,Hyundai Creta,2017,782000,77.5K km,77500,MH,automatic,petrol,11324,8
pune,Volkswagen Ameo,2017,429000,63K km,63000,MH,manual,petrol,6849,8
pune,Honda Jazz,2015,471000,69K km,69000,MH,automatic,petrol,8037,10
pune,Maruti Swift Dzire,2015,444000,63.5K km,63500,MH,manual,petrol,8081,10
pune,Maruti Alto 800,2012,195000,89K km,89000,MH,manual,petrol,7563,13
pune,Renault Triber,2023,641000,33.5K km,33500,MH,automatic,petrol,10915,2
pune,Hyundai Grand i10,2019,494000,88.5K km,88500,MH,manual,petrol+cng,8412,6
pune,Tata Harrier,2022,1729000,23K km,23000,MH,automatic,diesel,29734,3
pune,Maruti Swift,2016,498000,52.5K km,52500,MH,manual,petrol,8480,9
pune,Hyundai Grand i10,2019,478000,40.5K km,40500,MH,manual,petrol,8140,6
pune,Hyundai Grand i10,2015,379000,84K km,84000,MH,manual,petrol,6898,10
pune,Volkswagen Vento,2014,478000,64.5K km,64500,MH,manual,diesel,9617,11
pune,Nissan Magnite,2023,935000,30.5K km,30500,MH,automatic,petrol,15922,2
pune,Maruti Baleno,2020,571000,38K km,38000,MH,manual,petrol,9723,5
pune,Hyundai Grand i10,2019,532000,29.5K km,29500,MH,manual,petrol+cng,9059,6
pune,Skoda Kushaq,2023,1139000,11K km,11000,MH,manual,petrol,19588,2
pune,Mahindra Scorpio N,2022,1896000,49.5K km,49500,MH,automatic,diesel,32611,3
pune,Maruti Swift,2011,285000,54.5K km,54500,MH,manual,petrol,20364,14
pune,Hyundai Grand i10,2016,398000,45.5K km,45500,MH,manual,petrol,7244,9
pune,Mahindra Thar,2022,1233000,35.5K km,35500,MH,manual,diesel,21201,3
pune,Volkswagen Polo,2014,420000,60.5K km,60500,MH,manual,diesel,8450,11
pune,Hyundai Verna,2013,557000,86K km,86000,MH,automatic,diesel,15014,12
pune,Volkswagen Polo,2016,517000,50K km,50000,MH,manual,diesel,8253,9
pune,Hyundai Grand i10,2017,424000,123.5K km,123500,MH,manual,diesel,7220,8
pune,Tata Nexon,2019,723000,85.5K km,85500,MH,automatic,petrol,12312,6
pune,MG Gloster,2021,2877000,47K km,47000,MH,automatic,diesel,49487,4
pune,Honda WR-V,2018,576000,49.5K km,49500,MH,manual,petrol,9808,7
pune,Maruti Swift Dzire,2014,378000,52.5K km,52500,MH,manual,petrol,8112,11
pune,Nissan Magnite,2021,839000,25K km,25000,MH,automatic,petrol,14287,4
pune,Tata Tiago,2022,709000,19.5K km,19500,MH,manual,petrol+cng,12073,3
pune,Volkswagen Polo,2015,442000,94.5K km,94500,MH,manual,petrol,7542,10
pune,Hyundai Eon,2016,248000,66K km,66000,MH,manual,petrol,3959,9
pune,Maruti Celerio,2016,385000,67K km,67000,MH,automatic,petrol,6556,9
pune,Maruti Vitara Brezza,2018,782000,58.5K km,58500,MH,manual,diesel,13317,7
pune,Hyundai Grand i10,2017,445000,25.5K km,25500,MH,manual,petrol,7578,8
pune,Hyundai Venue,2020,824000,37.5K km,37500,MH,manual,diesel,14032,5
pune,Mahindra XUV500,2016,895000,58K km,58000,MH,manual,diesel,15995,9
pune,Ford Figo Aspire,2016,348000,64K km,64000,MH,automatic,petrol,5938,9
pune,Maruti Baleno,2016,491000,19.5K km,19500,MH,manual,petrol,8361,9
pune,Tata Altroz,2021,715000,33.5K km,33500,MH,manual,petrol,12176,4
pune,Tata Tiago,2017,393000,55.5K km,55500,MH,manual,petrol,6692,8
pune,Hyundai Elite i20,2014,456000,24.5K km,24500,MH,manual,petrol,9786,11
pune,Honda City,2017,629000,57.5K km,57500,MH,manual,petrol,10711,8
pune,Maruti Swift,2020,668000,40.5K km,40500,MH,manual,petrol,11375,5
pune,Maruti Baleno,2019,656000,41K km,41000,MH,automatic,petrol,11171,6
pune,Maruti Wagon R 1.2,2022,579000,30K km,30000,MH,manual,petrol,9860,3
pune,Maruti Baleno,2020,598000,26.5K km,26500,MH,manual,petrol,10183,5
pune,Volkswagen Polo,2012,323000,66.5K km,66500,MH,manual,petrol,11517,13
pune,Maruti Celerio,2016,392000,73.5K km,73500,MH,manual,petrol+cng,6675,9
pune,Maruti Swift,2014,379000,56.5K km,56500,MH,manual,petrol,8134,11
pune,Tata Nexon,2018,697000,68K km,68000,MH,manual,petrol,11869,7
pune,Maruti Baleno,2020,568000,54.5K km,54500,MH,manual,petrol,9672,5
pune,Hyundai Elite i20,2020,649000,24K km,24000,MH,manual,petrol,11052,5
pune,Maruti Baleno,2018,598000,57K km,57000,MH,manual,petrol,10183,7
pune,Maruti Alto K10,2012,221000,20.5K km,20500,MH,manual,petrol,8405,13
pune,Honda Jazz,2017,498000,45.5K km,45500,MH,automatic,petrol,7950,8
pune,Hyundai Grand i10,2019,522000,52K km,52000,MH,manual,petrol,8889,6
pune,Tata Tiago,2020,492000,37K km,37000,MH,manual,petrol,8378,5
pune,Toyota Glanza,2022,668000,31.5K km,31500,MH,manual,petrol,11375,3
pune,Hyundai Verna,2021,1085000,44.5K km,44500,MH,manual,diesel,18660,4
pune,Kia Sonet,2021,899000,40K km,40000,MH,manual,petrol,15309,4
pune,Maruti Ritz,2013,274000,60.5K km,60500,MH,manual,petrol,6924,12
pune,Maruti Wagon R 1.0,2012,262000,69K km,69000,MH,manual,petrol,10162,13
pune,Maruti Celerio,2019,407000,49K km,49000,MH,manual,petrol,6930,6
pune,Tata Tiago,2016,412000,32K km,32000,MH,manual,petrol,7016,9
pune,Hyundai Verna,2018,805000,47.5K km,47500,MH,manual,petrol,13708,7
pune,Honda BR-V,2018,795000,56K km,56000,MH,automatic,petrol,13538,7
pune,Hyundai Creta,2021,1249000,20.5K km,20500,MH,manual,petrol,21480,4
pune,Maruti Swift,2013,320000,51K km,51000,MH,manual,petrol,8625,12
pune,Hyundai Grand i10,2018,457000,77.5K km,77500,MH,manual,petrol,7782,7
pune,Tata Tiago,2021,527000,25.5K km,25500,MH,manual,petrol,8974,4
pune,Hyundai Venue,2021,897000,12.5K km,12500,MH,manual,petrol,15275,4
pune,Hyundai New i20,2021,712000,3K km,3000,MH,manual,petrol,12124,4
pune,Maruti Celerio,2017,415000,64.5K km,64500,MH,manual,petrol+cng,7067,8
pune,Toyota Glanza,2023,778000,28K km,28000,MH,manual,petrol+cng,13248,2
pune,Hyundai Grand i10,2014,390000,28.5K km,28500,MH,manual,petrol,10512,11
pune,Renault Kwid,2018,298000,25.5K km,25500,MH,manual,petrol,5074,7
pune,Hyundai Elite i20,2019,640000,68K km,68000,MH,manual,petrol,10898,6
pune,Tata Altroz,2022,689000,44K km,44000,MH,manual,petrol,11733,3
pune,Toyota Glanza,2021,668000,43.5K km,43500,MH,manual,petrol,11375,4
pune,Tata Tiago,2017,480000,8K km,8000,MH,automatic,petrol,8174,8
pune,Hyundai Venue,2021,829000,52K km,52000,MH,manual,petrol,14117,4
pune,Volkswagen Polo,2017,450000,46.5K km,46500,MH,manual,petrol,7184,8
pune,Renault Kwid,2017,281000,48.5K km,48500,MH,manual,petrol,4785,8
pune,Maruti Wagon R 1.0,2014,355000,51K km,51000,MH,manual,petrol+cng,7619,11
pune,Hyundai Elite i20,2019,599000,61.5K km,61500,MH,manual,petrol,10200,6
pune,Hyundai New Santro 1.1,2020,477000,17.5K km,17500,MH,manual,petrol,7615,5
pune,Hyundai Elite i20,2020,629000,47K km,47000,MH,manual,petrol,10711,5
pune,Maruti Alto 800,2017,282000,25.5K km,25500,MH,manual,petrol,5040,8
pune,Renault Triber,2021,519000,30K km,30000,MH,manual,petrol,8838,4
pune,Hyundai Grand i10 Nios,2023,594000,31K km,31000,MH,manual,petrol+cng,10115,2
pune,Volkswagen Vento,2022,997000,24K km,24000,MH,automatic,petrol,15917,3
pune,Maruti Ciaz,2018,690000,57K km,57000,MH,manual,petrol,11750,7
pune,Tata Altroz,2020,598000,44K km,44000,MH,manual,petrol,10183,5
pune,Hyundai New Santro 1.1,2019,364000,67K km,67000,MH,automatic,petrol,5811,6
pune,Renault Kwid,2021,444000,8.5K km,8500,MH,automatic,petrol,7561,4
pune,Renault Kwid,2018,303000,32K km,32000,MH,manual,petrol,5159,7
pune,Hyundai Eon,2012,206000,15.5K km,15500,MH,manual,petrol,13799,13
pune,Hyundai Eon,2017,295000,50.5K km,50500,MH,manual,petrol,4709,8
pune,Toyota Glanza,2022,795000,33K km,33000,MH,manual,petrol,13538,3
pune,Maruti Dzire,2017,599000,42.5K km,42500,MH,automatic,petrol,10200,8
pune,Volkswagen Virtus,2022,1239000,37.5K km,37500,MH,manual,petrol,21308,3
pune,Maruti Ertiga,2014,593000,65.5K km,65500,MH,manual,petrol,12726,11
pune,Maruti Ertiga,2013,483000,141K km,141000,MH,manual,petrol+cng,13019,12
pune,Ford EcoSport,2017,539000,81.5K km,81500,MH,manual,diesel,9178,8
pune,Skoda Slavia,2022,1549000,15.5K km,15500,MH,automatic,petrol,26640,3
pune,Mahindra Thar,2022,1339000,29.5K km,29500,MH,manual,diesel,23028,3
pune,Maruti Wagon R 1.0,2015,347000,49K km,49000,MH,manual,petrol+cng,6316,10
pune,Tata Nexon,2021,1122000,21K km,21000,MH,automatic,diesel,19295,4
pune,Tata Tiago,2016,415000,46.5K km,46500,MH,manual,petrol,7067,9
pune,Honda Brio,2013,244000,64K km,64000,MH,manual,petrol,6165,12
pune,Hyundai Grand i10,2013,323000,94K km,94000,MH,manual,petrol,8706,12
pune,Tata Nexon,2022,915000,19K km,19000,MH,manual,petrol,15581,3
pune,Maruti Baleno,2017,514000,41.5K km,41500,MH,manual,petrol,8753,8
pune,Maruti Alto 800,2019,309000,34K km,34000,MH,manual,petrol,5522,6
pune,Tata Altroz,2024,902000,5K km,5000,MH,manual,petrol,15360,1
pune,Renault Kiger,2022,609000,30K km,30000,MH,automatic,petrol,10370,3
pune,Ford Figo,2020,459000,75.5K km,75500,MH,manual,diesel,8354,5
pune,Hyundai i10,2013,267000,20.5K km,20500,MH,manual,petrol,7197,12
pune,Hyundai Elite i20,2015,507000,70.5K km,70500,MH,manual,petrol,9228,10
pune,Hyundai Elite i20,2018,640000,36.5K km,36500,MH,manual,petrol,10898,7
pune,Maruti Ignis,2019,443000,73.5K km,73500,MH,manual,petrol,7544,6
pune,Maruti Baleno,2024,868000,20K km,20000,MH,manual,petrol+cng,14781,1
pune,Tata Punch,2022,644000,22K km,22000,MH,manual,petrol,10966,3
pune,Hyundai Eon,2014,243000,50.5K km,50500,MH,manual,petrol,6140,11
pune,Hyundai Grand i10,2017,444000,26.5K km,26500,MH,automatic,petrol,7561,8
pune,Hyundai Grand i10,2018,518000,42.5K km,42500,MH,automatic,petrol,8821,7
pune,Hyundai New Santro 1.1,2020,508000,55K km,55000,MH,manual,petrol+cng,8110,5
pune,Renault Kwid,2022,499000,13.5K km,13500,MH,automatic,petrol,8497,3
pune,Hyundai Venue,2019,765000,44.5K km,44500,MH,manual,petrol,13027,6
pune,Tata Tigor,2017,392000,89K km,89000,MH,manual,petrol,6675,8
pune,Hyundai Creta,2016,689000,126K km,126000,MH,manual,petrol,11733,9
pune,Honda Amaze,2018,531000,44.5K km,44500,MH,manual,petrol+cng,9042,7
pune,Honda Amaze,2015,412000,2.5K km,2500,MH,manual,petrol,7499,10
pune,Honda Amaze,2022,795000,10.5K km,10500,MH,manual,petrol,13538,3
pune,Maruti Ciaz,2016,580000,86.5K km,86500,MH,manual,petrol,9877,9
pune,Hyundai Xcent,2016,399000,62K km,62000,MH,manual,petrol,6808,9
pune,Tata Tiago,2016,412000,51K km,51000,MH,manual,petrol+cng,7016,9
pune,Tata Zest,2016,352000,59K km,59000,MH,manual,petrol,5994,9
pune,Hyundai i10,2013,281000,26.5K km,26500,MH,manual,petrol,7574,12
pune,Hyundai New Santro 1.1,2019,462000,73K km,73000,MH,manual,petrol+cng,7375,6
pune,Maruti Ciaz,2017,604000,79.5K km,79500,MH,automatic,petrol,10285,8
pune,Maruti Dzire,2017,579000,48.5K km,48500,MH,automatic,petrol,9860,8
pune,Maruti Baleno,2022,847000,8K km,8000,MH,manual,petrol,14423,3
pune,Maruti Vitara Brezza,2020,878000,46.5K km,46500,MH,automatic,diesel,14951,5
pune,Maruti Wagon R 1.0,2010,168000,32.5K km,32500,MH,manual,petrol,9698,15
pune,Hyundai Grand i10,2013,339000,76.5K km,76500,MH,manual,petrol,9137,12
pune,Hyundai Grand i10,2014,371000,80K km,80000,MH,manual,petrol,7962,11
pune,Honda City,2016,593000,70.5K km,70500,MH,automatic,petrol,10098,9
pune,Hyundai Grand i10,2015,411000,44K km,44000,MH,manual,petrol,7481,10
pune,Tata Punch,2021,718000,26.5K km,26500,MH,automatic,petrol,12227,4
pune,Hyundai New Santro 1.1,2019,407000,9.5K km,9500,MH,manual,petrol,6497,6
pune,Tata Tigor,2017,354000,72K km,72000,MH,manual,petrol,6028,8
pune,Maruti Vitara Brezza,2016,698000,72K km,72000,MH,manual,diesel,11886,9
pune,Maruti Swift,2019,618000,31K km,31000,MH,automatic,petrol,10524,6
pune,Maruti Baleno,2018,543000,59.5K km,59500,MH,manual,petrol,9246,7
pune,Volkswagen Vento,2013,351000,97K km,97000,MH,manual,petrol,8869,12
pune,Toyota Etios,2012,242000,92K km,92000,MH,manual,petrol,16211,13
pune,Maruti Wagon R 1.0,2014,298000,85K km,85000,MH,manual,petrol+cng,6395,11
pune,Hyundai Venue,2020,862000,12.5K km,12500,MH,manual,petrol,14679,5
pune,Tata Punch,2022,759000,31.5K km,31500,MH,manual,petrol,12925,3
pune,Maruti Celerio,2015,367000,24.5K km,24500,MH,automatic,petrol,6680,10
pune,Renault Kiger,2022,614000,21.5K km,21500,MH,manual,petrol,10456,3
pune,Renault Kiger,2022,598000,41K km,41000,MH,manual,petrol,10183,3
pune,Mahindra XUV500,2016,718000,54K km,54000,MH,manual,diesel,12832,9
pune,MG Hector,2021,1429000,52.5K km,52500,MH,automatic,petrol,24575,4
pune,Volkswagen Polo,2014,349000,86K km,86000,MH,manual,diesel,8819,11
pune,Volkswagen Polo,2016,475000,112.5K km,112500,MH,manual,diesel,7583,9
pune,Maruti Ciaz,2015,486000,70K km,70000,MH,manual,petrol,8846,10
pune,Maruti Baleno,2017,512000,49.5K km,49500,MH,manual,petrol,8719,8
pune,Hyundai Verna,2023,1139000,19.5K km,19500,MH,manual,petrol,19583,2
pune,Hyundai Creta,2020,1459000,26.5K km,26500,MH,manual,diesel,25092,5
pune,Tata Nano,2015,155000,57.5K km,57500,MH,manual,petrol,3118,10
pune,Honda City,2014,480000,87K km,87000,MH,manual,diesel,10301,11
pune,Toyota Corolla Altis,2015,612000,56K km,56000,MH,manual,petrol,11139,10
pune,Renault Kiger,2022,773000,43.5K km,43500,MH,manual,petrol,13161,3
pune,Tata Punch,2023,661000,19K km,19000,MH,manual,petrol,11256,2
pune,Hyundai Elite i20,2016,512000,62.5K km,62500,MH,manual,petrol,8719,9
pune,Maruti Celerio,2020,468000,46.5K km,46500,MH,manual,petrol,7969,5
pune,Tata Tiago,2022,608000,17K km,17000,MH,manual,petrol,10353,3
pune,Maruti Estilo,2012,177000,30.5K km,30500,MH,manual,petrol,12647,13
pune,Skoda Rapid,2014,366000,98K km,98000,MH,manual,petrol,7364,11
pune,Hyundai Grand i10,2016,419000,27K km,27000,MH,manual,petrol,7626,9
pune,Renault Kiger,2021,606000,10.5K km,10500,MH,automatic,petrol,10319,4
pune,Honda City,2014,601000,51.5K km,51500,MH,automatic,petrol,12898,11
pune,Datsun GO,2014,195000,50.5K km,50500,MH,manual,petrol,13933,11
pune,Honda City,2015,575000,54.5K km,54500,MH,manual,petrol,10466,10
pune,Hyundai Verna,2014,428000,102K km,102000,MH,manual,diesel,9185,11
pune,Ford Figo,2012,220000,47K km,47000,MH,manual,petrol,9698,13
pune,Kia Sonet,2022,1178000,32.5K km,32500,MH,manual,diesel,20259,3
pune,Renault Kwid,2019,330000,53.5K km,53500,MH,manual,petrol,5619,6
pune,Tata Tiago,2022,651000,52K km,52000,MH,manual,petrol+cng,11086,3
pune,Maruti Wagon R 1.0,2016,383000,26K km,26000,MH,automatic,petrol,7289,9
pune,Tata Punch,2022,722000,35.5K km,35500,MH,automatic,petrol,12295,3
pune,Maruti Alto K10,2015,242000,56.5K km,56500,MH,manual,petrol,4404,10
pune,Honda City,2014,490000,79K km,79000,MH,manual,petrol,10516,11
pune,Maruti Alto K10,2016,298000,55.5K km,55500,MH,automatic,petrol,5074,9
pune,Hyundai Eon,2015,242000,39.5K km,39500,MH,manual,petrol,4129,10
pune,Maruti Brezza,2023,1193000,15K km,15000,MH,manual,petrol,20520,2
pune,Honda Amaze,2023,897000,9.5K km,9500,MH,automatic,petrol,15275,2
pune,Hyundai Venue,2023,849000,16K km,16000,MH,manual,petrol,14457,2
pune,Volkswagen Ameo,2016,376000,60.5K km,60500,MH,manual,petrol,6002,9
pune,Volkswagen Vento,2014,319000,73K km,73000,MH,manual,petrol,8061,11
pune,Tata Tiago,2016,381000,47.5K km,47500,MH,manual,petrol,6488,9
pune,Maruti Swift Dzire,2016,526000,40.5K km,40500,MH,manual,petrol,8957,9
pune,Hyundai Elite i20,2020,590000,53.5K km,53500,MH,manual,petrol,10047,5
pune,Maruti Dzire,2024,768000,4.5K km,4500,MH,manual,petrol,13078,1
pune,Tata Nexon,2022,954000,16.5K km,16500,MH,manual,petrol,16241,3
pune,Maruti Ritz,2014,295000,48K km,48000,MH,manual,petrol,5935,11
pune,Hyundai Xcent,2017,440000,72.5K km,72500,MH,manual,petrol,7024,8
pune,Tata Nexon,2023,1134000,9K km,9000,MH,automatic,petrol,19498,2
pune,Maruti Baleno,2024,835000,5K km,5000,MH,manual,petrol,14219,1
pune,Ford Freestyle,2021,598000,76.5K km,76500,MH,manual,diesel,10183,4
pune,Tata Nexon,2022,997000,20.5K km,20500,MH,manual,petrol,16978,3
pune,Renault Kiger,2023,710000,8.5K km,8500,MH,manual,petrol,12090,2
pune,Renault Kwid,2016,252000,69K km,69000,MH,manual,petrol,4587,9
pune,Hyundai i10,2013,267000,58.5K km,58500,MH,manual,petrol,7197,12
pune,Hyundai Grand i10 Nios,2020,568000,68K km,68000,MH,manual,petrol+cng,9672,5
pune,Maruti Swift,2014,395000,58.5K km,58500,MH,manual,petrol,8477,11
pune,Hyundai Elite i20,2016,529000,39.5K km,39500,MH,manual,petrol,9008,9
pune,Tata Zest,2015,349000,81K km,81000,MH,manual,petrol,6352,10
pune,Maruti Alto K10,2019,389000,28K km,28000,MH,automatic,petrol,6624,6
pune,Tata Tiago,2017,356000,76.5K km,76500,MH,manual,petrol,6062,8
pune,Hyundai i20 Active,2017,489000,58K km,58000,MH,manual,petrol,8327,8
pune,Maruti Baleno,2016,477000,46.5K km,46500,MH,manual,petrol,8123,9
pune,Kia Seltos,2020,1418000,30.5K km,30500,MH,automatic,petrol,24387,5
pune,Hyundai Grand i10 Nios,2022,632000,31.5K km,31500,MH,manual,petrol+cng,10762,3
pune,Hyundai Aura,2023,794000,23K km,23000,MH,manual,petrol+cng,13521,2
pune,Hyundai Grand i10,2017,439000,66K km,66000,MH,manual,petrol,7475,8
pune,Renault Duster,2020,732000,79K km,79000,MH,manual,diesel,12465,5
pune,Tata Zest,2015,334000,119K km,119000,MH,manual,petrol,6079,10
pune,Mahindra TUV300,2016,619000,75.5K km,75500,MH,manual,diesel,10541,9
pune,Volkswagen Vento,2016,688000,78K km,78000,MH,automatic,diesel,10983,9
pune,Tata Punch,2022,716000,7K km,7000,MH,manual,petrol,12193,3
pune,Maruti Alto K10,2017,339000,24K km,24000,MH,manual,petrol,5772,8
pune,Kia Seltos,2021,1239000,24.5K km,24500,MH,manual,petrol,21308,4
pune,Mahindra XUV500,2020,929000,118K km,118000,MH,manual,diesel,16603,5
pune,Hyundai Eon,2018,273000,77.5K km,77500,MH,manual,petrol,4358,7
pune,Tata Punch,2023,656000,16K km,16000,MH,manual,petrol,11171,2
pune,Maruti Dzire,2018,581000,42K km,42000,MH,automatic,petrol,9894,7
pune,Maruti Baleno,2017,504000,44K km,44000,MH,manual,petrol,8582,8
pune,Maruti Baleno,2017,570000,28K km,28000,MH,manual,petrol,9706,8
pune,Hyundai New Santro 1.1,2019,412000,78.5K km,78500,MH,manual,petrol+cng,6577,6
pune,Hyundai Verna,2023,1278000,26K km,26000,MH,manual,petrol,21978,2
pune,Maruti Ertiga,2014,522000,104.5K km,104500,MH,manual,petrol,11203,11
pune,Tata Nexon,2018,649000,43.5K km,43500,MH,manual,petrol,11052,7
pune,Maruti Swift,2022,771000,22K km,22000,MH,automatic,petrol,13129,3
pune,Hyundai Xcent,2015,394000,74.5K km,74500,MH,manual,petrol,6723,10
pune,Maruti Alto K10,2017,287000,41.5K km,41500,MH,manual,petrol,4887,8
pune,Toyota Corolla Altis,2019,1017000,45.5K km,45500,MH,automatic,petrol,17318,6
pune,Maruti Alto K10,2019,384000,19K km,19000,MH,manual,petrol,6539,6
pune,Maruti Ciaz,2015,408000,97.5K km,97500,MH,manual,petrol,7426,10
pune,Maruti Celerio,2018,413000,62.5K km,62500,MH,manual,petrol,7033,7
pune,Maruti Baleno,2020,579000,22K km,22000,MH,manual,petrol,9860,5
pune,Renault Kwid,2022,444000,17.5K km,17500,MH,manual,petrol,7561,3
pune,Maruti Celerio,2018,467000,22.5K km,22500,MH,automatic,petrol,7952,7
pune,Maruti Alto 800,2016,289000,47.5K km,47500,MH,manual,petrol+cng,5165,9
pune,Volkswagen Vento,2016,678000,79K km,79000,MH,manual,diesel,10824,9
pune,Volkswagen Polo,2015,406000,64.5K km,64500,MH,manual,petrol,6928,10
pune,Tata Nexon,2023,895000,15.5K km,15500,MH,manual,petrol,15241,2
pune,Nissan Magnite,2022,549000,8.5K km,8500,MH,manual,petrol,9349,3
pune,Kia Sonet,2020,1001000,22K km,22000,MH,manual,petrol,17046,5
pune,Renault Triber,2022,588000,43K km,43000,MH,manual,petrol,10013,3
pune,Tata Nexon,2024,1068000,5K km,5000,MH,manual,petrol,18374,1
pune,Maruti Brezza,2023,1205000,0.5K km,500,MH,manual,petrol,20724,2
pune,Maruti Vitara Brezza,2016,698000,90.5K km,90500,MH,manual,diesel,11886,9
pune,Hyundai Verna,2018,897000,54K km,54000,MH,manual,diesel,15275,7
pune,Maruti Ciaz,2018,741000,51.5K km,51500,MH,automatic,petrol,12618,7
pune,Renault Triber,2021,606000,37.5K km,37500,MH,manual,petrol,10319,4
pune,Tata Tiago,2023,728000,24K km,24000,MH,manual,petrol+cng,12397,2
pune,Renault Triber,2023,756000,17K km,17000,MH,automatic,petrol,12874,2
pune,Honda Amaze,2019,631000,39K km,39000,MH,manual,petrol,10745,6
pune,Hyundai Grand i10,2015,353000,73.5K km,73500,MH,manual,petrol,7576,10
pune,Tata Nexon,2019,650000,97K km,97000,MH,manual,diesel,11069,6
pune,Maruti Celerio,2017,466000,26K km,26000,MH,automatic,petrol,7935,8
pune,Hyundai Grand i10,2019,558000,9.5K km,9500,MH,manual,petrol+cng,9502,6
pune,Mahindra Thar,2020,1085000,30.5K km,30500,MH,manual,diesel,18664,5
pune,Maruti Brezza,2023,1205000,12K km,12000,MH,automatic,petrol,20724,2
pune,Maruti Ciaz,2019,758000,68.5K km,68500,MH,automatic,petrol,12908,6
pune,Hyundai i20 N Line,2021,945000,39.5K km,39500,MH,automatic,petrol,16092,4
delhi,Ford Figo Aspire,2016,387000,29K km,29000,DL,manual,petrol,6178,9
delhi,Kia Seltos,2021,1049000,89K km,89000,DL,manual,petrol,18040,4
delhi,Hyundai Grand i10,2018,509000,40.5K km,40500,UP,automatic,petrol,8667,7
delhi,Hyundai Elite i20,2018,537000,15.5K km,15500,DL,manual,petrol,9144,7
delhi,Hyundai Verna,2019,937000,47.5K km,47500,DL,automatic,petrol,15956,6
delhi,Tata Punch,2023,828000,11K km,11000,DL,automatic,petrol,14100,2
delhi,Tata Nexon,2019,668000,29.5K km,29500,DL,automatic,petrol,11375,6
delhi,Maruti Baleno,2021,718000,31K km,31000,UP,automatic,petrol,12227,4
delhi,Tata Punch,2021,627000,25.5K km,25500,DL,manual,petrol,10677,4
delhi,Maruti Baleno,2018,528000,28K km,28000,DL,manual,petrol,8991,7
delhi,Datsun Redi-GO,2019,197000,39.5K km,39500,DL,manual,petrol,4228,6
delhi,Toyota Yaris,2020,614000,48K km,48000,DL,manual,petrol,9802,5
delhi,Honda Amaze,2013,295000,97K km,97000,DL,automatic,petrol,7951,12
delhi,Hyundai Creta,2017,693000,108K km,108000,DL,automatic,petrol,11801,8
delhi,Maruti Swift Dzire,2013,302000,39.5K km,39500,DL,manual,petrol,8140,12
delhi,Honda Amaze,2014,358000,51K km,51000,DL,manual,petrol,7683,11
delhi,Tata Tiago,2018,418000,35K km,35000,UP,manual,petrol,7118,7
delhi,Honda City,2015,580000,33K km,33000,UP,automatic,petrol,10557,10
delhi,Maruti Ignis,2022,597000,23.5K km,23500,UP,automatic,petrol,10166,3
delhi,Volvo V40 Cross Country,2016,1180000,50K km,50000,UP,automatic,petrol,20293,9
delhi,Mercedes GLC,2017,3150000,61K km,61000,DL,automatic,petrol,54176,8
delhi,Mercedes GLA,2017,1970000,40K km,40000,HR,automatic,petrol,33881,8
delhi,Maruti Swift Dzire,2016,412000,46K km,46000,DL,manual,petrol,7016,9
delhi,Maruti Wagon R 1.0,2020,477000,24K km,24000,DL,manual,petrol+cng,8123,5
delhi,Maruti S-Cross,2021,723000,22K km,22000,UP,manual,petrol,12312,4
delhi,Maruti Celerio X,2019,460000,27K km,27000,DL,manual,petrol,7707,6
delhi,Kia Sonet,2022,920000,45K km,45000,DL,manual,petrol,15667,3
delhi,Tata Nexon,2021,754000,10.5K km,10500,DL,manual,petrol,12840,4
delhi,Honda WR-V,2019,698000,38K km,38000,DL,manual,petrol,11886,6
delhi,Kia Sonet,2021,854000,50.5K km,50500,DL,manual,petrol,14543,4
delhi,Hyundai Aura,2022,602000,32K km,32000,UP,manual,petrol,10251,3
delhi,Honda City,2014,418000,115K km,115000,UP,manual,petrol,8971,11
delhi,Tata Nexon,2020,895000,45.5K km,45500,DL,automatic,diesel,15241,5
delhi,Maruti Alto,2012,165000,93K km,93000,DL,manual,petrol,6275,13
delhi,Tata Tiago,2019,432000,68K km,68000,DL,manual,diesel,7356,6
delhi,Hyundai Creta,2019,897000,85.5K km,85500,DL,automatic,diesel,15275,6
delhi,Honda City,2021,1168000,40K km,40000,DL,automatic,petrol,20087,4
delhi,Honda Jazz,2016,434000,77K km,77000,DL,manual,petrol,6928,9
delhi,Maruti Ciaz,2017,519000,87.5K km,87500,DL,manual,petrol,8838,8
delhi,Mercedes GLA,2019,2300000,50K km,50000,DL,automatic,petrol,39556,6
delhi,BMW X1,2020,2950000,21K km,21000,HR,automatic,petrol,50736,5
delhi,Mercedes C-Class,2017,2500000,63K km,63000,HR,automatic,petrol,42996,8
delhi,Volkswagen Polo,2019,624000,42K km,42000,DL,manual,petrol,9962,6
delhi,Kia Sonet,2021,896000,24.5K km,24500,UP,manual,petrol,15258,4
delhi,Kia Sonet,2022,978000,12K km,12000,DL,manual,petrol,16654,3
delhi,Kia Sonet,2020,907000,48.5K km,48500,DL,manual,petrol,15445,5
delhi,Hyundai Venue,2022,931000,3K km,3000,DL,manual,petrol,15854,3
delhi,Hyundai New i20,2023,830000,28K km,28000,DL,manual,petrol,14134,2
delhi,Honda Jazz,2022,875000,22.5K km,22500,DL,automatic,petrol,13969,3
delhi,Maruti Baleno,2018,494000,46K km,46000,DL,manual,petrol,8412,7
delhi,Hyundai Venue,2021,946000,52.5K km,52500,DL,automatic,petrol,16109,4
delhi,Hyundai Elite i20,2018,557000,35K km,35000,DL,manual,petrol,9485,7
delhi,Hyundai i20 N Line,2021,829000,69K km,69000,DL,automatic,petrol,14117,4
delhi,Kia Sonet,2020,968000,94K km,94000,UP,automatic,diesel,16484,5
delhi,Maruti Ciaz,2020,793000,82K km,82000,DL,automatic,petrol,13504,5
delhi,Hyundai Verna,2013,410000,47K km,47000,DL,manual,petrol,11051,12
delhi,Hyundai Elite i20,2016,447000,109K km,109000,DL,manual,petrol,7612,9
delhi,Hyundai New i20,2020,712000,89K km,89000,DL,automatic,petrol,12124,5
delhi,Tata Tiago,2017,402000,33.5K km,33500,DL,manual,petrol,6845,8
delhi,Tata Nexon,2019,674000,45K km,45000,DL,manual,petrol,11477,6
delhi,Mercedes GLA,2016,1800000,57K km,57000,DL,automatic,petrol,30957,9
delhi,BMW 3 Series GT,2018,2650000,56.5K km,56500,HR,automatic,petrol,45576,7
delhi,Tata Nexon,2020,875000,43K km,43000,DL,automatic,petrol,14900,5
delhi,Hyundai Elite i20,2018,544000,50.5K km,50500,DL,manual,petrol,9264,7
delhi,Tata Tigor,2024,809000,10K km,10000,DL,manual,petrol+cng,13776,1
delhi,Hyundai Venue,2022,857000,37K km,37000,DL,manual,petrol,14594,3
delhi,Maruti Vitara Brezza,2022,871000,23.5K km,23500,DL,manual,petrol,14832,3
delhi,Hyundai Creta,2019,998000,55K km,55000,DL,automatic,petrol,16995,6
delhi,Skoda Slavia,2022,1378000,44.5K km,44500,UP,automatic,petrol,23699,3
delhi,Maruti Ciaz,2016,551000,71.5K km,71500,DL,manual,petrol,9383,9
delhi,Maruti Ciaz,2016,563000,60K km,60000,DL,manual,petrol,9587,9
delhi,Hyundai Venue,2023,978000,20K km,20000,DL,manual,petrol,16654,2
delhi,Ford EcoSport,2021,765000,56K km,56000,UP,manual,petrol,13027,4
delhi,Hyundai Elite i20,2017,475000,55K km,55000,DL,manual,petrol,8088,8
delhi,Hyundai Creta,2016,644000,67K km,67000,DL,manual,petrol,10966,9
delhi,Kia Seltos,2020,1185000,67K km,67000,UP,automatic,diesel,20379,5
delhi,Honda Amaze,2015,326000,95K km,95000,DL,manual,petrol,5934,10
delhi,Kia Seltos,2020,1138000,79K km,79000,DL,manual,petrol,19571,5
delhi,Hyundai Verna,2021,1109000,64.5K km,64500,DL,automatic,petrol,19072,4
delhi,Hyundai Elite i20,2015,421000,97.5K km,97500,UP,manual,petrol,7663,10
delhi,Kia Carnival,2020,2428000,50K km,50000,DL,automatic,diesel,41756,5
delhi,Audi Q3,2018,1970000,66.5K km,66500,UP,automatic,petrol,33881,7
delhi,Maruti Baleno,2021,519000,37K km,37000,DL,manual,petrol,8838,4
delhi,Kia Seltos,2021,1059000,26K km,26000,DL,manual,petrol,18212,4
delhi,Kia Seltos,2019,1177000,16K km,16000,DL,automatic,petrol,20242,6
delhi,Ford EcoSport,2018,624000,39K km,39000,DL,automatic,petrol,10626,7
delhi,Hyundai Creta,2020,1239000,77.5K km,77500,DL,automatic,petrol,21308,5
delhi,Maruti Baleno,2018,478000,61K km,61000,DL,manual,petrol,8140,7
delhi,Hyundai Aura,2021,639000,17.5K km,17500,DL,manual,petrol,10881,4
delhi,Maruti Ciaz,2022,949000,29K km,29000,DL,automatic,petrol,16160,3
delhi,Maruti Vitara Brezza,2021,814000,39K km,39000,DL,manual,petrol,13861,4
delhi,Toyota Etios Liva,2019,478000,69.5K km,69500,DL,manual,petrol,7631,6
delhi,Honda City,2015,460000,60.5K km,60500,DL,manual,petrol,8373,10
delhi,Honda Jazz,2017,409000,88.5K km,88500,UP,manual,petrol,6529,8
delhi,Hyundai Verna,2013,445000,40.5K km,40500,DL,manual,petrol,11995,12
delhi,Maruti Swift,2013,284000,66.5K km,66500,DL,manual,petrol,7655,12
delhi,Maruti S-Cross,2020,790000,83K km,83000,DL,automatic,petrol,13453,5
delhi,Honda Amaze,2017,426000,57K km,57000,DL,manual,petrol,7254,8
delhi,Maruti Wagon R 1.0,2013,243000,35.5K km,35500,DL,manual,petrol,6738,12
delhi,Hyundai New Santro 1.1,2019,420000,85K km,85000,DL,manual,petrol+cng,6705,6
delhi,Honda City,2014,453000,62.5K km,62500,DL,manual,petrol,9722,11
delhi,Audi A3,2019,1950000,62K km,62000,DL,automatic,petrol,33537,6
delhi,Hyundai Venue,2022,1039000,24K km,24000,UP,automatic,petrol,17868,3
delhi,Hyundai Venue,2022,1032000,33K km,33000,UP,manual,petrol,17748,3
delhi,Hyundai Venue,2021,973000,23.5K km,23500,UP,manual,petrol,16569,4
delhi,Maruti Baleno,2016,460000,18K km,18000,DL,manual,petrol,7833,9
delhi,Hyundai Grand i10,2015,420000,16K km,16000,UP,manual,petrol,7645,10
delhi,Maruti Ciaz,2020,779000,39.5K km,39500,DL,automatic,petrol,13265,5
delhi,Renault Triber,2020,530000,45K km,45000,UP,automatic,petrol,9025,5
delhi,Hyundai New i20,2022,768000,17K km,17000,DL,manual,petrol,13078,3
delhi,Hyundai Grand i10,2014,367000,44.5K km,44500,DL,manual,petrol,7876,11
delhi,Tata Tiago NRG,2019,440000,20.5K km,20500,DL,manual,petrol,7492,6
delhi,Maruti Wagon R 1.0,2012,228000,17.5K km,17500,DL,manual,petrol,8843,13
delhi,Hyundai Creta,2018,839000,95K km,95000,UP,manual,petrol,14287,7
delhi,Hyundai Venue,2022,872000,49K km,49000,DL,manual,petrol,14849,3
delhi,Tata Punch,2022,668000,37.5K km,37500,DL,manual,petrol,11375,3
delhi,Maruti Ertiga,2013,492000,44K km,44000,DL,manual,petrol+cng,13261,12
delhi,Hyundai Venue,2021,833000,98K km,98000,DL,automatic,petrol,14185,4
delhi,Honda City,2017,630000,92.5K km,92500,DL,automatic,petrol,10728,8
delhi,Hyundai Xcent,2014,316000,102.5K km,102500,DL,manual,petrol,6358,11
delhi,Maruti Swift,2020,611000,64K km,64000,DL,automatic,petrol,10404,5
delhi,Mercedes C-Class,2020,3450000,33K km,33000,DL,automatic,petrol,59336,5
delhi,Ford EcoSport,2018,604000,90K km,90000,DL,manual,petrol,10285,7
delhi,Maruti Baleno,2018,619000,50K km,50000,DL,automatic,petrol,10541,7
delhi,Hyundai Creta,2016,697000,88.5K km,88500,UP,manual,petrol,11869,9
delhi,Hyundai New i20,2022,960000,20.5K km,20500,UP,automatic,petrol,16348,3
delhi,Hyundai Elite i20,2020,722000,15.5K km,15500,DL,automatic,petrol,12295,5
delhi,Hyundai New Santro 1.1,2018,397000,33.5K km,33500,DL,manual,petrol,6338,7
delhi,Hyundai New Santro 1.1,2021,476000,24.5K km,24500,DL,manual,petrol,7599,4
delhi,Hyundai New Santro 1.1,2019,462000,56.5K km,56500,DL,manual,petrol+cng,7375,6
delhi,Nissan Magnite,2021,825000,24K km,24000,DL,automatic,petrol,14049,4
delhi,Hyundai Creta,2018,924000,54.5K km,54500,DL,automatic,petrol,15735,7
delhi,Maruti Ertiga,2014,475000,95K km,95000,DL,manual,petrol+cng,10194,11
delhi,Hyundai Grand i10,2017,498000,31K km,31000,DL,automatic,petrol,8480,8
delhi,Maruti Celerio,2015,272000,55.5K km,55500,DL,manual,petrol,4951,10
delhi,Honda City,2013,359000,41K km,41000,DL,manual,petrol,9676,12
delhi,Maruti Celerio,2018,352000,101K km,101000,DL,manual,petrol,5994,7
delhi,Hyundai New Santro 1.1,2020,511000,30.5K km,30500,DL,manual,petrol+cng,8158,5
delhi,Maruti Baleno,2016,453000,40K km,40000,DL,manual,petrol,7714,9
delhi,Volkswagen Polo,2013,334000,96.5K km,96500,DL,manual,petrol,8440,12
delhi,Hyundai Grand i10 Nios,2021,570000,21.5K km,21500,DL,manual,petrol,9706,4
delhi,Ford EcoSport,2014,425000,112K km,112000,DL,automatic,petrol,9121,11
delhi,Maruti Ciaz,2018,631000,67K km,67000,UP,manual,petrol,10745,7
delhi,Renault Triber,2020,479000,28.5K km,28500,DL,manual,petrol,8157,5
delhi,Ford EcoSport,2016,488000,57K km,57000,DL,manual,petrol,8310,9
delhi,Mahindra Thar,2020,1102000,52.5K km,52500,UP,manual,diesel,18952,5
delhi,Tata Altroz,2021,639000,43K km,43000,UP,manual,petrol,10881,4
delhi,Maruti Ciaz,2016,579000,48K km,48000,UP,manual,petrol,9860,9
delhi,Tata Nexon,2021,917000,31.5K km,31500,DL,automatic,petrol,15615,4
delhi,Hyundai Elite i20,2015,418000,53.5K km,53500,DL,manual,petrol,7608,10
delhi,Tata Tiago,2021,561000,35K km,35000,DL,automatic,petrol,9553,4
delhi,Tata Nexon,2022,789000,56K km,56000,DL,automatic,petrol,13436,3
delhi,Maruti Wagon R 1.0,2013,229000,84K km,84000,DL,manual,petrol,6350,12
delhi,Hyundai i10,2013,204000,75K km,75000,DL,manual,petrol,5498,12
delhi,Hyundai Verna,2013,390000,71.5K km,71500,DL,manual,petrol,10512,12
delhi,Maruti Swift,2014,338000,73.5K km,73500,DL,manual,petrol,7254,11
delhi,Honda City,2016,597000,114K km,114000,DL,automatic,petrol,10166,9
delhi,Hyundai Elite i20,2017,490000,111K km,111000,UP,manual,petrol,8344,8
delhi,Renault Duster,2019,578000,61K km,61000,DL,manual,diesel,9843,6
delhi,Toyota Glanza,2021,612000,21K km,21000,DL,manual,petrol,10422,4
delhi,Hyundai i10,2011,201000,56.5K km,56500,DL,manual,petrol,14362,14
delhi,Ford Figo,2012,201000,84K km,84000,DL,manual,petrol,9698,13
delhi,Tata Tiago,2019,541000,25.5K km,25500,UP,automatic,petrol,9212,6
delhi,Tata Altroz,2023,726000,12.5K km,12500,UP,automatic,petrol,12363,2
delhi,Renault Kiger,2022,895000,7.5K km,7500,DL,automatic,petrol,15241,3
delhi,Tata Altroz,2022,668000,29K km,29000,DL,manual,petrol+cng,11375,3
delhi,Kia Sonet,2021,846000,55.5K km,55500,DL,manual,petrol,14406,4
delhi,Tata Nexon,2022,925000,46K km,46000,DL,manual,petrol,15752,3
delhi,Honda City,2019,696000,52.5K km,52500,UP,manual,petrol,11852,6
delhi,Nissan Magnite,2021,795000,31K km,31000,DL,automatic,petrol,13538,4
delhi,Maruti Alto 800,2021,349000,13.5K km,13500,DL,manual,petrol,6237,4
delhi,Mahindra Thar,2021,1127000,62.5K km,62500,UP,automatic,petrol,19382,4
delhi,Honda Amaze,2022,688000,27K km,27000,UP,automatic,petrol,11716,3
delhi,Honda City,2015,450000,75.5K km,75500,DL,manual,petrol,8191,10
delhi,Maruti Baleno,2016,404000,73.5K km,73500,DL,manual,petrol,6879,9
delhi,Volkswagen Polo,2013,336000,39K km,39000,DL,manual,petrol,8490,12
delhi,Maruti Wagon R 1.0,2014,229000,61.5K km,61500,UP,manual,petrol,5098,11
delhi,Renault Kwid,2022,358000,17.5K km,17500,DL,manual,petrol,6096,3
delhi,Maruti Celerio,2017,303000,107K km,107000,DL,manual,petrol,5159,8
delhi,Volkswagen Polo,2016,430000,54K km,54000,DL,manual,petrol+cng,7322,9
delhi,Honda Amaze,2014,321000,53.5K km,53500,DL,manual,petrol,6889,11
delhi,Hyundai i20 Active,2015,441000,57.5K km,57500,DL,manual,petrol,8027,10
delhi,Renault Kiger,2022,630000,9K km,9000,DL,manual,petrol,10728,3
delhi,Tata Nexon,2021,825000,32K km,32000,UP,manual,petrol,14049,4
delhi,Hyundai Elite i20,2018,624000,35.5K km,35500,UP,manual,petrol,10626,7
delhi,Maruti Baleno,2018,554000,51.5K km,51500,DL,manual,petrol,9434,7
delhi,Mahindra XUV700,2022,2059000,26K km,26000,UP,automatic,petrol,35410,3
delhi,Maruti Baleno,2018,483000,49.5K km,49500,DL,manual,petrol,8225,7
delhi,Tata Tigor,2022,633000,70.5K km,70500,DL,manual,petrol+cng,10779,3
delhi,Hyundai Elite i20,2015,409000,67K km,67000,DL,manual,petrol,7444,10
delhi,Renault Triber,2021,598000,65K km,65000,UP,automatic,petrol,10183,4
delhi,Honda BR-V,2016,571000,86K km,86000,DL,manual,petrol,9723,9
delhi,Tata Tigor,2022,640000,59.5K km,59500,DL,manual,petrol+cng,10898,3
delhi,Maruti Celerio,2017,376000,95.5K km,95500,DL,automatic,petrol,6403,8
delhi,Maruti Swift Dzire,2013,344000,26K km,26000,DL,manual,petrol,9272,12
delhi,Hyundai Verna,2019,840000,89K km,89000,UP,automatic,petrol,14304,6
delhi,Maruti Wagon R Stingray,2013,244000,28.5K km,28500,DL,manual,petrol,6577,12
delhi,Hyundai i20,2011,207000,43.5K km,43500,DL,manual,petrol,14790,14
delhi,Hyundai i10,2012,202000,68.5K km,68500,DL,manual,petrol,7682,13
delhi,Hyundai Creta,2016,633000,113K km,113000,DL,manual,petrol,10779,9
delhi,Honda City,2013,315000,76K km,76000,DL,manual,petrol,8490,12
delhi,Toyota Glanza,2022,740000,41K km,41000,DL,manual,petrol,12601,3
delhi,Maruti Swift,2020,468000,33K km,33000,DL,manual,petrol,7969,5
delhi,Honda Amaze,2022,732000,55K km,55000,UP,automatic,petrol,12465,3
delhi,Tata Nexon,2023,919000,34.5K km,34500,DL,manual,petrol,15650,2
delhi,Maruti Ciaz,2016,541000,65K km,65000,UP,manual,petrol,9212,9
delhi,Hyundai Creta,2016,720000,67.5K km,67500,UP,automatic,petrol,12261,9
delhi,Hyundai Venue,2021,829000,22.5K km,22500,UP,manual,petrol,14117,4
delhi,Maruti Baleno,2018,501000,38K km,38000,DL,manual,petrol,8531,7
delhi,Honda City,2016,575000,79K km,79000,DL,automatic,petrol,9791,9
delhi,Hyundai Creta,2016,747000,44K km,44000,DL,automatic,petrol,12720,9
delhi,Renault Kwid,2021,412000,11.5K km,11500,DL,manual,petrol,7016,4
delhi,Hyundai Eon,2012,224000,22.5K km,22500,DL,manual,petrol,7987,13
delhi,Maruti Celerio,2016,367000,45K km,45000,UP,automatic,petrol,6249,9
delhi,Hyundai Eon,2012,201000,54K km,54000,DL,manual,petrol,7166,13
delhi,Hyundai Grand i10,2013,298000,87.5K km,87500,DL,manual,petrol,8032,12
delhi,Maruti Wagon R 1.0,2012,214000,24K km,24000,DL,manual,petrol,8300,13
delhi,Nissan Sunny,2012,249000,54K km,54000,DL,manual,petrol,8878,13
delhi,Honda Amaze,2016,401000,124.5K km,124500,UP,manual,petrol,6828,9
delhi,Honda Brio,2012,216000,71K km,71000,DL,manual,petrol,7701,13
delhi,Volkswagen Polo,2012,289000,107.5K km,107500,DL,manual,petrol,10304,13
delhi,Maruti Wagon R 1.0,2012,176000,94.5K km,94500,DL,manual,petrol,6826,13
delhi,Maruti Baleno,2016,421000,80.5K km,80500,DL,manual,petrol,7169,9
delhi,Hyundai Venue,2022,880000,24.5K km,24500,DL,manual,petrol,14985,3
delhi,Kia Seltos,2020,1268000,55.5K km,55500,DL,manual,petrol,21807,5
delhi,Hyundai Elite i20,2015,457000,73K km,73000,DL,manual,petrol,8315,10
delhi,Renault Kwid,2021,395000,55.5K km,55500,DL,automatic,petrol,6726,4
delhi,Maruti Celerio,2021,549000,33.5K km,33500,UP,automatic,petrol,9349,4
delhi,Renault Kwid,2019,302000,37K km,37000,DL,manual,petrol,5142,6
delhi,Hyundai Creta,2016,690000,81K km,81000,UP,manual,petrol,11750,9
delhi,Maruti Vitara Brezza,2019,645000,67K km,67000,DL,automatic,diesel,10983,6
delhi,Hyundai Verna,2018,799000,38.5K km,38500,DL,manual,petrol,13606,7
delhi,Maruti Wagon R 1.0,2021,475000,77.5K km,77500,DL,manual,petrol+cng,8088,4
delhi,Honda City,2017,758000,88.5K km,88500,DL,automatic,petrol,12908,8
delhi,Hyundai i20,2012,201000,57K km,57000,DL,manual,petrol,7644,13
delhi,Renault Kwid,2020,349000,33K km,33000,UP,manual,petrol,5943,5
delhi,Maruti Wagon R 1.0,2016,344000,32K km,32000,DL,automatic,petrol,6546,9
delhi,Kia Carnival,2022,2688000,99.5K km,99500,UP,automatic,diesel,46234,3
delhi,Honda Brio,2011,207000,35K km,35000,DL,manual,petrol,13866,14
delhi,Ford EcoSport,2021,875000,33K km,33000,DL,manual,petrol,14900,4
delhi,Maruti Swift,2012,286000,33K km,33000,DL,manual,petrol,10877,13
delhi,Maruti Swift,2017,383000,58.5K km,58500,DL,manual,petrol,6522,8
delhi,Toyota Glanza,2020,646000,47.5K km,47500,DL,automatic,petrol,11001,5
delhi,Honda City,2022,1126000,12K km,12000,DL,manual,petrol,19364,3
delhi,Renault Triber,2019,523000,12.5K km,12500,DL,manual,petrol,8906,6
delhi,Honda WR-V,2019,698000,41K km,41000,DL,manual,petrol,11886,6
delhi,Maruti Baleno,2015,423000,44.5K km,44500,DL,manual,petrol,7699,10
delhi,Hyundai Creta,2015,668000,39K km,39000,DL,manual,petrol,12159,10
delhi,Honda Amaze,2023,798000,12K km,12000,DL,automatic,petrol,13589,2
delhi,Hyundai Elite i20,2015,464000,61K km,61000,DL,manual,petrol,8445,10
delhi,Hyundai Grand i10,2018,459000,27.5K km,27500,DL,manual,petrol,7816,7
delhi,Renault Kwid,2023,458000,12K km,12000,UP,manual,petrol,7799,2
delhi,Datsun Redi-GO,2020,267000,25K km,25000,UP,manual,petrol,5730,5
delhi,Ford Figo,2012,199000,43.5K km,43500,DL,manual,petrol,9698,13
delhi,Maruti Swift Dzire,2014,309000,97K km,97000,DL,manual,petrol,6631,11
delhi,Maruti Swift Dzire,2015,351000,97K km,97000,DL,manual,petrol,6389,10
delhi,Honda City,2017,768000,59.5K km,59500,DL,automatic,petrol,13078,8
delhi,Renault Triber,2021,558000,54.5K km,54500,DL,manual,petrol,9502,4
delhi,Volkswagen Polo,2012,294000,73K km,73000,DL,manual,petrol,10482,13
delhi,Honda Amaze,2015,370000,100.5K km,100500,DL,manual,petrol,6734,10
delhi,Maruti Alto 800,2013,212000,28K km,28000,DL,manual,petrol,5879,12
delhi,Maruti Swift,2018,565000,67.5K km,67500,DL,manual,petrol,9621,7
delhi,Maruti Ciaz,2017,602000,78K km,78000,DL,automatic,petrol,10251,8
delhi,Maruti Alto 800,2017,275000,38K km,38000,DL,manual,petrol,4914,8
delhi,Hyundai Grand i10,2014,341000,56K km,56000,DL,manual,petrol,7318,11
delhi,Hyundai Elite i20,2015,439000,60.5K km,60500,DL,manual,petrol,7990,10
delhi,Tata Nexon,2021,710000,13.5K km,13500,DL,manual,petrol,12090,4
delhi,Renault Kwid,2021,389000,18K km,18000,DL,manual,petrol,6624,4
delhi,Hyundai Creta,2019,897000,26K km,26000,DL,manual,petrol,15275,6
delhi,Ford EcoSport,2014,433000,71.5K km,71500,DL,manual,petrol,9293,11
delhi,Ford EcoSport,2014,465000,43.5K km,43500,DL,manual,petrol,9979,11
delhi,Maruti Swift,2023,640000,8.5K km,8500,DL,manual,petrol,10898,2
delhi,Maruti Baleno,2019,598000,61K km,61000,DL,automatic,petrol,10183,6
delhi,Maruti Ciaz,2018,619000,111.5K km,111500,UP,manual,petrol,10541,7
delhi,Honda Brio,2013,246000,74.5K km,74500,DL,manual,petrol,6216,12
delhi,Honda City,2015,472000,104.5K km,104500,DL,manual,petrol,8591,10
delhi,Maruti Baleno,2016,432000,94K km,94000,DL,manual,petrol,7356,9
delhi,Maruti S-Cross,2021,831000,90.5K km,90500,UP,automatic,petrol,14151,4
delhi,Hyundai Verna,2012,328000,68K km,68000,DL,manual,petrol,12474,13
delhi,Maruti Swift,2011,218000,54.5K km,54500,DL,manual,petrol,15576,14
delhi,Maruti Wagon R 1.0,2013,247000,101K km,101000,DL,manual,petrol+cng,6657,12
delhi,Maruti Baleno,2019,468000,52.5K km,52500,DL,manual,petrol+cng,7969,6
delhi,Kia Sonet,2021,879000,31K km,31000,DL,manual,petrol,14968,4
delhi,Hyundai Grand i10,2020,475000,54.5K km,54500,DL,manual,petrol,8088,5
delhi,Renault Kwid,2020,372000,25.5K km,25500,DL,automatic,petrol,6334,5
delhi,Renault Kwid,2021,441000,12.5K km,12500,DL,manual,petrol,7509,4
delhi,Hyundai Creta,2016,769000,57.5K km,57500,DL,automatic,petrol,13095,9
delhi,Hyundai New Santro 1.1,2019,446000,69.5K km,69500,DL,manual,petrol+cng,7120,6
delhi,Tata Altroz,2023,749000,25K km,25000,DL,automatic,petrol,12755,2
delhi,Maruti S-Presso,2020,354000,14.5K km,14500,DL,manual,petrol,6028,5
delhi,Honda Jazz,2016,434000,40.5K km,40500,DL,manual,petrol,6928,9
delhi,Tata Nexon,2020,712000,71.5K km,71500,UP,automatic,petrol,12124,5
delhi,Renault Kwid,2022,414000,10.5K km,10500,UP,manual,petrol,7050,3
delhi,Hyundai Grand i10,2014,318000,61K km,61000,DL,manual,petrol,6824,11
delhi,Hyundai i10,2012,216000,46.5K km,46500,DL,manual,petrol,8219,13
delhi,Maruti Baleno,2016,405000,39K km,39000,HR,manual,petrol,6896,9
delhi,Honda City,2012,279000,94K km,94000,DL,manual,petrol,10611,13
delhi,Honda Jazz,2015,399000,122K km,122000,DL,automatic,petrol,6808,10
delhi,Hyundai i10,2011,198000,59.5K km,59500,DL,manual,petrol,14147,14
delhi,Maruti Baleno,2016,436000,45.5K km,45500,DL,manual,petrol,7424,9
delhi,Maruti Dzire,2017,507000,49K km,49000,UP,automatic,petrol,8633,8
delhi,Maruti Baleno,2018,489000,37K km,37000,DL,manual,petrol,8327,7
delhi,Renault Kwid,2022,467000,15.5K km,15500,DL,automatic,petrol,7952,3
delhi,Maruti Swift,2023,648000,15.5K km,15500,DL,manual,petrol,11035,2
delhi,Tata Nexon,2019,625000,50.5K km,50500,DL,automatic,diesel,10643,6
delhi,Honda City,2019,754000,47K km,47000,DL,manual,petrol,12840,6
delhi,Hyundai Venue,2022,818000,58.5K km,58500,DL,manual,petrol,13930,3
delhi,Hyundai Venue,2021,831000,22K km,22000,DL,manual,petrol,14151,4
delhi,Maruti Wagon R 1.0,2021,482000,11.5K km,11500,DL,manual,petrol,8614,4
delhi,Honda City,2016,512000,76K km,76000,DL,manual,petrol,8719,9
delhi,Maruti Swift,2017,419000,27K km,27000,UP,manual,petrol,7135,8
delhi,Hyundai Venue,2022,773000,84.5K km,84500,UP,manual,petrol,13163,3
delhi,Renault Kwid,2021,378000,14K km,14000,UP,manual,petrol,6437,4
delhi,Hyundai i10,2011,205000,32.5K km,32500,DL,manual,petrol,14648,14
delhi,Maruti Swift Dzire,2011,236000,41K km,41000,DL,manual,petrol,16863,14
delhi,Hyundai Grand i10,2017,417000,55.5K km,55500,DL,manual,petrol+cng,7101,8
delhi,Tata Nexon,2018,553000,103K km,103000,DL,manual,petrol,9417,7
delhi,Honda Amaze,2018,498000,38K km,38000,DL,manual,petrol,8480,7
delhi,Maruti Swift Dzire,2013,276000,72K km,72000,DL,manual,petrol,7439,12
delhi,Hyundai Verna,2011,346000,84K km,84000,DL,manual,petrol,24723,14
delhi,Hyundai Elite i20,2015,431000,70.5K km,70500,DL,manual,petrol,7845,10
delhi,Maruti Baleno,2016,429000,38K km,38000,DL,manual,petrol,7305,9
delhi,Hyundai Venue,2019,732000,33K km,33000,DL,automatic,petrol,12465,6
delhi,Maruti Swift,2020,698000,8.5K km,8500,DL,automatic,petrol,11886,5
delhi,Maruti Swift Dzire,2016,384000,65.5K km,65500,DL,manual,petrol,6539,9
delhi,Honda City,2023,1171000,17K km,17000,DL,manual,petrol,20145,2
delhi,Hyundai Tucson,2017,1170000,17K km,17000,DL,manual,petrol,20111,8
delhi,Maruti Baleno,2017,504000,19K km,19000,DL,manual,petrol,8582,8
delhi,Hyundai Grand i10,2015,398000,36.5K km,36500,DL,manual,petrol,7244,10
delhi,Hyundai Grand i10 Nios,2020,591000,45K km,45000,DL,manual,petrol+cng,10064,5
delhi,Honda WR-V,2017,632000,41K km,41000,DL,manual,petrol,10762,8
delhi,Maruti New Ertiga,2019,878000,41.5K km,41500,DL,automatic,petrol,14951,6
delhi,Maruti Baleno,2017,516000,37K km,37000,DL,manual,petrol,8787,8
delhi,Maruti Baleno,2016,403000,99.5K km,99500,DL,manual,petrol,6862,9
delhi,Maruti Wagon R 1.0,2012,222000,91K km,91000,DL,manual,petrol+cng,8443,13
delhi,Maruti Swift,2015,385000,80.5K km,80500,DL,manual,petrol,7007,10
delhi,Hyundai Creta,2016,632000,102K km,102000,DL,manual,petrol,10762,9
delhi,Volkswagen Polo,2012,284000,102.5K km,102500,DL,manual,petrol,10126,13
delhi,Honda City,2012,298000,86K km,86000,DL,manual,petrol,11333,13
delhi,Maruti Baleno,2016,442000,66K km,66000,DL,manual,petrol,7527,9
delhi,Ford EcoSport,2019,732000,77.5K km,77500,DL,automatic,petrol,12465,6
delhi,Volkswagen Polo,2012,285000,32.5K km,32500,DL,manual,petrol,19091,13
delhi,Maruti Swift,2016,374000,35.5K km,35500,DL,manual,petrol,6369,9
delhi,Hyundai Venue,2021,811000,40.5K km,40500,UP,manual,petrol,13810,4
delhi,Maruti Wagon R 1.0,2022,468000,4.5K km,4500,DL,manual,petrol,8364,3
delhi,Nissan Micra,2017,399000,31.5K km,31500,DL,automatic,petrol,6370,8
delhi,Hyundai New i20,2021,697000,65.5K km,65500,UP,manual,petrol,11869,4
delhi,Maruti Wagon R 1.0,2014,273000,43.5K km,43500,DL,manual,petrol,6078,11
delhi,Maruti Ciaz,2019,725000,6.5K km,6500,DL,automatic,petrol,12346,6
delhi,Maruti Baleno,2018,479000,64.5K km,64500,DL,manual,petrol,8157,7
delhi,MG Hector,2020,1170000,58.5K km,58500,DL,automatic,petrol,20122,5
delhi,Maruti Baleno,2019,609000,24.5K km,24500,DL,manual,petrol,10370,6
delhi,Renault Kwid,2019,392000,32K km,32000,DL,automatic,petrol,6675,6
delhi,Hyundai Creta,2019,932000,84K km,84000,DL,manual,petrol,15871,6
delhi,Ford EcoSport,2013,410000,62K km,62000,DL,manual,petrol,11051,12
delhi,Maruti Ritz,2014,266000,41K km,41000,DL,manual,petrol,5352,11
delhi,Honda Amaze,2014,326000,42K km,42000,DL,manual,petrol,6996,11
delhi,Hyundai Verna,2012,319000,110K km,110000,DL,manual,petrol,12132,13
delhi,Honda City,2016,566000,57K km,57000,DL,manual,petrol,9638,9
delhi,Hyundai Grand i10,2015,392000,32K km,32000,DL,manual,petrol,7135,10
delhi,Tata Nexon,2019,622000,51.5K km,51500,DL,manual,petrol,10592,6
delhi,Renault Kwid,2020,309000,25K km,25000,DL,manual,petrol,5262,5
delhi,Hyundai Verna,2023,1459000,18.5K km,18500,DL,automatic,petrol,25091,2
delhi,Hyundai Venue,2021,839000,30.5K km,30500,DL,manual,petrol,14287,4
delhi,Hyundai Xcent,2014,330000,61K km,61000,DL,manual,petrol,6639,11
delhi,Hyundai Elite i20,2015,455000,42.5K km,42500,DL,manual,petrol,8282,10
delhi,Maruti Baleno,2017,454000,62.5K km,62500,DL,manual,petrol,7731,8
delhi,Maruti Ciaz,2017,645000,44.5K km,44500,DL,manual,petrol,9698,8
delhi,Renault Kwid,2020,386000,20K km,20000,DL,manual,petrol,6573,5
delhi,Maruti Dzire,2019,587000,27K km,27000,UP,automatic,petrol,9996,6
delhi,Maruti Baleno,2017,464000,61.5K km,61500,DL,manual,petrol,7901,8
delhi,Hyundai Elite i20,2018,618000,53K km,53000,DL,automatic,petrol,10524,7
delhi,Hyundai New Santro 1.1,2019,420000,55K km,55000,DL,manual,petrol,6705,6
delhi,Hyundai Grand i10,2016,393000,33K km,33000,DL,manual,petrol,6692,9
delhi,Hyundai Elite i20,2015,432000,81K km,81000,DL,manual,petrol,7863,10
delhi,Maruti Wagon R 1.0,2012,234000,82K km,82000,DL,manual,petrol+cng,8899,13
delhi,Hyundai Grand i10,2016,391000,107K km,107000,DL,automatic,petrol,6658,9
delhi,Maruti Swift Dzire,2013,317000,59.5K km,59500,DL,manual,petrol,8544,12
delhi,Ford EcoSport,2014,454000,62.5K km,62500,DL,manual,petrol,9743,11
delhi,Hyundai i10,2011,176000,91.5K km,91500,DL,manual,petrol,12575,14
delhi,Hyundai Grand i10,2018,391000,121.5K km,121500,DL,manual,petrol,6658,7
delhi,Tata Tiago,2023,568000,38.5K km,38500,UP,manual,petrol+cng,9672,2
delhi,Hyundai Elite i20,2016,474000,55K km,55000,DL,manual,petrol,8071,9
delhi,Hyundai Creta,2016,774000,52K km,52000,DL,automatic,petrol,13180,9
delhi,Hyundai Venue,2021,807000,38.5K km,38500,UP,manual,petrol,13742,4
delhi,Maruti Ciaz,2015,537000,53.5K km,53500,DL,manual,petrol,9774,10
delhi,Hyundai Tucson,2017,1069000,70.5K km,70500,DL,manual,petrol,18374,8
delhi,MG Astor,2022,1329000,24.5K km,24500,UP,automatic,petrol,22856,3
delhi,Tata Nexon,2019,618000,49K km,49000,UP,automatic,diesel,10524,6
delhi,Honda City,2016,541000,74.5K km,74500,DL,manual,petrol,9212,9
delhi,Maruti XL6,2021,939000,43K km,43000,DL,manual,petrol,15990,4
delhi,Maruti S-Cross,2021,975000,16.5K km,16500,UP,automatic,petrol,16603,4
delhi,Maruti Baleno,2018,580000,26K km,26000,DL,manual,petrol,9877,7
delhi,Hyundai Venue,2021,807000,87K km,87000,DL,manual,diesel,13742,4
delhi,Hyundai Grand i10,2019,512000,65.5K km,65500,DL,manual,petrol+cng,8719,6
delhi,Maruti Baleno,2016,419000,68.5K km,68500,DL,manual,petrol,7135,9
delhi,Maruti Ciaz,2015,443000,57.5K km,57500,DL,automatic,petrol,8063,10
delhi,Honda City,2017,749000,90.5K km,90500,DL,automatic,petrol,12755,8
delhi,Honda Amaze,2017,409000,60K km,60000,UP,manual,petrol,6965,8
delhi,Hyundai Creta,2017,736000,94.5K km,94500,DL,automatic,petrol,12533,8
delhi,Renault Triber,2024,584000,4.5K km,4500,DL,manual,petrol,9945,1
delhi,Hyundai i20,2012,271000,33.5K km,33500,DL,manual,petrol,10307,13
delhi,Hyundai Elite i20,2015,436000,68K km,68000,DL,manual,petrol,7936,10
delhi,Honda City,2014,495000,35.5K km,35500,DL,manual,petrol,10623,11
delhi,Hyundai New i20,2021,770000,39K km,39000,DL,manual,petrol,13112,4
delhi,Renault Kiger,2021,603000,43K km,43000,DL,manual,petrol,10268,4
delhi,Tata Tigor,2021,549000,49K km,49000,DL,manual,petrol+cng,9349,4
delhi,Ford EcoSport,2016,471000,61K km,61000,UP,manual,petrol,8020,9
delhi,Hyundai Verna,2018,869000,36.5K km,36500,DL,manual,petrol+cng,14798,7
delhi,Maruti Wagon R 1.0,2024,565000,6K km,6000,DL,manual,petrol,10097,1
delhi,Tata Tiago,2019,468000,22K km,22000,DL,manual,petrol,7969,6
delhi,Hyundai Creta,2018,789000,64K km,64000,DL,manual,petrol,13436,7
delhi,Maruti Ciaz,2017,607000,67.5K km,67500,UP,automatic,petrol,10336,8
delhi,Maruti Baleno,2019,524000,63K km,63000,DL,manual,petrol,8923,6
delhi,Honda Amaze,2013,263000,95.5K km,95500,DL,manual,petrol,7089,12
delhi,Tata Tiago,2019,428000,38.5K km,38500,DL,manual,petrol,7288,6
delhi,Chevrolet Beat,2010,152000,33.5K km,33500,DL,manual,petrol,9698,15
delhi,Hyundai Creta,2018,772000,110.5K km,110500,DL,automatic,petrol,13146,7
delhi,Nissan Micra,2019,459000,81.5K km,81500,UP,automatic,petrol,7327,6
delhi,Toyota Glanza,2021,616000,55K km,55000,DL,manual,petrol,10490,4
delhi,Ford EcoSport,2017,492000,78K km,78000,DL,manual,petrol,8378,8
delhi,Volkswagen Polo,2012,269000,98K km,98000,DL,manual,petrol,9591,13
delhi,Hyundai Verna,2017,765000,52K km,52000,DL,automatic,petrol,13027,8
delhi,Hyundai Creta,2018,848000,83K km,83000,DL,automatic,petrol,14440,7
delhi,Mahindra XUV 300,2020,859000,65K km,65000,UP,automatic,diesel,14628,5
delhi,Maruti Baleno,2018,484000,54.5K km,54500,DL,manual,petrol,8242,7
delhi,Renault Kwid,2021,372000,26K km,26000,UP,manual,petrol,6334,4
delhi,Tata Nexon,2022,920000,22K km,22000,DL,manual,petrol,15667,3
delhi,Hyundai New Santro 1.1,2021,498000,62.5K km,62500,DL,manual,petrol+cng,7950,4
delhi,Hyundai Verna,2014,458000,79K km,79000,DL,automatic,petrol,9829,11
delhi,Hyundai Elite i20,2016,513000,47.5K km,47500,DL,manual,petrol,8736,9
delhi,Hyundai Venue,2022,811000,19K km,19000,DL,manual,petrol,13810,3
delhi,Renault Kiger,2021,618000,24K km,24000,UP,manual,petrol,10524,4
delhi,Hyundai Verna,2012,342000,95K km,95000,DL,manual,petrol+cng,13007,13
delhi,Maruti Baleno,2017,404000,123K km,123000,DL,manual,petrol,6879,8
delhi,Renault Duster,2013,327000,79.5K km,79500,DL,manual,petrol,8814,12
delhi,Renault Kwid,2022,363000,41K km,41000,UP,manual,petrol,6181,3
delhi,Hyundai Grand i10,2013,330000,49.5K km,49500,DL,manual,petrol,8895,12
delhi,Honda Jazz,2016,348000,123.5K km,123500,DL,manual,petrol,5938,9
delhi,Maruti Baleno,2017,398000,111K km,111000,DL,manual,petrol,6777,8
delhi,Hyundai Grand i10 Nios,2021,645000,29.5K km,29500,DL,manual,petrol+cng,10983,4
delhi,Hyundai i10,2011,182000,25.5K km,25500,DL,manual,petrol,13004,14
delhi,Kia Sonet,2020,839000,87K km,87000,DL,manual,petrol,14287,5
delhi,Hyundai i20 Active,2015,498000,25K km,25000,DL,manual,petrol,9064,10
delhi,Maruti Baleno,2018,480000,57K km,57000,DL,manual,petrol,8174,7
delhi,Ford EcoSport,2018,518000,46.5K km,46500,DL,manual,petrol,8821,7
delhi,Skoda Kushaq,2022,1098000,13K km,13000,DL,manual,petrol,18885,3
delhi,Tata Altroz,2023,825000,17.5K km,17500,DL,automatic,petrol,14049,2
delhi,Hyundai Xcent,2014,356000,26.5K km,26500,DL,manual,petrol,7162,11
delhi,Toyota Glanza,2021,679000,32K km,32000,DL,manual,petrol,11562,4
delhi,Tata Tiago,2023,556000,11K km,11000,DL,manual,petrol,9468,2
delhi,Maruti Ciaz,2017,570000,68.5K km,68500,DL,automatic,petrol,9706,8
delhi,Hyundai Creta,2017,759000,54.5K km,54500,DL,manual,petrol,12925,8
delhi,Hyundai Grand i10,2016,366000,61.5K km,61500,DL,manual,petrol,6232,9
delhi,Tata Nexon,2021,795000,88.5K km,88500,UP,manual,petrol,13538,4
delhi,Hyundai i10,2012,206000,56.5K km,56500,DL,manual,petrol,7834,13
delhi,Volkswagen Polo,2018,457000,107.5K km,107500,UP,manual,petrol,7296,7
delhi,Maruti Baleno,2021,649000,64.5K km,64500,DL,automatic,petrol,11052,4
delhi,Maruti Baleno,2016,435000,70.5K km,70500,DL,manual,petrol,7407,9
delhi,Maruti Wagon R 1.0,2014,257000,63.5K km,63500,DL,manual,petrol,5722,11
delhi,Hyundai Grand i10,2014,339000,109K km,109000,DL,automatic,petrol,7275,11
delhi,Maruti Swift,2014,292000,122.5K km,122500,DL,manual,petrol,6266,11
delhi,Renault Kwid,2022,413000,11K km,11000,DL,manual,petrol,7033,3
delhi,Maruti Baleno,2022,632000,21K km,21000,UP,manual,petrol,10762,3
delhi,Maruti Ciaz,2018,649000,61K km,61000,UP,manual,petrol,9698,7
delhi,Maruti Baleno,2017,535000,18.5K km,18500,DL,manual,petrol,9110,8
delhi,MG Hector Plus,2020,1329000,63.5K km,63500,UP,automatic,petrol,22855,5
delhi,Ford EcoSport,2015,497000,80.5K km,80500,DL,automatic,petrol,9046,10
delhi,Maruti Swift,2019,576000,67K km,67000,DL,automatic,petrol,9808,6
delhi,Maruti Swift,2018,575000,53K km,53000,DL,automatic,petrol,9791,7
delhi,Maruti Ciaz,2015,502000,62.5K km,62500,DL,manual,petrol,9137,10
delhi,Tata Nexon,2019,678000,72K km,72000,DL,automatic,petrol,11545,6
delhi,Hyundai Grand i10,2015,367000,64K km,64000,DL,manual,petrol,6680,10
delhi,Maruti Swift,2011,207000,76.5K km,76500,DL,manual,petrol,14790,14
delhi,Renault Kiger,2023,673000,29.5K km,29500,UP,automatic,petrol,11460,2
delhi,Volkswagen Ameo,2016,347000,118.5K km,118500,UP,manual,petrol,5539,9
delhi,Honda City,2014,470000,63.5K km,63500,DL,manual,petrol,10087,11
delhi,Maruti Swift,2012,256000,71.5K km,71500,DL,manual,petrol,9736,13
delhi,Toyota Etios,2011,226000,50.5K km,50500,DL,manual,petrol,15139,14
delhi,Tata Tiago,2019,488000,25.5K km,25500,DL,manual,petrol,8310,6
delhi,Hyundai i10,2011,190000,15K km,15000,DL,manual,petrol,13576,14
delhi,Chevrolet Beat,2011,180000,24.5K km,24500,DL,manual,petrol,9698,14
delhi,Kia Seltos,2019,1071000,66.5K km,66500,DL,manual,petrol,18425,6
delhi,Renault Kiger,2022,704000,24.5K km,24500,DL,automatic,petrol,11988,3
delhi,Renault Kwid,2022,394000,13.5K km,13500,HR,manual,petrol,6709,3
delhi,Ford Figo,2020,509000,54.5K km,54500,UP,manual,petrol,8667,5
delhi,Hyundai Elite i20,2017,480000,34K km,34000,DL,manual,petrol,8174,8
delhi,Renault Kwid,2021,393000,17.5K km,17500,DL,manual,petrol,6692,4
delhi,Hyundai Grand i10,2018,456000,42K km,42000,DL,manual,petrol,7765,7
delhi,Hyundai Grand i10,2017,398000,58.5K km,58500,DL,manual,petrol,6777,8
delhi,Honda Amaze,2015,365000,26.5K km,26500,DL,manual,petrol,6643,10
delhi,Maruti Baleno,2016,460000,76.5K km,76500,DL,manual,petrol,7833,9
delhi,Maruti Ciaz,2016,505000,70K km,70000,DL,manual,petrol,8599,9
delhi,Maruti Ciaz,2018,616000,115.5K km,115500,DL,manual,petrol,10490,7
delhi,Maruti Swift Dzire,2015,355000,72.5K km,72500,DL,manual,petrol,6461,10
delhi,Ford EcoSport,2014,440000,72K km,72000,DL,automatic,petrol,9443,11
delhi,Maruti Alto,2011,138000,73.5K km,73500,DL,manual,petrol,9860,14
delhi,Hyundai i20 Active,2016,459000,55K km,55000,DL,manual,petrol,7816,9
delhi,Honda City,2014,411000,110K km,110000,DL,manual,petrol,8820,11
delhi,Maruti Baleno,2016,420000,95.5K km,95500,DL,manual,petrol,7152,9
delhi,Maruti Ciaz,2016,554000,49K km,49000,UP,automatic,petrol,9434,9
delhi,Honda City,2013,325000,48.5K km,48500,DL,manual,petrol,8760,12
delhi,Kia Seltos,2019,1079000,33K km,33000,DL,manual,diesel,18556,6
delhi,Renault Kiger,2022,717000,22K km,22000,DL,automatic,petrol,12210,3
delhi,Honda Amaze,2018,588000,40K km,40000,DL,manual,petrol,10013,7
delhi,Tata Altroz,2021,707000,25K km,25000,DL,manual,petrol,12039,4
delhi,Hyundai Creta,2017,771000,90K km,90000,DL,automatic,petrol,13129,8
delhi,Kia Seltos,2023,1486000,12K km,12000,DL,manual,petrol,25561,2
delhi,Tata Nexon,2023,838000,18K km,18000,DL,manual,petrol,14270,2
delhi,Hyundai Elite i20,2018,583000,33.5K km,33500,DL,manual,petrol,9928,7
delhi,Maruti Alto 800,2022,367000,10.5K km,10500,DL,manual,petrol,6559,3
delhi,Volkswagen Polo,2013,352000,71K km,71000,DL,manual,petrol,8895,12
delhi,Tata Punch,2022,680000,25.5K km,25500,DL,manual,petrol,11580,3
delhi,Honda Jazz,2012,236000,72K km,72000,DL,manual,petrol,8414,13
delhi,Hyundai i20,2012,342000,21K km,21000,DL,manual,petrol,13007,13
delhi,Maruti Swift Dzire,2013,265000,89K km,89000,DL,manual,petrol,7143,12
delhi,Maruti Swift Dzire,2012,280000,37.5K km,37500,DL,manual,petrol,10649,13
delhi,Honda Jazz,2016,478000,28.5K km,28500,DL,automatic,petrol,7631,9
delhi,Maruti Wagon R 1.0,2014,289000,30K km,30000,DL,manual,petrol,6434,11
delhi,Honda Amaze,2014,346000,58.5K km,58500,DL,automatic,petrol,7425,11
delhi,Maruti Ertiga,2015,515000,97K km,97000,UP,manual,petrol,9374,10
delhi,Maruti Wagon R 1.0,2013,253000,91K km,91000,DL,manual,petrol+cng,6819,12
delhi,Honda Amaze,2019,601000,50K km,50000,DL,automatic,petrol,10234,6
delhi,Kia Carens,2022,1478000,37.5K km,37500,DL,automatic,diesel,25419,3
delhi,Hyundai New Santro 1.1,2020,490000,38.5K km,38500,DL,manual,petrol+cng,7822,5
delhi,Kia Sonet,2021,973000,50K km,50000,DL,manual,petrol,16569,4
delhi,Nissan Magnite,2022,685000,17.5K km,17500,DL,manual,petrol,11665,3
delhi,Kia Sonet,2021,966000,18.5K km,18500,DL,manual,diesel,16450,4
delhi,Maruti Baleno,2019,604000,48.5K km,48500,UP,automatic,petrol,10285,6
delhi,Maruti Baleno,2018,572000,38.5K km,38500,DL,manual,petrol,9740,7
delhi,Maruti Ciaz,2016,561000,63K km,63000,DL,manual,petrol,9553,9
delhi,Toyota Innova Crysta,2017,1286000,63K km,63000,UP,manual,petrol,22121,8
delhi,Hyundai Creta,2020,1049000,59K km,59000,DL,automatic,diesel,18034,5
delhi,Honda Amaze,2014,310000,60K km,60000,DL,manual,petrol,6653,11
delhi,Hyundai Grand i10,2014,320000,45K km,45000,DL,manual,petrol,6867,11
delhi,Honda Brio,2013,248000,73.5K km,73500,DL,manual,petrol,6267,12
delhi,Maruti Ciaz,2016,492000,99.5K km,99500,DL,manual,petrol,8378,9
delhi,Hyundai Verna,2012,396000,27K km,27000,DL,automatic,petrol,15061,13
delhi,Maruti S-Cross,2021,815000,23K km,23000,DL,manual,petrol,13878,4
delhi,Renault Kwid,2017,274000,57K km,57000,DL,manual,petrol,4666,8
delhi,Maruti Swift Dzire,2014,336000,101K km,101000,DL,manual,petrol,7211,11
delhi,Maruti Swift,2014,296000,86K km,86000,DL,manual,petrol,6352,11
delhi,Renault Triber,2021,592000,33.5K km,33500,DL,manual,petrol,10081,4
delhi,Hyundai Grand i10,2017,424000,48.5K km,48500,DL,manual,petrol,7220,8
delhi,Renault Kiger,2022,787000,47.5K km,47500,UP,automatic,petrol,13368,3
delhi,Maruti Baleno,2016,430000,56.5K km,56500,DL,manual,petrol,7578,9
delhi,Renault Duster,2017,564000,26.5K km,26500,DL,manual,petrol,9604,8
delhi,Hyundai Venue,2021,926000,26.5K km,26500,DL,manual,petrol,15769,4
delhi,Renault Triber,2020,535000,24.5K km,24500,DL,manual,petrol,9110,5
delhi,Maruti Baleno,2018,491000,72.5K km,72500,DL,manual,petrol,6879,7
delhi,Nissan Kicks,2019,697000,38.5K km,38500,UP,manual,diesel,11869,6
delhi,MG Hector Plus,2021,1578000,27.5K km,27500,DL,manual,diesel,27137,4
delhi,Maruti Baleno,2017,474000,29.5K km,29500,DL,manual,petrol,8071,8
delhi,Hyundai Eon,2013,202000,29K km,29000,DL,manual,petrol,5104,12
delhi,Toyota Etios Liva,2011,195000,48K km,48000,DL,manual,petrol,13062,14
delhi,Maruti Ciaz,2014,429000,104K km,104000,DL,manual,petrol,9207,11
delhi,Ford EcoSport,2015,460000,85K km,85000,DL,automatic,petrol,8373,10
delhi,Honda Brio,2013,197000,95K km,95000,DL,manual,petrol,4978,12
delhi,Tata Tiago,2019,472000,47K km,47000,DL,manual,petrol,8037,6
delhi,Maruti Ciaz,2015,450000,51.5K km,51500,DL,manual,petrol,8191,10
delhi,Hyundai Elite i20,2016,445000,101.5K km,101500,DL,manual,petrol,7578,9
delhi,Hyundai Xcent,2015,353000,57K km,57000,DL,manual,petrol,6023,10
delhi,Hyundai Elite i20,2015,465000,63.5K km,63500,UP,manual,petrol,8464,10
delhi,Maruti Swift,2015,343000,56K km,56000,DL,manual,petrol,6243,10
delhi,Renault Kiger,2022,649000,36K km,36000,UP,manual,petrol,11052,3
delhi,Maruti Baleno,2021,514000,34.5K km,34500,DL,manual,petrol,8753,4
delhi,Hyundai Creta,2016,671000,46.5K km,46500,DL,manual,petrol,11426,9
delhi,Maruti Baleno,2018,488000,58K km,58000,DL,manual,petrol,8310,7
delhi,Maruti S-Presso,2022,399000,10K km,10000,DL,manual,petrol,6794,3
delhi,Tata Nexon,2023,1005000,21K km,21000,DL,manual,petrol,17114,2
delhi,Honda Amaze,2020,707000,24.5K km,24500,DL,automatic,petrol,12039,5
delhi,Hyundai Venue,2021,810000,37.5K km,37500,UP,manual,petrol,13793,4
delhi,Kia Seltos,2020,1031000,61K km,61000,DL,manual,petrol,17726,5
delhi,Hyundai Verna,2011,313000,44.5K km,44500,DL,manual,petrol+cng,22365,14
delhi,Ford EcoSport,2019,606000,108.5K km,108500,DL,manual,petrol,10319,6
delhi,Maruti Swift Dzire,2013,330000,70.5K km,70500,DL,manual,petrol+cng,8895,12
delhi,Hyundai Fluidic Verna 4S,2015,575000,57K km,57000,UP,manual,petrol,10466,10
delhi,Maruti Ritz,2013,212000,55K km,55000,DL,manual,petrol,5357,12
delhi,Hyundai i20,2012,273000,50K km,50000,DL,manual,petrol,10383,13
delhi,Honda City,2015,417000,109.5K km,109500,DL,manual,petrol,7590,10
delhi,Hyundai i20,2011,182000,73.5K km,73500,DL,manual,petrol,13004,14
delhi,Datsun Redi-GO,2018,287000,50K km,50000,DL,automatic,petrol,7736,7
delhi,Volkswagen Polo,2017,467000,44.5K km,44500,DL,manual,petrol,7455,8
delhi,Renault Kwid,2023,406000,20K km,20000,DL,manual,petrol,6913,2
delhi,Hyundai Creta,2018,819000,40.5K km,40500,DL,manual,petrol,13947,7
delhi,Maruti Swift,2014,358000,67.5K km,67500,DL,manual,petrol,7683,11
delhi,Ford EcoSport,2019,667000,57.5K km,57500,DL,manual,diesel,11358,6
delhi,Maruti Ciaz,2017,580000,53.5K km,53500,DL,manual,petrol,9877,8
delhi,Honda City,2023,1249000,23K km,23000,UP,manual,petrol,21480,2
delhi,Maruti Swift,2020,524000,66.5K km,66500,UP,automatic,petrol,8923,5
delhi,Maruti Swift Dzire,2014,353000,82K km,82000,DL,manual,petrol,7576,11
delhi,Kia Seltos,2019,1042000,37.5K km,37500,DL,manual,diesel,17914,6
delhi,Hyundai Venue,2020,778000,30.5K km,30500,DL,manual,petrol,13248,5
delhi,Maruti Alto K10,2011,151000,66K km,66000,DL,manual,petrol,10789,14
delhi,Maruti Swift Dzire,2012,261000,86.5K km,86500,DL,manual,petrol,9926,13
delhi,Maruti Wagon R 1.0,2013,242000,93K km,93000,DL,manual,petrol+cng,6523,12
delhi,Hyundai New Santro 1.1,2022,514000,36.5K km,36500,DL,manual,petrol+cng,8206,3
delhi,Maruti Baleno,2018,507000,39.5K km,39500,DL,manual,petrol,8633,7
delhi,Maruti Swift Dzire,2014,312000,103K km,103000,DL,manual,petrol,6696,11
delhi,Maruti Vitara Brezza,2021,845000,37.5K km,37500,DL,manual,petrol,14389,4
delhi,Maruti Ciaz,2015,470000,85.5K km,85500,DL,manual,petrol,8555,10
delhi,Honda City,2017,538000,117K km,117000,DL,manual,petrol,9161,8
delhi,Maruti Baleno,2017,485000,27K km,27000,DL,manual,petrol,8259,8
delhi,Honda Amaze,2015,399000,50.5K km,50500,DL,manual,petrol,7262,10
delhi,Hyundai Verna,2018,753000,61K km,61000,DL,manual,petrol,12823,7
delhi,Tata Tiago NRG,2018,444000,55.5K km,55500,DL,manual,petrol+cng,7561,7
delhi,Renault Kwid,2019,319000,20.5K km,20500,DL,manual,petrol,5432,6
delhi,Maruti Swift Dzire,2014,305000,89.5K km,89500,DL,manual,petrol,6545,11
delhi,Maruti Swift,2017,418000,40K km,40000,DL,manual,petrol,7118,8
delhi,Maruti Vitara Brezza,2018,565000,80.5K km,80500,UP,manual,diesel,9621,7
delhi,Hyundai Grand i10,2019,491000,31.5K km,31500,DL,manual,petrol,8361,6
delhi,Honda City,2015,464000,73K km,73000,DL,manual,petrol,8445,10
delhi,Hyundai Verna,2018,736000,66K km,66000,DL,manual,petrol,12533,7
delhi,Maruti Ritz,2015,312000,33K km,33000,DL,manual,petrol,5324,10
delhi,Maruti Baleno,2015,410000,81.5K km,81500,DL,manual,petrol,7463,10
delhi,Tata Tiago,2017,387000,33.5K km,33500,DL,manual,petrol,6590,8
delhi,Hyundai Verna,2012,374000,22.5K km,22500,DL,manual,petrol,14224,13
delhi,Chevrolet Beat,2011,141000,76.5K km,76500,DL,manual,petrol,9698,14
delhi,Maruti Celerio,2020,468000,32K km,32000,DL,manual,petrol+cng,7969,5
delhi,Hyundai Verna,2020,1063000,57K km,57000,UP,automatic,diesel,18287,5
delhi,Maruti Dzire,2017,504000,85.5K km,85500,DL,automatic,petrol,8582,8
delhi,Honda Brio,2017,367000,36.5K km,36500,DL,manual,petrol,5859,8
delhi,Maruti Swift,2016,437000,47K km,47000,DL,manual,petrol,7441,9
delhi,Tata Nexon,2023,835000,24K km,24000,UP,manual,petrol+cng,14219,2
delhi,Honda City,2018,734000,27.5K km,27500,DL,manual,petrol,12499,7
delhi,Renault Triber,2021,456000,48.5K km,48500,DL,manual,petrol,7765,4
delhi,Toyota Corolla Altis,2015,658000,46K km,46000,DL,manual,petrol,11977,10
delhi,Maruti S-Cross,2019,685000,54.5K km,54500,DL,manual,diesel,11665,6
delhi,Maruti Baleno,2016,435000,68.5K km,68500,DL,automatic,petrol,7407,9
delhi,Hyundai Creta,2019,784000,31.5K km,31500,UP,manual,diesel,13351,6
delhi,Nissan Magnite,2021,668000,31.5K km,31500,DL,manual,petrol,11375,4
delhi,Maruti Swift,2018,589000,29.5K km,29500,DL,manual,petrol,10030,7
delhi,Volkswagen Polo,2012,265000,77.5K km,77500,DL,manual,petrol,9448,13
delhi,Hyundai Grand i10,2014,338000,58.5K km,58500,DL,automatic,petrol,7254,11
delhi,Maruti Swift,2016,414000,20.5K km,20500,DL,manual,petrol,7050,9
delhi,Maruti Vitara Brezza,2018,670000,50.5K km,50500,UP,automatic,diesel,11409,7
delhi,Mahindra Scorpio,2020,1164000,72K km,72000,DL,manual,diesel,20009,5
delhi,Mahindra KUV100 NXT,2018,366000,16.5K km,16500,DL,manual,petrol,6232,7
delhi,Honda City,2016,505000,101.5K km,101500,DL,manual,petrol,8599,9
delhi,Toyota Innova Crysta,2019,1570000,46.5K km,46500,DL,manual,diesel,27008,6
delhi,Mahindra Scorpio,2021,1130000,56.5K km,56500,UP,manual,diesel,19430,4
delhi,Maruti Alto K10,2018,321000,45K km,45000,DL,manual,petrol,5466,7
delhi,Hyundai Grand i10,2019,515000,2K km,2000,DL,manual,petrol,8770,6
delhi,Maruti Swift Dzire,2013,334000,58K km,58000,DL,manual,petrol+cng,9003,12
delhi,Maruti Swift Dzire,2013,313000,82K km,82000,DL,manual,petrol+cng,8436,12
delhi,Honda Amaze,2016,419000,79.5K km,79500,DL,automatic,petrol,7135,9
delhi,Maruti XL6,2021,892000,36K km,36000,UP,manual,petrol,15190,4
delhi,Maruti Dzire,2022,689000,10K km,10000,DL,automatic,petrol,11733,3
delhi,Hyundai Creta,2018,912000,17.5K km,17500,UP,automatic,petrol,15530,7
delhi,Tata Tiago,2021,429000,47K km,47000,DL,manual,petrol,7305,4
delhi,Hyundai Verna,2019,875000,59K km,59000,UP,manual,petrol,14900,6
delhi,Mercedes E-Class,2017,3000000,46.5K km,46500,DL,automatic,petrol,51596,8
delhi,Maruti New Ertiga,2019,875000,40.5K km,40500,DL,automatic,petrol,14900,6
delhi,Honda Amaze,2019,668000,21.5K km,21500,DL,automatic,petrol,11375,6
delhi,Mahindra Thar,2022,1329000,37.5K km,37500,DL,automatic,petrol,22855,3
delhi,Hyundai Creta,2022,1319000,70.5K km,70500,UP,automatic,petrol,22684,3
delhi,Maruti Wagon R 1.2,2022,552000,25.5K km,25500,DL,automatic,petrol,9400,3
delhi,Maruti Eeco,2018,398000,7K km,7000,DL,manual,petrol,6354,7
delhi,Honda City,2024,591000,61K km,61000,DL,manual,petrol,10064,1
delhi,Tata Tiago,2018,390000,59.5K km,59500,DL,manual,petrol,6641,7
delhi,Ford EcoSport,2016,474000,67.5K km,67500,DL,manual,petrol,8071,9
delhi,Mahindra XUV 300,2019,735000,46.5K km,46500,DL,manual,petrol,12516,6
delhi,Kia Sonet,2021,875000,59K km,59000,DL,automatic,diesel,14900,4
delhi,Maruti Grand Vitara,2023,1129000,57K km,57000,UP,manual,petrol,19416,2
delhi,MG Astor,2024,1239000,13.5K km,13500,DL,automatic,petrol,21308,1
delhi,Kia Seltos,2021,1170000,35K km,35000,DL,manual,petrol,20121,4
delhi,Tata Nexon,2018,571000,54K km,54000,DL,manual,petrol,9723,7
delhi,Honda City,2021,1125000,19K km,19000,DL,manual,petrol,19348,4
delhi,Kia Seltos,2022,1188000,13K km,13000,DL,manual,diesel,20430,3
delhi,Hyundai Alcazar,2022,1578000,21K km,21000,DL,automatic,petrol,28483,3
delhi,Renault Kiger,2022,551000,40.5K km,40500,UP,manual,petrol,9383,3
delhi,Kia Seltos,2022,1274000,20K km,20000,UP,manual,petrol,21910,3
delhi,Tata Tiago,2021,560000,47K km,47000,UP,automatic,petrol,9536,4
delhi,Maruti Ciaz,2019,629000,45K km,45000,UP,manual,petrol,10711,6
delhi,Hyundai Elite i20,2018,593000,32K km,32000,DL,manual,petrol,10098,7
delhi,Maruti Ciaz,2021,697000,38.5K km,38500,UP,manual,petrol,11869,4
delhi,Nissan Magnite,2023,527000,53K km,53000,UP,manual,petrol,8974,2
delhi,Honda Amaze,2019,528000,27K km,27000,DL,manual,petrol,8991,6
delhi,BMW X1,2019,1830000,50.5K km,50500,HR,automatic,diesel,31473,6
delhi,Tata Nexon,2022,768000,26K km,26000,DL,manual,petrol,13078,3
delhi,Maruti Alto 800,2017,263000,49.5K km,49500,UP,manual,petrol,4700,8
delhi,Maruti Vitara Brezza,2021,749000,25K km,25000,DL,manual,petrol,12755,4
delhi,Maruti Celerio,2022,489000,9.5K km,9500,DL,manual,petrol,8327,3
delhi,Tata Nexon,2022,1032000,15.5K km,15500,DL,automatic,petrol,17748,3
delhi,Honda Amaze,2021,698000,13K km,13000,DL,manual,petrol,11886,4
delhi,Honda Jazz,2018,498000,59K km,59000,DL,manual,petrol,7950,7
delhi,Hyundai Creta,2019,998000,54K km,54000,DL,automatic,petrol,16995,6
delhi,Hyundai Grand i10,2015,340000,68K km,68000,DL,manual,petrol,6188,10
delhi,Nissan Magnite,2023,498000,33K km,33000,DL,manual,petrol,8480,2
delhi,Volkswagen Polo,2017,624000,58.5K km,58500,DL,automatic,petrol,9962,8
delhi,Renault Triber,2020,463000,102.5K km,102500,DL,automatic,petrol,7884,5
delhi,Maruti Alto K10,2015,259000,51.5K km,51500,DL,manual,petrol,4714,10
delhi,Hyundai Eon,2012,205000,26.5K km,26500,DL,manual,petrol,7309,13
delhi,Toyota Etios,2015,372000,58K km,58000,UP,manual,petrol,6348,10
delhi,Maruti Baleno,2018,535000,57K km,57000,UP,automatic,petrol,9110,7
delhi,Jeep Compass,2021,1850000,36.5K km,36500,UP,automatic,petrol,31817,4
delhi,Maruti Alto K10,2015,268000,68K km,68000,DL,automatic,petrol,4878,10
delhi,Maruti Swift,2023,635000,17.5K km,17500,DL,manual,petrol,10813,2
delhi,Toyota Urban Cruiser Hyryder,2023,1519000,28.5K km,28500,UP,manual,petrol,26123,2
delhi,Maruti Swift,2024,678000,10.5K km,10500,DL,manual,petrol,11545,1
delhi,Ford EcoSport,2019,658000,60.5K km,60500,DL,manual,diesel,11205,6
delhi,Maruti Grand Vitara,2023,1239000,33K km,33000,DL,manual,petrol,21308,2
delhi,Maruti Baleno,2024,759000,9.5K km,9500,DL,automatic,petrol,12925,1
delhi,Tata Punch,2024,699000,4K km,4000,UP,manual,petrol,11903,1
delhi,Maruti Wagon R 1.0,2021,498000,34K km,34000,DL,manual,petrol+cng,8480,4
delhi,Maruti Wagon R 1.0,2022,576000,18.5K km,18500,DL,manual,petrol+cng,9808,3
delhi,Maruti Swift,2015,356000,28K km,28000,DL,manual,petrol,6480,10
delhi,Tata Punch,2021,559000,23K km,23000,UP,manual,petrol,9519,4
delhi,Tata Nexon,2019,666000,22K km,22000,DL,automatic,petrol,11341,6
delhi,Hyundai Eon,2012,162000,33.5K km,33500,DL,manual,petrol,10852,13
delhi,Maruti Swift,2015,386000,92.5K km,92500,DL,manual,petrol,7026,10
delhi,Maruti S-Presso,2022,442000,69.5K km,69500,DL,manual,petrol+cng,7527,3
delhi,Hyundai Grand i10,2015,370000,22K km,22000,DL,manual,petrol,6734,10
delhi,Maruti Swift,2021,572000,5K km,5000,DL,manual,petrol,9740,4
delhi,Maruti Swift,2023,649000,16.5K km,16500,UP,manual,petrol,11052,2
delhi,Maruti Vitara Brezza,2021,973000,38K km,38000,DL,automatic,petrol,16569,4
delhi,Nissan Magnite,2022,635000,56K km,56000,DL,manual,petrol,10813,3
delhi,Honda City,2017,756000,21K km,21000,DL,automatic,petrol,12874,8
delhi,Maruti Baleno,2023,759000,17K km,17000,DL,manual,petrol+cng,12925,2
delhi,Ford EcoSport,2019,694000,39.5K km,39500,DL,manual,petrol,11818,6
delhi,Hyundai Grand i10,2017,417000,70.5K km,70500,DL,manual,petrol,7101,8
delhi,Ford EcoSport,2017,554000,60K km,60000,DL,manual,petrol,9434,8
delhi,Hyundai Grand i10,2016,452000,42.5K km,42500,DL,automatic,petrol,7697,9
delhi,Maruti Alto 800,2017,268000,29K km,29000,DL,manual,petrol,4789,8
delhi,Ford EcoSport,2015,418000,69K km,69000,DL,manual,petrol,7608,10
delhi,Tata Tiago,2017,522000,34K km,34000,DL,manual,petrol,5943,8
delhi,Datsun Redi-GO,2018,254000,78.5K km,78500,UP,automatic,petrol,6846,7
delhi,Maruti Swift Dzire,2012,274000,58.5K km,58500,DL,manual,petrol,10421,13
delhi,Honda WR-V,2017,556000,37.5K km,37500,DL,manual,petrol,9468,8
delhi,Hyundai Verna,2017,702000,81K km,81000,DL,automatic,petrol,11954,8
delhi,Hyundai Elite i20,2015,431000,59.5K km,59500,DL,manual,petrol,7845,10
delhi,Maruti Baleno,2021,647000,40.5K km,40500,DL,manual,petrol,11018,4
delhi,Hyundai Aura,2024,802000,5.5K km,5500,DL,manual,petrol+cng,13657,1
delhi,Maruti Swift,2015,384000,22K km,22000,DL,manual,petrol,6989,10
delhi,Hyundai Venue,2021,830000,20K km,20000,DL,manual,petrol,14134,4
delhi,Maruti Baleno,2018,500000,37.5K km,37500,DL,manual,petrol,8514,7
delhi,Honda City,2017,802000,38.5K km,38500,DL,automatic,petrol,13657,8
delhi,Volkswagen Polo,2016,341000,73.5K km,73500,UP,manual,petrol,5444,9
delhi,Toyota Corolla Altis,2019,1139000,79K km,79000,UP,automatic,petrol,19587,6
delhi,Tata Tiago,2021,589000,28.5K km,28500,DL,automatic,petrol,10030,4
delhi,Tata Tiago,2018,439000,24K km,24000,DL,manual,petrol,7475,7
delhi,Maruti Ciaz,2017,652000,66K km,66000,DL,automatic,petrol,11103,8
delhi,Tata Altroz,2022,644000,22K km,22000,DL,manual,petrol,10966,3
delhi,Hyundai i10,2012,173000,44.5K km,44500,DL,manual,petrol,6579,13
delhi,Hyundai Grand i10 Nios,2021,574000,71K km,71000,DL,manual,petrol+cng,9774,4
delhi,Hyundai Venue,2020,675000,54K km,54000,UP,manual,petrol,11494,5
delhi,Tata Tiago,2020,394000,36.5K km,36500,DL,manual,petrol,6709,5
delhi,Renault Kwid,2021,370000,24K km,24000,DL,manual,petrol,6300,4
delhi,Honda Jazz,2018,491000,35K km,35000,DL,automatic,petrol,7838,7
delhi,Toyota Urban Cruiser Hyryder,2024,1889000,10.5K km,10500,UP,automatic,petrol,32491,1
delhi,Tata Altroz,2023,849000,23.5K km,23500,UP,manual,diesel,14457,2
delhi,Renault Kwid,2022,398000,9.5K km,9500,DL,manual,petrol,6777,3
delhi,Hyundai Elite i20,2014,426000,59.5K km,59500,DL,manual,petrol+cng,9142,11
delhi,Maruti Swift,2020,617000,45K km,45000,UP,automatic,petrol,10507,5
delhi,Maruti Swift Dzire,2016,414000,56K km,56000,DL,manual,petrol,7050,9
delhi,Hyundai Elite i20,2020,579000,30.5K km,30500,DL,manual,petrol,9860,5
delhi,Hyundai New i20,2021,665000,28.5K km,28500,DL,manual,petrol,11324,4
delhi,Skoda Superb,2017,1349000,89K km,89000,DL,automatic,petrol,24347,8
delhi,Honda Amaze,2014,302000,51.5K km,51500,DL,manual,petrol,6481,11
delhi,Hyundai Verna,2022,1242000,48.5K km,48500,DL,automatic,petrol,21360,3
delhi,Maruti Ertiga,2014,566000,75.5K km,75500,DL,manual,petrol+cng,12147,11
delhi,Renault Kiger,2021,475000,36.5K km,36500,DL,automatic,petrol,8088,4
delhi,Tata Tiago,2020,484000,38.5K km,38500,DL,manual,petrol,8242,5
delhi,Renault Triber,2022,531000,46.5K km,46500,DL,manual,petrol,9042,3
delhi,Honda City,2018,815000,38.5K km,38500,UP,manual,petrol,13878,7
delhi,Hyundai Venue,2022,854000,72K km,72000,UP,manual,diesel,14543,3
delhi,Hyundai Grand i10,2015,334000,76.5K km,76500,DL,manual,petrol,6079,10
delhi,Maruti Celerio,2016,370000,53K km,53000,DL,automatic,petrol,6300,9
delhi,Honda Amaze,2022,749000,27.5K km,27500,DL,manual,petrol,12755,3
delhi,Maruti Swift,2016,379000,82K km,82000,DL,manual,petrol+cng,6454,9
delhi,Hyundai Grand i10,2019,464000,45.5K km,45500,DL,manual,petrol,7901,6
delhi,Tata Altroz,2022,710000,28K km,28000,DL,automatic,petrol,12090,3
delhi,Hyundai Verna,2018,879000,19.5K km,19500,DL,automatic,petrol,14968,7
delhi,MG Hector Plus,2021,1355000,79.5K km,79500,UP,manual,diesel,23296,4
delhi,Maruti Baleno,2016,427000,80.5K km,80500,DL,automatic,petrol,7271,9
delhi,Maruti Ertiga,2015,539000,56.5K km,56500,DL,manual,petrol,9811,10
delhi,Honda City,2015,491000,73K km,73000,DL,automatic,petrol,8937,10
delhi,Honda Amaze,2016,417000,43K km,43000,DL,manual,petrol,7101,9
delhi,Renault Kwid,2019,319000,20.5K km,20500,DL,manual,petrol,5432,6
delhi,Maruti Swift Dzire,2014,305000,89.5K km,89500,DL,manual,petrol,6545,11
delhi,Maruti Swift,2017,418000,40K km,40000,DL,manual,petrol,7118,8
delhi,Maruti Vitara Brezza,2018,565000,80.5K km,80500,UP,manual,diesel,9621,7
delhi,Hyundai Grand i10,2019,491000,31.5K km,31500,DL,manual,petrol,8361,6
delhi,Honda City,2015,464000,73K km,73000,DL,manual,petrol,8445,10
delhi,Hyundai Verna,2018,736000,66K km,66000,DL,manual,petrol,12533,7
delhi,Maruti Swift,2016,437000,47K km,47000,DL,manual,petrol,7441,9
delhi,Hyundai Venue,2020,675000,54K km,54000,UP,manual,petrol,11494,5
delhi,Tata Tiago,2020,394000,36.5K km,36500,DL,manual,petrol,6709,5
delhi,Maruti Ertiga,2014,566000,75.5K km,75500,DL,manual,petrol+cng,12147,11
delhi,Renault Kiger,2021,475000,36.5K km,36500,DL,automatic,petrol,8088,4
delhi,Tata Tiago,2020,484000,38.5K km,38500,DL,manual,petrol,8242,5
delhi,Renault Triber,2022,531000,46.5K km,46500,DL,manual,petrol,9042,3
delhi,Maruti Baleno,2016,427000,80.5K km,80500,DL,automatic,petrol,7271,9
delhi,Honda City,2015,491000,73K km,73000,DL,automatic,petrol,8937,10
gurgaon,Hyundai Venue,2022,851000,28.5K km,28500,HR,manual,petrol,14492,3
gurgaon,Hyundai Eon,2014,215000,52K km,52000,HR,manual,petrol,4325,11
gurgaon,Kia Sonet,2022,1168000,24.5K km,24500,HR,automatic,petrol,20087,3
gurgaon,Hyundai Elite i20,2018,624000,23K km,23000,HR,manual,petrol,10626,7
gurgaon,Tata Nexon,2022,878000,19K km,19000,DL,manual,petrol,14951,3
gurgaon,Renault Kiger,2022,562000,39K km,39000,HR,manual,petrol,9570,3
gurgaon,Honda Amaze,2019,599000,40.5K km,40500,DL,automatic,petrol,10200,6
gurgaon,Hyundai Venue,2022,1039000,26K km,26000,HR,automatic,petrol,17868,3
gurgaon,Volkswagen Virtus,2024,1149000,26K km,26000,HR,manual,petrol,19760,1
gurgaon,Renault Kwid,2020,348000,19.5K km,19500,HR,automatic,petrol,5926,5
gurgaon,Maruti Wagon R 1.0,2013,283000,46.5K km,46500,DL,manual,petrol+cng,7628,12
gurgaon,Tata Tiago,2018,409000,79.5K km,79500,DL,automatic,petrol,6965,7
gurgaon,Mahindra Thar,2021,1039000,41K km,41000,HR,manual,petrol,17868,4
gurgaon,Toyota Innova Crysta,2023,2063000,51K km,51000,HR,automatic,petrol,35478,2
gurgaon,Tata Tiago,2021,512000,53K km,53000,HR,manual,petrol,8719,4
gurgaon,Kia Seltos,2020,1219000,51K km,51000,HR,automatic,diesel,20379,5
gurgaon,Volvo V40 Cross Country,2016,1180000,50K km,50000,UP,automatic,petrol,20293,9
gurgaon,Mercedes GLC,2017,3150000,61K km,61000,DL,automatic,petrol,54176,8
gurgaon,Mercedes GLA,2017,1970000,40K km,40000,HR,automatic,petrol,33881,8
gurgaon,Mercedes GLA,2019,2300000,50K km,50000,DL,automatic,petrol,39556,6
gurgaon,BMW X1,2020,2950000,21K km,21000,HR,automatic,petrol,50736,5
gurgaon,Mercedes C-Class,2017,2500000,63K km,63000,HR,automatic,petrol,42996,8
gurgaon,Hyundai Venue,2021,705000,25K km,25000,HR,manual,petrol,12005,4
gurgaon,Maruti New Ertiga,2022,819000,27.5K km,27500,DL,manual,petrol,13947,3
gurgaon,Kia Sonet,2021,876000,36K km,36000,HR,manual,petrol,14917,4
gurgaon,Kia Carens,2023,1319000,16K km,16000,HR,manual,petrol,22684,2
gurgaon,Tata Punch,2024,929000,3.5K km,3500,HR,automatic,petrol,15820,1
gurgaon,Hyundai Elite i20,2015,493000,45K km,45000,HR,manual,petrol,8973,10
gurgaon,Maruti Baleno,2015,484000,25.5K km,25500,HR,manual,petrol,8809,10
gurgaon,Ford EcoSport,2019,709000,70.5K km,70500,HR,automatic,petrol,12073,6
gurgaon,Hyundai Venue,2022,989000,42.5K km,42500,HR,manual,petrol,16842,3
gurgaon,Kia Seltos,2019,1129000,102K km,102000,HR,automatic,petrol,19416,6
gurgaon,Tata Altroz,2020,540000,105K km,105000,HR,manual,petrol,9195,5
gurgaon,Hyundai Elite i20,2018,518000,25.5K km,25500,DL,manual,petrol,8821,7
gurgaon,Hyundai Venue,2020,768000,55.5K km,55500,HR,manual,petrol,13078,5
gurgaon,Maruti Baleno,2016,514000,30K km,30000,HR,automatic,petrol,8753,9
gurgaon,Tata Nexon,2022,755000,33K km,33000,HR,manual,petrol,12857,3
gurgaon,Maruti Baleno,2018,544000,76.5K km,76500,HR,automatic,petrol,9264,7
gurgaon,Mercedes GLA,2016,1800000,57K km,57000,DL,automatic,petrol,30957,9
gurgaon,BMW 3 Series GT,2018,2650000,56.5K km,56500,HR,automatic,petrol,45576,7
gurgaon,Audi Q3,2018,1970000,66.5K km,66500,UP,automatic,petrol,33881,7
gurgaon,Audi A3,2019,1950000,62K km,62000,DL,automatic,petrol,33537,6
gurgaon,Mahindra Thar,2021,1149000,60K km,60000,HR,manual,diesel,19760,4
gurgaon,Hyundai New i20,2023,859000,23K km,23000,DL,manual,petrol,14628,2
gurgaon,Hyundai Venue,2022,916000,30K km,30000,HR,manual,petrol,15598,3
gurgaon,Maruti Baleno,2018,575000,44K km,44000,HR,manual,petrol,9791,7
gurgaon,Skoda Slavia,2022,1218000,10.5K km,10500,HR,automatic,petrol,20947,3
gurgaon,Mahindra Thar,2021,1165000,48.5K km,48500,HR,manual,diesel,20034,4
gurgaon,Kia Sonet,2021,917000,17.5K km,17500,HR,manual,petrol,15615,4
gurgaon,Maruti S-Cross,2021,859000,26K km,26000,HR,manual,petrol,14628,4
gurgaon,Hyundai Creta,2016,727000,64K km,64000,HR,manual,petrol,12380,9
gurgaon,MG Hector,2020,1217000,42K km,42000,HR,automatic,petrol,20929,5
gurgaon,Hyundai Elite i20,2019,529000,21.5K km,21500,HR,manual,petrol,9008,6
gurgaon,Hyundai New i20,2021,897000,27K km,27000,DL,automatic,petrol,15275,4
gurgaon,Hyundai Elite i20,2017,460000,83K km,83000,HR,manual,petrol,7833,8
gurgaon,Renault Triber,2020,563000,53K km,53000,HR,automatic,petrol,9587,5
gurgaon,Maruti Ciaz,2015,492000,85.5K km,85500,HR,manual,petrol,8955,10
gurgaon,Honda Jazz,2015,342000,65.5K km,65500,HR,manual,petrol,5836,10
gurgaon,Hyundai New Santro 1.1,2019,426000,117K km,117000,HR,manual,petrol+cng,6801,6
gurgaon,Hyundai Venue,2020,765000,76K km,76000,HR,automatic,petrol,13027,5
gurgaon,Honda City,2017,740000,71.5K km,71500,HR,automatic,petrol,12601,8
gurgaon,Mercedes C-Class,2020,3450000,33K km,33000,DL,automatic,petrol,59336,5
gurgaon,Maruti Baleno,2018,524000,35.5K km,35500,DL,manual,petrol,8923,7
gurgaon,Hyundai New i20,2023,1039000,8.5K km,8500,HR,automatic,petrol,17868,2
gurgaon,Hyundai Elite i20,2015,497000,29K km,29000,DL,manual,petrol,9046,10
gurgaon,Tata Curvv,2024,1412000,2K km,2000,HR,automatic,petrol,9698,1
gurgaon,Maruti Baleno,2020,672000,25K km,25000,HR,manual,petrol,11443,5
gurgaon,Maruti Baleno,2018,565000,56.5K km,56500,HR,manual,petrol,9621,7
gurgaon,Nissan Magnite,2023,890000,10.5K km,10500,HR,automatic,petrol,15156,2
gurgaon,Hyundai Creta,2019,962000,61.5K km,61500,DL,automatic,diesel,16382,6
gurgaon,Hyundai New i20,2021,749000,56.5K km,56500,HR,manual,petrol,12755,4
gurgaon,Tata Nexon,2023,899000,16.5K km,16500,DL,automatic,petrol,15309,2
gurgaon,Maruti Ignis,2019,440000,43K km,43000,HR,manual,petrol,7492,6
gurgaon,Mahindra Thar,2022,1240000,39K km,39000,HR,automatic,petrol,21324,3
gurgaon,Maruti Swift,2017,378000,44.5K km,44500,HR,manual,petrol,6437,8
gurgaon,Maruti Baleno,2018,520000,13K km,13000,HR,automatic,petrol,8855,7
gurgaon,Maruti Vitara Brezza,2019,604000,75.5K km,75500,HR,manual,diesel,10285,6
gurgaon,Renault Triber,2021,455000,72.5K km,72500,HR,manual,petrol,7748,4
gurgaon,Kia Seltos,2021,1125000,52K km,52000,HR,manual,diesel,19348,4
gurgaon,Renault Kwid,2022,356000,70K km,70000,HR,manual,petrol,6062,3
gurgaon,Renault Kwid,2019,349000,62.5K km,62500,DL,automatic,petrol,5943,6
gurgaon,Maruti Celerio,2019,380000,111K km,111000,HR,manual,petrol,6471,6
gurgaon,Kia Sonet,2021,997000,37.5K km,37500,HR,manual,petrol,16978,4
gurgaon,Kia Seltos,2021,1183000,73K km,73000,HR,automatic,petrol,20344,4
gurgaon,Maruti XL6,2022,1048000,48.5K km,48500,HR,automatic,petrol,18023,3
gurgaon,Tata Altroz,2022,778000,11K km,11000,HR,automatic,petrol,13248,3
gurgaon,Maruti Brezza,2023,1054000,32K km,32000,HR,manual,petrol+cng,18119,2
gurgaon,Renault Triber,2023,687000,7K km,7000,HR,manual,petrol,11699,2
gurgaon,Maruti Baleno,2015,495000,23.5K km,23500,HR,manual,petrol,9010,10
gurgaon,Hyundai Creta,2022,1149000,75K km,75000,HR,manual,petrol,19760,3
gurgaon,Hyundai New Santro 1.1,2019,435000,33K km,33000,HR,manual,petrol,6944,6
gurgaon,Maruti Ertiga,2014,526000,71.5K km,71500,HR,manual,petrol,11289,11
gurgaon,Maruti Ciaz,2017,714000,29K km,29000,HR,automatic,petrol,12159,8
gurgaon,Maruti S-Presso,2020,374000,40.5K km,40500,DL,manual,petrol,6369,5
gurgaon,Tata Tiago,2017,340000,122.5K km,122500,DL,manual,petrol,5790,8
gurgaon,Hyundai Elite i20,2015,456000,72.5K km,72500,DL,manual,petrol,8300,10
gurgaon,Renault Duster,2016,449000,84.5K km,84500,HR,manual,petrol,7646,9
gurgaon,Kia Seltos,2019,925000,77.5K km,77500,HR,manual,petrol,15752,6
gurgaon,Maruti A-Star,2012,218000,75K km,75000,HR,manual,petrol,7773,13
gurgaon,Maruti Ciaz,2018,626000,53.5K km,53500,HR,manual,petrol,10660,7
gurgaon,Maruti Alto 800,2013,205000,27.5K km,27500,HR,manual,petrol,5685,12
gurgaon,Hyundai Elite i20,2015,398000,94.5K km,94500,HR,manual,petrol,7244,10
gurgaon,Hyundai Venue,2022,897000,36.5K km,36500,HR,manual,petrol,15275,3
gurgaon,Kia Sonet,2021,1129000,34.5K km,34500,HR,automatic,diesel,19416,4
gurgaon,Kia Sonet,2021,1039000,6.5K km,6500,HR,manual,petrol,17868,4
gurgaon,Tata Nexon,2020,768000,43K km,43000,HR,manual,petrol,13078,5
gurgaon,Maruti Dzire,2018,489000,42.5K km,42500,DL,manual,petrol,8327,7
gurgaon,Kia Carens,2022,1227000,18K km,18000,DL,manual,petrol,21101,3
gurgaon,Maruti Baleno,2016,445000,55K km,55000,HR,manual,petrol,7578,9
gurgaon,Hyundai Venue,2019,752000,70K km,70000,HR,automatic,petrol,12806,6
gurgaon,Honda City,2023,1259000,22.5K km,22500,HR,manual,petrol,21652,2
gurgaon,Hyundai Creta,2016,818000,50K km,50000,HR,automatic,petrol,13930,9
gurgaon,Renault Kwid,2017,280000,55K km,55000,HR,manual,petrol,4768,8
gurgaon,Hyundai Verna,2019,746000,58K km,58000,HR,manual,petrol,12703,6
gurgaon,Tata Altroz,2020,580000,52K km,52000,HR,manual,petrol,9877,5
gurgaon,Volkswagen Polo,2011,245000,111.5K km,111500,HR,manual,petrol,16412,14
gurgaon,Maruti Alto K10,2023,443000,26.5K km,26500,DL,manual,petrol,7544,2
gurgaon,Mahindra KUV100,2017,323000,35.5K km,35500,HR,manual,petrol,5500,8
gurgaon,Hyundai Elite i20,2016,487000,60K km,60000,DL,manual,petrol,8293,9
gurgaon,Maruti Swift Dzire,2016,390000,50K km,50000,HR,manual,petrol,6641,9
gurgaon,Hyundai i10,2012,236000,35.5K km,35500,HR,automatic,petrol,16863,13
gurgaon,Maruti Baleno,2019,522000,100.5K km,100500,HR,manual,petrol,8889,6
gurgaon,Hyundai New Santro 1.1,2020,462000,52.5K km,52500,HR,manual,petrol+cng,7375,5
gurgaon,Hyundai Elite i20,2018,597000,40K km,40000,DL,manual,petrol+cng,10166,7
gurgaon,Honda Amaze,2018,498000,20K km,20000,HR,manual,petrol,8480,7
gurgaon,Hyundai Grand i10 Nios,2021,611000,45K km,45000,HR,manual,petrol+cng,10404,4
gurgaon,Tata Nexon,2019,712000,44.5K km,44500,HR,manual,petrol,12124,6
gurgaon,Tata Altroz,2023,784000,12K km,12000,HR,manual,petrol,13351,2
gurgaon,Honda Jazz,2016,402000,74.5K km,74500,HR,manual,petrol,6417,9
gurgaon,Maruti Ciaz,2018,681000,51.5K km,51500,DL,manual,petrol,11597,7
gurgaon,Maruti S-Presso,2024,427000,10K km,10000,HR,manual,petrol,7271,1
gurgaon,Tata Tigor,2022,698000,21.5K km,21500,DL,manual,petrol+cng,11886,3
gurgaon,Honda City,2016,647000,54.5K km,54500,HR,automatic,petrol,11018,9
gurgaon,Hyundai Grand i10 Nios,2022,591000,32K km,32000,HR,manual,petrol,10064,3
gurgaon,Maruti Wagon R 1.0,2013,229000,81.5K km,81500,HR,manual,petrol,6350,12
gurgaon,Datsun Redi-GO,2022,278000,66.5K km,66500,HR,manual,petrol,4734,3
gurgaon,Hyundai Venue,2021,885000,71.5K km,71500,HR,manual,diesel,15071,4
gurgaon,Maruti Baleno,2015,379000,94K km,94000,HR,manual,petrol,6898,10
gurgaon,Maruti Swift Dzire,2013,330000,62K km,62000,HR,manual,petrol,8895,12
gurgaon,Hyundai Verna,2024,1472000,23K km,23000,DL,automatic,petrol,25315,1
gurgaon,Tata Tiago,2019,464000,54K km,54000,HR,manual,petrol,7901,6
gurgaon,Maruti Ertiga,2012,461000,41K km,41000,HR,manual,petrol,17533,13
gurgaon,Hyundai Elite i20,2015,512000,26.5K km,26500,HR,manual,petrol,9319,10
gurgaon,Renault Kwid,2020,329000,36K km,36000,HR,manual,petrol,5602,5
gurgaon,Ford EcoSport,2020,738000,29.5K km,29500,HR,manual,petrol,12567,5
gurgaon,Renault Kwid,2022,439000,33K km,33000,HR,manual,petrol,7475,3
gurgaon,Renault Kwid,2022,355000,31K km,31000,HR,manual,petrol,6045,3
gurgaon,Maruti S-Cross,2021,911000,50.5K km,50500,HR,manual,petrol,15513,4
gurgaon,MG Astor,2024,1085000,8K km,8000,HR,manual,petrol,18659,1
gurgaon,Honda Amaze,2021,698000,48K km,48000,HR,automatic,petrol,11886,4
gurgaon,Renault Triber,2023,594000,36K km,36000,HR,manual,petrol,10115,2
gurgaon,Renault Triber,2023,596000,24K km,24000,HR,manual,petrol,10149,2
gurgaon,Hyundai Creta,2016,718000,88.5K km,88500,HR,automatic,petrol,12227,9
gurgaon,Mahindra Thar,2021,1149000,32K km,32000,HR,automatic,petrol,19759,4
gurgaon,Volkswagen Ameo,2018,490000,62.5K km,62500,HR,manual,petrol,7822,7
gurgaon,Honda Jazz,2016,378000,111.5K km,111500,HR,manual,petrol,6034,9
gurgaon,Hyundai Elite i20,2014,399000,114K km,114000,DL,manual,petrol,8563,11
gurgaon,Honda City,2016,598000,63K km,63000,HR,manual,petrol,10183,9
gurgaon,Hyundai Xcent,2014,282000,53K km,53000,HR,manual,petrol,5674,11
gurgaon,Honda Jazz,2015,363000,47K km,47000,DL,manual,petrol,6194,10
gurgaon,Honda City,2021,1123000,56K km,56000,HR,automatic,petrol,19313,4
gurgaon,Maruti Wagon R 1.0,2017,346000,56.5K km,56500,DL,manual,petrol+cng,5892,8
gurgaon,MG Hector,2020,1268000,70K km,70000,HR,manual,diesel,21805,5
gurgaon,Honda Amaze,2014,316000,60K km,60000,HR,manual,petrol,6781,11
gurgaon,Honda Amaze,2021,681000,27.5K km,27500,HR,manual,petrol,11597,4
gurgaon,Honda City,2023,1085000,7K km,7000,HR,manual,petrol,18660,2
gurgaon,Hyundai Creta,2017,779000,82K km,82000,HR,automatic,petrol,13265,8
gurgaon,Renault Kwid,2022,420000,33K km,33000,HR,manual,petrol,7152,3
gurgaon,Maruti Swift,2022,709000,11K km,11000,HR,automatic,petrol,12073,3
gurgaon,Tata Nexon,2021,884000,24.5K km,24500,HR,manual,petrol,15054,4
gurgaon,Maruti Ciaz,2017,637000,57.5K km,57500,HR,manual,petrol,10847,8
gurgaon,Honda City,2022,1239000,42K km,42000,DL,automatic,petrol,21308,3
gurgaon,Renault Kwid,2022,380000,22K km,22000,HR,manual,petrol,6471,3
gurgaon,Hyundai Tucson,2017,1201000,50.5K km,50500,HR,automatic,petrol,20656,8
gurgaon,Maruti Ertiga,2015,598000,55K km,55000,HR,automatic,petrol,10885,10
gurgaon,Honda WR-V,2017,598000,47K km,47000,HR,manual,petrol,10183,8
gurgaon,Tata Nexon,2021,856000,41K km,41000,HR,manual,petrol,14577,4
gurgaon,Hyundai i10,2013,223000,45K km,45000,DL,manual,petrol,6011,12
gurgaon,Maruti Swift Dzire,2015,368000,73.5K km,73500,DL,manual,petrol,6698,10
gurgaon,Toyota Etios,2011,218000,80K km,80000,DL,manual,petrol,14603,14
gurgaon,Maruti Baleno,2018,536000,38K km,38000,HR,automatic,petrol,9127,7
gurgaon,Maruti Swift Dzire,2012,293000,54.5K km,54500,HR,manual,petrol,11143,13
gurgaon,Tata Nexon,2023,922000,21.5K km,21500,HR,automatic,petrol,15701,2
gurgaon,Skoda Slavia,2022,1459000,26K km,26000,HR,automatic,petrol,25092,3
gurgaon,Honda City,2015,521000,58.5K km,58500,HR,manual,petrol,9483,10
gurgaon,Kia Sonet,2021,1078000,44K km,44000,HR,automatic,petrol,18539,4
gurgaon,Maruti S-Presso,2021,402000,37K km,37000,HR,manual,petrol,6845,4
gurgaon,Maruti Vitara Brezza,2019,646000,43.5K km,43500,HR,manual,diesel,11001,6
gurgaon,Kia Sonet,2021,995000,32.5K km,32500,DL,manual,petrol,16944,4
gurgaon,Maruti Ciaz,2018,690000,47K km,47000,HR,manual,petrol,11750,7
gurgaon,Renault Kwid,2018,260000,39.5K km,39500,HR,manual,petrol,4427,7
gurgaon,Tata Tiago,2020,517000,28K km,28000,HR,manual,petrol,8804,5
gurgaon,Honda WR-V,2021,789000,12.5K km,12500,DL,manual,petrol,13436,4
gurgaon,Hyundai Grand i10,2019,468000,62.5K km,62500,HR,manual,petrol,7969,6
gurgaon,Maruti Ritz,2012,198000,87.5K km,87500,HR,manual,petrol,7059,13
gurgaon,Nissan Sunny,2013,249000,91K km,91000,HR,manual,petrol,6292,12
gurgaon,Honda Amaze,2016,424000,39.5K km,39500,HR,manual,petrol,7220,9
gurgaon,Maruti Baleno,2022,568000,32.5K km,32500,HR,manual,petrol,9672,3
gurgaon,Maruti Baleno,2017,461000,79.5K km,79500,HR,manual,petrol,7850,8
gurgaon,Volkswagen Polo,2012,295000,60.5K km,60500,HR,manual,petrol,19761,13
gurgaon,Maruti Eeco,2022,529000,10.5K km,10500,HR,manual,petrol,8445,3
gurgaon,Hyundai Creta,2018,730000,113K km,113000,HR,manual,petrol,12431,7
gurgaon,Hyundai Creta,2016,745000,67K km,67000,HR,automatic,petrol,12686,9
gurgaon,Maruti Baleno,2017,525000,75.5K km,75500,HR,manual,petrol,8940,8
gurgaon,Renault Triber,2020,554000,13K km,13000,HR,automatic,petrol,9434,5
gurgaon,Ford EcoSport,2014,480000,60.5K km,60500,DL,automatic,petrol,10301,11
gurgaon,Hyundai Tucson,2018,1364000,41.5K km,41500,HR,automatic,petrol,23464,7
gurgaon,Volkswagen Vento,2021,981000,46K km,46000,DL,automatic,petrol,15661,4
gurgaon,Hyundai Verna,2021,1129000,25.5K km,25500,HR,automatic,petrol,19416,4
gurgaon,Hyundai Creta,2016,729000,74.5K km,74500,HR,automatic,petrol,12414,9
gurgaon,Ford EcoSport,2019,712000,40K km,40000,DL,manual,petrol,12124,6
gurgaon,Hyundai Creta,2016,751000,43.5K km,43500,HR,manual,petrol,12789,9
gurgaon,Hyundai New Santro 1.1,2019,434000,45.5K km,45500,HR,manual,petrol+cng,6928,6
gurgaon,Maruti Alto 800,2021,351000,7K km,7000,DL,manual,petrol,6273,4
gurgaon,Maruti Swift Dzire,2010,192000,55.5K km,55500,HR,manual,petrol,9698,15
gurgaon,Hyundai Grand i10,2016,348000,92.5K km,92500,HR,manual,petrol,5926,9
gurgaon,Nissan Magnite,2023,789000,19K km,19000,HR,manual,petrol,13436,2
gurgaon,Maruti Baleno,2017,427000,119K km,119000,HR,manual,petrol,7271,8
gurgaon,Hyundai Elite i20,2017,494000,70.5K km,70500,HR,manual,petrol,8412,8
gurgaon,Maruti Swift Dzire,2013,278000,91K km,91000,HR,manual,petrol,7493,12
gurgaon,Maruti Baleno,2016,433000,99.5K km,99500,HR,manual,petrol,7373,9
gurgaon,Maruti Ritz,2013,228000,69K km,69000,DL,manual,petrol,5761,12
gurgaon,Maruti Baleno,2016,465000,55.5K km,55500,HR,automatic,petrol,7918,9
gurgaon,Hyundai Verna,2019,746000,60.5K km,60500,DL,manual,petrol,12703,6
gurgaon,Maruti Vitara Brezza,2021,749000,35.5K km,35500,HR,manual,petrol,12755,4
gurgaon,Honda Jazz,2016,484000,15K km,15000,HR,manual,petrol,7727,9
gurgaon,Maruti Swift,2019,542000,26K km,26000,HR,automatic,petrol,9229,6
gurgaon,Maruti Ciaz,2017,630000,48K km,48000,HR,manual,petrol,9698,8
gurgaon,Tata Nexon,2021,829000,20K km,20000,HR,automatic,petrol,14117,4
gurgaon,Maruti Dzire,2022,732000,19.5K km,19500,HR,manual,petrol,12465,3
gurgaon,Nissan Magnite,2021,689000,33.5K km,33500,HR,manual,petrol,11733,4
gurgaon,Hyundai Creta,2019,1023000,18K km,18000,HR,manual,petrol,17591,6
gurgaon,Hyundai i20 Active,2015,492000,50.5K km,50500,HR,manual,petrol,8955,10
gurgaon,Maruti Baleno,2018,486000,58.5K km,58500,HR,automatic,petrol,8276,7
gurgaon,Toyota Etios Liva,2011,186000,70K km,70000,DL,manual,petrol,12459,14
gurgaon,Maruti Ciaz,2018,623000,87.5K km,87500,HR,manual,petrol,9698,7
gurgaon,Renault Kwid,2021,362000,37.5K km,37500,DL,manual,petrol,6164,4
gurgaon,Kia Seltos,2020,1161000,95.5K km,95500,HR,automatic,petrol,19958,5
gurgaon,Hyundai New Santro 1.1,2019,392000,69.5K km,69500,DL,manual,petrol+cng,6258,6
gurgaon,Honda City,2019,650000,82.5K km,82500,HR,manual,diesel,11069,6
gurgaon,Maruti Swift Dzire,2013,309000,73.5K km,73500,HR,manual,petrol,8329,12
gurgaon,Hyundai Grand i10,2019,458000,98K km,98000,HR,manual,petrol+cng,7799,6
gurgaon,Honda City,2021,1178000,33.5K km,33500,HR,automatic,petrol,20259,4
gurgaon,Hyundai Creta,2017,777000,83K km,83000,HR,automatic,petrol,13231,8
gurgaon,Volkswagen Polo,2015,427000,53.5K km,53500,HR,manual,petrol,7286,10
gurgaon,Hyundai Grand i10 Nios,2023,679000,41.5K km,41500,HR,manual,petrol+cng,11562,2
gurgaon,Tata Tigor,2022,697000,31.5K km,31500,HR,manual,petrol+cng,11869,3
gurgaon,Maruti S-Presso,2022,425000,10K km,10000,HR,manual,petrol,7237,3
gurgaon,Hyundai New i20,2023,816000,15.5K km,15500,HR,automatic,petrol,13896,2
gurgaon,Hyundai Elite i20,2015,453000,63.5K km,63500,HR,manual,petrol,8245,10
gurgaon,Maruti Swift,2018,495000,109K km,109000,HR,automatic,petrol,8429,7
gurgaon,Hyundai i10,2014,276000,53K km,53000,HR,manual,petrol,5923,11
gurgaon,Mahindra XUV 300,2019,792000,55K km,55000,HR,manual,diesel,13487,6
gurgaon,Renault Kwid,2021,338000,39.5K km,39500,HR,manual,petrol,5755,4
gurgaon,Maruti Baleno,2018,535000,50.5K km,50500,HR,manual,petrol,9110,7
gurgaon,Maruti Baleno,2019,584000,58.5K km,58500,HR,manual,petrol,9945,6
gurgaon,Maruti Wagon R 1.0,2015,312000,57K km,57000,HR,manual,petrol+cng,5679,10
gurgaon,Maruti Baleno,2019,514000,34.5K km,34500,DL,manual,petrol,8753,6
gurgaon,Maruti Ciaz,2017,559000,47K km,47000,HR,automatic,petrol,9519,8
gurgaon,Maruti Swift Dzire,2014,315000,45.5K km,45500,HR,manual,petrol,6760,11
gurgaon,Hyundai New Santro 1.1,2020,460000,92K km,92000,HR,manual,petrol+cng,7343,5
gurgaon,Maruti Swift Dzire,2013,277000,96.5K km,96500,HR,manual,petrol,7466,12
gurgaon,Hyundai Verna,2020,799000,50.5K km,50500,HR,manual,petrol,13606,5
gurgaon,Kia Carens,2022,1444000,19K km,19000,HR,manual,petrol,24828,3
gurgaon,Toyota Innova Crysta,2017,1238000,73.5K km,73500,DL,automatic,petrol,21286,8
gurgaon,Honda City,2018,699000,41K km,41000,HR,manual,petrol,11903,7
gurgaon,Maruti Eeco,2018,411000,14.5K km,14500,HR,manual,petrol,6561,7
gurgaon,MG Hector Plus,2020,1285000,89.5K km,89500,HR,manual,diesel,22098,5
gurgaon,Mahindra XUV 300,2019,662000,114.5K km,114500,HR,manual,diesel,11273,6
gurgaon,Mahindra Scorpio,2021,1239000,45.5K km,45500,HR,manual,diesel,21307,4
gurgaon,Maruti Ciaz,2018,600000,66.5K km,66500,HR,automatic,petrol,10217,7
gurgaon,Maruti Swift Dzire,2014,311000,43K km,43000,DL,manual,petrol,6674,11
gurgaon,Maruti Swift,2016,375000,68.5K km,68500,HR,manual,petrol+cng,6386,9
gurgaon,Maruti Alto 800,2022,367000,7K km,7000,HR,manual,petrol,6559,3
gurgaon,Maruti Baleno,2022,754000,39.5K km,39500,DL,automatic,petrol,12840,3
gurgaon,MG Hector Plus,2020,1259000,41.5K km,41500,HR,manual,petrol,21652,5
gurgaon,Mercedes E-Class,2017,3000000,46.5K km,46500,DL,automatic,petrol,51596,8
gurgaon,Tata Tiago,2018,405000,102K km,102000,DL,automatic,petrol,6896,7
gurgaon,Hyundai Grand i10,2017,372000,54.5K km,54500,HR,manual,petrol,6334,8
gurgaon,Honda Jazz,2018,510000,42.5K km,42500,HR,automatic,petrol,8142,7
gurgaon,BMW X1,2019,1830000,50.5K km,50500,HR,automatic,diesel,31473,6
gurgaon,Jeep Compass,2021,1850000,36.5K km,36500,UP,automatic,petrol,31817,4
gurgaon,Honda Accord,2018,1659000,79K km,79000,HR,automatic,petrol,28535,7
gurgaon,MG Hector,2021,1339000,34K km,34000,HR,automatic,petrol,23028,4
gurgaon,Hyundai Creta,2021,1268000,27K km,27000,HR,automatic,petrol,21807,4
gurgaon,Skoda Slavia,2022,859000,16.5K km,16500,HR,manual,petrol,14628,3
gurgaon,Tata Punch,2023,665000,11.5K km,11500,HR,automatic,petrol,11324,2
gurgaon,Toyota Innova Crysta,2023,1772000,21K km,21000,HR,manual,petrol,30476,2
gurgaon,Honda Amaze,2019,559000,83K km,83000,HR,manual,petrol+cng,9519,6
gurgaon,Hyundai Verna,2015,417000,89K km,89000,HR,manual,petrol,8949,10
gurgaon,Hyundai Aura,2020,565000,60.5K km,60500,HR,manual,petrol+cng,9621,5
gurgaon,Honda WR-V,2021,762000,20K km,20000,HR,manual,petrol,12976,4
gurgaon,Maruti Wagon R 1.2,2021,496000,38.5K km,38500,HR,automatic,petrol,8442,4
gurgaon,Renault Kiger,2022,768000,28K km,28000,HR,automatic,petrol,13078,3
gurgaon,Kia Seltos,2023,997000,15.5K km,15500,HR,manual,petrol,16978,2
gurgaon,Maruti S-Cross,2022,768000,19.5K km,19500,HR,manual,petrol,13078,3
gurgaon,Kia Seltos,2020,992000,49K km,49000,HR,manual,petrol,16893,5
gurgaon,Tata Tiago,2018,366000,117.5K km,117500,HR,manual,petrol,6232,7
gurgaon,Hyundai Grand i10,2014,302000,69.5K km,69500,HR,manual,petrol,6481,11
gurgaon,Maruti Alto K10,2017,265000,63K km,63000,DL,manual,petrol+cng,4512,8
gurgaon,Mahindra Thar,2021,1223000,54K km,54000,HR,automatic,petrol,21031,4
gurgaon,Maruti Baleno,2021,578000,36.5K km,36500,HR,manual,petrol,9843,4
gurgaon,Mahindra Thar,2021,1159000,25K km,25000,HR,manual,petrol,19931,4
gurgaon,Skoda Kushaq,2023,1149000,20.5K km,20500,HR,manual,petrol,19753,2
gurgaon,Hyundai Grand i10 Nios,2024,678000,2.5K km,2500,HR,manual,petrol,11545,1
gurgaon,Tata Punch,2022,716000,18.5K km,18500,HR,automatic,petrol,12193,3
gurgaon,Maruti Swift,2015,337000,84.5K km,84500,DL,manual,petrol,6134,10
gurgaon,Honda Mobilio,2016,399000,63.5K km,63500,HR,manual,petrol,6808,9
gurgaon,Maruti Celerio,2016,315000,73.5K km,73500,HR,automatic,petrol,5364,9
gurgaon,Honda City,2022,1039000,48.5K km,48500,DL,automatic,petrol,17868,3
gurgaon,Honda City,2020,1119000,25K km,25000,HR,automatic,petrol,19244,5
gurgaon,Maruti XL6,2024,1241000,11.5K km,11500,DL,automatic,petrol,21343,1
gurgaon,Hyundai New Santro 1.1,2019,417000,71K km,71000,DL,manual,petrol+cng,6657,6
gurgaon,Tata Nexon,2019,639000,31.5K km,31500,DL,manual,diesel,10881,6
gurgaon,Tata Punch,2022,692000,22.5K km,22500,HR,automatic,petrol,11784,3
gurgaon,Renault Kwid,2020,343000,70K km,70000,DL,automatic,petrol,5841,5
gurgaon,Maruti Baleno,2019,514000,103.5K km,103500,HR,manual,petrol,8753,6
gurgaon,Maruti Baleno,2016,434000,102.5K km,102500,HR,automatic,petrol,7390,9
gurgaon,Maruti New Ertiga,2021,849000,25.5K km,25500,DL,manual,petrol,14457,4
gurgaon,Nissan Kicks,2020,618000,50.5K km,50500,HR,manual,diesel,10524,5
gurgaon,Renault Kiger,2022,587000,14K km,14000,DL,manual,petrol,9996,3
gurgaon,Maruti Swift,2021,549000,9.5K km,9500,HR,automatic,petrol,9349,4
gurgaon,Maruti Swift,2022,647000,9K km,9000,HR,automatic,petrol,11018,3
gurgaon,Tata Nexon,2024,1109000,16K km,16000,HR,automatic,petrol,19072,1
gurgaon,Renault Kiger,2021,677000,9.5K km,9500,HR,manual,petrol,11528,4
gurgaon,Mahindra KUV100,2016,326000,48.5K km,48500,HR,manual,petrol,5551,9
gurgaon,Maruti Vitara Brezza,2020,598000,85K km,85000,DL,automatic,diesel,10183,5
gurgaon,Kia Seltos,2020,997000,22K km,22000,HR,manual,petrol,16978,5
gurgaon,Maruti Ignis,2019,436000,34.5K km,34500,HR,manual,petrol,7424,6
gurgaon,Maruti Wagon R 1.0,2022,489000,25K km,25000,HR,manual,petrol,8739,3
gurgaon,Maruti Baleno,2017,471000,47.5K km,47500,HR,manual,petrol,8020,8
gurgaon,Renault Kiger,2021,526000,20K km,20000,HR,automatic,petrol,8957,4
gurgaon,Maruti Ciaz,2017,527000,84K km,84000,HR,manual,petrol,8974,8
gurgaon,Hyundai Verna,2013,343000,88K km,88000,HR,manual,petrol,9245,12
gurgaon,Toyota Innova Crysta,2016,1125000,54K km,54000,HR,manual,petrol,19345,9
gurgaon,Honda Amaze,2020,658000,92.5K km,92500,DL,automatic,diesel,11205,5
gurgaon,Maruti Dzire,2024,738000,10.5K km,10500,HR,automatic,petrol,12567,1
gurgaon,Hyundai Creta,2017,810000,41K km,41000,HR,automatic,petrol,13793,8
gurgaon,Volkswagen Virtus,2022,1141000,44K km,44000,HR,automatic,petrol,19622,3
gurgaon,Maruti Baleno,2016,438000,60K km,60000,HR,manual,petrol,7458,9
gurgaon,Maruti Swift,2017,421000,51.5K km,51500,HR,manual,petrol,7169,8
gurgaon,Renault Triber,2022,598000,8K km,8000,HR,automatic,petrol,10183,3
gurgaon,Renault Triber,2020,443000,37K km,37000,HR,manual,petrol,7544,5
gurgaon,Tata Tigor,2022,638000,54K km,54000,HR,manual,petrol+cng,10864,3
gurgaon,Hyundai Verna,2023,1202000,33K km,33000,HR,automatic,petrol,20673,2
gurgaon,Mahindra Thar,2020,1134000,57.5K km,57500,HR,automatic,petrol,19498,5
gurgaon,Tata Tiago,2019,494000,23K km,23000,DL,manual,petrol,8412,6
gurgaon,Hyundai Grand i10 Nios,2021,645000,29.5K km,29500,DL,manual,petrol+cng,10983,4
gurgaon,Ford Figo Aspire,2016,387000,29K km,29000,DL,manual,petrol,6178,9
gurgaon,Kia Seltos,2021,1049000,89K km,89000,DL,manual,petrol,18040,4
gurgaon,Hyundai Grand i10,2018,509000,40.5K km,40500,UP,automatic,petrol,8667,7
gurgaon,Datsun Redi-GO,2019,197000,39.5K km,39500,DL,manual,petrol,4228,6
gurgaon,Maruti Ertiga,2014,502000,79K km,79000,UP,manual,petrol,10773,11
gurgaon,Renault Kwid,2019,315000,19K km,19000,UP,manual,petrol,5364,6
gurgaon,Hyundai Elite i20,2018,537000,15.5K km,15500,DL,manual,petrol,9144,7
gurgaon,Toyota Yaris,2020,614000,48K km,48000,DL,manual,petrol,9802,5
gurgaon,Hyundai Verna,2019,937000,47.5K km,47500,DL,automatic,petrol,15956,6
gurgaon,Honda Amaze,2013,295000,97K km,97000,DL,automatic,petrol,7951,12
gurgaon,Tata Punch,2023,828000,11K km,11000,DL,automatic,petrol,14100,2
gurgaon,Maruti Wagon R 1.0,2020,477000,24K km,24000,DL,manual,petrol+cng,8123,5
gurgaon,Maruti Vitara Brezza,2018,565000,80.5K km,80500,UP,manual,diesel,9621,7
gurgaon,Maruti Ciaz,2016,505000,70K km,70000,DL,manual,petrol,8599,9
gurgaon,Hyundai Venue,2020,778000,30.5K km,30500,DL,manual,petrol,13248,5
gurgaon,Maruti Ciaz,2018,616000,115.5K km,115500,DL,manual,petrol,10490,7
gurgaon,Renault Triber,2020,530000,45K km,45000,UP,automatic,petrol,9025,5
gurgaon,Hyundai Creta,2017,693000,108K km,108000,DL,automatic,petrol,11801,8
gurgaon,Maruti Swift,2020,611000,64K km,64000,DL,automatic,petrol,10404,5
gurgaon,Maruti Swift Dzire,2013,330000,70.5K km,70500,DL,manual,petrol+cng,8895,12
gurgaon,Tata Tigor,2021,549000,49K km,49000,DL,manual,petrol+cng,9349,4
gurgaon,Maruti Swift,2020,468000,33K km,33000,DL,manual,petrol,7969,5
gurgaon,Maruti Swift,2017,383000,58.5K km,58500,DL,manual,petrol,6522,8
gurgaon,Honda Jazz,2015,399000,122K km,122000,DL,automatic,petrol,6808,10
gurgaon,Maruti Baleno,2018,489000,37K km,37000,DL,manual,petrol,8327,7
gurgaon,Hyundai Grand i10,2014,367000,44.5K km,44500,DL,manual,petrol,7876,11
gurgaon,Honda WR-V,2017,632000,41K km,41000,DL,manual,petrol,10762,8
gurgaon,Honda City,2016,566000,57K km,57000,DL,manual,petrol,9638,9
gurgaon,Nissan Magnite,2021,795000,31K km,31000,DL,automatic,petrol,13538,4
gurgaon,Maruti Swift Dzire,2013,302000,39.5K km,39500,DL,manual,petrol,8140,12
gurgaon,Renault Kwid,2020,372000,25.5K km,25500,DL,automatic,petrol,6334,5
gurgaon,Maruti Swift,2012,256000,71.5K km,71500,DL,manual,petrol,9736,13
gurgaon,Hyundai Venue,2022,818000,58.5K km,58500,DL,manual,petrol,13930,3
gurgaon,Tata Punch,2022,680000,25.5K km,25500,DL,manual,petrol,11580,3
gurgaon,Tata Nexon,2019,668000,29.5K km,29500,DL,automatic,petrol,11375,6
gurgaon,Hyundai New i20,2021,697000,65.5K km,65500,UP,manual,petrol,11869,4
gurgaon,Maruti Dzire,2019,587000,27K km,27000,UP,automatic,petrol,9996,6
gurgaon,Tata Nexon,2019,678000,72K km,72000,DL,automatic,petrol,11545,6
gurgaon,Hyundai New Santro 1.1,2019,462000,56.5K km,56500,DL,manual,petrol+cng,7375,6
gurgaon,Renault Kwid,2019,392000,32K km,32000,DL,automatic,petrol,6675,6
gurgaon,Renault Triber,2019,523000,12.5K km,12500,DL,manual,petrol,8906,6
gurgaon,Hyundai New Santro 1.1,2020,490000,38.5K km,38500,DL,manual,petrol+cng,7822,5
gurgaon,Renault Triber,2021,558000,54.5K km,54500,DL,manual,petrol,9502,4
gurgaon,Hyundai Venue,2021,829000,22.5K km,22500,UP,manual,petrol,14117,4
gurgaon,Hyundai Verna,2011,346000,84K km,84000,DL,manual,petrol,24723,14
gurgaon,Honda Amaze,2014,358000,51K km,51000,DL,manual,petrol,7683,11
gurgaon,Renault Kiger,2021,618000,24K km,24000,UP,manual,petrol,10524,4
gurgaon,Hyundai New Santro 1.1,2019,420000,55K km,55000,DL,manual,petrol,6705,6
gurgaon,Honda Amaze,2019,601000,50K km,50000,DL,automatic,petrol,10234,6
gurgaon,Renault Kiger,2022,704000,24.5K km,24500,DL,automatic,petrol,11988,3
gurgaon,Renault Triber,2020,479000,28.5K km,28500,DL,manual,petrol,8157,5
gurgaon,Kia Sonet,2020,839000,87K km,87000,DL,manual,petrol,14287,5
gurgaon,Hyundai i10,2011,176000,91.5K km,91500,DL,manual,petrol,12575,14
gurgaon,Maruti Ciaz,2019,725000,6.5K km,6500,DL,automatic,petrol,12346,6
gurgaon,Hyundai Verna,2012,328000,68K km,68000,DL,manual,petrol,12474,13
gurgaon,Maruti Baleno,2022,632000,21K km,21000,UP,manual,petrol,10762,3
gurgaon,Honda City,2023,1171000,17K km,17000,DL,manual,petrol,20145,2
gurgaon,Maruti Baleno,2021,718000,31K km,31000,UP,automatic,petrol,12227,4
gurgaon,Ford EcoSport,2019,606000,108.5K km,108500,DL,manual,petrol,10319,6
gurgaon,Hyundai Grand i10 Nios,2021,570000,21.5K km,21500,DL,manual,petrol,9706,4
gurgaon,Hyundai Verna,2019,840000,89K km,89000,UP,automatic,petrol,14304,6
gurgaon,Honda Brio,2011,207000,35K km,35000,DL,manual,petrol,13866,14
gurgaon,Tata Tigor,2022,686000,20.5K km,20500,UP,automatic,petrol,11682,3
gurgaon,Renault Kiger,2023,673000,29.5K km,29500,UP,automatic,petrol,11460,2
gurgaon,Tata Altroz,2023,749000,25K km,25000,DL,automatic,petrol,12755,2
gurgaon,Maruti Swift,2020,524000,66.5K km,66500,UP,automatic,petrol,8923,5
gurgaon,Hyundai Verna,2012,319000,110K km,110000,DL,manual,petrol,12132,13
gurgaon,Hyundai New i20,2022,960000,20.5K km,20500,UP,automatic,petrol,16348,3
gurgaon,Renault Kwid,2020,386000,20K km,20000,DL,manual,petrol,6573,5
gurgaon,Maruti XL6,2021,939000,43K km,43000,DL,manual,petrol,15990,4
gurgaon,Hyundai New i20,2022,759000,31K km,31000,DL,automatic,petrol,12925,3
gurgaon,Toyota Glanza,2021,616000,55K km,55000,DL,manual,petrol,10490,4
gurgaon,Renault Kwid,2020,309000,25K km,25000,DL,manual,petrol,5262,5
gurgaon,Maruti Swift,2023,640000,8.5K km,8500,DL,manual,petrol,10898,2
gurgaon,Maruti Wagon R 1.0,2012,228000,17.5K km,17500,DL,manual,petrol,8843,13
gurgaon,Renault Kwid,2021,395000,55.5K km,55500,DL,automatic,petrol,6726,4
gurgaon,Tata Altroz,2023,726000,12.5K km,12500,UP,automatic,petrol,12363,2
gurgaon,Hyundai Verna,2021,1109000,64.5K km,64500,DL,automatic,petrol,19072,4
gurgaon,Hyundai New i20,2023,830000,28K km,28000,DL,manual,petrol,14134,2
gurgaon,Kia Carnival,2020,2428000,50K km,50000,DL,automatic,diesel,41756,5
gurgaon,Tata Tiago,2018,418000,35K km,35000,UP,manual,petrol,7118,7
gurgaon,Honda City,2015,580000,33K km,33000,UP,automatic,petrol,10557,10
gurgaon,Maruti Baleno,2016,405000,39K km,39000,HR,manual,petrol,6896,9
gurgaon,Tata Punch,2021,627000,25.5K km,25500,DL,manual,petrol,10677,4
gurgaon,Tata Nexon,2019,622000,51.5K km,51500,DL,manual,petrol,10592,6
gurgaon,Hyundai Grand i10,2017,424000,48.5K km,48500,DL,manual,petrol,7220,8
gurgaon,Volkswagen Polo,2012,269000,98K km,98000,DL,manual,petrol,9591,13
gurgaon,Renault Kwid,2022,394000,13.5K km,13500,HR,manual,petrol,6709,3
gurgaon,Hyundai Creta,2016,644000,67K km,67000,DL,manual,petrol,10966,9
gurgaon,Tata Altroz,2021,707000,25K km,25000,DL,manual,petrol,12039,4
gurgaon,Hyundai Grand i10,2020,475000,54.5K km,54500,DL,manual,petrol,8088,5
gurgaon,Maruti Ritz,2014,266000,41K km,41000,DL,manual,petrol,5352,11
gurgaon,Maruti Baleno,2018,488000,58K km,58000,DL,manual,petrol,8310,7
gurgaon,Maruti Wagon R 1.0,2013,242000,93K km,93000,DL,manual,petrol+cng,6523,12
gurgaon,Maruti Baleno,2016,493000,35.5K km,35500,DL,manual,petrol,8395,9
gurgaon,Hyundai i10,2011,185000,51K km,51000,DL,manual,petrol,13218,14
gurgaon,Maruti Celerio,2016,354000,47K km,47000,DL,automatic,petrol,6028,9
gurgaon,Tata Altroz,2021,670000,34K km,34000,DL,manual,petrol,11409,4
gurgaon,Tata Altroz,2021,639000,43K km,43000,UP,manual,petrol,10881,4
gurgaon,Maruti Baleno,2018,528000,28K km,28000,DL,manual,petrol,8991,7
gurgaon,Hyundai New Santro 1.1,2019,420000,85K km,85000,DL,manual,petrol+cng,6705,6
gurgaon,Honda Amaze,2023,798000,12K km,12000,DL,automatic,petrol,13589,2
gurgaon,Renault Kwid,2021,441000,12.5K km,12500,DL,manual,petrol,7509,4
gurgaon,Maruti Celerio,2017,385000,80K km,80000,DL,automatic,petrol,6556,8
gurgaon,Maruti Swift,2014,308000,107K km,107000,DL,manual,petrol,6610,11
gurgaon,Kia Sonet,2022,920000,45K km,45000,DL,manual,petrol,15667,3
gurgaon,Hyundai New i20,2022,768000,17K km,17000,DL,manual,petrol,13078,3
gurgaon,Hyundai New Santro 1.1,2021,476000,24.5K km,24500,DL,manual,petrol,7599,4
gurgaon,Volkswagen Polo,2017,467000,44.5K km,44500,DL,manual,petrol,7455,8
gurgaon,Ford EcoSport,2019,732000,77.5K km,77500,DL,automatic,petrol,12465,6
gurgaon,Volkswagen Polo,2014,307000,99.5K km,99500,UP,manual,petrol,6177,11
gurgaon,Maruti A-Star,2012,225000,79K km,79000,DL,automatic,petrol,8022,13
gurgaon,Tata Tiago,2023,568000,38.5K km,38500,UP,manual,petrol+cng,9672,2
gurgaon,Tata Nexon,2020,825000,26K km,26000,UP,automatic,petrol,14049,5
gurgaon,Ford EcoSport,2014,440000,72K km,72000,DL,automatic,petrol,9443,11
gurgaon,Maruti Vitara Brezza,2021,814000,39K km,39000,DL,manual,petrol,13861,4
gurgaon,Maruti Swift,2023,639000,17K km,17000,DL,manual,petrol,10881,2
gurgaon,Maruti Vitara Brezza,2022,810000,54K km,54000,DL,manual,petrol,13793,3
gurgaon,Renault Kiger,2022,630000,9K km,9000,DL,manual,petrol,10728,3
gurgaon,Maruti Swift,2016,374000,35.5K km,35500,DL,manual,petrol,6369,9
gurgaon,Honda City,2019,696000,52.5K km,52500,UP,manual,petrol,11852,6
gurgaon,Hyundai Creta,2016,697000,88.5K km,88500,UP,manual,petrol,11869,9
gurgaon,Maruti Swift Dzire,2015,351000,97K km,97000,DL,manual,petrol,6389,10
gurgaon,Maruti Ertiga,2015,515000,97K km,97000,UP,manual,petrol,9374,10
gurgaon,Hyundai Fluidic Verna 4S,2015,575000,57K km,57000,UP,manual,petrol,10466,10
gurgaon,Tata Tigor,2022,633000,70.5K km,70500,DL,manual,petrol+cng,10779,3
gurgaon,Toyota Glanza,2020,646000,47.5K km,47500,DL,automatic,petrol,11001,5
gurgaon,Maruti Celerio,2015,272000,55.5K km,55500,DL,manual,petrol,4951,10
gurgaon,Maruti Ciaz,2015,443000,57.5K km,57500,DL,automatic,petrol,8063,10
gurgaon,Maruti Baleno,2015,423000,44.5K km,44500,DL,manual,petrol,7699,10
gurgaon,Maruti Swift Dzire,2015,355000,72.5K km,72500,DL,manual,petrol,6461,10
gurgaon,Volkswagen Polo,2019,624000,42K km,42000,DL,manual,petrol,9962,6
gurgaon,Maruti Swift Dzire,2014,309000,97K km,97000,DL,manual,petrol,6631,11
gurgaon,MG Hector,2020,1170000,58.5K km,58500,DL,automatic,petrol,20122,5
gurgaon,Volkswagen Polo,2016,430000,54K km,54000,DL,manual,petrol+cng,7322,9
gurgaon,Maruti Alto K10,2011,151000,66K km,66000,DL,manual,petrol,10789,14
gurgaon,Maruti Celerio,2014,349000,68K km,68000,DL,manual,petrol+cng,7490,11
gurgaon,Maruti S-Presso,2022,419000,81.5K km,81500,DL,manual,petrol+cng,7135,3
gurgaon,Honda Amaze,2018,498000,38K km,38000,DL,manual,petrol,8480,7
gurgaon,Honda BR-V,2016,571000,86K km,86000,DL,manual,petrol,9723,9
gurgaon,Maruti Celerio,2015,314000,90K km,90000,DL,automatic,petrol,5715,10
gurgaon,Maruti Wagon R 1.0,2022,468000,4.5K km,4500,DL,manual,petrol,8364,3
gurgaon,Hyundai Elite i20,2017,475000,55K km,55000,DL,manual,petrol,8088,8
gurgaon,Honda Brio,2013,229000,55K km,55000,DL,manual,petrol,5786,12
gurgaon,Maruti Swift,2014,318000,66K km,66000,DL,manual,petrol,6824,11
gurgaon,Honda City,2019,754000,47K km,47000,DL,manual,petrol,12840,6
gurgaon,Kia Sonet,2021,846000,55.5K km,55500,DL,manual,petrol,14406,4
gurgaon,Renault Kwid,2020,356000,61.5K km,61500,DL,manual,petrol,6062,5
gurgaon,Hyundai Venue,2021,855000,27K km,27000,UP,manual,petrol,14560,4
gurgaon,Hyundai i10,2012,202000,68.5K km,68500,DL,manual,petrol,7682,13
gurgaon,Maruti Swift Dzire,2013,313000,82K km,82000,DL,manual,petrol+cng,8436,12
gurgaon,Ford EcoSport,2021,875000,33K km,33000,DL,manual,petrol,14900,4
gurgaon,Honda Amaze,2015,365000,26.5K km,26500,DL,manual,petrol,6643,10
gurgaon,Hyundai Eon,2013,202000,29K km,29000,DL,manual,petrol,5104,12
gurgaon,Honda Brio,2013,197000,95K km,95000,DL,manual,petrol,4978,12
gurgaon,Hyundai i20,2012,271000,33.5K km,33500,DL,manual,petrol,10307,13
gurgaon,Maruti Swift Dzire,2014,305000,89.5K km,89500,DL,manual,petrol,6545,11
gurgaon,Honda City,2017,768000,59.5K km,59500,DL,automatic,petrol,13078,8
gurgaon,Skoda Kushaq,2022,1098000,13K km,13000,DL,manual,petrol,18885,3
gurgaon,Hyundai Verna,2012,396000,27K km,27000,DL,automatic,petrol,15061,13
gurgaon,Maruti Wagon R 1.0,2014,289000,30K km,30000,DL,manual,petrol,6434,11
gurgaon,Hyundai Elite i20,2015,457000,73K km,73000,DL,manual,petrol,8315,10
gurgaon,Kia Sonet,2021,973000,50K km,50000,DL,manual,petrol,16569,4
gurgaon,Maruti Alto 800,2022,367000,10.5K km,10500,DL,manual,petrol,6559,3
gurgaon,Hyundai i20,2012,201000,57K km,57000,DL,manual,petrol,7644,13
gurgaon,Hyundai Elite i20,2015,421000,97.5K km,97500,UP,manual,petrol,7663,10
gurgaon,Tata Punch,2022,668000,37.5K km,37500,DL,manual,petrol,11375,3
gurgaon,Renault Kwid,2022,469000,16K km,16000,UP,automatic,petrol,7986,3
gurgaon,Maruti Ciaz,2022,859000,15K km,15000,UP,manual,petrol,14628,3
gurgaon,Tata Nexon,2021,710000,13.5K km,13500,DL,manual,petrol,12090,4
gurgaon,Skoda Slavia,2022,1378000,44.5K km,44500,UP,automatic,petrol,23699,3
gurgaon,Tata Tigor,2024,809000,10K km,10000,DL,manual,petrol+cng,13776,1
gurgaon,Hyundai Xcent,2015,353000,57K km,57000,DL,manual,petrol,6023,10
gurgaon,Maruti Swift,2020,698000,8.5K km,8500,DL,automatic,petrol,11886,5
gurgaon,Maruti Celerio,2021,549000,33.5K km,33500,UP,automatic,petrol,9349,4
gurgaon,Maruti Wagon R 1.0,2014,229000,61.5K km,61500,UP,manual,petrol,5098,11
gurgaon,Maruti Dzire,2017,507000,49K km,49000,UP,automatic,petrol,8633,8
gurgaon,Hyundai Aura,2022,602000,32K km,32000,UP,manual,petrol,10251,3
gurgaon,Maruti Vitara Brezza,2019,645000,67K km,67000,DL,automatic,diesel,10983,6
gurgaon,Maruti Celerio,2017,376000,95.5K km,95500,DL,automatic,petrol,6403,8
gurgaon,Ford EcoSport,2018,518000,46.5K km,46500,DL,manual,petrol,8821,7
gurgaon,Kia Seltos,2019,1177000,16K km,16000,DL,automatic,petrol,20242,6
gurgaon,Maruti Baleno,2016,420000,95.5K km,95500,DL,manual,petrol,7152,9
gurgaon,Honda City,2016,512000,76K km,76000,DL,manual,petrol,8719,9
gurgaon,Maruti Vitara Brezza,2022,871000,23.5K km,23500,DL,manual,petrol,14832,3
gurgaon,Honda Amaze,2016,432000,51.5K km,51500,DL,manual,petrol,7356,9
gurgaon,Hyundai Grand i10,2013,330000,49.5K km,49500,DL,manual,petrol,8895,12
gurgaon,Hyundai Elite i20,2016,445000,101.5K km,101500,DL,manual,petrol,7578,9
gurgaon,Maruti Ciaz,2015,470000,85.5K km,85500,DL,manual,petrol,8555,10
gurgaon,Nissan Sunny,2012,249000,54K km,54000,DL,manual,petrol,8878,13
gurgaon,Honda City,2022,1126000,12K km,12000,DL,manual,petrol,19364,3
gurgaon,Hyundai Creta,2016,632000,102K km,102000,DL,manual,petrol,10762,9
gurgaon,Maruti Baleno,2016,460000,76.5K km,76500,DL,manual,petrol,7833,9
gurgaon,Hyundai Grand i10,2013,298000,87.5K km,87500,DL,manual,petrol,8032,12
gurgaon,Hyundai Creta,2017,736000,94.5K km,94500,DL,automatic,petrol,12533,8
gurgaon,Honda Amaze,2015,380000,31K km,31000,UP,manual,petrol,6916,10
gurgaon,Hyundai Creta,2015,668000,39K km,39000,DL,manual,petrol,12159,10
gurgaon,Hyundai Verna,2018,736000,66K km,66000,DL,manual,petrol,12533,7
gurgaon,Hyundai Grand i10,2014,338000,58.5K km,58500,DL,automatic,petrol,7254,11
gurgaon,Hyundai Elite i20,2015,432000,81K km,81000,DL,manual,petrol,7863,10
gurgaon,Ford EcoSport,2015,460000,85K km,85000,DL,automatic,petrol,8373,10
gurgaon,Maruti Baleno,2017,398000,111K km,111000,DL,manual,petrol,6777,8
gurgaon,Hyundai Creta,2016,671000,46.5K km,46500,DL,manual,petrol,11426,9
gurgaon,Hyundai Creta,2018,772000,110.5K km,110500,DL,automatic,petrol,13146,7
gurgaon,Hyundai Venue,2021,810000,37.5K km,37500,UP,manual,petrol,13793,4
gurgaon,Maruti Swift,2017,418000,40K km,40000,DL,manual,petrol,7118,8
gurgaon,Renault Kwid,2021,393000,17.5K km,17500,DL,manual,petrol,6692,4
gurgaon,Hyundai Grand i10,2017,398000,58.5K km,58500,DL,manual,petrol,6777,8
gurgaon,Ford EcoSport,2016,471000,61K km,61000,UP,manual,petrol,8020,9
gurgaon,Hyundai Elite i20,2017,490000,111K km,111000,UP,manual,petrol,8344,8
gurgaon,Hyundai Creta,2018,789000,64K km,64000,DL,manual,petrol,13436,7
gurgaon,Hyundai Elite i20,2018,557000,35K km,35000,DL,manual,petrol,9485,7
gurgaon,Honda City,2017,630000,92.5K km,92500,DL,automatic,petrol,10728,8
gurgaon,Maruti Baleno,2017,535000,18.5K km,18500,DL,manual,petrol,9110,8
gurgaon,Hyundai Venue,2022,773000,84.5K km,84500,UP,manual,petrol,13163,3
gurgaon,Maruti Baleno,2017,504000,19K km,19000,DL,manual,petrol,8582,8
gurgaon,Maruti Baleno,2018,501000,38K km,38000,DL,manual,petrol,8531,7
gurgaon,Maruti Baleno,2016,419000,68.5K km,68500,DL,manual,petrol,7135,9
gurgaon,Hyundai Creta,2017,759000,54.5K km,54500,DL,manual,petrol,12925,8
gurgaon,Maruti Baleno,2017,404000,123K km,123000,DL,manual,petrol,6879,8
gurgaon,Hyundai Venue,2021,833000,98K km,98000,DL,automatic,petrol,14185,4
gurgaon,Hyundai Creta,2016,720000,67.5K km,67500,UP,automatic,petrol,12261,9
gurgaon,Tata Nexon,2019,763000,30K km,30000,DL,automatic,petrol,12993,6
gurgaon,Hyundai Venue,2019,732000,33K km,33000,DL,automatic,petrol,12465,6
gurgaon,Hyundai Grand i10,2018,459000,27.5K km,27500,DL,manual,petrol,7816,7
gurgaon,Maruti Baleno,2018,491000,72.5K km,72500,DL,manual,petrol,6879,7
gurgaon,Hyundai Verna,2018,869000,36.5K km,36500,DL,manual,petrol+cng,14798,7
gurgaon,Hyundai Creta,2016,633000,113K km,113000,DL,manual,petrol,10779,9
gurgaon,Honda Amaze,2013,263000,95.5K km,95500,DL,manual,petrol,7089,12
gurgaon,Hyundai Creta,2018,819000,40.5K km,40500,DL,manual,petrol,13947,7
gurgaon,Hyundai Venue,2021,811000,40.5K km,40500,UP,manual,petrol,13810,4
gurgaon,Honda City,2017,749000,90.5K km,90500,DL,automatic,petrol,12755,8
gurgaon,Maruti Swift,2015,385000,80.5K km,80500,DL,manual,petrol,7007,10
gurgaon,Hyundai Venue,2022,931000,3K km,3000,DL,manual,petrol,15854,3
gurgaon,Maruti Baleno,2018,479000,64.5K km,64500,DL,manual,petrol,8157,7
gurgaon,Tata Tiago,2019,413000,56K km,56000,UP,manual,petrol,7033,6
gurgaon,Ford EcoSport,2017,492000,78K km,78000,DL,manual,petrol,8378,8
gurgaon,Honda City,2014,411000,110K km,110000,DL,manual,petrol,8820,11
gurgaon,Hyundai Elite i20,2018,618000,53K km,53000,DL,automatic,petrol,10524,7
gurgaon,Hyundai Creta,2016,774000,52K km,52000,DL,automatic,petrol,13180,9
gurgaon,Renault Triber,2020,542000,31K km,31000,UP,manual,petrol,9229,5
gurgaon,Tata Nexon,2018,553000,103K km,103000,DL,manual,petrol,9417,7
gurgaon,Hyundai Creta,2016,769000,57.5K km,57500,DL,automatic,petrol,13095,9
gurgaon,Hyundai Verna,2013,410000,47K km,47000,DL,manual,petrol,11051,12
gurgaon,Honda Amaze,2020,707000,24.5K km,24500,DL,automatic,petrol,12039,5
gurgaon,Maruti Baleno,2018,480000,57K km,57000,DL,manual,petrol,8174,7
gurgaon,Toyota Glanza,2021,612000,21K km,21000,DL,manual,petrol,10422,4
gurgaon,Renault Triber,2021,592000,33.5K km,33500,DL,manual,petrol,10081,4
gurgaon,Honda Brio,2013,246000,74.5K km,74500,DL,manual,petrol,6216,12
gurgaon,Maruti Baleno,2016,435000,70.5K km,70500,DL,manual,petrol,7407,9
gurgaon,Hyundai Venue,2022,880000,24.5K km,24500,DL,manual,petrol,14985,3
gurgaon,Hyundai Elite i20,2018,583000,33.5K km,33500,DL,manual,petrol,9928,7
gurgaon,Maruti Baleno,2018,494000,46K km,46000,DL,manual,petrol,8412,7
gurgaon,Hyundai Venue,2021,831000,22K km,22000,DL,manual,petrol,14151,4
gurgaon,Tata Altroz,2023,825000,17.5K km,17500,DL,automatic,petrol,14049,2
gurgaon,Honda Amaze,2022,688000,27K km,27000,UP,automatic,petrol,11716,3
gurgaon,Honda Jazz,2022,875000,22.5K km,22500,DL,automatic,petrol,13969,3
gurgaon,Maruti Dzire,2018,508000,62.5K km,62500,UP,manual,petrol,8650,7
gurgaon,Honda Amaze,2019,539000,82.5K km,82500,UP,automatic,petrol,9178,6
gurgaon,Tata Tigor,2022,549000,34.5K km,34500,DL,manual,petrol,9349,3
gurgaon,Maruti Ignis,2022,597000,23.5K km,23500,UP,automatic,petrol,10166,3
gurgaon,MG Hector Plus,2020,1329000,63.5K km,63500,UP,automatic,petrol,22855,5
gurgaon,Honda City,2012,279000,94K km,94000,DL,manual,petrol,10611,13
gurgaon,Hyundai Xcent,2014,330000,61K km,61000,DL,manual,petrol,6639,11
gurgaon,Hyundai Elite i20,2015,464000,61K km,61000,DL,manual,petrol,8445,10
gurgaon,Maruti Ciaz,2016,492000,99.5K km,99500,DL,manual,petrol,8378,9
gurgaon,Maruti Swift Dzire,2016,412000,46K km,46000,DL,manual,petrol,7016,9
gurgaon,Maruti Alto 800,2017,275000,38K km,38000,DL,manual,petrol,4914,8
gurgaon,Tata Tiago NRG,2019,440000,20.5K km,20500,DL,manual,petrol,7492,6
gurgaon,Kia Sonet,2022,978000,12K km,12000,DL,manual,petrol,16654,3
gurgaon,Hyundai Grand i10,2014,341000,56K km,56000,DL,manual,petrol,7318,11
gurgaon,Tata Nexon,2022,789000,56K km,56000,DL,automatic,petrol,13436,3
gurgaon,Mahindra Thar,2020,1102000,52.5K km,52500,UP,manual,diesel,18952,5
gurgaon,Maruti Baleno,2018,572000,38.5K km,38500,DL,manual,petrol,9740,7
gurgaon,Maruti Swift,2011,218000,54.5K km,54500,DL,manual,petrol,15576,14
gurgaon,Hyundai Grand i10,2019,491000,31.5K km,31500,DL,manual,petrol,8361,6
gurgaon,Nissan Micra,2017,399000,31.5K km,31500,DL,automatic,petrol,6370,8
gurgaon,Volkswagen Polo,2012,265000,77.5K km,77500,DL,manual,petrol,9448,13
gurgaon,Hyundai Grand i10,2016,393000,33K km,33000,DL,manual,petrol,6692,9
gurgaon,Hyundai i20,2012,273000,50K km,50000,DL,manual,petrol,10383,13
gurgaon,Honda Amaze,2017,409000,60K km,60000,UP,manual,petrol,6965,8
gurgaon,Volkswagen Polo,2012,294000,73K km,73000,DL,manual,petrol,10482,13
gurgaon,Mahindra XUV 300,2020,859000,65K km,65000,UP,automatic,diesel,14628,5
gurgaon,Maruti Ciaz,2016,541000,65K km,65000,UP,manual,petrol,9212,9
gurgaon,Maruti Swift,2014,292000,122.5K km,122500,DL,manual,petrol,6266,11
gurgaon,Toyota Etios,2011,226000,50.5K km,50500,DL,manual,petrol,15139,14
gurgaon,Hyundai Creta,2016,676000,113K km,113000,DL,manual,petrol,11511,9
gurgaon,Honda Amaze,2014,321000,53.5K km,53500,DL,manual,petrol,6889,11
gurgaon,Renault Kwid,2021,412000,11.5K km,11500,DL,manual,petrol,7016,4
gurgaon,Hyundai Elite i20,2018,544000,50.5K km,50500,DL,manual,petrol,9264,7
gurgaon,Maruti Wagon R 1.0,2021,475000,77.5K km,77500,DL,manual,petrol+cng,8088,4
gurgaon,Datsun Redi-GO,2020,267000,25K km,25000,UP,manual,petrol,5730,5
gurgaon,Mahindra XUV700,2022,2059000,26K km,26000,UP,automatic,petrol,35410,3
gurgaon,Maruti Baleno,2019,468000,52.5K km,52500,DL,manual,petrol+cng,7969,6
gurgaon,Hyundai Grand i10,2019,512000,65.5K km,65500,DL,manual,petrol+cng,8719,6
gurgaon,Tata Nexon,2020,875000,43K km,43000,DL,automatic,petrol,14900,5
gurgaon,Kia Seltos,2020,1268000,55.5K km,55500,DL,manual,petrol,21807,5
gurgaon,Toyota Corolla Altis,2015,658000,46K km,46000,DL,manual,petrol,11977,10
gurgaon,Honda Amaze,2022,789000,31K km,31000,DL,automatic,petrol,13436,3
gurgaon,Maruti Swift Dzire,2012,322000,50K km,50000,DL,automatic,petrol,12246,13
gurgaon,Renault Duster,2013,370000,58.5K km,58500,DL,manual,petrol+cng,9973,12
gurgaon,Tata Nexon,2019,674000,45K km,45000,DL,manual,petrol,11477,6
gurgaon,Renault Duster,2017,564000,26.5K km,26500,DL,manual,petrol,9604,8
gurgaon,Maruti Swift,2019,576000,67K km,67000,DL,automatic,petrol,9808,6
gurgaon,Maruti Celerio,2016,367000,45K km,45000,UP,automatic,petrol,6249,9
gurgaon,Ford EcoSport,2019,667000,57.5K km,57500,DL,manual,diesel,11358,6
gurgaon,Maruti Wagon R 1.0,2021,482000,11.5K km,11500,DL,manual,petrol,8614,4
gurgaon,Tata Nexon,2021,917000,31.5K km,31500,DL,automatic,petrol,15615,4
gurgaon,Maruti S-Cross,2022,878000,23.5K km,23500,UP,manual,petrol,14951,3
gurgaon,Kia Seltos,2020,1138000,79K km,79000,DL,manual,petrol,19571,5
gurgaon,Hyundai i20 N Line,2021,829000,69K km,69000,DL,automatic,petrol,14117,4
gurgaon,Kia Sonet,2020,907000,48.5K km,48500,DL,manual,petrol,15445,5
gurgaon,Hyundai Verna,2023,1459000,18.5K km,18500,DL,automatic,petrol,25091,2
gurgaon,Maruti Swift,2023,642000,17K km,17000,UP,manual,petrol,10932,2
gurgaon,Maruti S-Cross,2019,685000,54.5K km,54500,DL,manual,diesel,11665,6
gurgaon,Ford EcoSport,2014,465000,43.5K km,43500,DL,manual,petrol,9979,11
gurgaon,Honda Amaze,2014,302000,94.5K km,94500,DL,manual,petrol,6481,11
gurgaon,Kia Sonet,2021,879000,31K km,31000,DL,manual,petrol,14968,4
gurgaon,Hyundai Grand i10,2015,398000,36.5K km,36500,DL,manual,petrol,7244,10
gurgaon,Hyundai Grand i10,2016,366000,61.5K km,61500,DL,manual,petrol,6232,9
gurgaon,Hyundai i10,2011,201000,56.5K km,56500,DL,manual,petrol,14362,14
gurgaon,Hyundai Verna,2017,765000,52K km,52000,DL,automatic,petrol,13027,8
gurgaon,Hyundai i20 Active,2015,441000,57.5K km,57500,DL,manual,petrol,8027,10
gurgaon,Hyundai Aura,2021,639000,17.5K km,17500,DL,manual,petrol,10881,4
gurgaon,Hyundai Venue,2022,872000,49K km,49000,DL,manual,petrol,14849,3
gurgaon,Hyundai Grand i10,2019,515000,2K km,2000,DL,manual,petrol,8770,6
gurgaon,Honda City,2015,472000,104.5K km,104500,DL,manual,petrol,8591,10
gurgaon,Hyundai i20 Active,2016,459000,55K km,55000,DL,manual,petrol,7816,9
gurgaon,Hyundai Verna,2012,374000,22.5K km,22500,DL,manual,petrol,14224,13
gurgaon,Hyundai i10,2011,198000,59.5K km,59500,DL,manual,petrol,14147,14
gurgaon,Maruti Baleno,2021,514000,34.5K km,34500,DL,manual,petrol,8753,4
gurgaon,Maruti Wagon R 1.0,2013,229000,84K km,84000,DL,manual,petrol,6350,12
gurgaon,Maruti Wagon R 1.0,2024,565000,6K km,6000,DL,manual,petrol,10097,1
gurgaon,Renault Triber,2021,456000,48.5K km,48500,DL,manual,petrol,7765,4
gurgaon,Renault Kiger,2021,603000,43K km,43000,DL,manual,petrol,10268,4
gurgaon,Maruti S-Cross,2022,920000,19.5K km,19500,UP,manual,petrol,15667,3
gurgaon,Honda Amaze,2019,543000,89K km,89000,DL,automatic,petrol,9246,6
gurgaon,Maruti Alto 800,2021,349000,13.5K km,13500,DL,manual,petrol,6237,4
gurgaon,Maruti Baleno,2019,598000,61K km,61000,DL,automatic,petrol,10183,6
gurgaon,Maruti Celerio,2017,303000,107K km,107000,DL,manual,petrol,5159,8
gurgaon,Honda Amaze,2015,370000,100.5K km,100500,DL,manual,petrol,6734,10
gurgaon,Ford Freestyle,2018,359000,102.5K km,102500,UP,manual,petrol,6534,7
gurgaon,Tata Nexon,2021,795000,88.5K km,88500,UP,manual,petrol,13538,4
gurgaon,Volkswagen Polo,2013,352000,71K km,71000,DL,manual,petrol,8895,12
gurgaon,Tata Tigor,2022,640000,59.5K km,59500,DL,manual,petrol+cng,10898,3
gurgaon,Maruti Baleno,2016,421000,80.5K km,80500,DL,manual,petrol,7169,9
gurgaon,Honda Amaze,2014,326000,42K km,42000,DL,manual,petrol,6996,11
gurgaon,Hyundai i10,2013,204000,75K km,75000,DL,manual,petrol,5498,12
gurgaon,Hyundai Xcent,2014,316000,102.5K km,102500,DL,manual,petrol,6358,11
gurgaon,Hyundai Creta,2016,747000,44K km,44000,DL,automatic,petrol,12720,9
gurgaon,Maruti Baleno,2016,442000,66K km,66000,DL,manual,petrol,7527,9
gurgaon,Honda Brio,2012,216000,71K km,71000,DL,manual,petrol,7701,13
gurgaon,Tata Nexon,2022,925000,46K km,46000,DL,manual,petrol,15752,3
gurgaon,Maruti Swift Dzire,2012,250000,100.5K km,100500,DL,manual,petrol,9508,13
gurgaon,Maruti Swift,2015,362000,66.5K km,66500,DL,manual,petrol+cng,6589,10
gurgaon,Hyundai Venue,2021,839000,30.5K km,30500,DL,manual,petrol,14287,4
gurgaon,Hyundai Creta,2019,932000,84K km,84000,DL,manual,petrol,15871,6
gurgaon,Hyundai Verna,2018,753000,61K km,61000,DL,manual,petrol,12823,7
gurgaon,Kia Carnival,2022,2688000,99.5K km,99500,UP,automatic,diesel,46234,3
gurgaon,Tata Altroz,2022,654000,23K km,23000,UP,manual,petrol,11131,3
gurgaon,Maruti Wagon R 1.0,2012,222000,91K km,91000,DL,manual,petrol+cng,8443,13
gurgaon,Maruti Swift Dzire,2012,280000,37.5K km,37500,DL,manual,petrol,10649,13
gurgaon,Hyundai i10,2011,190000,15K km,15000,DL,manual,petrol,13576,14
gurgaon,Hyundai Creta,2017,771000,90K km,90000,DL,automatic,petrol,13129,8
gurgaon,Maruti Swift,2011,207000,76.5K km,76500,DL,manual,petrol,14790,14
gurgaon,Hyundai i10,2011,205000,32.5K km,32500,DL,manual,petrol,14648,14
gurgaon,Maruti Baleno,2017,516000,37K km,37000,DL,manual,petrol,8787,8
gurgaon,Chevrolet Beat,2010,152000,33.5K km,33500,DL,manual,petrol,9698,15
gurgaon,Hyundai i20,2012,255000,49.5K km,49500,DL,manual,petrol,9698,13
gurgaon,Tata Tiago,2023,556000,11K km,11000,DL,manual,petrol,9468,2
gurgaon,Hyundai i10,2012,206000,58.5K km,58500,DL,manual,petrol,7834,13
gurgaon,Maruti Baleno,2021,519000,37K km,37000,DL,manual,petrol,8838,4
gurgaon,Hyundai Verna,2011,313000,44.5K km,44500,DL,manual,petrol+cng,22365,14
gurgaon,Hyundai Eon,2012,201000,54K km,54000,DL,manual,petrol,7166,13
gurgaon,Maruti Wagon R 1.0,2012,214000,24K km,24000,DL,manual,petrol,8300,13
gurgaon,Kia Seltos,2023,1486000,12K km,12000,DL,manual,petrol,25561,2
gurgaon,Hyundai Grand i10,2013,312000,22K km,22000,DL,manual,petrol,8410,12
gurgaon,Toyota Etios Liva,2011,195000,48K km,48000,DL,manual,petrol,13062,14
gurgaon,Ford EcoSport,2018,624000,39K km,39000,DL,automatic,petrol,10626,7
gurgaon,Maruti Alto,2012,165000,93K km,93000,DL,manual,petrol,6275,13
gurgaon,Hyundai Grand i10,2018,391000,121.5K km,121500,DL,manual,petrol,6658,7
gurgaon,Maruti Swift Dzire,2014,312000,103K km,103000,DL,manual,petrol,6696,11
gurgaon,Hyundai i10,2011,167000,71K km,71000,DL,manual,petrol,11932,14
gurgaon,Chevrolet Beat,2011,180000,24.5K km,24500,DL,manual,petrol,9698,14
gurgaon,Hyundai Grand i10,2015,367000,64K km,64000,DL,manual,petrol,6680,10
gurgaon,Maruti Swift Dzire,2011,236000,41K km,41000,DL,manual,petrol,16863,14
gurgaon,Hyundai Creta,2018,848000,83K km,83000,DL,automatic,petrol,14440,7
gurgaon,Hyundai Grand i10,2013,309000,89.5K km,89500,DL,manual,petrol,8329,12
gurgaon,Hyundai Grand i10,2014,339000,109K km,109000,DL,automatic,petrol,7275,11
gurgaon,Hyundai Grand i10,2017,417000,55.5K km,55500,DL,manual,petrol+cng,7101,8
gurgaon,Maruti Swift,2012,266000,100.5K km,100500,DL,manual,petrol,10116,13
gurgaon,Maruti Alto,2011,138000,73.5K km,73500,DL,manual,petrol,9860,14
gurgaon,Hyundai i10,2011,182000,25.5K km,25500,DL,manual,petrol,13004,14
gurgaon,Renault Triber,2020,535000,24.5K km,24500,DL,manual,petrol,9110,5
gurgaon,Maruti Swift,2013,284000,66.5K km,66500,DL,manual,petrol,7655,12
gurgaon,Tata Nexon,2020,712000,71.5K km,71500,UP,automatic,petrol,12124,5
gurgaon,Tata Nexon,2023,838000,18K km,18000,DL,manual,petrol,14270,2
gurgaon,Tata Tiago,2019,428000,38.5K km,38500,DL,manual,petrol,7288,6
gurgaon,Maruti Baleno,2016,414000,84.5K km,84500,DL,manual,petrol,7050,9
gurgaon,Hyundai Grand i10,2015,392000,32K km,32000,DL,manual,petrol,7135,10
gurgaon,Honda Amaze,2014,310000,60K km,60000,DL,manual,petrol,6653,11
gurgaon,Hyundai Verna,2014,458000,79K km,79000,DL,automatic,petrol,9829,11
gurgaon,Hyundai i10,2012,206000,56.5K km,56500,DL,manual,petrol,7834,13
gurgaon,Chevrolet Beat,2011,141000,76.5K km,76500,DL,manual,petrol,9698,14
gurgaon,Maruti Wagon R 1.0,2012,176000,94.5K km,94500,DL,manual,petrol,6826,13
gurgaon,Renault Triber,2022,611000,44K km,44000,UP,automatic,petrol,10404,3
gurgaon,Nissan Magnite,2022,685000,17.5K km,17500,DL,manual,petrol,11665,3
gurgaon,Ford Figo,2012,199000,43.5K km,43500,DL,manual,petrol,9698,13
gurgaon,Maruti Swift Dzire,2014,353000,82K km,82000,DL,manual,petrol,7576,11
gurgaon,Honda Jazz,2012,236000,72K km,72000,DL,manual,petrol,8414,13
gurgaon,Maruti Swift Dzire,2012,237000,42.5K km,42500,DL,manual,petrol,9013,13
gurgaon,Maruti Swift Dzire,2012,261000,86.5K km,86500,DL,manual,petrol,9926,13
gurgaon,Hyundai Grand i10,2013,292000,76.5K km,76500,DL,manual,petrol,7870,12
gurgaon,Hyundai i20,2011,182000,73.5K km,73500,DL,manual,petrol,13004,14
gurgaon,Maruti S-Cross,2021,815000,23K km,23000,DL,manual,petrol,13878,4
gurgaon,Maruti Swift Dzire,2016,384000,65.5K km,65500,DL,manual,petrol,6539,9
gurgaon,Tata Nexon,2021,825000,32K km,32000,UP,manual,petrol,14049,4
gurgaon,Maruti Baleno,2018,619000,50K km,50000,DL,automatic,petrol,10541,7
gurgaon,Hyundai Creta,2018,839000,95K km,95000,UP,manual,petrol,14287,7
gurgaon,Maruti S-Presso,2020,354000,14.5K km,14500,DL,manual,petrol,6028,5
gurgaon,Hyundai Venue,2022,857000,37K km,37000,DL,manual,petrol,14594,3
gurgaon,Hyundai Elite i20,2015,409000,67K km,67000,DL,manual,petrol,7444,10
gurgaon,Maruti Baleno,2018,484000,54.5K km,54500,DL,manual,petrol,8242,7
gurgaon,Maruti Ciaz,2017,580000,53.5K km,53500,DL,manual,petrol,9877,8
gurgaon,Hyundai i10,2012,216000,46.5K km,46500,DL,manual,petrol,8219,13
gurgaon,Ford EcoSport,2021,765000,56K km,56000,UP,manual,petrol,13027,4
gurgaon,Maruti Swift,2023,648000,15.5K km,15500,DL,manual,petrol,11035,2
gurgaon,Maruti Wagon R 1.0,2012,234000,82K km,82000,DL,manual,petrol+cng,8899,13
gurgaon,Renault Kwid,2021,396000,40K km,40000,UP,automatic,petrol,6743,4
gurgaon,Kia Sonet,2020,968000,94K km,94000,UP,automatic,diesel,16484,5
gurgaon,Hyundai Verna,2012,342000,95K km,95000,DL,manual,petrol+cng,13007,13
gurgaon,Tata Tiago,2017,402000,33.5K km,33500,DL,manual,petrol,6845,8
gurgaon,Honda Jazz,2017,409000,88.5K km,88500,UP,manual,petrol,6529,8
gurgaon,Mahindra Thar,2021,1127000,62.5K km,62500,UP,automatic,petrol,19382,4
gurgaon,Maruti Ciaz,2016,561000,63K km,63000,DL,manual,petrol,9553,9
gurgaon,Maruti Ciaz,2016,551000,71.5K km,71500,DL,manual,petrol,9383,9
gurgaon,Hyundai Elite i20,2017,480000,34K km,34000,DL,manual,petrol,8174,8
gurgaon,Maruti Ciaz,2018,619000,111.5K km,111500,UP,manual,petrol,10541,7
gurgaon,Maruti Baleno,2018,580000,26K km,26000,DL,manual,petrol,9877,7
gurgaon,Honda City,2021,1168000,40K km,40000,DL,automatic,petrol,20087,4
gurgaon,Maruti Baleno,2016,432000,94K km,94000,DL,manual,petrol,7356,9
gurgaon,Maruti Ciaz,2015,537000,53.5K km,53500,DL,manual,petrol,9774,10
gurgaon,Maruti Swift Dzire,2013,344000,26K km,26000,DL,manual,petrol,9272,12
gurgaon,Maruti Ciaz,2020,793000,82K km,82000,DL,automatic,petrol,13504,5
gurgaon,Hyundai New i20,2021,770000,39K km,39000,DL,manual,petrol,13112,4
gurgaon,Toyota Glanza,2022,740000,41K km,41000,DL,manual,petrol,12601,3
gurgaon,Honda City,2014,418000,115K km,115000,UP,manual,petrol,8971,11
gurgaon,MG Astor,2022,1329000,24.5K km,24500,UP,automatic,petrol,22856,3
gurgaon,Maruti Ciaz,2017,645000,44.5K km,44500,DL,manual,petrol,9698,8
gurgaon,Hyundai Tucson,2017,1069000,70.5K km,70500,DL,manual,petrol,18374,8
gurgaon,Tata Tiago,2021,561000,35K km,35000,DL,automatic,petrol,9553,4
gurgaon,Maruti New Ertiga,2019,878000,41.5K km,41500,DL,automatic,petrol,14951,6
gurgaon,Ford EcoSport,2013,410000,62K km,62000,DL,manual,petrol,11051,12
gurgaon,Maruti Alto K10,2018,321000,45K km,45000,DL,manual,petrol,5466,7
gurgaon,Volkswagen Polo,2012,289000,107.5K km,107500,DL,manual,petrol,10304,13
gurgaon,Renault Triber,2021,598000,65K km,65000,UP,automatic,petrol,10183,4
gurgaon,Hyundai Venue,2022,1032000,33K km,33000,UP,manual,petrol,17748,3
gurgaon,Maruti Ciaz,2014,429000,104K km,104000,DL,manual,petrol,9207,11
gurgaon,Hyundai Elite i20,2015,465000,63.5K km,63500,UP,manual,petrol,8464,10
gurgaon,Maruti Wagon R 1.0,2016,344000,32K km,32000,DL,automatic,petrol,6546,9
gurgaon,Tata Altroz,2022,668000,29K km,29000,DL,manual,petrol+cng,11375,3
gurgaon,Honda Amaze,2020,729000,17.5K km,17500,UP,automatic,petrol,12414,5
gurgaon,Tata Nexon,2021,754000,10.5K km,10500,DL,manual,petrol,12840,4
gurgaon,Honda City,2014,453000,62.5K km,62500,DL,manual,petrol,9722,11
gurgaon,Maruti Baleno,2022,722000,51K km,51000,UP,manual,petrol,12295,3
gurgaon,Honda City,2012,298000,86K km,86000,DL,manual,petrol,11333,13
gurgaon,Maruti Ciaz,2017,607000,67.5K km,67500,UP,automatic,petrol,10336,8
gurgaon,Maruti Ritz,2015,312000,33K km,33000,DL,manual,petrol,5324,10
gurgaon,Renault Kwid,2020,349000,33K km,33000,UP,manual,petrol,5943,5
gurgaon,Renault Kwid,2022,467000,15.5K km,15500,DL,automatic,petrol,7952,3
gurgaon,Kia Sonet,2021,854000,50.5K km,50500,DL,manual,petrol,14543,4
gurgaon,Hyundai Creta,2018,924000,54.5K km,54500,DL,automatic,petrol,15735,7
gurgaon,Hyundai Venue,2022,811000,19K km,19000,DL,manual,petrol,13810,3
gurgaon,Renault Triber,2021,560000,9K km,9000,UP,automatic,petrol,9536,4
gurgaon,Maruti Swift,2016,414000,20.5K km,20500,DL,manual,petrol,7050,9
gurgaon,Tata Tiago,2019,468000,22K km,22000,DL,manual,petrol,7969,6
gurgaon,Maruti Vitara Brezza,2021,845000,37.5K km,37500,DL,manual,petrol,14389,4
gurgaon,Maruti Swift,2014,358000,67.5K km,67500,DL,manual,petrol,7683,11
gurgaon,Tata Tiago,2017,387000,33.5K km,33500,DL,manual,petrol,6590,8
gurgaon,Maruti Celerio X,2019,460000,27K km,27000,DL,manual,petrol,7707,6
gurgaon,Maruti Baleno,2017,464000,61.5K km,61500,DL,manual,petrol,7901,8
gurgaon,Hyundai Venue,2021,946000,52.5K km,52500,DL,automatic,petrol,16109,4
gurgaon,Renault Kiger,2024,757000,20K km,20000,DL,manual,petrol,12891,1
gurgaon,Hyundai Creta,2020,1239000,77.5K km,77500,DL,automatic,petrol,21308,5
gurgaon,Maruti A-Star,2012,215000,61K km,61000,DL,manual,petrol,7666,13
gurgaon,Renault Triber,2024,584000,4.5K km,4500,DL,manual,petrol,9945,1
gurgaon,Hyundai Creta,2020,1049000,59K km,59000,DL,automatic,diesel,18034,5
gurgaon,Tata Tiago,2019,432000,68K km,68000,DL,manual,diesel,7356,6
gurgaon,Honda City,2013,359000,41K km,41000,DL,manual,petrol,9676,12
gurgaon,Nissan Micra,2019,459000,81.5K km,81500,UP,automatic,petrol,7327,6
gurgaon,Volkswagen Polo,2016,403000,90.5K km,90500,DL,manual,petrol,6433,9
gurgaon,Hyundai New Santro 1.1,2019,440000,45K km,45000,UP,manual,petrol,7024,6
gurgaon,Maruti Alto 800,2013,212000,28K km,28000,DL,manual,petrol,5879,12
gurgaon,Maruti Baleno,2015,410000,81.5K km,81500,DL,manual,petrol,7463,10
gurgaon,Nissan Magnite,2021,668000,31.5K km,31500,DL,manual,petrol,11375,4
gurgaon,Honda City,2015,464000,73K km,73000,DL,manual,petrol,8445,10
gurgaon,Maruti Vitara Brezza,2018,670000,50.5K km,50500,UP,automatic,diesel,11409,7
gurgaon,Maruti Swift,2015,343000,56K km,56000,DL,manual,petrol,6243,10
gurgaon,Renault Kwid,2017,274000,57K km,57000,DL,manual,petrol,4666,8
gurgaon,Nissan Magnite,2021,825000,24K km,24000,DL,automatic,petrol,14049,4
gurgaon,Hyundai Elite i20,2016,483000,83.5K km,83500,DL,manual,petrol,8225,9
gurgaon,Hyundai Venue,2021,807000,38.5K km,38500,UP,manual,petrol,13742,4
gurgaon,Ford EcoSport,2014,425000,112K km,112000,DL,automatic,petrol,9121,11
gurgaon,Honda City,2016,575000,79K km,79000,DL,automatic,petrol,9791,9
gurgaon,Hyundai i20 Active,2015,498000,25K km,25000,DL,manual,petrol,9064,10
gurgaon,Hyundai Venue,2021,807000,87K km,87000,DL,manual,diesel,13742,4
gurgaon,Maruti Wagon R 1.0,2013,247000,101K km,101000,DL,manual,petrol+cng,6657,12
gurgaon,Ford EcoSport,2014,454000,62.5K km,62500,DL,manual,petrol,9743,11
gurgaon,Maruti Wagon R 1.0,2013,253000,91K km,91000,DL,manual,petrol+cng,6819,12
gurgaon,Hyundai New Santro 1.1,2022,514000,36.5K km,36500,DL,manual,petrol+cng,8206,3
gurgaon,Honda Amaze,2013,300000,64K km,64000,DL,manual,petrol,8086,12
gurgaon,Hyundai Elite i20,2015,431000,70.5K km,70500,DL,manual,petrol,7845,10
gurgaon,Honda City,2014,495000,35.5K km,35500,DL,manual,petrol,10623,11
gurgaon,Hyundai Elite i20,2015,418000,53.5K km,53500,DL,manual,petrol,7608,10
gurgaon,Honda Amaze,2014,346000,58.5K km,58500,DL,automatic,petrol,7425,11
gurgaon,Hyundai Elite i20,2016,440000,50.5K km,50500,DL,manual,petrol,8009,9
gurgaon,Maruti Swift,2014,345000,46.5K km,46500,DL,manual,petrol,7404,11
gurgaon,Hyundai Grand i10,2014,318000,61K km,61000,DL,manual,petrol,6824,11
gurgaon,Hyundai Verna,2013,349000,97K km,97000,DL,manual,petrol,9407,12
gurgaon,Maruti Baleno,2016,429000,38K km,38000,DL,manual,petrol,7305,9
gurgaon,Hyundai Venue,2021,926000,26.5K km,26500,DL,manual,petrol,15769,4
gurgaon,Hyundai Elite i20,2016,474000,55K km,55000,DL,manual,petrol,8071,9
gurgaon,Hyundai Grand i10,2016,391000,107K km,107000,DL,automatic,petrol,6658,9
gurgaon,Maruti Ritz,2013,212000,55K km,55000,DL,manual,petrol,5357,12
gurgaon,Maruti Swift,2012,286000,33K km,33000,DL,manual,petrol,10877,13
gurgaon,Maruti Swift Dzire,2013,276000,72K km,72000,DL,manual,petrol,7439,12
gurgaon,Hyundai Creta,2019,998000,55K km,55000,DL,automatic,petrol,16995,6
gurgaon,Maruti Ciaz,2022,949000,29K km,29000,DL,automatic,petrol,16160,3
gurgaon,Maruti Baleno,2016,403000,99.5K km,99500,DL,manual,petrol,6862,9
gurgaon,Honda Brio,2017,367000,36.5K km,36500,DL,manual,petrol,5859,8
gurgaon,Mahindra Scorpio,2021,1130000,56.5K km,56500,UP,manual,diesel,19430,4
gurgaon,Honda City,2015,460000,60.5K km,60500,DL,manual,petrol,8373,10
gurgaon,Maruti Celerio,2018,352000,101K km,101000,DL,manual,petrol,5994,7
gurgaon,Hyundai i20,2012,342000,21K km,21000,DL,manual,petrol,13007,13
gurgaon,Tata Nexon,2023,1005000,21K km,21000,DL,manual,petrol,17114,2
gurgaon,Tata Tiago NRG,2018,444000,55.5K km,55500,DL,manual,petrol+cng,7561,7
gurgaon,Renault Kwid,2023,458000,12K km,12000,UP,manual,petrol,7799,2
gurgaon,Renault Kwid,2022,358000,17.5K km,17500,DL,manual,petrol,6096,3
gurgaon,Ford EcoSport,2018,604000,90K km,90000,DL,manual,petrol,10285,7
gurgaon,Hyundai Creta,2019,897000,26K km,26000,DL,manual,petrol,15275,6
gurgaon,Maruti Swift,2017,419000,27K km,27000,UP,manual,petrol,7135,8
gurgaon,Kia Seltos,2020,1185000,67K km,67000,UP,automatic,diesel,20379,5
gurgaon,Maruti Baleno,2016,404000,73.5K km,73500,DL,manual,petrol,6879,9
gurgaon,Maruti Baleno,2016,426000,58K km,58000,DL,manual,petrol,7254,9
gurgaon,Maruti Baleno,2016,453000,40K km,40000,DL,manual,petrol,7714,9
gurgaon,Maruti Baleno,2017,474000,29.5K km,29500,DL,manual,petrol,8071,8
gurgaon,Maruti Baleno,2018,483000,49.5K km,49500,DL,manual,petrol,8225,7
gurgaon,Hyundai Creta,2016,690000,81K km,81000,UP,manual,petrol,11750,9
gurgaon,Maruti Baleno,2018,478000,61K km,61000,DL,manual,petrol,8140,7
gurgaon,Maruti Baleno,2019,604000,48.5K km,48500,UP,automatic,petrol,10285,6
gurgaon,Maruti Baleno,2017,454000,62.5K km,62500,DL,manual,petrol,7731,8
gurgaon,Maruti Baleno,2016,436000,45.5K km,45500,DL,manual,petrol,7424,9
gurgaon,Maruti Baleno,2016,435000,68.5K km,68500,DL,automatic,petrol,7407,9
gurgaon,Honda City,2016,597000,114K km,114000,DL,automatic,petrol,10166,9
gurgaon,Hyundai New Santro 1.1,2019,446000,69.5K km,69500,DL,manual,petrol+cng,7120,6
gurgaon,Honda Amaze,2015,399000,50.5K km,50500,DL,manual,petrol,7262,10
gurgaon,Maruti Ciaz,2018,631000,67K km,67000,UP,manual,petrol,10745,7
gurgaon,Maruti Swift,2014,338000,73.5K km,73500,DL,manual,petrol,7254,11
gurgaon,Honda Brio,2013,248000,73.5K km,73500,DL,manual,petrol,6267,12
gurgaon,Hyundai Venue,2022,1039000,24K km,24000,UP,automatic,petrol,17868,3
gurgaon,Renault Kwid,2023,406000,20K km,20000,DL,manual,petrol,6913,2
gurgaon,Hyundai i20,2011,207000,43.5K km,43500,DL,manual,petrol,14790,14
gurgaon,Hyundai Grand i10,2014,320000,45K km,45000,DL,manual,petrol,6867,11
gurgaon,Kia Sonet,2021,896000,24.5K km,24500,UP,manual,petrol,15258,4
gurgaon,Toyota Etios Liva,2019,478000,69.5K km,69500,DL,manual,petrol,7631,6
gurgaon,Hyundai Grand i10,2015,420000,16K km,16000,UP,manual,petrol,7645,10
gurgaon,Hyundai Xcent,2014,356000,26.5K km,26500,DL,manual,petrol,7162,11
gurgaon,Honda Amaze,2018,588000,40K km,40000,DL,manual,petrol,10013,7
gurgaon,Tata Tiago,2019,541000,25.5K km,25500,UP,automatic,petrol,9212,6
gurgaon,Hyundai Grand i10 Nios,2020,591000,45K km,45000,DL,manual,petrol+cng,10064,5
gurgaon,Maruti Wagon R Stingray,2013,244000,28.5K km,28500,DL,manual,petrol,6577,12
gurgaon,Hyundai New Santro 1.1,2020,511000,30.5K km,30500,DL,manual,petrol+cng,8158,5
gurgaon,Volkswagen Polo,2012,284000,102.5K km,102500,DL,manual,petrol,10126,13
gurgaon,Renault Duster,2019,578000,61K km,61000,DL,manual,diesel,9843,6
gurgaon,Honda Jazz,2016,434000,40.5K km,40500,DL,manual,petrol,6928,9
gurgaon,Ford EcoSport,2016,488000,57K km,57000,DL,manual,petrol,8310,9
gurgaon,Maruti Baleno,2018,554000,51.5K km,51500,DL,manual,petrol,9434,7
gurgaon,Maruti Swift,2018,589000,29.5K km,29500,DL,manual,petrol,10030,7
gurgaon,Volkswagen Polo,2012,285000,32.5K km,32500,DL,manual,petrol,19091,13
gurgaon,Tata Nexon,2023,835000,24K km,24000,UP,manual,petrol+cng,14219,2
gurgaon,Hyundai Venue,2021,973000,23.5K km,23500,UP,manual,petrol,16569,4
gurgaon,Renault Kwid,2022,363000,41K km,41000,UP,manual,petrol,6181,3
gurgaon,Renault Kwid,2022,414000,10.5K km,10500,UP,manual,petrol,7050,3
gurgaon,Maruti Ciaz,2016,554000,49K km,49000,UP,automatic,petrol,9434,9
gurgaon,Honda City,2016,505000,101.5K km,101500,DL,manual,petrol,8599,9
gurgaon,Hyundai Elite i20,2016,513000,47.5K km,47500,DL,manual,petrol,8736,9
gurgaon,Renault Kiger,2022,717000,22K km,22000,DL,automatic,petrol,12210,3
gurgaon,Maruti Ciaz,2016,579000,48K km,48000,UP,manual,petrol,9860,9
gurgaon,Honda City,2017,538000,117K km,117000,DL,manual,petrol,9161,8
gurgaon,Hyundai Elite i20,2015,455000,42.5K km,42500,DL,manual,petrol,8282,10
gurgaon,Honda City,2013,315000,76K km,76000,DL,manual,petrol,8490,12
gurgaon,Ford Figo,2012,201000,84K km,84000,DL,manual,petrol,9698,13
gurgaon,Renault Kwid,2018,284000,49.5K km,49500,UP,manual,petrol,4836,7
gurgaon,Maruti Baleno,2018,507000,39.5K km,39500,DL,manual,petrol,8633,7
gurgaon,Maruti Baleno,2019,609000,24.5K km,24500,DL,manual,petrol,10370,6
gurgaon,Mahindra Scorpio,2020,1164000,72K km,72000,DL,manual,diesel,20009,5
gurgaon,Maruti Swift Dzire,2013,334000,58K km,58000,DL,manual,petrol+cng,9003,12
gurgaon,Honda City,2014,470000,63.5K km,63500,DL,manual,petrol,10087,11
gurgaon,Kia Seltos,2020,1031000,61K km,61000,DL,manual,petrol,17726,5
gurgaon,Kia Sonet,2021,966000,18.5K km,18500,DL,manual,diesel,16450,4
gurgaon,Mahindra KUV100 NXT,2018,366000,16.5K km,16500,DL,manual,petrol,6232,7
gurgaon,Maruti Ciaz,2020,779000,39.5K km,39500,DL,automatic,petrol,13265,5
gurgaon,Maruti Celerio,2020,468000,32K km,32000,DL,manual,petrol+cng,7969,5
gurgaon,Hyundai Elite i20,2016,447000,109K km,109000,DL,manual,petrol,7612,9
gurgaon,Hyundai Eon,2012,224000,22.5K km,22500,DL,manual,petrol,7987,13
gurgaon,Nissan Kicks,2019,697000,38.5K km,38500,UP,manual,diesel,11869,6
gurgaon,Honda WR-V,2019,698000,38K km,38000,DL,manual,petrol,11886,6
gurgaon,Maruti Wagon R 1.0,2016,352000,52K km,52000,UP,automatic,petrol,6291,9
gurgaon,Volkswagen Polo,2013,334000,96.5K km,96500,DL,manual,petrol,8440,12
gurgaon,Renault Kiger,2022,895000,7.5K km,7500,DL,automatic,petrol,15241,3
gurgaon,Maruti S-Cross,2020,790000,83K km,83000,DL,automatic,petrol,13453,5
gurgaon,Hyundai Creta,2019,897000,85.5K km,85500,DL,automatic,diesel,15275,6
gurgaon,Hyundai Elite i20,2020,722000,15.5K km,15500,DL,automatic,petrol,12295,5
gurgaon,Tata Tiago,2019,488000,25.5K km,25500,DL,manual,petrol,8310,6
gurgaon,Honda City,2013,325000,48.5K km,48500,DL,manual,petrol,8760,12
gurgaon,Maruti Wagon R 1.0,2013,243000,35.5K km,35500,DL,manual,petrol,6738,12
gurgaon,Maruti Dzire,2017,504000,85.5K km,85500,DL,automatic,petrol,8582,8
gurgaon,Kia Seltos,2019,1071000,66.5K km,66500,DL,manual,petrol,18425,6
gurgaon,Hyundai Grand i10,2017,498000,31K km,31000,DL,automatic,petrol,8480,8
gurgaon,Hyundai Elite i20,2018,624000,35.5K km,35500,UP,manual,petrol,10626,7
gurgaon,Honda Amaze,2022,732000,55K km,55000,UP,automatic,petrol,12465,3
gurgaon,Tata Nexon,2019,618000,49K km,49000,UP,automatic,diesel,10524,6
gurgaon,Maruti Dzire,2017,549000,61K km,61000,DL,automatic,petrol,9349,8
gurgaon,Honda Jazz,2016,434000,77K km,77000,DL,manual,petrol,6928,9
gurgaon,Honda Amaze,2017,426000,57K km,57000,DL,manual,petrol,7254,8
gurgaon,Hyundai Tucson,2017,1170000,17K km,17000,DL,manual,petrol,20111,8
gurgaon,Maruti Baleno,2019,524000,63K km,63000,DL,manual,petrol,8923,6
gurgaon,Kia Seltos,2019,1042000,37.5K km,37500,DL,manual,diesel,17914,6
gurgaon,Toyota Innova Crysta,2017,1286000,63K km,63000,UP,manual,petrol,22121,8
gurgaon,Toyota Innova Crysta,2019,1570000,46.5K km,46500,DL,manual,diesel,27008,6
gurgaon,Maruti S-Cross,2021,723000,22K km,22000,UP,manual,petrol,12312,4
gurgaon,Renault Kwid,2019,302000,37K km,37000,DL,manual,petrol,5142,6
gurgaon,Hyundai New i20,2020,712000,89K km,89000,DL,automatic,petrol,12124,5
gurgaon,Maruti Ciaz,2016,563000,60K km,60000,DL,manual,petrol,9587,9
gurgaon,Kia Seltos,2019,1079000,33K km,33000,DL,manual,diesel,18556,6
gurgaon,Maruti Ertiga,2014,475000,95K km,95000,DL,manual,petrol+cng,10194,11
gurgaon,Maruti Swift Dzire,2013,326000,44K km,44000,DL,manual,petrol,8787,12
gurgaon,Maruti Baleno,2016,460000,18K km,18000,DL,manual,petrol,7833,9
gurgaon,Ford EcoSport,2014,433000,71.5K km,71500,DL,manual,petrol,9293,11
gurgaon,Renault Kiger,2022,789000,23.5K km,23500,UP,automatic,petrol,13436,3
gurgaon,Hyundai Verna,2018,799000,38.5K km,38500,DL,manual,petrol,13606,7
gurgaon,Honda Jazz,2017,369000,102K km,102000,UP,manual,petrol,5891,8
gurgaon,Honda City,2016,541000,74.5K km,74500,DL,manual,petrol,9212,9
gurgaon,Tata Nexon,2020,895000,45.5K km,45500,DL,automatic,diesel,15241,5
gurgaon,Maruti Baleno,2021,649000,64.5K km,64500,DL,automatic,petrol,11052,4
gurgaon,Honda Brio,2013,225000,100K km,100000,UP,manual,petrol,5685,12
gurgaon,Hyundai Elite i20,2016,460000,67K km,67000,UP,manual,petrol,7833,9
gurgaon,Honda City,2015,450000,75.5K km,75500,DL,manual,petrol,8191,10
gurgaon,Renault Kwid,2021,389000,18K km,18000,DL,manual,petrol,6624,4
gurgaon,Tata Tiago,2019,472000,47K km,47000,DL,manual,petrol,8037,6
gurgaon,Maruti Ciaz,2015,450000,51.5K km,51500,DL,manual,petrol,8191,10
gurgaon,Hyundai Elite i20,2015,439000,60.5K km,60500,DL,manual,petrol,7990,10
gurgaon,Maruti Ciaz,2017,602000,78K km,78000,DL,automatic,petrol,10251,8
gurgaon,Maruti Ciaz,2017,570000,68.5K km,68500,DL,automatic,petrol,9706,8
gurgaon,Maruti Ciaz,2018,649000,61K km,61000,UP,manual,petrol,9698,7
gurgaon,Maruti Swift,2016,437000,47K km,47000,DL,manual,petrol,7441,9
gurgaon,Maruti Ciaz,2017,565000,87.5K km,87500,DL,manual,petrol,9621,8
gurgaon,Maruti Baleno,2016,430000,56.5K km,56500,DL,manual,petrol,7578,9
gurgaon,Maruti Swift Dzire,2013,265000,89K km,89000,DL,manual,petrol,7143,12
gurgaon,Renault Kwid,2022,413000,11K km,11000,DL,manual,petrol,7033,3
gurgaon,Honda City,2015,417000,109.5K km,109500,DL,manual,petrol,7590,10
gurgaon,Nissan Micra Active,2013,220000,95.5K km,95500,UP,manual,petrol,5930,12
gurgaon,Hyundai Verna,2013,390000,71.5K km,71500,DL,manual,petrol,10512,12
gurgaon,Hyundai Verna,2013,445000,40.5K km,40500,DL,manual,petrol,11995,12
gurgaon,Renault Duster,2013,327000,79.5K km,79500,DL,manual,petrol,8814,12
gurgaon,MG Hector Plus,2021,1578000,27.5K km,27500,DL,manual,diesel,27137,4
gurgaon,Hyundai Grand i10,2018,456000,42K km,42000,DL,manual,petrol,7765,7
gurgaon,Honda City,2018,734000,27.5K km,27500,DL,manual,petrol,12499,7
gurgaon,Renault Kiger,2022,787000,47.5K km,47500,UP,automatic,petrol,13368,3
gurgaon,Maruti S-Presso,2022,399000,10K km,10000,DL,manual,petrol,6794,3
gurgaon,Hyundai Elite i20,2015,436000,68K km,68000,DL,manual,petrol,7936,10
gurgaon,Hyundai Elite i20,2015,430000,65K km,65000,UP,manual,petrol,7827,10
gurgaon,Ford EcoSport,2015,497000,80.5K km,80500,DL,automatic,petrol,9046,10
gurgaon,Hyundai New Santro 1.1,2021,498000,62.5K km,62500,DL,manual,petrol+cng,7950,4
gurgaon,Maruti Swift,2018,565000,67.5K km,67500,DL,manual,petrol,9621,7
gurgaon,Datsun Redi-GO,2018,287000,50K km,50000,DL,automatic,petrol,7736,7
gurgaon,Tata Tiago,2023,611000,5K km,5000,DL,manual,petrol,10404,2
gurgaon,Toyota Glanza,2023,719000,61K km,61000,DL,manual,petrol,12244,2
gurgaon,Maruti S-Cross,2021,831000,90.5K km,90500,UP,automatic,petrol,14151,4
gurgaon,Honda City,2017,758000,88.5K km,88500,DL,automatic,petrol,12908,8
gurgaon,Maruti Ertiga,2013,492000,44K km,44000,DL,manual,petrol+cng,13261,12
gurgaon,Honda Amaze,2016,401000,124.5K km,124500,UP,manual,petrol,6828,9
gurgaon,Maruti Baleno,2017,485000,27K km,27000,DL,manual,petrol,8259,8
gurgaon,Maruti Ciaz,2015,502000,62.5K km,62500,DL,manual,petrol,9137,10
gurgaon,Hyundai New Santro 1.1,2018,397000,33.5K km,33500,DL,manual,petrol,6338,7
gurgaon,Tata Nexon,2023,919000,34.5K km,34500,DL,manual,petrol,15650,2
gurgaon,Maruti Swift,2014,296000,86K km,86000,DL,manual,petrol,6352,11
gurgaon,Renault Kwid,2021,378000,14K km,14000,UP,manual,petrol,6437,4
gurgaon,Kia Carens,2022,1478000,37.5K km,37500,DL,automatic,diesel,25419,3
gurgaon,Maruti Swift Dzire,2014,336000,101K km,101000,DL,manual,petrol,7211,11
gurgaon,Volkswagen Polo,2018,457000,107.5K km,107500,UP,manual,petrol,7296,7
gurgaon,Ford Figo,2020,509000,54.5K km,54500,UP,manual,petrol,8667,5
gurgaon,Maruti Swift,2018,575000,53K km,53000,DL,automatic,petrol,9791,7
gurgaon,Honda Jazz,2016,348000,123.5K km,123500,DL,manual,petrol,5938,9
gurgaon,Toyota Glanza,2021,679000,32K km,32000,DL,manual,petrol,11562,4
gurgaon,Honda WR-V,2019,698000,41K km,41000,DL,manual,petrol,11886,6
gurgaon,Kia Seltos,2021,1059000,26K km,26000,DL,manual,petrol,18212,4
gurgaon,Renault Kwid,2021,372000,26K km,26000,UP,manual,petrol,6334,4
gurgaon,Maruti Ciaz,2017,519000,87.5K km,87500,DL,manual,petrol,8838,8
gurgaon,Honda Amaze,2015,326000,95K km,95000,DL,manual,petrol,5934,10
gurgaon,Maruti Swift Dzire,2013,317000,59.5K km,59500,DL,manual,petrol,8544,12
gurgaon,Volkswagen Ameo,2016,347000,118.5K km,118500,UP,manual,petrol,5539,9
gurgaon,Volkswagen Polo,2013,336000,39K km,39000,DL,manual,petrol,8490,12
gurgaon,Honda Jazz,2016,478000,28.5K km,28500,DL,automatic,petrol,7631,9
gurgaon,Maruti S-Cross,2021,975000,16.5K km,16500,UP,automatic,petrol,16603,4
gurgaon,Hyundai Creta,2019,784000,31.5K km,31500,UP,manual,diesel,13351,6
gurgaon,Tata Nexon,2019,625000,50.5K km,50500,DL,automatic,diesel,10643,6
gurgaon,Renault Kiger,2022,649000,36K km,36000,UP,manual,petrol,11052,3
gurgaon,Honda City,2023,1249000,23K km,23000,UP,manual,petrol,21480,2
gurgaon,Maruti Wagon R 1.0,2014,273000,43.5K km,43500,DL,manual,petrol,6078,11
gurgaon,Hyundai Venue,2023,978000,20K km,20000,DL,manual,petrol,16654,2
gurgaon,Maruti Wagon R 1.0,2014,257000,63.5K km,63500,DL,manual,petrol,5722,11
gurgaon,Tata Nexon,2022,920000,22K km,22000,DL,manual,petrol,15667,3
gurgaon,Renault Kwid,2019,319000,20.5K km,20500,DL,manual,petrol,5432,6
gurgaon,Maruti Wagon R 1.0,2012,199000,39K km,39000,DL,manual,petrol,7719,13
gurgaon,Hyundai Verna,2020,1063000,57K km,57000,UP,automatic,diesel,18287,5
noida,Hyundai Grand i10,2018,509000,40.5K km,40500,UP,automatic,petrol,8667,7
noida,Maruti Ertiga,2014,502000,79K km,79000,UP,manual,petrol,10773,11
noida,Renault Kwid,2019,315000,19K km,19000,UP,manual,petrol,5364,6
noida,Maruti Baleno,2021,718000,31K km,31000,UP,automatic,petrol,12227,4
noida,Maruti Celerio,2016,354000,47K km,47000,DL,automatic,petrol,6028,9
noida,Maruti Baleno,2018,528000,28K km,28000,DL,manual,petrol,8991,7
noida,Tata Tiago,2018,418000,35K km,35000,UP,manual,petrol,7118,7
noida,Honda City,2015,580000,33K km,33000,UP,automatic,petrol,10557,10
noida,Maruti Vitara Brezza,2022,810000,54K km,54000,DL,manual,petrol,13793,3
noida,Maruti Ignis,2022,597000,23.5K km,23500,UP,automatic,petrol,10166,3
noida,Maruti Wagon R 1.0,2020,477000,24K km,24000,DL,manual,petrol+cng,8123,5
noida,Maruti S-Cross,2021,723000,22K km,22000,UP,manual,petrol,12312,4
noida,Maruti A-Star,2012,225000,79K km,79000,DL,automatic,petrol,8022,13
noida,Honda City,2014,418000,115K km,115000,UP,manual,petrol,8971,11
noida,Tata Nexon,2020,895000,45.5K km,45500,DL,automatic,diesel,15241,5
noida,Ford Freestyle,2018,359000,102.5K km,102500,UP,manual,petrol,6534,7
noida,Volvo V40 Cross Country,2016,1180000,50K km,50000,UP,automatic,petrol,20293,9
noida,Mercedes GLC,2017,3150000,61K km,61000,DL,automatic,petrol,54176,8
noida,Mercedes GLA,2017,1970000,40K km,40000,HR,automatic,petrol,33881,8
noida,Mercedes GLA,2019,2300000,50K km,50000,DL,automatic,petrol,39556,6
noida,BMW X1,2020,2950000,21K km,21000,HR,automatic,petrol,50736,5
noida,Mercedes C-Class,2017,2500000,63K km,63000,HR,automatic,petrol,42996,8
noida,Hyundai Aura,2022,602000,32K km,32000,UP,manual,petrol,10251,3
noida,Tata Tiago,2023,611000,5K km,5000,DL,manual,petrol,10404,2
noida,Kia Sonet,2021,896000,24.5K km,24500,UP,manual,petrol,15258,4
noida,Maruti S-Cross,2022,878000,23.5K km,23500,UP,manual,petrol,14951,3
noida,Hyundai Venue,2022,857000,37K km,37000,DL,manual,petrol,14594,3
noida,Hyundai Creta,2019,998000,55K km,55000,DL,automatic,petrol,16995,6
noida,Skoda Slavia,2022,1378000,44.5K km,44500,UP,automatic,petrol,23699,3
noida,Maruti Ciaz,2016,551000,71.5K km,71500,DL,manual,petrol,9383,9
noida,Tata Tiago,2019,432000,68K km,68000,DL,manual,diesel,7356,6
noida,Honda Jazz,2016,434000,77K km,77000,DL,manual,petrol,6928,9
noida,Kia Sonet,2020,968000,94K km,94000,UP,automatic,diesel,16484,5
noida,Hyundai New i20,2020,712000,89K km,89000,DL,automatic,petrol,12124,5
noida,Tata Nexon,2019,674000,45K km,45000,DL,manual,petrol,11477,6
noida,Ford EcoSport,2021,765000,56K km,56000,UP,manual,petrol,13027,4
noida,Hyundai Elite i20,2017,475000,55K km,55000,DL,manual,petrol,8088,8
noida,Kia Seltos,2020,1185000,67K km,67000,UP,automatic,diesel,20379,5
noida,Hyundai Elite i20,2015,421000,97.5K km,97500,UP,manual,petrol,7663,10
noida,Mercedes GLA,2016,1800000,57K km,57000,DL,automatic,petrol,30957,9
noida,BMW 3 Series GT,2018,2650000,56.5K km,56500,HR,automatic,petrol,45576,7
noida,Audi Q3,2018,1970000,66.5K km,66500,UP,automatic,petrol,33881,7
noida,Maruti Ciaz,2016,563000,60K km,60000,DL,manual,petrol,9587,9
noida,Kia Seltos,2021,1059000,26K km,26000,DL,manual,petrol,18212,4
noida,Kia Seltos,2019,1177000,16K km,16000,DL,automatic,petrol,20242,6
noida,Maruti Vitara Brezza,2021,814000,39K km,39000,DL,manual,petrol,13861,4
noida,Hyundai Venue,2022,1039000,24K km,24000,UP,automatic,petrol,17868,3
noida,Hyundai Venue,2022,1032000,33K km,33000,UP,manual,petrol,17748,3
noida,Maruti Baleno,2016,426000,58K km,58000,DL,manual,petrol,7254,9
noida,Hyundai Venue,2021,973000,23.5K km,23500,UP,manual,petrol,16569,4
noida,Maruti Baleno,2016,493000,35.5K km,35500,DL,manual,petrol,8395,9
noida,Kia Carnival,2020,2428000,50K km,50000,DL,automatic,diesel,41756,5
noida,Honda Jazz,2017,409000,88.5K km,88500,UP,manual,petrol,6529,8
noida,Hyundai Creta,2016,676000,113K km,113000,DL,manual,petrol,11511,9
noida,Hyundai Verna,2013,445000,40.5K km,40500,DL,manual,petrol,11995,12
noida,Maruti A-Star,2012,215000,61K km,61000,DL,manual,petrol,7666,13
noida,Maruti Wagon R 1.0,2013,243000,35.5K km,35500,DL,manual,petrol,6738,12
noida,Hyundai New Santro 1.1,2019,420000,85K km,85000,DL,manual,petrol+cng,6705,6
noida,Honda Amaze,2019,543000,89K km,89000,DL,automatic,petrol,9246,6
noida,Maruti Wagon R 1.0,2012,228000,17.5K km,17500,DL,manual,petrol,8843,13
noida,Audi A3,2019,1950000,62K km,62000,DL,automatic,petrol,33537,6
noida,Mercedes C-Class,2020,3450000,33K km,33000,DL,automatic,petrol,59336,5
noida,Maruti Baleno,2016,460000,18K km,18000,DL,manual,petrol,7833,9
noida,Hyundai Grand i10,2015,420000,16K km,16000,UP,manual,petrol,7645,10
noida,Maruti Ciaz,2020,779000,39.5K km,39500,DL,automatic,petrol,13265,5
noida,Renault Triber,2020,530000,45K km,45000,UP,automatic,petrol,9025,5
noida,Hyundai Creta,2016,697000,88.5K km,88500,UP,manual,petrol,11869,9
noida,Tata Nexon,2019,763000,30K km,30000,DL,automatic,petrol,12993,6
noida,Hyundai New i20,2022,960000,20.5K km,20500,UP,automatic,petrol,16348,3
noida,Hyundai Elite i20,2020,722000,15.5K km,15500,DL,automatic,petrol,12295,5
noida,Maruti Ciaz,2022,859000,15K km,15000,UP,manual,petrol,14628,3
noida,Renault Kiger,2024,757000,20K km,20000,DL,manual,petrol,12891,1
noida,Hyundai Creta,2018,839000,95K km,95000,UP,manual,petrol,14287,7
noida,Tata Punch,2022,668000,37.5K km,37500,DL,manual,petrol,11375,3
noida,Honda Amaze,2020,729000,17.5K km,17500,UP,automatic,petrol,12414,5
noida,Volkswagen Polo,2013,334000,96.5K km,96500,DL,manual,petrol,8440,12
noida,Ford EcoSport,2014,425000,112K km,112000,DL,automatic,petrol,9121,11
noida,Hyundai Verna,2013,390000,71.5K km,71500,DL,manual,petrol,10512,12
noida,Hyundai Elite i20,2017,490000,111K km,111000,UP,manual,petrol,8344,8
noida,Renault Kwid,2020,356000,61.5K km,61500,DL,manual,petrol,6062,5
noida,Ford Figo,2012,201000,84K km,84000,DL,manual,petrol,9698,13
noida,Honda Amaze,2022,688000,27K km,27000,UP,automatic,petrol,11716,3
noida,Hyundai New Santro 1.1,2019,462000,56.5K km,56500,DL,manual,petrol+cng,7375,6
noida,Nissan Magnite,2021,825000,24K km,24000,DL,automatic,petrol,14049,4
noida,Hyundai Creta,2018,924000,54.5K km,54500,DL,automatic,petrol,15735,7
noida,Renault Triber,2020,542000,31K km,31000,UP,manual,petrol,9229,5
noida,Tata Nexon,2020,825000,26K km,26000,UP,automatic,petrol,14049,5
noida,Maruti Ciaz,2018,631000,67K km,67000,UP,manual,petrol,10745,7
noida,Renault Triber,2020,479000,28.5K km,28500,DL,manual,petrol,8157,5
noida,Mahindra Thar,2020,1102000,52.5K km,52500,UP,manual,diesel,18952,5
noida,Tata Altroz,2021,639000,43K km,43000,UP,manual,petrol,10881,4
noida,Maruti Ciaz,2016,579000,48K km,48000,UP,manual,petrol,9860,9
noida,Maruti Wagon R 1.0,2014,229000,61.5K km,61500,UP,manual,petrol,5098,11
noida,Hyundai Elite i20,2016,483000,83.5K km,83500,DL,manual,petrol,8225,9
noida,Honda Brio,2013,225000,100K km,100000,UP,manual,petrol,5685,12
noida,Hyundai Verna,2019,840000,89K km,89000,UP,automatic,petrol,14304,6
noida,Hyundai Grand i10,2013,312000,22K km,22000,DL,manual,petrol,8410,12
noida,Maruti Swift,2014,308000,107K km,107000,DL,manual,petrol,6610,11
noida,Maruti S-Presso,2022,419000,81.5K km,81500,DL,manual,petrol+cng,7135,3
noida,Honda City,2013,315000,76K km,76000,DL,manual,petrol,8490,12
noida,Maruti Celerio,2016,367000,45K km,45000,UP,automatic,petrol,6249,9
noida,Honda Brio,2013,229000,55K km,55000,DL,manual,petrol,5786,12
noida,Tata Nexon,2022,789000,56K km,56000,DL,automatic,petrol,13436,3
noida,Tata Tiago,2019,541000,25.5K km,25500,UP,automatic,petrol,9212,6
noida,Tata Altroz,2023,726000,12.5K km,12500,UP,automatic,petrol,12363,2
noida,Tata Altroz,2022,668000,29K km,29000,DL,manual,petrol+cng,11375,3
noida,Kia Sonet,2021,846000,55.5K km,55500,DL,manual,petrol,14406,4
noida,Honda City,2019,696000,52.5K km,52500,UP,manual,petrol,11852,6
noida,Maruti Alto 800,2021,349000,13.5K km,13500,DL,manual,petrol,6237,4
noida,Maruti Dzire,2018,508000,62.5K km,62500,UP,manual,petrol,8650,7
noida,Mahindra Thar,2021,1127000,62.5K km,62500,UP,automatic,petrol,19382,4
noida,Tata Nexon,2021,825000,32K km,32000,UP,manual,petrol,14049,4
noida,Nissan Sunny,2012,249000,54K km,54000,DL,manual,petrol,8878,13
noida,Honda Amaze,2016,401000,124.5K km,124500,UP,manual,petrol,6828,9
noida,Hyundai Verna,2013,349000,97K km,97000,DL,manual,petrol,9407,12
noida,Hyundai Grand i10,2013,309000,89.5K km,89500,DL,manual,petrol,8329,12
noida,Volkswagen Polo,2012,289000,107.5K km,107500,DL,manual,petrol,10304,13
noida,Maruti Wagon R 1.0,2012,176000,94.5K km,94500,DL,manual,petrol,6826,13
noida,Hyundai i10,2012,206000,58.5K km,58500,DL,manual,petrol,7834,13
noida,Maruti Swift,2014,318000,66K km,66000,DL,manual,petrol,6824,11
noida,Maruti Celerio,2015,314000,90K km,90000,DL,automatic,petrol,5715,10
noida,Renault Kwid,2020,349000,33K km,33000,UP,manual,petrol,5943,5
noida,Hyundai Elite i20,2018,624000,35.5K km,35500,UP,manual,petrol,10626,7
noida,Mahindra XUV700,2022,2059000,26K km,26000,UP,automatic,petrol,35410,3
noida,Renault Triber,2021,598000,65K km,65000,UP,automatic,petrol,10183,4
noida,Honda Amaze,2022,732000,55K km,55000,UP,automatic,petrol,12465,3
noida,Maruti Ciaz,2016,541000,65K km,65000,UP,manual,petrol,9212,9
noida,Hyundai Creta,2016,720000,67.5K km,67500,UP,automatic,petrol,12261,9
noida,Hyundai Venue,2021,829000,22.5K km,22500,UP,manual,petrol,14117,4
noida,Maruti Baleno,2018,501000,38K km,38000,DL,manual,petrol,8531,7
noida,Maruti Celerio,2021,549000,33.5K km,33500,UP,automatic,petrol,9349,4
noida,Honda Amaze,2019,539000,82.5K km,82500,UP,automatic,petrol,9178,6
noida,Hyundai Creta,2016,690000,81K km,81000,UP,manual,petrol,11750,9
noida,Kia Carnival,2022,2688000,99.5K km,99500,UP,automatic,diesel,46234,3
noida,Maruti Swift,2012,286000,33K km,33000,DL,manual,petrol,10877,13
noida,Hyundai Elite i20,2016,440000,50.5K km,50500,DL,manual,petrol,8009,9
noida,Maruti Swift Dzire,2015,351000,97K km,97000,DL,manual,petrol,6389,10
noida,Maruti Swift Dzire,2012,322000,50K km,50000,DL,automatic,petrol,12246,13
noida,Volkswagen Polo,2012,294000,73K km,73000,DL,manual,petrol,10482,13
noida,Maruti Swift,2018,565000,67.5K km,67500,DL,manual,petrol,9621,7
noida,Volkswagen Polo,2016,403000,90.5K km,90500,DL,manual,petrol,6433,9
noida,Maruti Ciaz,2018,619000,111.5K km,111500,UP,manual,petrol,10541,7
noida,Maruti Vitara Brezza,2019,645000,67K km,67000,DL,automatic,diesel,10983,6
noida,Renault Triber,2019,523000,12.5K km,12500,DL,manual,petrol,8906,6
noida,Renault Kwid,2023,458000,12K km,12000,UP,manual,petrol,7799,2
noida,Datsun Redi-GO,2020,267000,25K km,25000,UP,manual,petrol,5730,5
noida,Hyundai Grand i10,2014,341000,56K km,56000,DL,manual,petrol,7318,11
noida,Tata Nexon,2021,710000,13.5K km,13500,DL,manual,petrol,12090,4
noida,Maruti Swift,2023,639000,17K km,17000,DL,manual,petrol,10881,2
noida,Maruti Dzire,2017,549000,61K km,61000,DL,automatic,petrol,9349,8
noida,Maruti Celerio,2017,385000,80K km,80000,DL,automatic,petrol,6556,8
noida,Renault Triber,2021,560000,9K km,9000,UP,automatic,petrol,9536,4
noida,Maruti Baleno,2019,598000,61K km,61000,DL,automatic,petrol,10183,6
noida,Maruti S-Cross,2021,831000,90.5K km,90500,UP,automatic,petrol,14151,4
noida,Maruti Swift,2011,218000,54.5K km,54500,DL,manual,petrol,15576,14
noida,Maruti Wagon R 1.0,2013,247000,101K km,101000,DL,manual,petrol+cng,6657,12
noida,Hyundai i20,2012,255000,49.5K km,49500,DL,manual,petrol,9698,13
noida,Hyundai i10,2011,185000,51K km,51000,DL,manual,petrol,13218,14
noida,Hyundai i10,2011,198000,59.5K km,59500,DL,manual,petrol,14147,14
noida,Maruti Dzire,2017,507000,49K km,49000,UP,automatic,petrol,8633,8
noida,Toyota Glanza,2023,719000,61K km,61000,DL,manual,petrol,12244,2
noida,Maruti Swift Dzire,2011,236000,41K km,41000,DL,manual,petrol,16863,14
noida,Kia Sonet,2021,879000,31K km,31000,DL,manual,petrol,14968,4
noida,Renault Kwid,2021,396000,40K km,40000,UP,automatic,petrol,6743,4
noida,Renault Kwid,2021,441000,12.5K km,12500,DL,manual,petrol,7509,4
noida,Hyundai Creta,2016,769000,57.5K km,57500,DL,automatic,petrol,13095,9
noida,Maruti S-Presso,2020,354000,14.5K km,14500,DL,manual,petrol,6028,5
noida,Hyundai Elite i20,2015,430000,65K km,65000,UP,manual,petrol,7827,10
noida,Tata Nexon,2020,712000,71.5K km,71500,UP,automatic,petrol,12124,5
noida,Renault Kwid,2022,414000,10.5K km,10500,UP,manual,petrol,7050,3
noida,Maruti Swift,2023,648000,15.5K km,15500,DL,manual,petrol,11035,2
noida,Maruti Swift,2023,642000,17K km,17000,UP,manual,petrol,10932,2
noida,Honda Amaze,2022,789000,31K km,31000,DL,automatic,petrol,13436,3
noida,Tata Nexon,2018,553000,103K km,103000,DL,manual,petrol,9417,7
noida,Hyundai Verna,2011,346000,84K km,84000,DL,manual,petrol,24723,14
noida,Hyundai Creta,2016,632000,102K km,102000,DL,manual,petrol,10762,9
noida,Maruti Swift Dzire,2013,326000,44K km,44000,DL,manual,petrol,8787,12
noida,Honda City,2012,298000,86K km,86000,DL,manual,petrol,11333,13
noida,Ford EcoSport,2019,732000,77.5K km,77500,DL,automatic,petrol,12465,6
noida,Ford EcoSport,2013,410000,62K km,62000,DL,manual,petrol,11051,12
noida,Hyundai Verna,2012,319000,110K km,110000,DL,manual,petrol,12132,13
noida,Renault Kwid,2020,309000,25K km,25000,DL,manual,petrol,5262,5
noida,Maruti Wagon R 1.0,2021,482000,11.5K km,11500,DL,manual,petrol,8614,4
noida,Maruti Swift,2017,419000,27K km,27000,UP,manual,petrol,7135,8
noida,Hyundai Venue,2022,773000,84.5K km,84500,UP,manual,petrol,13163,3
noida,Renault Kwid,2021,378000,14K km,14000,UP,manual,petrol,6437,4
noida,Maruti Baleno,2017,504000,19K km,19000,DL,manual,petrol,8582,8
noida,Maruti S-Cross,2022,920000,19.5K km,19500,UP,manual,petrol,15667,3
noida,Tata Tigor,2022,549000,34.5K km,34500,DL,manual,petrol,9349,3
noida,Maruti New Ertiga,2019,878000,41.5K km,41500,DL,automatic,petrol,14951,6
noida,Maruti Baleno,2017,516000,37K km,37000,DL,manual,petrol,8787,8
noida,Maruti Swift,2016,374000,35.5K km,35500,DL,manual,petrol,6369,9
noida,Hyundai Venue,2021,811000,40.5K km,40500,UP,manual,petrol,13810,4
noida,Honda Amaze,2013,300000,64K km,64000,DL,manual,petrol,8086,12
noida,Maruti Swift Dzire,2013,317000,59.5K km,59500,DL,manual,petrol,8544,12
noida,Ford EcoSport,2014,454000,62.5K km,62500,DL,manual,petrol,9743,11
noida,Hyundai i10,2011,176000,91.5K km,91500,DL,manual,petrol,12575,14
noida,Tata Tiago,2023,568000,38.5K km,38500,UP,manual,petrol+cng,9672,2
noida,Honda City,2017,749000,90.5K km,90500,DL,automatic,petrol,12755,8
noida,Honda Amaze,2017,409000,60K km,60000,UP,manual,petrol,6965,8
noida,Hyundai Creta,2017,736000,94.5K km,94500,DL,automatic,petrol,12533,8
noida,Hyundai Creta,2018,772000,110.5K km,110500,DL,automatic,petrol,13146,7
noida,Hyundai New i20,2022,759000,31K km,31000,DL,automatic,petrol,12925,3
noida,Hyundai Venue,2021,855000,27K km,27000,UP,manual,petrol,14560,4
noida,Hyundai New i20,2021,697000,65.5K km,65500,UP,manual,petrol,11869,4
noida,Maruti Ciaz,2019,725000,6.5K km,6500,DL,automatic,petrol,12346,6
noida,Maruti Baleno,2022,722000,51K km,51000,UP,manual,petrol,12295,3
noida,Hyundai Venue,2021,839000,30.5K km,30500,DL,manual,petrol,14287,4
noida,Renault Kiger,2022,789000,23.5K km,23500,UP,automatic,petrol,13436,3
noida,Maruti Dzire,2019,587000,27K km,27000,UP,automatic,petrol,9996,6
noida,Hyundai Elite i20,2016,460000,67K km,67000,UP,manual,petrol,7833,9
noida,Hyundai New Santro 1.1,2019,420000,55K km,55000,DL,manual,petrol,6705,6
noida,Hyundai Venue,2021,807000,38.5K km,38500,UP,manual,petrol,13742,4
noida,Nissan Micra Active,2013,220000,95.5K km,95500,UP,manual,petrol,5930,12
noida,Nissan Micra,2019,459000,81.5K km,81500,UP,automatic,petrol,7327,6
noida,Renault Kwid,2022,363000,41K km,41000,UP,manual,petrol,6181,3
noida,Hyundai Grand i10,2013,330000,49.5K km,49500,DL,manual,petrol,8895,12
noida,Hyundai i10,2011,182000,25.5K km,25500,DL,manual,petrol,13004,14
noida,Tata Nexon,2021,795000,88.5K km,88500,UP,manual,petrol,13538,4
noida,Volkswagen Polo,2018,457000,107.5K km,107500,UP,manual,petrol,7296,7
noida,Maruti Baleno,2016,435000,70.5K km,70500,DL,manual,petrol,7407,9
noida,Volkswagen Polo,2014,307000,99.5K km,99500,UP,manual,petrol,6177,11
noida,Hyundai Tucson,2017,1069000,70.5K km,70500,DL,manual,petrol,18374,8
noida,MG Astor,2022,1329000,24.5K km,24500,UP,automatic,petrol,22856,3
noida,Tata Nexon,2019,618000,49K km,49000,UP,automatic,diesel,10524,6
noida,Maruti XL6,2021,939000,43K km,43000,DL,manual,petrol,15990,4
noida,Maruti S-Cross,2021,975000,16.5K km,16500,UP,automatic,petrol,16603,4
noida,Renault Kwid,2022,469000,16K km,16000,UP,automatic,petrol,7986,3
noida,Tata Altroz,2021,670000,34K km,34000,DL,manual,petrol,11409,4
noida,Maruti Baleno,2018,580000,26K km,26000,DL,manual,petrol,9877,7
noida,Maruti Ciaz,2017,565000,87.5K km,87500,DL,manual,petrol,9621,8
noida,Ford EcoSport,2016,471000,61K km,61000,UP,manual,petrol,8020,9
noida,Hyundai Verna,2018,869000,36.5K km,36500,DL,manual,petrol+cng,14798,7
noida,Maruti Swift,2014,292000,122.5K km,122500,DL,manual,petrol,6266,11
noida,Maruti Swift,2011,207000,76.5K km,76500,DL,manual,petrol,14790,14
noida,Renault Kiger,2023,673000,29.5K km,29500,UP,automatic,petrol,11460,2
noida,Volkswagen Ameo,2016,347000,118.5K km,118500,UP,manual,petrol,5539,9
noida,Maruti Swift,2012,256000,71.5K km,71500,DL,manual,petrol,9736,13
noida,Maruti Ciaz,2018,616000,115.5K km,115500,DL,manual,petrol,10490,7
noida,Ford EcoSport,2014,440000,72K km,72000,DL,automatic,petrol,9443,11
noida,Maruti Ciaz,2016,554000,49K km,49000,UP,automatic,petrol,9434,9
noida,Hyundai i20,2012,342000,21K km,21000,DL,manual,petrol,13007,13
noida,Maruti Wagon R 1.0,2024,565000,6K km,6000,DL,manual,petrol,10097,1
noida,Tata Tiago,2019,468000,22K km,22000,DL,manual,petrol,7969,6
noida,Maruti Ciaz,2017,607000,67.5K km,67500,UP,automatic,petrol,10336,8
noida,Mahindra XUV 300,2020,859000,65K km,65000,UP,automatic,diesel,14628,5
noida,Renault Kwid,2021,372000,26K km,26000,UP,manual,petrol,6334,4
noida,Hyundai Elite i20,2016,513000,47.5K km,47500,DL,manual,petrol,8736,9
noida,Renault Kiger,2021,618000,24K km,24000,UP,manual,petrol,10524,4
noida,Renault Kwid,2018,284000,49.5K km,49500,UP,manual,petrol,4836,7
noida,Maruti Baleno,2022,632000,21K km,21000,UP,manual,petrol,10762,3
noida,Maruti Ciaz,2018,649000,61K km,61000,UP,manual,petrol,9698,7
noida,Maruti Baleno,2016,414000,84.5K km,84500,DL,manual,petrol,7050,9
noida,Maruti Swift Dzire,2012,237000,42.5K km,42500,DL,manual,petrol,9013,13
noida,Maruti Swift Dzire,2013,265000,89K km,89000,DL,manual,petrol,7143,12
noida,Maruti Swift Dzire,2012,280000,37.5K km,37500,DL,manual,petrol,10649,13
noida,Maruti Ertiga,2015,515000,97K km,97000,UP,manual,petrol,9374,10
noida,Maruti Wagon R 1.0,2013,253000,91K km,91000,DL,manual,petrol+cng,6819,12
noida,Hyundai Grand i10,2014,320000,45K km,45000,DL,manual,petrol,6867,11
noida,Hyundai i10,2011,167000,71K km,71000,DL,manual,petrol,11932,14
noida,Maruti Swift,2012,266000,100.5K km,100500,DL,manual,petrol,10116,13
noida,Honda Amaze,2016,432000,51.5K km,51500,DL,manual,petrol,7356,9
noida,MG Hector Plus,2020,1329000,63.5K km,63500,UP,automatic,petrol,22855,5
noida,Maruti Swift,2019,576000,67K km,67000,DL,automatic,petrol,9808,6
noida,Tata Nexon,2019,678000,72K km,72000,DL,automatic,petrol,11545,6
noida,Renault Kiger,2022,704000,24.5K km,24500,DL,automatic,petrol,11988,3
noida,Ford Figo,2020,509000,54.5K km,54500,UP,manual,petrol,8667,5
noida,Honda Amaze,2015,365000,26.5K km,26500,DL,manual,petrol,6643,10
noida,Maruti Ciaz,2016,505000,70K km,70000,DL,manual,petrol,8599,9
noida,Kia Seltos,2019,1079000,33K km,33000,DL,manual,diesel,18556,6
noida,Volkswagen Polo,2013,352000,71K km,71000,DL,manual,petrol,8895,12
noida,Kia Carens,2022,1478000,37.5K km,37500,DL,automatic,diesel,25419,3
noida,Kia Sonet,2021,973000,50K km,50000,DL,manual,petrol,16569,4
noida,Maruti Wagon R 1.0,2012,199000,39K km,39000,DL,manual,petrol,7719,13
noida,Honda Amaze,2015,380000,31K km,31000,UP,manual,petrol,6916,10
noida,Maruti Swift,2014,296000,86K km,86000,DL,manual,petrol,6352,11
noida,Hyundai Eon,2013,202000,29K km,29000,DL,manual,petrol,5104,12
noida,Toyota Etios Liva,2011,195000,48K km,48000,DL,manual,petrol,13062,14
noida,Maruti Ciaz,2014,429000,104K km,104000,DL,manual,petrol,9207,11
noida,Ford EcoSport,2015,460000,85K km,85000,DL,automatic,petrol,8373,10
noida,Maruti Swift Dzire,2012,250000,100.5K km,100500,DL,manual,petrol,9508,13
noida,Maruti Ciaz,2015,450000,51.5K km,51500,DL,manual,petrol,8191,10
noida,Maruti Baleno,2019,604000,48.5K km,48500,UP,automatic,petrol,10285,6
noida,Maruti Baleno,2018,572000,38.5K km,38500,DL,manual,petrol,9740,7
noida,Maruti Ciaz,2016,561000,63K km,63000,DL,manual,petrol,9553,9
noida,Toyota Innova Crysta,2017,1286000,63K km,63000,UP,manual,petrol,22121,8
noida,Hyundai Creta,2020,1049000,59K km,59000,DL,automatic,diesel,18034,5
noida,Renault Kiger,2022,787000,47.5K km,47500,UP,automatic,petrol,13368,3
noida,Renault Duster,2017,564000,26.5K km,26500,DL,manual,petrol,9604,8
noida,Hyundai Venue,2021,926000,26.5K km,26500,DL,manual,petrol,15769,4
noida,Tata Tigor,2022,686000,20.5K km,20500,UP,automatic,petrol,11682,3
noida,Hyundai New Santro 1.1,2019,440000,45K km,45000,UP,manual,petrol,7024,6
noida,Nissan Kicks,2019,697000,38.5K km,38500,UP,manual,diesel,11869,6
noida,Hyundai Grand i10,2013,292000,76.5K km,76500,DL,manual,petrol,7870,12
noida,Tata Tiago,2019,413000,56K km,56000,UP,manual,petrol,7033,6
noida,Hyundai Elite i20,2016,445000,101.5K km,101500,DL,manual,petrol,7578,9
noida,Hyundai Verna,2011,313000,44.5K km,44500,DL,manual,petrol+cng,22365,14
noida,Ford EcoSport,2019,606000,108.5K km,108500,DL,manual,petrol,10319,6
noida,Honda Amaze,2014,302000,94.5K km,94500,DL,manual,petrol,6481,11
noida,Hyundai Fluidic Verna 4S,2015,575000,57K km,57000,UP,manual,petrol,10466,10
noida,Maruti Ritz,2013,212000,55K km,55000,DL,manual,petrol,5357,12
noida,Honda City,2015,417000,109.5K km,109500,DL,manual,petrol,7590,10
noida,Hyundai Elite i20,2015,465000,63.5K km,63500,UP,manual,petrol,8464,10
noida,Renault Kiger,2022,649000,36K km,36000,UP,manual,petrol,11052,3
noida,Renault Triber,2022,611000,44K km,44000,UP,automatic,petrol,10404,3
noida,Tata Nexon,2023,1005000,21K km,21000,DL,manual,petrol,17114,2
noida,Hyundai Venue,2021,810000,37.5K km,37500,UP,manual,petrol,13793,4
noida,Maruti Swift,2014,345000,46.5K km,46500,DL,manual,petrol,7404,11
noida,Hyundai Creta,2018,819000,40.5K km,40500,DL,manual,petrol,13947,7
noida,Honda City,2023,1249000,23K km,23000,UP,manual,petrol,21480,2
noida,Maruti Swift,2020,524000,66.5K km,66500,UP,automatic,petrol,8923,5
noida,Maruti Swift Dzire,2014,353000,82K km,82000,DL,manual,petrol,7576,11
noida,Hyundai Venue,2020,778000,30.5K km,30500,DL,manual,petrol,13248,5
noida,Maruti Celerio,2014,349000,68K km,68000,DL,manual,petrol+cng,7490,11
noida,Hyundai New Santro 1.1,2022,514000,36.5K km,36500,DL,manual,petrol+cng,8206,3
noida,Maruti Swift Dzire,2014,312000,103K km,103000,DL,manual,petrol,6696,11
noida,Honda Jazz,2017,369000,102K km,102000,UP,manual,petrol,5891,8
noida,Maruti Ciaz,2015,470000,85.5K km,85500,DL,manual,petrol,8555,10
noida,Maruti Ritz,2015,312000,33K km,33000,DL,manual,petrol,5324,10
noida,Maruti Baleno,2015,410000,81.5K km,81500,DL,manual,petrol,7463,10
noida,Chevrolet Beat,2011,141000,76.5K km,76500,DL,manual,petrol,9698,14
noida,Renault Duster,2013,370000,58.5K km,58500,DL,manual,petrol+cng,9973,12
noida,Maruti Swift Dzire,2014,305000,89.5K km,89500,DL,manual,petrol,6545,11
noida,Maruti Vitara Brezza,2018,565000,80.5K km,80500,UP,manual,diesel,9621,7
noida,Tata Altroz,2022,654000,23K km,23000,UP,manual,petrol,11131,3
noida,Hyundai Verna,2018,736000,66K km,66000,DL,manual,petrol,12533,7
noida,Tata Nexon,2023,835000,24K km,24000,UP,manual,petrol+cng,14219,2
noida,Hyundai Verna,2020,1063000,57K km,57000,UP,automatic,diesel,18287,5
noida,Hyundai Creta,2019,784000,31.5K km,31500,UP,manual,diesel,13351,6
noida,Nissan Magnite,2021,668000,31.5K km,31500,DL,manual,petrol,11375,4
noida,Maruti Swift,2018,589000,29.5K km,29500,DL,manual,petrol,10030,7
noida,Maruti Swift,2016,414000,20.5K km,20500,DL,manual,petrol,7050,9
noida,Maruti Wagon R 1.0,2016,352000,52K km,52000,UP,automatic,petrol,6291,9
noida,Maruti Vitara Brezza,2018,670000,50.5K km,50500,UP,automatic,diesel,11409,7
noida,Hyundai Grand i10,2019,515000,2K km,2000,DL,manual,petrol,8770,6
noida,Mahindra Scorpio,2021,1130000,56.5K km,56500,UP,manual,diesel,19430,4
noida,Maruti Swift Dzire,2013,334000,58K km,58000,DL,manual,petrol+cng,9003,12
noida,Maruti Swift,2015,362000,66.5K km,66500,DL,manual,petrol+cng,6589,10
noida,Maruti XL6,2021,892000,36K km,36000,UP,manual,petrol,15190,4
noida,Mercedes E-Class,2017,3000000,46.5K km,46500,DL,automatic,petrol,51596,8
noida,Maruti Wagon R 1.0,2020,448000,56K km,56000,UP,manual,petrol+cng,7629,5
noida,BMW X1,2019,1830000,50.5K km,50500,HR,automatic,diesel,31473,6
noida,Hyundai Creta,2018,912000,17.5K km,17500,UP,automatic,petrol,15530,7
noida,Tata Tiago,2018,390000,59.5K km,59500,DL,manual,petrol,6641,7
noida,Maruti Ciaz,2019,629000,45K km,45000,UP,manual,petrol,10711,6
noida,Jeep Compass,2021,1850000,36.5K km,36500,UP,automatic,petrol,31817,4
noida,Tata Punch,2023,627000,8.5K km,8500,UP,manual,petrol,10677,2
noida,Hyundai Verna,2019,875000,59K km,59000,UP,manual,petrol,14900,6
noida,Maruti Ciaz,2021,697000,38.5K km,38500,UP,manual,petrol,11869,4
noida,Nissan Magnite,2023,527000,53K km,53000,UP,manual,petrol,8974,2
noida,Hyundai Grand i10 Nios,2023,644000,8.5K km,8500,DL,manual,petrol,10966,2
noida,Honda Amaze,2019,668000,21.5K km,21500,DL,automatic,petrol,11375,6
noida,Renault Triber,2020,463000,102.5K km,102500,DL,automatic,petrol,7884,5
noida,Hyundai Eon,2012,205000,26.5K km,26500,DL,manual,petrol,7309,13
noida,Hyundai Creta,2022,1319000,70.5K km,70500,UP,automatic,petrol,22684,3
noida,Maruti Eeco,2018,398000,7K km,7000,DL,manual,petrol,6354,7
noida,Toyota Etios,2015,372000,58K km,58000,UP,manual,petrol,6348,10
noida,Maruti Baleno,2018,535000,57K km,57000,UP,automatic,petrol,9110,7
noida,Maruti Grand Vitara,2023,1129000,57K km,57000,UP,manual,petrol,19416,2
noida,Tata Nexon,2018,571000,54K km,54000,DL,manual,petrol,9723,7
noida,Renault Kiger,2022,551000,40.5K km,40500,UP,manual,petrol,9383,3
noida,Hyundai Eon,2012,162000,33.5K km,33500,DL,manual,petrol,10852,13
noida,Kia Seltos,2022,1274000,20K km,20000,UP,manual,petrol,21910,3
noida,Tata Tiago,2021,560000,47K km,47000,UP,automatic,petrol,9536,4
noida,Maruti Alto 800,2017,263000,49.5K km,49500,UP,manual,petrol,4700,8
noida,Maruti Swift,2015,386000,92.5K km,92500,DL,manual,petrol,7026,10
noida,Maruti Vitara Brezza,2021,749000,25K km,25000,DL,manual,petrol,12755,4
noida,Honda Jazz,2018,498000,59K km,59000,DL,manual,petrol,7950,7
noida,Nissan Magnite,2023,498000,33K km,33000,DL,manual,petrol,8480,2
noida,Datsun Redi-GO,2018,254000,78.5K km,78500,UP,automatic,petrol,6846,7
noida,Maruti Swift,2023,635000,17.5K km,17500,DL,manual,petrol,10813,2
noida,Toyota Urban Cruiser Hyryder,2023,1519000,28.5K km,28500,UP,manual,petrol,26123,2
noida,Ford EcoSport,2019,658000,60.5K km,60500,DL,manual,diesel,11205,6
noida,Maruti Swift Dzire,2012,274000,58.5K km,58500,DL,manual,petrol,10421,13
noida,Tata Punch,2024,699000,4K km,4000,UP,manual,petrol,11903,1
noida,Maruti Wagon R 1.0,2022,576000,18.5K km,18500,DL,manual,petrol+cng,9808,3
noida,Maruti Swift,2015,356000,28K km,28000,DL,manual,petrol,6480,10
noida,Maruti Alto 800,2013,200000,45.5K km,45500,DL,manual,petrol,5546,12
noida,Tata Punch,2021,559000,23K km,23000,UP,manual,petrol,9519,4
noida,Maruti Swift,2023,649000,16.5K km,16500,UP,manual,petrol,11052,2
noida,Maruti Vitara Brezza,2021,973000,38K km,38000,DL,automatic,petrol,16569,4
noida,Tata Tiago,2017,362000,41.5K km,41500,UP,manual,petrol,6164,8
noida,Nissan Magnite,2022,635000,56K km,56000,DL,manual,petrol,10813,3
noida,Maruti S-Presso,2022,398000,11.5K km,11500,UP,manual,petrol,6777,3
noida,Maruti Wagon R 1.0,2017,385000,24.5K km,24500,DL,manual,petrol+cng,6556,8
noida,Maruti Celerio,2016,353000,94K km,94000,DL,manual,petrol+cng,6011,9
noida,Maruti Baleno,2018,500000,37.5K km,37500,DL,manual,petrol,8514,7
noida,Volkswagen Polo,2016,341000,73.5K km,73500,UP,manual,petrol,5444,9
noida,Toyota Corolla Altis,2019,1139000,79K km,79000,UP,automatic,petrol,19587,6
noida,Hyundai Venue,2020,675000,54K km,54000,UP,manual,petrol,11494,5
noida,Maruti Dzire,2023,796000,5K km,5000,UP,manual,petrol,13555,2
noida,Renault Kwid,2021,370000,24K km,24000,DL,manual,petrol,6300,4
noida,Honda Jazz,2018,491000,35K km,35000,DL,automatic,petrol,7838,7
noida,Maruti Wagon R 1.0,2012,211000,97K km,97000,DL,manual,petrol+cng,8025,13
noida,Toyota Urban Cruiser Hyryder,2024,1889000,10.5K km,10500,UP,automatic,petrol,32491,1
noida,Tata Altroz,2023,849000,23.5K km,23500,UP,manual,diesel,14457,2
noida,Hyundai Elite i20,2014,426000,59.5K km,59500,DL,manual,petrol+cng,9142,11
noida,Maruti Swift Dzire,2012,265000,75K km,75000,DL,manual,petrol+cng,10078,13
noida,Maruti Swift,2020,617000,45K km,45000,UP,automatic,petrol,10507,5
noida,Hyundai New i20,2021,665000,28.5K km,28500,DL,manual,petrol,11324,4
noida,Honda City,2018,815000,38.5K km,38500,UP,manual,petrol,13878,7
noida,Maruti Swift Dzire,2013,223000,118.5K km,118500,DL,manual,petrol,8481,12
noida,Hyundai Venue,2022,854000,72K km,72000,UP,manual,diesel,14543,3
noida,Maruti Celerio,2016,370000,53K km,53000,DL,automatic,petrol,6300,9
noida,Honda Amaze,2022,749000,27.5K km,27500,DL,manual,petrol,12755,3
noida,Maruti Baleno,2016,427000,80.5K km,80500,DL,automatic,petrol,7271,9
noida,Tata Altroz,2022,710000,28K km,28000,DL,automatic,petrol,12090,3
noida,MG Hector Plus,2021,1355000,79.5K km,79500,UP,manual,diesel,23296,4
noida,Maruti Ertiga,2015,539000,56.5K km,56500,DL,manual,petrol,9811,10
noida,Honda Amaze,2016,417000,43K km,43000,DL,manual,petrol,7101,9
noida,Hyundai Aura,2021,616000,41K km,41000,UP,manual,petrol,10490,4
ahmedabad,Renault Kwid,2021,449000,30.5K km,30500,GJ,automatic,petrol,7692,4
ahmedabad,Maruti Swift,2023,649000,17K km,17000,GJ,manual,petrol,11118,2
ahmedabad,Tata Tiago,2022,549000,18.5K km,18500,GJ,automatic,petrol,9405,3
ahmedabad,Maruti Alto K10,2022,474000,9K km,9000,GJ,automatic,petrol,8120,3
ahmedabad,MG Astor,2023,1178000,24K km,24000,GJ,automatic,petrol,20379,2
ahmedabad,Maruti S-Cross,2022,830000,48.5K km,48500,GJ,manual,petrol,14219,3
ahmedabad,Honda Amaze,2016,432000,64K km,64000,GJ,automatic,petrol,7400,9
ahmedabad,Honda Amaze,2015,362000,68K km,68000,GJ,manual,petrol+cng,6628,10
ahmedabad,Maruti Wagon R 1.0,2016,354000,31K km,31000,GJ,automatic,petrol,6364,9
ahmedabad,Hyundai Grand i10,2014,419000,43.5K km,43500,GJ,automatic,petrol,9046,11
ahmedabad,Hyundai New Santro 1.1,2019,385000,99K km,99000,GJ,manual,petrol+cng,6183,6
ahmedabad,Skoda Rapid New,2017,549000,106K km,106000,GJ,manual,diesel,9405,8
ahmedabad,Maruti Ciaz,2016,475000,95K km,95000,GJ,manual,petrol+cng,8137,9
ahmedabad,Honda Jazz,2021,812000,32.5K km,32500,GJ,automatic,petrol,13041,4
ahmedabad,Tata Tigor,2023,598000,14K km,14000,GJ,manual,petrol,10244,2
ahmedabad,Kia Carens,2022,1139000,33.5K km,33500,GJ,manual,petrol,19705,3
ahmedabad,Hyundai Eon,2016,284000,31K km,31000,GJ,manual,petrol,4880,9
ahmedabad,MG Hector,2021,1329000,89K km,89000,GJ,manual,diesel,22990,4
ahmedabad,Honda Brio,2017,374000,35.5K km,35500,GJ,manual,petrol,6006,8
ahmedabad,Maruti Ciaz,2020,826000,42.5K km,42500,GJ,automatic,petrol,14150,5
ahmedabad,Jeep Compass,2018,1097000,60.5K km,60500,GJ,automatic,petrol,18976,7
ahmedabad,Jeep Compass,2021,1750000,59.5K km,59500,GJ,automatic,petrol,30275,4
ahmedabad,Renault Kwid,2016,232000,83K km,83000,GJ,manual,petrol,3967,9
ahmedabad,Nissan Micra,2016,299000,106.5K km,106500,GJ,manual,diesel,5132,9
ahmedabad,Renault Kwid,2017,282000,33K km,33000,GJ,manual,petrol,4836,8
ahmedabad,Renault Kwid,2020,307000,52K km,52000,GJ,manual,petrol,5262,5
ahmedabad,Volkswagen Virtus,2022,1014000,32K km,32000,GJ,automatic,petrol,17543,3
ahmedabad,Hyundai Eon,2017,241000,66.5K km,66500,GJ,manual,petrol,4137,8
ahmedabad,Mahindra TUV300,2018,589000,29K km,29000,GJ,manual,diesel,10090,7
ahmedabad,Honda Civic,2020,1054000,50.5K km,50500,GJ,automatic,petrol,18232,5
ahmedabad,Volkswagen Polo,2021,563000,62K km,62000,GJ,manual,petrol,9042,4
ahmedabad,Tata Altroz,2022,793000,44.5K km,44500,GJ,manual,diesel,13585,3
ahmedabad,Honda Brio,2014,251000,82.5K km,82500,GJ,manual,petrol,5090,11
ahmedabad,Volkswagen Ameo,2017,478000,122K km,122000,GJ,automatic,diesel,7677,8
ahmedabad,Ford EcoSport,2021,897000,28.5K km,28500,GJ,automatic,petrol,15367,4
ahmedabad,Hyundai Venue,2021,920000,22K km,22000,GJ,automatic,petrol,15769,4
ahmedabad,Hyundai Venue,2021,907000,42.5K km,42500,GJ,automatic,petrol,15530,4
ahmedabad,Maruti Wagon R 1.0,2014,302000,76K km,76000,GJ,manual,petrol,6764,11
ahmedabad,Hyundai Elite i20,2017,563000,55K km,55000,GJ,manual,petrol,9638,8
ahmedabad,Maruti Wagon R 1.0,2015,331000,51K km,51000,GJ,manual,petrol,6337,10
ahmedabad,Kia Sonet,2021,759000,69.5K km,69500,GJ,manual,petrol,13002,4
ahmedabad,Jeep Compass,2021,1850000,33K km,33000,GJ,automatic,petrol,32006,4
ahmedabad,Mahindra XUV 3XO,2024,1286000,1.5K km,1500,GJ,automatic,petrol,22240,1
ahmedabad,Hyundai Eon,2018,305000,34.5K km,34500,GJ,manual,petrol,4898,7
ahmedabad,Hyundai Eon,2019,344000,29K km,29000,GJ,manual,petrol,5524,6
ahmedabad,Honda Amaze,2022,798000,28.5K km,28500,GJ,automatic,petrol,13671,3
ahmedabad,Maruti Vitara Brezza,2022,859000,33K km,33000,GJ,manual,petrol,14716,3
ahmedabad,Renault Kiger,2023,875000,23K km,23000,GJ,automatic,petrol,14990,2
ahmedabad,Kia Sonet,2023,1219000,27.5K km,27500,GJ,automatic,petrol,21089,2
ahmedabad,Volkswagen Ameo,2019,494000,88K km,88000,GJ,manual,petrol,7934,6
ahmedabad,Mahindra KUV100 NXT,2019,433000,52.5K km,52500,GJ,manual,diesel,7416,6
ahmedabad,Mahindra XUV500,2017,872000,83.5K km,83500,GJ,automatic,diesel,15678,8
ahmedabad,Honda Brio,2013,259000,104.5K km,104500,GJ,manual,petrol,6584,12
ahmedabad,Tata Nexon,2022,833000,25.5K km,25500,GJ,automatic,petrol,14270,3
ahmedabad,Maruti Brezza,2022,957000,14.5K km,14500,GJ,manual,petrol,16399,3
ahmedabad,Renault Kwid,2019,277000,32.5K km,32500,GJ,manual,petrol,4745,6
ahmedabad,Renault Kwid,2016,271000,33K km,33000,GJ,manual,petrol,4642,9
ahmedabad,Tata Nexon,2021,875000,109K km,109000,GJ,manual,diesel,14990,4
ahmedabad,Renault Kwid,2017,283000,27.5K km,27500,GJ,manual,petrol,4848,8
ahmedabad,Maruti S-Cross,2021,804000,21.5K km,21500,GJ,manual,petrol,13773,4
ahmedabad,Renault Kwid,2018,274000,47K km,47000,GJ,manual,petrol,4694,7
ahmedabad,Hyundai Grand i10,2016,363000,100.5K km,100500,GJ,manual,petrol,6218,9
ahmedabad,Hyundai Eon,2015,255000,40.5K km,40500,GJ,manual,petrol,4385,10
ahmedabad,Renault Kiger,2021,597000,59K km,59000,GJ,manual,petrol,10227,4
ahmedabad,Hyundai Eon,2019,310000,27K km,27000,GJ,manual,petrol,4978,6
ahmedabad,Maruti Grand Vitara,2022,1285000,48K km,48000,GJ,manual,petrol,22231,3
ahmedabad,Hyundai New Santro 1.1,2022,589000,12.5K km,12500,GJ,manual,petrol+cng,9459,3
ahmedabad,Ford EcoSport,2016,595000,56.5K km,56500,GJ,manual,petrol,10193,9
ahmedabad,Hyundai Exter,2025,839000,3K km,3000,GJ,manual,petrol,14373,0
ahmedabad,Hyundai Elite i20,2018,627000,60.5K km,60500,GJ,manual,petrol,10741,7
ahmedabad,Hyundai New Santro 1.1,2022,578000,26K km,26000,GJ,manual,petrol+cng,9283,3
ahmedabad,Mahindra Thar,2021,1266000,23K km,23000,GJ,automatic,petrol,21899,4
ahmedabad,Renault Duster,2021,794000,32.5K km,32500,GJ,manual,petrol,13602,4
ahmedabad,Renault Kwid,2016,242000,22.5K km,22500,GJ,manual,petrol,4145,9
ahmedabad,Hyundai New Santro 1.1,2019,353000,77K km,77000,GJ,manual,petrol,5667,6
ahmedabad,Maruti Eeco,2013,305000,44K km,44000,GJ,manual,petrol,7753,12
ahmedabad,Volkswagen Polo,2017,319000,80.5K km,80500,GJ,manual,petrol,5123,8
ahmedabad,Maruti Baleno,2015,439000,106.5K km,106500,GJ,manual,diesel,8038,10
ahmedabad,Mahindra XUV700,2022,1354000,45.5K km,45500,GJ,automatic,petrol,23423,3
ahmedabad,Datsun GO,2016,195000,56.5K km,56500,GJ,manual,petrol,5287,9
ahmedabad,Maruti Celerio,2018,356000,106.5K km,106500,GJ,automatic,petrol,6098,7
ahmedabad,Maruti Wagon R 1.0,2018,367000,75K km,75000,GJ,manual,petrol,6598,7
ahmedabad,Tata Nexon,2023,1039000,36.5K km,36500,GJ,automatic,petrol,17975,2
ahmedabad,Maruti Ciaz,2020,731000,64.5K km,64500,GJ,manual,petrol,12523,5
ahmedabad,Mahindra XUV700,2022,1782000,85K km,85000,GJ,automatic,petrol,30830,3
ahmedabad,Datsun Redi-GO,2019,220000,37.5K km,37500,GJ,manual,petrol,5965,6
ahmedabad,Tata Nexon,2020,689000,80K km,80000,GJ,manual,petrol,11803,5
ahmedabad,Hyundai Grand i10,2015,435000,44K km,44000,GJ,manual,petrol,7965,10
ahmedabad,Maruti Alto 800,2022,352000,21K km,21000,GJ,manual,petrol,6328,3
ahmedabad,Honda City,2016,641000,42K km,42000,GJ,automatic,petrol,10981,9
ahmedabad,Ford EcoSport,2016,603000,37.5K km,37500,GJ,automatic,petrol,10330,9
ahmedabad,Maruti Baleno,2021,619000,45.5K km,45500,GJ,manual,petrol,10604,4
ahmedabad,Hyundai Elite i20,2020,703000,41K km,41000,GJ,manual,petrol,12039,5
ahmedabad,Honda Amaze,2017,418000,121.5K km,121500,GJ,manual,petrol,7161,8
ahmedabad,Maruti Swift Dzire,2012,325000,99.5K km,99500,GJ,manual,petrol,12435,13
ahmedabad,Maruti Alto 800,2016,265000,41K km,41000,GJ,manual,petrol,4764,9
ahmedabad,Hyundai Eon,2018,320000,58K km,58000,GJ,manual,petrol,5140,7
ahmedabad,Ford EcoSport,2021,792000,103K km,103000,GJ,automatic,petrol,13568,4
ahmedabad,Maruti Wagon R 1.0,2014,277000,78.5K km,78500,GJ,manual,petrol,6204,11
ahmedabad,Maruti Wagon R 1.0,2016,311000,118K km,118000,GJ,manual,petrol+cng,5327,9
ahmedabad,Maruti Swift,2019,551000,23K km,23000,GJ,manual,petrol,9439,6
ahmedabad,Maruti Alto K10,2016,259000,96K km,96000,GJ,manual,petrol+cng,4444,9
ahmedabad,Maruti Alto K10,2018,342000,45.5K km,45500,GJ,automatic,petrol,5859,7
ahmedabad,Maruti Wagon R 1.0,2015,297000,85.5K km,85500,GJ,manual,petrol,5686,10
ahmedabad,Maruti Alto 800,2014,246000,28.5K km,28500,GJ,manual,petrol,5509,11
ahmedabad,Maruti Ciaz,2016,519000,64K km,64000,GJ,manual,petrol,8891,9
ahmedabad,Hyundai Elite i20,2019,558000,45.5K km,45500,GJ,manual,petrol,9553,6
ahmedabad,Mahindra XUV500,2018,1097000,66K km,66000,GJ,automatic,diesel,19909,7
ahmedabad,Honda Amaze,2022,698000,20K km,20000,GJ,automatic,petrol,11957,3
ahmedabad,Maruti Wagon R 1.0,2018,376000,58.5K km,58500,GJ,manual,petrol,6755,7
ahmedabad,Hyundai Elite i20,2018,594000,84K km,84000,GJ,manual,petrol+cng,10183,7
ahmedabad,Maruti XL6,2022,1219000,28K km,28000,GJ,automatic,petrol,21089,3
ahmedabad,Hyundai Grand i10 Nios,2022,668000,11K km,11000,GJ,automatic,petrol,11443,3
ahmedabad,Hyundai i20,2014,412000,123.5K km,123500,GJ,manual,diesel,8895,11
ahmedabad,Maruti Alto 800,2016,239000,69K km,69000,GJ,manual,petrol,4575,9
ahmedabad,Maruti Wagon R 1.0,2018,412000,74K km,74000,GJ,automatic,petrol,7407,7
ahmedabad,Maruti Wagon R 1.0,2017,319000,99K km,99000,GJ,manual,petrol,5735,8
ahmedabad,Maruti Ciaz,2016,502000,94K km,94000,GJ,manual,petrol,8599,9
ahmedabad,Hyundai Elite i20,2019,558000,106.5K km,106500,GJ,manual,petrol,9553,6
ahmedabad,Maruti Celerio,2023,533000,39.5K km,39500,GJ,manual,petrol+cng,9131,2
ahmedabad,Hyundai Xcent,2016,432000,55.5K km,55500,GJ,manual,petrol+cng,7400,9
ahmedabad,Hyundai Grand i10,2016,498000,45K km,45000,GJ,automatic,petrol,9119,9
ahmedabad,Maruti Alto 800,2021,298000,20K km,20000,GJ,manual,petrol,5357,4
ahmedabad,Hyundai New i20,2023,1039000,5.5K km,5500,GJ,automatic,petrol,17975,2
ahmedabad,Maruti Wagon R 1.0,2022,466000,45K km,45000,GJ,manual,petrol,8382,3
ahmedabad,Maruti Alto 800,2018,306000,25K km,25000,GJ,manual,petrol,5501,7
ahmedabad,Maruti Wagon R 1.2,2021,519000,12K km,12000,GJ,manual,petrol,8891,4
ahmedabad,Tata Punch,2022,727000,49K km,49000,GJ,automatic,petrol,12454,3
ahmedabad,Tata Tigor,2023,729000,26K km,26000,GJ,manual,petrol+cng,12482,2
ahmedabad,Maruti Wagon R 1.2,2021,519000,30K km,30000,GJ,manual,petrol,8891,4
ahmedabad,Tata Tiago,2022,550000,24K km,24000,GJ,manual,petrol,9422,3
ahmedabad,Datsun Redi-GO,2019,233000,32K km,32000,GJ,manual,petrol,5030,6
ahmedabad,Renault Kwid,2021,428000,40.5K km,40500,GJ,automatic,petrol,7339,4
ahmedabad,Renault Kwid,2016,241000,46.5K km,46500,GJ,manual,petrol,4128,9
ahmedabad,Hyundai Grand i10,2017,390000,80K km,80000,GJ,manual,petrol,6681,8
ahmedabad,Maruti Alto 800,2021,323000,28.5K km,28500,GJ,manual,petrol,5807,4
ahmedabad,Maruti Swift,2015,421000,72K km,72000,GJ,manual,diesel,9089,10
ahmedabad,Ford EcoSport,2013,392000,118.5K km,118500,GJ,manual,diesel,10629,12
ahmedabad,Renault Duster,2020,678000,91.5K km,91500,GJ,manual,diesel,11615,5
ahmedabad,Honda Amaze,2013,344000,80.5K km,80500,GJ,manual,petrol,9328,12
ahmedabad,Renault Kwid,2016,239000,50K km,50000,GJ,manual,petrol,4094,9
ahmedabad,Ford EcoSport,2018,674000,52.5K km,52500,GJ,manual,petrol,11546,7
ahmedabad,Renault Kwid,2022,457000,28K km,28000,GJ,automatic,petrol,7829,3
ahmedabad,Hyundai New Santro 1.1,2019,404000,24.5K km,24500,GJ,manual,petrol,6481,6
ahmedabad,Maruti Baleno,2020,654000,52K km,52000,GJ,automatic,petrol,11204,5
ahmedabad,Maruti Ignis,2023,578000,10.5K km,10500,GJ,manual,petrol,9902,2
ahmedabad,Renault Kwid,2018,282000,25K km,25000,GJ,manual,petrol,4836,7
ahmedabad,Mahindra XUV 300,2021,876000,21.5K km,21500,GJ,manual,petrol,15002,4
ahmedabad,Mahindra XUV700,2022,1568000,48.5K km,48500,GJ,automatic,diesel,27127,3
ahmedabad,Honda City,2023,1256000,17.5K km,17500,GJ,manual,petrol,21729,2
ahmedabad,Maruti S-Cross,2021,721000,51K km,51000,GJ,manual,petrol,12351,4
ahmedabad,Hyundai i10,2014,332000,45K km,45000,GJ,manual,petrol,5406,11
ahmedabad,Maruti Celerio,2023,499000,16.5K km,16500,GJ,manual,petrol,8548,2
ahmedabad,Renault Kwid,2016,247000,90K km,90000,GJ,manual,petrol,4231,9
ahmedabad,Maruti Wagon R 1.0,2018,389000,71K km,71000,GJ,manual,petrol+cng,6664,7
ahmedabad,Hyundai Venue,2019,733000,106K km,106000,GJ,automatic,petrol,12557,6
ahmedabad,Maruti Alto 800,2019,337000,25K km,25000,GJ,manual,petrol,6059,6
ahmedabad,Honda Brio,2015,312000,50.5K km,50500,GJ,manual,petrol,5356,10
ahmedabad,Maruti Ignis,2019,425000,49K km,49000,GJ,manual,petrol,7288,6
ahmedabad,Hyundai i10,2012,249000,50K km,50000,GJ,manual,petrol,9527,13
ahmedabad,Ford EcoSport,2020,741000,49K km,49000,GJ,automatic,petrol,12686,5
ahmedabad,Hyundai i10,2011,225000,92K km,92000,GJ,manual,petrol,16173,14
ahmedabad,Maruti Alto 800,2018,316000,14.5K km,14500,GJ,manual,petrol,5683,7
ahmedabad,Maruti Swift,2022,657000,23K km,23000,GJ,manual,petrol,11256,3
ahmedabad,Hyundai Eon,2014,237000,46.5K km,46500,GJ,manual,petrol,4797,11
ahmedabad,MG Hector,2021,1419000,46K km,46000,GJ,automatic,petrol,24548,4
ahmedabad,Maruti Wagon R 1.0,2017,373000,63K km,63000,GJ,automatic,petrol,6702,8
ahmedabad,Tata Nexon,2022,981000,8.5K km,8500,GJ,manual,petrol,16808,3
ahmedabad,MG Hector Plus,2021,1229000,48K km,48000,GJ,automatic,petrol,21262,4
ahmedabad,Maruti S-Cross,2021,749000,35.5K km,35500,GJ,manual,petrol,12831,4
ahmedabad,Volkswagen Taigun,2022,989000,38K km,38000,GJ,manual,petrol,16943,3
ahmedabad,Tata Punch,2022,739000,11.5K km,11500,GJ,automatic,petrol,12660,3
ahmedabad,Maruti Baleno,2020,644000,34K km,34000,GJ,automatic,petrol,10966,5
ahmedabad,Hyundai i10,2012,225000,38.5K km,38500,GJ,manual,petrol,8608,13
ahmedabad,Datsun GO,2019,315000,66K km,66000,GJ,manual,petrol,5396,6
ahmedabad,Renault Kwid,2018,320000,61K km,61000,GJ,automatic,petrol,5482,7
ahmedabad,Hyundai Creta,2018,715000,70K km,70000,GJ,automatic,petrol,12249,7
ahmedabad,Hyundai i10,2011,227000,84.5K km,84500,GJ,manual,petrol,16317,14
ahmedabad,Maruti Wagon R 1.0,2017,357000,46K km,46000,GJ,manual,petrol,6418,8
ahmedabad,Ford EcoSport,2020,721000,76K km,76000,GJ,manual,petrol,12351,5
ahmedabad,Honda Brio,2012,253000,82K km,82000,GJ,manual,petrol+cng,9075,13
ahmedabad,Maruti Swift,2018,636000,80K km,80000,GJ,manual,diesel,10895,7
ahmedabad,Honda Amaze,2018,659000,30.5K km,30500,GJ,automatic,petrol,11222,7
ahmedabad,Hyundai New Santro 1.1,2020,499000,46K km,46000,GJ,manual,petrol+cng,8014,5
ahmedabad,Renault Kwid,2023,474000,10.5K km,10500,GJ,automatic,petrol,8120,2
ahmedabad,Honda Amaze,2021,742000,34K km,34000,GJ,automatic,petrol,12711,4
ahmedabad,Maruti Celerio,2021,482000,37.5K km,37500,GJ,automatic,petrol,8259,4
ahmedabad,Maruti Alto 800,2023,382000,19K km,19000,GJ,manual,petrol,6863,2
ahmedabad,Maruti Dzire,2019,584000,60.5K km,60500,GJ,manual,petrol,10013,6
ahmedabad,MG Astor,2022,1321000,27.5K km,27500,GJ,automatic,petrol,22853,3
ahmedabad,Skoda Slavia,2022,1349000,50.5K km,50500,GJ,automatic,petrol,23338,3
ahmedabad,Honda Jazz,2019,519000,67K km,67000,GJ,manual,petrol,8335,6
ahmedabad,Volkswagen Vento,2022,849000,49.5K km,49500,GJ,automatic,petrol,13635,3
ahmedabad,Renault Triber,2021,506000,64.5K km,64500,GJ,manual,petrol,8668,4
ahmedabad,Honda Amaze,2015,479000,36.5K km,36500,GJ,automatic,petrol,8773,10
ahmedabad,Hyundai i20 Active,2017,497000,36.5K km,36500,GJ,manual,petrol,8514,8
ahmedabad,Honda Amaze,2019,638000,36K km,36000,GJ,automatic,diesel,11341,6
ahmedabad,Hyundai New Santro 1.1,2019,424000,99.5K km,99500,GJ,manual,petrol+cng,6809,6
ahmedabad,Hyundai New Santro 1.1,2019,440000,90K km,90000,GJ,manual,petrol+cng,7072,6
ahmedabad,Maruti Celerio,2018,377000,52.5K km,52500,GJ,automatic,petrol,6458,7
ahmedabad,Maruti Vitara Brezza,2020,819000,66.5K km,66500,GJ,automatic,petrol,14030,5
ahmedabad,Hyundai New Santro 1.1,2021,481000,61.5K km,61500,GJ,manual,petrol+cng,7725,4
ahmedabad,Nissan Micra Active,2015,275000,52.5K km,52500,GJ,manual,petrol,5035,10
ahmedabad,Maruti Alto 800,2019,339000,32.5K km,32500,GJ,manual,petrol,6095,6
ahmedabad,Renault Kwid,2022,480000,10.5K km,10500,GJ,automatic,petrol,8223,3
ahmedabad,Mahindra KUV100,2016,365000,47.5K km,47500,GJ,manual,petrol,6253,9
ahmedabad,Datsun Redi-GO,2017,215000,41.5K km,41500,GJ,manual,petrol,8226,8
ahmedabad,Maruti Alto K10,2019,345000,45.5K km,45500,GJ,manual,petrol,5909,6
ahmedabad,Ford EcoSport,2020,749000,44K km,44000,GJ,automatic,petrol,12755,5
ahmedabad,Tata Altroz,2022,676000,65.5K km,65500,GJ,automatic,petrol,11580,3
ahmedabad,Hyundai Xcent,2016,416000,87K km,87000,GJ,manual,petrol,6673,9
ahmedabad,Renault Kwid,2018,311000,36.5K km,36500,GJ,manual,petrol,5330,7
ahmedabad,Maruti S-Presso,2020,351000,27.5K km,27500,GJ,manual,petrol,6011,5
ahmedabad,Maruti Swift Dzire,2012,349000,80.5K km,80500,GJ,manual,petrol,13353,13
ahmedabad,Honda Amaze,2017,397000,107.5K km,107500,GJ,manual,petrol,6801,8
ahmedabad,Maruti Wagon R 1.0,2012,252000,72.5K km,72500,GJ,manual,petrol,9852,13
ahmedabad,Renault Kwid,2017,224000,84K km,84000,GJ,manual,petrol,3837,8
ahmedabad,Hyundai Grand i10,2018,422000,77K km,77000,GJ,manual,petrol,7237,7
ahmedabad,Hyundai New Santro 1.1,2020,406000,117K km,117000,GJ,manual,petrol,6513,5
ahmedabad,Honda WR-V,2017,433000,112K km,112000,GJ,manual,petrol,7424,8
ahmedabad,Maruti Alto 800,2015,245000,72.5K km,72500,GJ,manual,petrol+cng,4690,10
ahmedabad,Renault Triber,2020,586000,40K km,40000,GJ,automatic,petrol,10047,5
ahmedabad,Hyundai New Santro 1.1,2020,393000,46K km,46000,GJ,manual,petrol,6306,5
ahmedabad,Tata Safari,2022,1708000,56K km,56000,GJ,automatic,diesel,29546,3
ahmedabad,Hyundai Elite i20,2019,672000,38.5K km,38500,GJ,manual,petrol,11511,6
ahmedabad,Honda Amaze,2020,662000,50K km,50000,GJ,automatic,diesel,11341,5
ahmedabad,Renault Kwid,2021,357000,32K km,32000,GJ,manual,petrol,6113,4
ahmedabad,Maruti Celerio X,2018,435000,54K km,54000,GJ,automatic,petrol,7338,7
ahmedabad,Maruti Swift,2015,461000,81K km,81000,GJ,manual,diesel,8441,10
ahmedabad,Tata Nexon,2020,729000,20.5K km,20500,GJ,automatic,petrol,12488,5
ahmedabad,Hyundai Venue,2021,912000,32.5K km,32500,GJ,automatic,petrol,15615,4
ahmedabad,Renault Kwid,2021,375000,20.5K km,20500,GJ,manual,petrol,6420,4
ahmedabad,Maruti Alto 800,2022,365000,22.5K km,22500,GJ,manual,petrol,6562,3
ahmedabad,Renault Kwid,2019,296000,34K km,34000,GJ,manual,petrol,5070,6
ahmedabad,Hyundai i10,2011,255000,25.5K km,25500,GJ,manual,petrol,18363,14
ahmedabad,Maruti Ciaz,2021,741000,40.5K km,40500,GJ,manual,petrol,12686,4
ahmedabad,Hyundai Verna,2012,418000,83.5K km,83500,GJ,automatic,diesel,16012,13
ahmedabad,Renault Duster,2020,644000,61.5K km,61500,GJ,manual,petrol,11035,5
ahmedabad,Renault Kwid,2018,323000,64K km,64000,GJ,automatic,petrol,5533,7
ahmedabad,Hyundai i10,2013,237000,50K km,50000,GJ,manual,petrol,9051,12
ahmedabad,Volkswagen Polo,2014,319000,117K km,117000,GJ,manual,diesel,6456,11
ahmedabad,Mahindra XUV500,2021,968000,97.5K km,97500,GJ,manual,diesel,17404,4
ahmedabad,MG Hector Plus,2022,1378000,88.5K km,88500,GJ,manual,diesel,23838,3
ahmedabad,Maruti Baleno,2021,677000,15K km,15000,GJ,manual,petrol,11597,4
ahmedabad,Maruti Ciaz,2015,561000,43.5K km,43500,GJ,manual,petrol,10272,10
ahmedabad,MG Hector Plus,2020,1219000,42K km,42000,GJ,manual,petrol,21089,5
ahmedabad,Hyundai Elite i20,2018,592000,42.5K km,42500,GJ,manual,petrol,10149,7
ahmedabad,Volkswagen Taigun,2021,1117000,30K km,30000,GJ,manual,petrol,19328,4
ahmedabad,Hyundai Grand i10,2018,441000,77K km,77000,GJ,manual,petrol,7561,7
ahmedabad,Renault Kwid,2021,362000,29.5K km,29500,GJ,manual,petrol,6198,4
ahmedabad,Renault Triber,2019,535000,27K km,27000,GJ,manual,petrol,9165,6
ahmedabad,Maruti Alto 800,2023,372000,24.5K km,24500,GJ,manual,petrol,6684,2
ahmedabad,Hyundai Grand i10,2015,403000,67.5K km,67500,GJ,manual,petrol,7371,10
ahmedabad,Ford Freestyle,2018,478000,22K km,22000,GJ,manual,petrol,8752,7
ahmedabad,Maruti Ritz,2012,274000,38.5K km,38500,GJ,manual,petrol,9828,13
ahmedabad,Maruti Swift,2016,459000,113K km,113000,GJ,manual,diesel,7863,9
ahmedabad,Renault Triber,2021,505000,61.5K km,61500,GJ,manual,petrol,8650,4
ahmedabad,Maruti Wagon R 1.0,2011,238000,48K km,48000,GJ,manual,petrol,17288,14
ahmedabad,Hyundai Grand i10,2018,434000,67.5K km,67500,GJ,manual,petrol,7441,7
ahmedabad,Hyundai Grand i10,2017,381000,101.5K km,101500,GJ,manual,petrol,6522,8
ahmedabad,Maruti S-Presso,2021,400000,26.5K km,26500,GJ,manual,petrol,6845,4
ahmedabad,Hyundai Venue,2022,925000,22K km,22000,GJ,automatic,petrol,15846,3
ahmedabad,Hyundai Venue,2022,858000,49.5K km,49500,GJ,manual,petrol,14698,3
ahmedabad,Hyundai Creta,2021,1368000,49.5K km,49500,GJ,automatic,petrol,23667,4
ahmedabad,Skoda Kushaq,2021,1288000,73.5K km,73500,GJ,automatic,petrol,22274,4
ahmedabad,Renault Triber,2022,613000,42K km,42000,GJ,manual,petrol,10507,3
ahmedabad,Maruti Wagon R 1.0,2017,367000,76K km,76000,GJ,automatic,petrol,6594,8
ahmedabad,Mahindra KUV100,2016,349000,46K km,46000,GJ,manual,petrol,5978,9
ahmedabad,Hyundai Elite i20,2018,570000,36.5K km,36500,GJ,manual,petrol+cng,9757,7
ahmedabad,Kia Sonet,2021,855000,30.5K km,30500,GJ,manual,petrol,14645,4
ahmedabad,Hyundai Venue,2022,960000,40K km,40000,GJ,manual,petrol,16450,3
ahmedabad,Maruti Alto 800,2017,292000,41.5K km,41500,GJ,manual,petrol,5254,8
ahmedabad,Maruti Vitara Brezza,2018,768000,83.5K km,83500,GJ,automatic,diesel,13157,7
ahmedabad,Maruti Alto K10,2019,373000,37.5K km,37500,GJ,automatic,petrol,6390,6
ahmedabad,Kia Sonet,2021,831000,62K km,62000,GJ,manual,petrol,14236,4
ahmedabad,Maruti Wagon R 1.0,2013,276000,71.5K km,71500,GJ,manual,petrol,7700,12
ahmedabad,Maruti Alto 800,2017,279000,59.5K km,59500,GJ,manual,petrol,5016,8
ahmedabad,Maruti Alto 800,2016,268000,44K km,44000,GJ,manual,petrol,4818,9
ahmedabad,Volkswagen Ameo,2018,492000,77K km,77000,GJ,manual,diesel,7901,7
ahmedabad,Maruti Alto 800,2018,319000,12.5K km,12500,GJ,manual,petrol,5735,7
ahmedabad,Renault Kwid,2018,299000,63.5K km,63500,GJ,manual,petrol,5125,7
ahmedabad,Maruti A-Star,2011,183000,48.5K km,48500,GJ,manual,petrol,12325,14
ahmedabad,Tata Altroz,2023,715000,29.5K km,29500,GJ,manual,petrol,12244,2
ahmedabad,Mahindra KUV100 NXT,2018,345000,50K km,50000,GJ,manual,petrol,5910,7
ahmedabad,Maruti Ignis,2019,407000,85.5K km,85500,GJ,manual,petrol,6965,6
ahmedabad,Maruti Alto K10,2017,283000,68K km,68000,GJ,manual,petrol,4853,8
ahmedabad,Maruti Wagon R 1.0,2016,386000,38K km,38000,GJ,automatic,petrol,6934,9
ahmedabad,Hyundai i10,2014,333000,41K km,41000,GJ,manual,petrol,7189,11
ahmedabad,Renault Triber,2020,529000,45K km,45000,GJ,manual,petrol,9059,5
ahmedabad,Mahindra KUV100 NXT,2018,354000,38K km,38000,GJ,manual,petrol,6064,7
ahmedabad,Maruti Celerio,2017,378000,62K km,62000,GJ,automatic,petrol,6475,8
ahmedabad,Honda Jazz,2021,795000,32.5K km,32500,GJ,automatic,petrol,12768,4
ahmedabad,Kia Seltos,2021,1370000,52.5K km,52500,GJ,automatic,petrol,23698,4
ahmedabad,Maruti Swift,2018,575000,66.5K km,66500,GJ,manual,petrol,9850,7
ahmedabad,Hyundai Elite i20,2017,581000,109K km,109000,GJ,manual,diesel,9953,8
ahmedabad,Hyundai Grand i10,2019,485000,91.5K km,91500,GJ,manual,petrol+cng,8310,6
ahmedabad,Volkswagen Vento,2020,690000,111K km,111000,GJ,automatic,petrol,11079,5
ahmedabad,Maruti Alto 800,2019,274000,86.5K km,86500,GJ,manual,petrol,4926,6
ahmedabad,Maruti Alto 800,2019,329000,38.5K km,38500,GJ,manual,petrol,5915,6
ahmedabad,Datsun Go Plus,2015,229000,51.5K km,51500,GJ,manual,petrol,9698,10
ahmedabad,Ford EcoSport,2013,405000,44K km,44000,GJ,manual,petrol,10982,12
ahmedabad,Hyundai i10,2012,241000,75.5K km,75500,GJ,manual,petrol,9204,13
ahmedabad,Maruti Wagon R 1.0,2014,315000,42.5K km,42500,GJ,manual,petrol,7057,11
ahmedabad,Tata Nexon,2023,937000,34K km,34000,GJ,manual,petrol,16058,2
ahmedabad,Tata Harrier,2021,1142000,29.5K km,29500,GJ,manual,diesel,19754,4
ahmedabad,Maruti Alto 800,2018,267000,59.5K km,59500,GJ,manual,petrol,4807,7
ahmedabad,Maruti Ignis,2023,507000,10K km,10000,GJ,manual,petrol,8685,2
ahmedabad,Skoda Kushaq,2023,1087000,26K km,26000,GJ,manual,petrol,18799,2
ahmedabad,Renault Kwid,2019,315000,50.5K km,50500,GJ,manual,petrol,5398,6
ahmedabad,Maruti Alto 800,2022,383000,11.5K km,11500,GJ,manual,petrol,6880,3
ahmedabad,Renault Kwid,2018,298000,20K km,20000,GJ,manual,petrol,5108,7
ahmedabad,Tata Altroz,2023,925000,7K km,7000,GJ,manual,diesel,15854,2
ahmedabad,Ford Figo Aspire,2020,502000,47K km,47000,GJ,manual,petrol,8062,5
ahmedabad,Skoda Rapid New,2020,659000,39K km,39000,GJ,manual,petrol,11289,5
ahmedabad,Maruti Wagon R 1.0,2016,370000,16K km,16000,GJ,automatic,petrol,7084,9
ahmedabad,Nissan Magnite,2021,498000,117.5K km,117500,GJ,manual,petrol,8531,4
ahmedabad,Renault Kwid,2020,326000,52K km,52000,GJ,manual,petrol,5585,5
ahmedabad,Nissan Micra Active,2013,210000,34K km,34000,GJ,manual,petrol,5694,12
ahmedabad,Maruti Wagon R 1.0,2011,230000,43.5K km,43500,GJ,manual,petrol,16707,14
ahmedabad,Hyundai New Santro 1.1,2019,428000,58.5K km,58500,GJ,manual,petrol+cng,6880,6
ahmedabad,Renault Duster,2020,681000,98.5K km,98500,GJ,manual,diesel,11665,5
ahmedabad,Maruti Baleno,2018,510000,113.5K km,113500,GJ,automatic,petrol,8736,7
ahmedabad,Maruti Alto 800,2017,297000,46K km,46000,GJ,manual,petrol,5339,8
ahmedabad,Hyundai Elite i20,2016,473000,79.5K km,79500,GJ,manual,petrol,8106,9
ahmedabad,Tata Nexon,2022,877000,24.5K km,24500,GJ,manual,petrol,15019,3
ahmedabad,Maruti Ciaz,2020,789000,56.5K km,56500,GJ,automatic,petrol,13516,5
ahmedabad,Honda Amaze,2021,679000,38K km,38000,GJ,manual,petrol,11632,4
ahmedabad,Maruti Alto 800,2016,279000,55.5K km,55500,GJ,manual,petrol,5016,9
ahmedabad,Honda Amaze,2019,643000,48K km,48000,GJ,automatic,petrol,11015,6
ahmedabad,Mahindra Thar,2021,1276000,34.5K km,34500,GJ,automatic,diesel,22070,4
ahmedabad,Renault Kwid,2018,293000,64.5K km,64500,GJ,manual,petrol,5023,7
ahmedabad,Hyundai Grand i10,2018,475000,79.5K km,79500,GJ,automatic,petrol,8140,7
ahmedabad,MG Hector,2023,1459000,22K km,22000,GJ,automatic,petrol,25241,2
ahmedabad,Maruti Baleno,2019,547000,27.5K km,27500,GJ,manual,petrol,9366,6
ahmedabad,Mahindra XUV500,2019,992000,75.5K km,75500,GJ,manual,diesel,17835,6
ahmedabad,Volkswagen Ameo,2017,519000,105.5K km,105500,GJ,automatic,diesel,8335,8
ahmedabad,Mahindra XUV500,2018,908000,121.5K km,121500,GJ,automatic,diesel,16317,7
ahmedabad,Maruti Ritz,2012,250000,47K km,47000,GJ,manual,petrol,8949,13
ahmedabad,Hyundai Verna,2014,494000,83K km,83000,GJ,manual,diesel,10665,11
ahmedabad,Hyundai Eon,2017,282000,84.5K km,84500,GJ,manual,petrol,4534,8
ahmedabad,Maruti Wagon R 1.0,2016,363000,42K km,42000,GJ,automatic,petrol,6526,9
ahmedabad,Renault Kwid,2021,346000,45.5K km,45500,GJ,manual,petrol,5926,4
ahmedabad,Renault Kwid,2019,319000,26.5K km,26500,GJ,manual,petrol,5464,6
ahmedabad,Renault Kwid,2019,322000,18K km,18000,GJ,manual,petrol,5517,6
ahmedabad,Hyundai Elite i20,2019,613000,44K km,44000,GJ,manual,petrol,10507,6
ahmedabad,Maruti Ignis,2022,659000,21K km,21000,GJ,automatic,petrol,11290,3
ahmedabad,Honda Jazz,2021,737000,16.5K km,16500,GJ,manual,petrol,11830,4
ahmedabad,Maruti Celerio,2019,412000,55.5K km,55500,GJ,manual,petrol,7058,6
ahmedabad,Hyundai Elite i20,2015,530000,37K km,37000,GJ,manual,petrol,9701,10
ahmedabad,MG Hector,2021,1259000,30.5K km,30500,GJ,automatic,petrol,21781,4
ahmedabad,Maruti Swift,2020,637000,36K km,36000,GJ,automatic,petrol,10915,5
ahmedabad,Hyundai Elite i20,2020,622000,30K km,30000,GJ,manual,petrol,10660,5
ahmedabad,Kia Sonet,2021,884000,68.5K km,68500,GJ,manual,petrol,15139,4
ahmedabad,Honda Jazz,2022,799000,32.5K km,32500,GJ,automatic,petrol,12832,3
ahmedabad,Kia Sonet,2022,1042000,101K km,101000,GJ,automatic,diesel,18034,3
ahmedabad,Honda Amaze,2013,343000,45.5K km,45500,GJ,manual,petrol,9301,12
ahmedabad,Honda City,2014,550000,80K km,80000,GJ,manual,diesel,11868,11
ahmedabad,Renault Triber,2022,549000,35K km,35000,GJ,manual,petrol,9400,3
ahmedabad,Hyundai i10,2014,252000,58.5K km,58500,GJ,manual,petrol,6846,11
ahmedabad,Volkswagen Polo,2019,482000,95K km,95000,GJ,manual,petrol,7741,6
ahmedabad,Honda Amaze,2014,390000,106K km,106000,GJ,manual,diesel,8420,11
ahmedabad,Maruti Wagon R 1.0,2017,339000,70K km,70000,GJ,manual,petrol,21517,8
ahmedabad,Maruti Alto 800,2016,285000,51K km,51000,GJ,manual,petrol,5129,9
ahmedabad,Maruti Alto K10,2014,219000,71.5K km,71500,GJ,manual,petrol,4721,11
ahmedabad,Maruti Ignis,2022,468000,24.5K km,24500,GJ,manual,petrol,8020,3
ahmedabad,Tata Nexon,2020,853000,81K km,81000,GJ,manual,diesel,14617,5
ahmedabad,Hyundai New Santro 1.1,2021,466000,44K km,44000,GJ,manual,petrol+cng,7487,4
ahmedabad,Maruti Ignis,2017,450000,37.5K km,37500,GJ,manual,petrol,7714,8
ahmedabad,Hyundai Grand i10,2019,477000,54.5K km,54500,GJ,manual,petrol,8174,6
ahmedabad,Hyundai Grand i10,2014,381000,79.5K km,79500,GJ,manual,petrol,8219,11
ahmedabad,Renault Triber,2021,570000,31K km,31000,GJ,manual,petrol,9757,4
ahmedabad,Maruti Alto 800,2017,276000,62K km,62000,GJ,manual,petrol,4962,8
ahmedabad,Skoda Rapid New,2021,722000,34K km,34000,GJ,manual,petrol,12369,4
ahmedabad,Hyundai Santro Xing,2014,265000,69.5K km,69500,GJ,manual,petrol,5363,11
ahmedabad,Maruti A-Star,2010,159000,40.5K km,40500,GJ,manual,petrol,9698,15
ahmedabad,Maruti Swift Dzire,2012,340000,44.5K km,44500,GJ,manual,petrol,13007,13
ahmedabad,Ford EcoSport,2016,524000,69K km,69000,GJ,manual,petrol+cng,8976,9
ahmedabad,Tata Tiago,2023,546000,33.5K km,33500,GJ,manual,petrol,9353,2
ahmedabad,Maruti Wagon R 1.0,2013,240000,87K km,87000,GJ,manual,petrol,6683,12
ahmedabad,Maruti Celerio,2021,485000,33.5K km,33500,GJ,manual,petrol,8310,4
ahmedabad,Maruti Wagon R 1.0,2012,244000,93.5K km,93500,GJ,manual,petrol+cng,9318,13
ahmedabad,Hyundai Eon,2018,301000,13.5K km,13500,GJ,manual,petrol,4837,7
ahmedabad,Hyundai New i20,2021,595000,69.5K km,69500,GJ,manual,petrol,10200,4
ahmedabad,Tata Tiago,2018,459000,39.5K km,39500,GJ,manual,diesel,7867,7
ahmedabad,Tata Harrier,2022,1626000,30K km,30000,GJ,manual,diesel,28132,3
ahmedabad,Hyundai New Santro 1.1,2022,509000,23.5K km,23500,GJ,manual,petrol,8174,3
ahmedabad,Honda City,2023,1347000,16K km,16000,GJ,automatic,petrol,23296,2
ahmedabad,Maruti Wagon R 1.2,2022,474000,26K km,26000,GJ,manual,petrol,8123,3
ahmedabad,Maruti Wagon R 1.0,2015,311000,44.5K km,44500,GJ,manual,petrol,5956,10
ahmedabad,Maruti Alto 800,2021,339000,26.5K km,26500,GJ,manual,petrol,6095,4
ahmedabad,Renault Kwid,2019,327000,15K km,15000,GJ,manual,petrol,5602,6
ahmedabad,Maruti Ciaz,2021,791000,29.5K km,29500,GJ,manual,petrol,13555,4
ahmedabad,Skoda Kushaq,2021,1291000,55K km,55000,GJ,automatic,petrol,22342,4
ahmedabad,Maruti Wagon R 1.0,2018,393000,36K km,36000,GJ,manual,petrol,7059,7
ahmedabad,Honda WR-V,2019,529000,90.5K km,90500,GJ,manual,petrol,9059,6
ahmedabad,Maruti Ciaz,2018,558000,70.5K km,70500,GJ,automatic,petrol,9553,7
ahmedabad,Hyundai Elite i20,2018,627000,35K km,35000,GJ,manual,petrol,10745,7
ahmedabad,Nissan Magnite,2021,529000,68.5K km,68500,GJ,manual,petrol,9062,4
ahmedabad,Tata Nexon,2019,597000,55K km,55000,GJ,manual,petrol+cng,10234,6
ahmedabad,Renault Kwid,2017,290000,43K km,43000,GJ,automatic,petrol,4968,8
ahmedabad,Volkswagen Polo,2017,459000,102K km,102000,GJ,manual,diesel,7371,8
ahmedabad,Maruti Alto 800,2019,296000,48K km,48000,GJ,manual,petrol,5326,6
ahmedabad,Tata Nexon,2019,643000,31.5K km,31500,GJ,manual,petrol,11015,6
ahmedabad,Hyundai Grand i10,2019,493000,37K km,37000,GJ,manual,petrol,8446,6
ahmedabad,Mahindra KUV100,2017,353000,24.5K km,24500,GJ,manual,petrol,6047,8
ahmedabad,Hyundai Elite i20,2018,619000,58.5K km,58500,GJ,manual,petrol,10609,7
ahmedabad,Honda Jazz,2016,449000,35.5K km,35500,GJ,automatic,petrol,7211,9
ahmedabad,Maruti Alto 800,2019,320000,36K km,36000,GJ,manual,petrol,5754,6
ahmedabad,Tata Tiago,2017,365000,72K km,72000,GJ,manual,diesel,6253,8
ahmedabad,Hyundai Venue,2023,1111000,24.5K km,24500,GJ,automatic,petrol,19226,2
ahmedabad,Maruti Swift Dzire,2014,386000,73.5K km,73500,GJ,manual,petrol,8327,11
ahmedabad,Hyundai New i20,2023,862000,11.5K km,11500,GJ,manual,petrol,14764,2
ahmedabad,Maruti Wagon R 1.0,2023,554000,10.5K km,10500,GJ,manual,petrol+cng,9485,2
ahmedabad,Maruti Baleno,2019,542000,46.5K km,46500,GJ,manual,petrol,9281,6
ahmedabad,Maruti Swift Dzire,2011,239000,105K km,105000,GJ,manual,petrol,17179,14
ahmedabad,Hyundai New Santro 1.1,2020,382000,123.5K km,123500,GJ,manual,petrol,6130,5
ahmedabad,Maruti Alto 800,2018,246000,104.5K km,104500,GJ,manual,petrol,4414,7
ahmedabad,Volkswagen Ameo,2019,468000,105.5K km,105500,GJ,manual,petrol,7516,6
ahmedabad,Tata Nexon,2020,659000,100K km,100000,GJ,manual,petrol,11289,5
ahmedabad,Datsun GO,2018,240000,37K km,37000,GJ,manual,petrol,4386,7
ahmedabad,Hyundai Verna,2013,490000,91K km,91000,GJ,manual,diesel,13288,12
ahmedabad,Hyundai Elite i20,2020,519000,36K km,36000,GJ,manual,petrol,8889,5
ahmedabad,Maruti Celerio,2018,408000,74K km,74000,GJ,automatic,petrol,6982,7
ahmedabad,Maruti Wagon R 1.0,2013,281000,64.5K km,64500,GJ,manual,petrol,7848,12
ahmedabad,Maruti Dzire,2017,514000,75K km,75000,GJ,automatic,petrol,8804,8
ahmedabad,Honda Amaze,2016,490000,44K km,44000,GJ,automatic,petrol,8395,9
ahmedabad,Maruti S-Cross,2021,799000,37.5K km,37500,GJ,manual,petrol,14116,4
ahmedabad,Mahindra Thar,2022,1129000,31K km,31000,GJ,automatic,petrol,19532,3
ahmedabad,Hyundai Elite i20,2018,632000,53.5K km,53500,GJ,manual,petrol,10830,7
ahmedabad,Hyundai New Santro 1.1,2019,424000,28.5K km,28500,GJ,manual,petrol,6817,6
ahmedabad,Maruti Baleno,2016,508000,32.5K km,32500,GJ,manual,petrol,8702,9
ahmedabad,Maruti S-Presso,2022,436000,71.5K km,71500,GJ,manual,petrol+cng,7475,3
ahmedabad,Mahindra XUV700,2022,1512000,38K km,38000,GJ,manual,petrol,26158,3
ahmedabad,Honda City,2021,1119000,47.5K km,47500,GJ,automatic,petrol,19358,4
ahmedabad,Hyundai Eon,2017,228000,62.5K km,62500,GJ,manual,petrol,3656,8
ahmedabad,Volkswagen Vento,2013,429000,76K km,76000,GJ,manual,petrol,10906,12
ahmedabad,Ford EcoSport,2013,380000,48K km,48000,GJ,manual,petrol,10296,12
ahmedabad,Hyundai Fluidic Verna 4S,2016,627000,120.5K km,120500,GJ,manual,diesel,10741,9
ahmedabad,Maruti Alto K10,2012,195000,62.5K km,62500,GJ,manual,petrol,7454,13
ahmedabad,Maruti Swift Dzire,2017,433000,81K km,81000,GJ,manual,diesel,7424,8
ahmedabad,Honda City,2015,490000,59.5K km,59500,GJ,automatic,petrol,8972,10
ahmedabad,Nissan Kicks,2021,632000,61.5K km,61500,GJ,manual,petrol,10830,4
ahmedabad,Maruti Alto 800,2016,274000,55K km,55000,GJ,manual,petrol,4932,9
ahmedabad,Honda City,2022,1139000,54K km,54000,GJ,automatic,petrol,19704,3
ahmedabad,Hyundai Elite i20,2018,617000,31K km,31000,GJ,manual,petrol,10575,7
ahmedabad,Maruti Celerio,2018,380000,59K km,59000,GJ,automatic,petrol,6505,7
ahmedabad,Skoda Slavia,2022,1333000,38.5K km,38500,GJ,automatic,petrol,23057,3
ahmedabad,Renault Kwid,2018,311000,42.5K km,42500,GJ,manual,petrol,5330,7
ahmedabad,Maruti Dzire,2018,581000,35.5K km,35500,GJ,automatic,petrol,9945,7
ahmedabad,Maruti Swift,2014,347000,81.5K km,81500,GJ,manual,petrol,7491,11
ahmedabad,MG Astor,2022,1265000,54.5K km,54500,GJ,automatic,petrol,21882,3
ahmedabad,Mahindra XUV 300,2019,801000,75K km,75000,GJ,manual,diesel,13725,6
ahmedabad,Hyundai Grand i10,2020,578000,30K km,30000,GJ,manual,petrol,9902,5
ahmedabad,Hyundai Venue,2022,881000,37.5K km,37500,GJ,manual,petrol,15088,3
ahmedabad,Tata Altroz,2021,707000,51K km,51000,GJ,manual,diesel,12107,4
ahmedabad,Mahindra Thar,2021,1130000,37K km,37000,GJ,automatic,diesel,19549,4
ahmedabad,Hyundai Eon,2015,239000,65K km,65000,GJ,manual,petrol,4095,10
ahmedabad,Hyundai Eon,2017,262000,37.5K km,37500,GJ,manual,petrol,4214,8
ahmedabad,Maruti Swift,2019,526000,79K km,79000,GJ,automatic,petrol,9008,6
ahmedabad,Maruti Alto 800,2021,337000,39.5K km,39500,GJ,manual,petrol,6058,4
ahmedabad,Honda Amaze,2020,564000,117.5K km,117500,GJ,automatic,petrol,9655,5
ahmedabad,Honda Brio,2012,271000,46.5K km,46500,GJ,manual,petrol,6646,13
ahmedabad,Maruti Ciaz,2018,549000,73.5K km,73500,GJ,automatic,petrol,9400,7
ahmedabad,Hyundai Elite i20,2018,577000,29K km,29000,GJ,manual,petrol,9877,7
ahmedabad,Maruti Baleno,2015,523000,63K km,63000,GJ,manual,diesel,9574,10
ahmedabad,Maruti Ignis,2022,527000,14K km,14000,GJ,manual,petrol,9025,3
ahmedabad,Tata Nexon,2022,801000,24K km,24000,GJ,manual,petrol,13725,3
ahmedabad,Mahindra XUV 300,2021,814000,23.5K km,23500,GJ,manual,petrol,13947,4
ahmedabad,Hyundai Elite i20,2020,654000,43.5K km,43500,GJ,manual,petrol,11205,5
ahmedabad,Hyundai Venue,2021,816000,33K km,33000,GJ,manual,petrol,13981,4
ahmedabad,Renault Duster,2021,813000,28K km,28000,GJ,manual,petrol,13930,4
ahmedabad,Kia Seltos,2020,1312000,27.5K km,27500,GJ,automatic,petrol,22697,5
ahmedabad,Maruti Dzire,2020,583000,31K km,31000,GJ,manual,petrol,9979,5
ahmedabad,Maruti Dzire,2019,554000,51K km,51000,GJ,manual,petrol,9485,6
ahmedabad,Nissan Sunny,2018,406000,90.5K km,90500,GJ,manual,diesel,6513,7
ahmedabad,Hyundai Grand i10,2014,359000,69K km,69000,GJ,manual,petrol,7747,11
ahmedabad,Hyundai Verna,2013,477000,115K km,115000,GJ,manual,diesel,12938,12
ahmedabad,Maruti Alto K10,2017,245000,87.5K km,87500,GJ,manual,petrol,4189,8
ahmedabad,Maruti Baleno,2016,476000,36.5K km,36500,GJ,automatic,petrol,8157,9
ahmedabad,Mahindra XUV500,2020,863000,75.5K km,75500,GJ,manual,diesel,15513,5
ahmedabad,Hyundai i10,2013,245000,64K km,64000,GJ,manual,petrol,6630,12
ahmedabad,Renault Kwid,2020,305000,48K km,48000,GJ,manual,petrol,5228,5
ahmedabad,Renault Captur,2018,565000,66K km,66000,GJ,manual,diesel,9068,7
ahmedabad,Volkswagen Vento,2017,633000,49.5K km,49500,GJ,automatic,petrol,10169,8
ahmedabad,Tata Nexon,2023,945000,9K km,9000,GJ,manual,petrol,16194,2
ahmedabad,Maruti Baleno,2021,564000,38K km,38000,GJ,manual,petrol,9655,4
ahmedabad,Honda City,2017,585000,75K km,75000,GJ,manual,petrol,10021,8
ahmedabad,Maruti Swift,2019,623000,64K km,64000,GJ,automatic,petrol,10677,6
ahmedabad,Maruti Alto 800,2017,333000,64.5K km,64500,GJ,manual,petrol+cng,5992,8
ahmedabad,MG Gloster,2022,2735000,42.5K km,42500,GJ,automatic,diesel,47323,3
ahmedabad,Skoda Rapid New,2021,652000,83K km,83000,GJ,manual,petrol,11169,4
ahmedabad,Maruti Brezza,2022,957000,75K km,75000,GJ,manual,petrol,16399,3
ahmedabad,Maruti Ciaz,2020,765000,56K km,56000,GJ,automatic,petrol,13112,5
ahmedabad,Maruti Celerio,2024,520000,8K km,8000,GJ,manual,petrol,8906,1
ahmedabad,Hyundai Grand i10,2018,428000,14K km,14000,GJ,manual,petrol,7339,7
ahmedabad,Maruti Swift,2012,318000,120.5K km,120500,GJ,manual,diesel,12170,13
ahmedabad,Nissan Sunny,2018,311000,104K km,104000,GJ,manual,diesel,4997,7
ahmedabad,Datsun Redi-GO,2016,197000,40.5K km,40500,GJ,manual,petrol,14147,9
ahmedabad,Hyundai Elite i20,2015,469000,50K km,50000,GJ,manual,petrol,8591,10
ahmedabad,Maruti Swift,2018,565000,100K km,100000,GJ,automatic,diesel,9679,7
ahmedabad,Hyundai Fluidic Verna 4S,2017,582000,46K km,46000,GJ,manual,petrol,9970,8
ahmedabad,Maruti Dzire,2019,618000,80K km,80000,GJ,automatic,petrol,10592,6
ahmedabad,Maruti Swift,2023,710000,11.5K km,11500,GJ,manual,petrol,12159,2
ahmedabad,Tata Altroz,2022,750000,29.5K km,29500,GJ,automatic,petrol,12857,3
ahmedabad,Maruti Swift,2018,541000,23K km,23000,GJ,automatic,petrol,9264,7
ahmedabad,Hyundai Verna,2023,1428000,13.5K km,13500,GJ,automatic,petrol,24708,2
ahmedabad,Maruti Alto 800,2016,247000,76.5K km,76500,GJ,manual,petrol,4432,9
ahmedabad,Maruti Ciaz,2021,772000,39.5K km,39500,GJ,manual,petrol,13231,4
ahmedabad,Hyundai Elite i20,2017,537000,70.5K km,70500,GJ,manual,petrol,9195,8
ahmedabad,Tata Safari,2022,1733000,37.5K km,37500,GJ,automatic,diesel,29988,3
ahmedabad,Maruti Celerio,2020,420000,23.5K km,23500,GJ,manual,petrol,7203,5
ahmedabad,Maruti Baleno,2021,642000,26K km,26000,GJ,manual,petrol,11001,4
ahmedabad,Maruti Swift,2022,654000,36K km,36000,GJ,automatic,petrol,11205,3
ahmedabad,Maruti Swift Dzire,2016,478000,51K km,51000,GJ,automatic,petrol,8191,9
ahmedabad,Hyundai Creta,2015,750000,117.5K km,117500,GJ,automatic,diesel,13724,10
ahmedabad,Renault Triber,2021,542000,31.5K km,31500,GJ,manual,petrol,9281,4
ahmedabad,Maruti Alto 800,2016,244000,106.5K km,106500,GJ,manual,petrol,4378,9
ahmedabad,Maruti S-Presso,2020,339000,59K km,59000,GJ,manual,petrol,5807,5
ahmedabad,Tata Harrier,2019,1019000,80.5K km,80500,GJ,manual,diesel,17625,6
ahmedabad,Maruti Ciaz,2019,636000,75K km,75000,GJ,automatic,petrol,10898,6
ahmedabad,Nissan Sunny,2018,429000,46K km,46000,GJ,manual,diesel,6896,7
ahmedabad,Mahindra XUV500,2018,917000,69.5K km,69500,GJ,manual,diesel,16496,7
ahmedabad,Skoda Slavia,2022,1195000,25.5K km,25500,GJ,automatic,petrol,20673,3
ahmedabad,Maruti Dzire,2019,527000,45K km,45000,GJ,manual,petrol,9025,6
ahmedabad,Hyundai Elite i20,2017,489000,38K km,38000,GJ,manual,petrol,8378,8
ahmedabad,Tata Tigor,2022,674000,38.5K km,38500,GJ,manual,petrol+cng,11545,3
ahmedabad,Hyundai Elite i20,2017,429000,61.5K km,61500,GJ,manual,petrol,7356,8
ahmedabad,Maruti Alto 800,2019,319000,25.5K km,25500,GJ,manual,petrol,5737,6
ahmedabad,Hyundai Creta,2019,1035000,75K km,75000,GJ,automatic,diesel,17897,6
ahmedabad,Hyundai Fluidic Verna 4S,2016,510000,101K km,101000,GJ,automatic,diesel,8736,9
ahmedabad,Hyundai Elite i20,2015,471000,43K km,43000,GJ,manual,petrol,7845,10
ahmedabad,Tata Tigor,2021,538000,39.5K km,39500,GJ,manual,petrol,9212,4
ahmedabad,Hyundai Elite i20,2018,533000,95K km,95000,GJ,manual,petrol+cng,9127,7
ahmedabad,Hyundai Grand i10,2015,450000,43K km,43000,GJ,automatic,petrol,8245,10
ahmedabad,Maruti Alto 800,2019,278000,51.5K km,51500,GJ,manual,petrol,5004,6
ahmedabad,Hyundai Grand i10,2018,462000,75.5K km,75500,GJ,automatic,petrol,7918,7
ahmedabad,Volkswagen Polo,2018,508000,71K km,71000,GJ,manual,petrol,8158,7
ahmedabad,Hyundai Grand i10,2018,463000,57.5K km,57500,GJ,manual,petrol+cng,7935,7
ahmedabad,Tata Nexon,2023,992000,10.5K km,10500,GJ,automatic,petrol,16994,2
ahmedabad,Datsun Redi-GO,2019,253000,13K km,13000,GJ,automatic,petrol,5462,6
ahmedabad,MG Hector,2021,1171000,50K km,50000,GJ,manual,diesel,20257,4
ahmedabad,Jeep Compass,2019,1170000,61K km,61000,GJ,manual,diesel,20240,6
ahmedabad,Mahindra XUV 3XO,2024,1219000,16K km,16000,GJ,automatic,petrol,21089,1
ahmedabad,Maruti Dzire,2022,592000,35.5K km,35500,GJ,manual,petrol,10141,3
ahmedabad,Honda City,2011,289000,59K km,59000,GJ,manual,petrol,20774,14
ahmedabad,Ford Figo Aspire,2021,455000,40.5K km,40500,GJ,manual,petrol,7307,4
ahmedabad,Honda Amaze,2023,649000,15.5K km,15500,GJ,manual,petrol,11118,2
ahmedabad,MG Hector,2019,949000,46.5K km,46500,GJ,automatic,petrol,16257,6
ahmedabad,Hyundai Verna,2014,392000,83K km,83000,GJ,manual,diesel,8463,11
ahmedabad,Maruti S-Cross,2019,692000,51.5K km,51500,GJ,manual,diesel,11855,6
ahmedabad,Hyundai Verna,2022,1085000,33K km,33000,GJ,automatic,petrol,18770,3
ahmedabad,Honda Amaze,2022,785000,29K km,29000,GJ,automatic,petrol,13448,3
ahmedabad,Ford Figo,2018,368000,50K km,50000,GJ,manual,petrol,7945,7
ahmedabad,Maruti Dzire,2017,439000,68.5K km,68500,GJ,automatic,petrol,7520,8
ahmedabad,Maruti Baleno,2022,721000,15.5K km,15500,GJ,manual,petrol,12351,3
ahmedabad,Maruti Baleno,2023,734000,17K km,17000,GJ,manual,petrol,12574,2
ahmedabad,Hyundai New i20,2023,765000,16K km,16000,GJ,manual,petrol,13105,2
ahmedabad,Hyundai Verna,2023,849000,45K km,45000,GJ,manual,diesel,14544,2
ahmedabad,Maruti Baleno,2018,581000,45.5K km,45500,GJ,automatic,petrol,9953,7
ahmedabad,MG Hector,2022,1103000,13K km,13000,GJ,manual,petrol,19082,3
ahmedabad,Maruti Ritz,2012,259000,54.5K km,54500,GJ,manual,petrol,9290,13
ahmedabad,Tata Hexa,2018,724000,80K km,80000,GJ,manual,diesel,11628,7
ahmedabad,Mahindra XUV700,2023,1609000,33.5K km,33500,GJ,automatic,petrol,27841,2
ahmedabad,Ford EcoSport,2015,395000,49K km,49000,GJ,manual,petrol,7233,10
ahmedabad,Maruti Baleno,2016,408000,119.5K km,119500,GJ,manual,petrol,6989,9
ahmedabad,Maruti Alto K10,2015,254000,41.5K km,41500,GJ,manual,petrol,4659,10
ahmedabad,Maruti Celerio,2020,487000,19.5K km,19500,GJ,automatic,petrol,8343,5
ahmedabad,Maruti Alto K10,2023,389000,31.5K km,31500,GJ,manual,petrol,6664,2
ahmedabad,Maruti Wagon R 1.0,2017,367000,83.5K km,83500,GJ,manual,petrol+cng,6287,8
ahmedabad,Honda City,2017,650000,38.5K km,38500,GJ,manual,petrol,11135,8
ahmedabad,Maruti Eeco,2016,364000,72.5K km,72500,GJ,manual,petrol,5846,9
ahmedabad,Maruti Alto 800,2017,276000,49.5K km,49500,GJ,manual,petrol,4962,8
ahmedabad,Mahindra Thar,2021,1178000,37K km,37000,GJ,automatic,diesel,20378,4
ahmedabad,Maruti Ciaz,2019,585000,33.5K km,33500,GJ,manual,petrol,10021,6
ahmedabad,Tata Altroz,2023,768000,40.5K km,40500,GJ,manual,petrol+cng,13157,2
ahmedabad,Maruti Wagon R 1.0,2017,403000,16.5K km,16500,GJ,automatic,petrol,7238,8
ahmedabad,Ford EcoSport,2017,486000,103.5K km,103500,GJ,manual,diesel,8325,8
ahmedabad,Hyundai i10,2013,275000,67K km,67000,GJ,manual,petrol+cng,7466,12
ahmedabad,Hyundai New Santro 1.1,2019,425000,15.5K km,15500,GJ,manual,petrol,6833,6
ahmedabad,Hyundai Grand i10 Nios,2020,567000,51.5K km,51500,GJ,manual,petrol,9713,5
ahmedabad,Hyundai New Santro 1.1,2018,378000,98.5K km,98500,GJ,manual,petrol,6071,7
ahmedabad,Maruti Wagon R 1.0,2020,437000,125K km,125000,GJ,manual,petrol+cng,7486,5
ahmedabad,Skoda Kushaq,2021,1068000,86.5K km,86500,GJ,manual,petrol,18476,4
ahmedabad,Tata Harrier,2022,1478000,79K km,79000,GJ,automatic,diesel,25568,3
ahmedabad,Mahindra XUV500,2022,1241000,75K km,75000,GJ,automatic,diesel,22537,3
ahmedabad,Volkswagen Polo,2011,239000,69K km,69000,GJ,manual,petrol,16106,14
ahmedabad,Honda City,2020,829000,69K km,69000,GJ,manual,petrol,14202,5
ahmedabad,Ford EcoSport,2015,467000,74K km,74000,GJ,manual,diesel,8551,10
ahmedabad,Datsun Redi-GO,2016,190000,24K km,24000,GJ,manual,petrol,13657,9
ahmedabad,Nissan Magnite,2021,529000,41.5K km,41500,GJ,manual,petrol,9062,4
ahmedabad,Maruti Alto 800,2019,312000,23K km,23000,GJ,manual,petrol,5609,6
ahmedabad,Honda City,2018,655000,64K km,64000,GJ,automatic,petrol,11221,7
ahmedabad,Hyundai i10,2011,244000,44K km,44000,GJ,manual,petrol+cng,17538,14
ahmedabad,Maruti Wagon R 1.0,2014,259000,69K km,69000,GJ,manual,petrol,5811,11
ahmedabad,Hyundai Xcent,2019,576000,20.5K km,20500,GJ,manual,petrol,9243,6
ahmedabad,Tata Tiago,2022,639000,47.5K km,47500,GJ,manual,petrol+cng,10947,3
ahmedabad,Renault Kwid,2016,255000,35.5K km,35500,GJ,automatic,petrol,4376,9
ahmedabad,Hyundai Grand i10,2019,480000,70.5K km,70500,GJ,manual,petrol+cng,8225,6
ahmedabad,Honda Amaze,2024,649000,28.5K km,28500,GJ,manual,petrol,11118,1
ahmedabad,Honda Amaze,2022,646000,22K km,22000,GJ,manual,petrol,11067,3
ahmedabad,Honda Jazz,2018,477000,66.5K km,66500,GJ,automatic,petrol,7663,7
ahmedabad,Honda Amaze,2014,368000,62.5K km,62500,GJ,manual,petrol,7940,11
ahmedabad,Renault Kwid,2020,394000,13.5K km,13500,GJ,automatic,petrol,6743,5
ahmedabad,Hyundai Grand i10,2015,411000,40K km,40000,GJ,manual,petrol,7517,10
ahmedabad,Maruti Ciaz,2015,435000,70K km,70000,GJ,manual,petrol,7972,10
ahmedabad,Kia Sonet,2020,775000,43K km,43000,GJ,manual,petrol,13282,5
ahmedabad,Skoda Octavia,2022,2164000,36K km,36000,GJ,automatic,petrol,37430,3
ahmedabad,Maruti S-Presso,2020,374000,46.5K km,46500,GJ,manual,petrol,6403,5
ahmedabad,Kia Sonet,2023,1059000,9.5K km,9500,GJ,manual,diesel,18320,2
ahmedabad,Hyundai Grand i10,2016,365000,71.5K km,71500,GJ,manual,petrol,6249,9
ahmedabad,Renault Kwid,2021,379000,13.5K km,13500,GJ,manual,petrol,6488,4
ahmedabad,Maruti Wagon R 1.0,2018,412000,63.5K km,63500,GJ,manual,petrol+cng,7058,7
ahmedabad,Datsun Go Plus,2016,247000,67.5K km,67500,GJ,manual,petrol,17720,9
ahmedabad,Maruti Alto 800,2017,255000,37.5K km,37500,GJ,manual,petrol,4771,8
ahmedabad,Renault Kwid,2019,376000,29.5K km,29500,GJ,automatic,petrol,6437,6
ahmedabad,Maruti Alto K10,2022,386000,19K km,19000,GJ,manual,petrol,6607,3
ahmedabad,Maruti S-Presso,2021,390000,10K km,10000,GJ,manual,petrol,6675,4
ahmedabad,Renault Kwid,2018,261000,71.5K km,71500,GJ,manual,petrol,4478,7
ahmedabad,Maruti Dzire,2022,660000,32K km,32000,GJ,automatic,petrol,11307,3
ahmedabad,Volkswagen Vento,2020,692000,47.5K km,47500,GJ,manual,petrol,11114,5
ahmedabad,Renault Triber,2022,517000,62.5K km,62500,GJ,manual,petrol,8855,3
ahmedabad,Hyundai Grand i10,2019,437000,61.5K km,61500,GJ,manual,petrol,7492,6
chennai,MG Hector,2020,1285000,59K km,59000,TN,automatic,petrol,22099,5
chennai,Ford EcoSport,2020,619000,49K km,49000,TN,manual,petrol,10541,5
chennai,Hyundai Grand i10 Nios,2022,657000,11.5K km,11500,TN,manual,petrol,11188,3
chennai,Volkswagen Polo,2020,582000,106.5K km,106500,TN,manual,petrol,9291,5
chennai,Hyundai i10,2014,321000,58K km,58000,TN,manual,petrol,6889,11
chennai,Citroen C5 Aircross,2022,1629000,48K km,48000,TN,automatic,diesel,28016,3
chennai,Hyundai i10,2012,323000,51.5K km,51500,TN,automatic,petrol,12284,13
chennai,Hyundai Grand i10,2013,356000,38.5K km,38500,TN,manual,petrol,9596,12
chennai,Hyundai Elite i20,2017,556000,48K km,48000,TN,manual,petrol,9468,8
chennai,Toyota Urban Cruiser Hyryder,2022,1759000,55.5K km,55500,TN,automatic,petrol,30252,3
chennai,Volkswagen Vento,2022,997000,14.5K km,14500,TN,automatic,petrol,15917,3
chennai,Maruti Celerio,2016,421000,31K km,31000,TN,automatic,petrol,7169,9
chennai,Volkswagen Polo,2017,541000,62K km,62000,TN,manual,petrol,8637,8
chennai,Hyundai New i20,2021,925000,31K km,31000,TN,automatic,petrol,15752,4
chennai,Kia Seltos,2020,1032000,56K km,56000,TN,manual,petrol,17747,5
chennai,Mahindra Scorpio N,2023,1872000,18K km,18000,TN,manual,petrol,32194,2
chennai,Maruti Swift,2023,749000,30.5K km,30500,TN,manual,petrol,12755,2
chennai,Hyundai Grand i10,2018,498000,35K km,35000,TN,manual,petrol,8480,7
chennai,Hyundai Grand i10,2019,508000,70K km,70000,TN,automatic,petrol,8650,6
chennai,Maruti Ciaz,2021,859000,15K km,15000,TN,manual,petrol,14628,4
chennai,Mercedes B-Class,2016,1500000,62.5K km,62500,TN,automatic,diesel,27574,9
chennai,Mercedes GLA,2015,1550000,56.5K km,56500,TN,automatic,petrol,28493,10
chennai,Hyundai Eon,2016,299000,30.5K km,30500,TN,manual,petrol,5102,9
chennai,Nissan Sunny,2019,568000,48.5K km,48500,TN,manual,diesel,9068,6
chennai,Hyundai Verna,2018,680000,74K km,74000,TN,manual,petrol,11580,7
chennai,Kia Sonet,2020,920000,42K km,42000,TN,manual,diesel,15667,5
chennai,Tata Tiago,2020,544000,56K km,56000,TN,automatic,petrol,9264,5
chennai,Tata Nexon,2021,859000,23K km,23000,TN,manual,petrol,14628,4
chennai,Tata Nexon,2021,833000,48K km,48000,TN,manual,petrol,14185,4
chennai,Hyundai Tucson,2021,1778000,66.5K km,66500,TN,automatic,diesel,30579,4
chennai,Volkswagen Taigun,2021,1096000,47.5K km,47500,TN,automatic,petrol,18849,4
chennai,Honda Jazz,2022,829000,22.5K km,22500,TN,manual,petrol,13235,3
chennai,Hyundai Grand i10,2019,460000,37.5K km,37500,TN,manual,petrol,7833,6
chennai,Hyundai Aura,2020,637000,115K km,115000,TN,automatic,diesel,10847,5
chennai,Maruti Swift Dzire,2012,319000,84K km,84000,TN,manual,petrol,12132,13
chennai,Renault Kwid,2018,338000,59K km,59000,TN,automatic,petrol,5755,7
chennai,Kia Seltos,2020,1339000,84K km,84000,TN,automatic,diesel,23027,5
chennai,Maruti Baleno,2017,506000,80K km,80000,TN,manual,petrol,8616,8
chennai,Tata Nexon,2021,878000,94K km,94000,TN,automatic,diesel,14951,4
chennai,Renault Kwid,2019,356000,49K km,49000,TN,automatic,petrol,6062,6
chennai,Hyundai Venue,2022,1032000,42K km,42000,TN,manual,diesel,17747,3
chennai,Mercedes GLA,2018,2030000,56.5K km,56500,TN,automatic,diesel,34912,7
chennai,Renault Kiger,2021,812000,34.5K km,34500,TN,automatic,petrol,13827,4
chennai,Honda City,2018,872000,58.5K km,58500,TN,automatic,petrol,14849,7
chennai,Renault Kwid,2023,522000,19K km,19000,TN,manual,petrol,8889,2
chennai,Honda Jazz,2022,839000,24K km,24000,TN,automatic,petrol,13394,3
chennai,Toyota Etios,2016,698000,80.5K km,80500,TN,manual,diesel,11143,9
chennai,Honda Amaze,2022,872000,5K km,5000,TN,automatic,petrol,14849,3
chennai,Tata Tiago,2018,429000,84K km,84000,TN,manual,diesel,7305,7
chennai,Hyundai Grand i10,2017,454000,38.5K km,38500,TN,manual,petrol,7731,8
chennai,Hyundai Elite i20,2017,560000,69K km,69000,TN,manual,petrol,9536,8
chennai,Hyundai Elite i20,2019,732000,44.5K km,44500,TN,automatic,petrol,12465,6
chennai,Maruti Ignis,2022,654000,25K km,25000,TN,manual,petrol,11137,3
chennai,Skoda Kushaq,2021,1149000,67K km,67000,TN,automatic,petrol,19760,4
chennai,Hyundai Grand i10,2015,370000,120K km,120000,TN,manual,petrol,6734,10
chennai,Hyundai Xcent,2014,391000,104K km,104000,TN,manual,diesel,7867,11
chennai,Hyundai Grand i10,2015,374000,75K km,75000,TN,automatic,petrol,8026,10
chennai,Honda Amaze,2015,428000,104K km,104000,TN,manual,petrol,7790,10
chennai,Renault Kwid,2019,335000,40K km,40000,TN,automatic,petrol,5704,6
chennai,Hyundai Verna,2021,1013000,91K km,91000,TN,manual,petrol,17250,4
chennai,Hyundai Verna,2012,401000,98K km,98000,TN,automatic,petrol,15251,13
chennai,Maruti Swift Dzire,2012,439000,45K km,45000,TN,manual,petrol,16696,13
chennai,Renault Kwid,2018,389000,13.5K km,13500,TN,automatic,petrol,6624,7
chennai,Hyundai Venue,2020,908000,43.5K km,43500,TN,automatic,petrol,15462,5
chennai,Tata Tiago NRG,2023,645000,13K km,13000,TN,manual,petrol,10983,2
chennai,Honda City,2017,754000,67.5K km,67500,TN,automatic,petrol,12840,8
chennai,Renault Kwid,2018,383000,26.5K km,26500,TN,automatic,petrol,6522,7
chennai,Hyundai i20 N Line,2024,1258000,5.5K km,5500,TN,automatic,petrol,21635,1
chennai,Hyundai New i20,2023,994000,18K km,18000,TN,automatic,petrol,16927,2
chennai,Renault Kwid,2017,343000,53K km,53000,TN,manual,petrol,5841,8
chennai,Hyundai Eon,2017,383000,20.5K km,20500,TN,manual,petrol,6114,8
chennai,Honda Jazz,2016,527000,42K km,42000,TN,manual,petrol,8413,9
chennai,Renault Kwid,2021,446000,34.5K km,34500,TN,manual,petrol,7595,4
chennai,Maruti Swift,2015,454000,93K km,93000,TN,manual,petrol,8263,10
chennai,Honda Amaze,2014,358000,80.5K km,80500,TN,manual,petrol,7683,11
chennai,Maruti Swift,2019,657000,41.5K km,41500,TN,automatic,petrol,11188,6
chennai,Hyundai Xcent,2015,412000,111.5K km,111500,TN,manual,diesel,7030,10
chennai,Ford EcoSport,2014,489000,140.5K km,140500,TN,manual,diesel,10494,11
chennai,Hyundai Elite i20,2015,474000,132K km,132000,TN,manual,petrol,8627,10
chennai,Maruti Celerio,2016,393000,29.5K km,29500,TN,automatic,petrol,7153,9
chennai,Renault Triber,2020,532000,88.5K km,88500,TN,automatic,petrol,9059,5
chennai,Volkswagen Polo,2016,417000,98K km,98000,TN,manual,petrol,6657,9
chennai,Ford Freestyle,2020,593000,35K km,35000,TN,manual,petrol,10098,5
chennai,Hyundai Eon,2017,343000,15K km,15000,TN,manual,petrol,5476,8
chennai,Hyundai Eon,2018,374000,30.5K km,30500,TN,manual,petrol,5970,7
chennai,Hyundai New i20,2023,917000,19K km,19000,TN,manual,petrol,15615,2
chennai,Maruti Ciaz,2019,852000,32K km,32000,TN,automatic,petrol,14509,6
chennai,Ford EcoSport,2019,746000,45.5K km,45500,TN,automatic,petrol,12703,6
chennai,Maruti Grand Vitara,2022,1512000,25K km,25000,TN,manual,petrol,26004,3
chennai,Kia Sonet,2021,1128000,24.5K km,24500,TN,manual,diesel,19398,4
chennai,Renault Kwid,2016,325000,27.5K km,27500,TN,manual,petrol,5534,9
chennai,Hyundai Aura,2022,729000,44K km,44000,TN,automatic,petrol,12414,3
chennai,Hyundai Grand i10 Nios,2023,789000,21.5K km,21500,TN,automatic,petrol,13436,2
chennai,Hyundai Elite i20,2016,514000,105K km,105000,TN,manual,diesel,8753,9
chennai,Toyota Glanza,2020,598000,79.5K km,79500,TN,automatic,petrol,10183,5
chennai,Hyundai Grand i10,2016,394000,106K km,106000,TN,automatic,petrol,7171,9
chennai,Maruti Swift Dzire,2013,399000,53K km,53000,TN,automatic,petrol,15175,12
chennai,Hyundai Grand i10,2018,497000,39K km,39000,TN,manual,petrol,8463,7
chennai,Maruti Baleno,2019,578000,121.5K km,121500,TN,manual,petrol,9843,6
chennai,Hyundai Elite i20,2015,520000,70.5K km,70500,TN,manual,diesel,9465,10
chennai,Hyundai Grand i10,2020,561000,22.5K km,22500,TN,manual,petrol,9553,5
chennai,Hyundai Creta,2017,768000,122K km,122000,TN,automatic,petrol,13078,8
chennai,Hyundai Verna,2022,1195000,37.5K km,37500,TN,manual,petrol,20554,3
chennai,Mahindra XUV500,2017,1039000,63K km,63000,TN,automatic,diesel,18753,8
chennai,Honda Amaze,2023,912000,9K km,9000,TN,automatic,petrol,15530,2
chennai,Maruti Swift,2020,604000,19.5K km,19500,TN,automatic,petrol,10285,5
chennai,Volkswagen Vento,2016,532000,79.5K km,79500,TN,manual,petrol,8493,9
chennai,Hyundai Venue,2021,844000,41K km,41000,TN,manual,petrol,14372,4
chennai,Hyundai Grand i10,2018,475000,62K km,62000,TN,manual,petrol,8088,7
chennai,Renault Kwid,2021,436000,27.5K km,27500,TN,manual,petrol,7424,4
chennai,Hyundai Grand i10,2015,448000,44.5K km,44500,TN,automatic,petrol,8154,10
chennai,Tata Tiago,2022,679000,8K km,8000,TN,automatic,petrol,11562,3
chennai,Maruti Alto K10,2019,365000,12K km,12000,TN,manual,petrol,6215,6
chennai,Volkswagen Polo,2019,498000,121K km,121000,TN,manual,petrol,7950,6
chennai,Honda City,2017,718000,59K km,59000,TN,automatic,petrol,12227,8
chennai,Hyundai Eon,2016,256000,83K km,83000,TN,manual,petrol,4087,9
chennai,Hyundai i10,2011,276000,62K km,62000,TN,manual,petrol,19721,14
chennai,Maruti Swift,2016,479000,106.5K km,106500,TN,manual,diesel,8718,9
chennai,Maruti Wagon R 1.0,2012,298000,74.5K km,74500,TN,manual,petrol,11559,13
chennai,Ford EcoSport,2015,472000,82.5K km,82500,TN,manual,petrol,8591,10
chennai,Hyundai Grand i10,2017,453000,105.5K km,105500,TN,automatic,petrol,7714,8
chennai,Hyundai i10,2014,264000,68.5K km,68500,TN,manual,petrol,5665,11
chennai,Maruti Brezza,2023,1149000,44.5K km,44500,TN,automatic,petrol,19760,2
chennai,Hyundai Venue,2021,735000,46K km,46000,TN,manual,petrol,12516,4
chennai,Maruti Wagon R 1.0,2015,370000,51K km,51000,TN,manual,petrol,7041,10
chennai,Renault Kwid,2019,407000,42K km,42000,TN,automatic,petrol,6930,6
chennai,Hyundai New Santro 1.1,2019,459000,53K km,53000,TN,manual,petrol,7327,6
chennai,Tata Harrier,2022,1602000,29K km,29000,TN,manual,diesel,27551,3
chennai,Maruti Wagon R 1.0,2015,379000,24K km,24000,TN,manual,petrol,7213,10
chennai,Renault Kwid,2022,512000,21K km,21000,TN,automatic,petrol,8719,3
chennai,Honda Jazz,2021,708000,31.5K km,31500,TN,manual,petrol,11303,4
chennai,Kia Sonet,2023,1240000,44.5K km,44500,TN,automatic,petrol,21320,2
chennai,Hyundai i10,2016,385000,64K km,64000,TN,manual,petrol,6556,9
chennai,Hyundai i10,2011,274000,80.5K km,80500,TN,manual,petrol,19578,14
chennai,Hyundai Elite i20,2015,480000,91.5K km,91500,TN,manual,petrol,8737,10
chennai,Maruti Swift Dzire,2012,442000,104.5K km,104500,TN,manual,diesel,16810,13
chennai,Maruti Ignis,2018,373000,121.5K km,121500,TN,manual,petrol,6351,7
chennai,Honda Amaze,2016,454000,92K km,92000,TN,automatic,petrol,7731,9
chennai,Maruti Celerio,2017,366000,108.5K km,108500,TN,automatic,petrol,6232,8
chennai,Nissan Micra,2015,312000,90K km,90000,TN,automatic,petrol,5324,10
chennai,Maruti Swift Dzire,2013,525000,71K km,71000,TN,manual,diesel,14151,12
chennai,Hyundai Xcent,2019,568000,111.5K km,111500,TN,manual,diesel,9068,6
chennai,Maruti Alto 800,2018,323000,26.5K km,26500,TN,manual,petrol,5772,7
chennai,Tata Altroz,2022,732000,20.5K km,20500,TN,manual,petrol,12465,3
chennai,Hyundai Elite i20,2017,561000,37K km,37000,TN,manual,petrol,9553,8
chennai,Maruti Eeco,2020,474000,19K km,19000,TN,manual,petrol,7567,5
chennai,Tata Tiago,2024,778000,3K km,3000,TN,manual,petrol+cng,13248,1
chennai,Hyundai Elite i20,2015,563000,80.5K km,80500,TN,manual,diesel,10247,10
chennai,Honda Brio,2018,536000,21K km,21000,TN,manual,petrol,8557,7
chennai,Ford EcoSport,2015,541000,86.5K km,86500,TN,manual,diesel,9847,10
chennai,Maruti Ciaz,2020,868000,51.5K km,51500,TN,automatic,petrol,14781,5
chennai,Skoda Kushaq,2022,1378000,39K km,39000,TN,manual,petrol,23698,3
chennai,Honda City,2021,1036000,58.5K km,58500,TN,automatic,petrol,17812,4
chennai,Honda Jazz,2016,490000,110K km,110000,TN,manual,diesel,7822,9
chennai,Maruti Dzire,2017,568000,114.5K km,114500,TN,automatic,diesel,9672,8
chennai,Maruti Alto 800,2014,259000,28K km,28000,TN,manual,petrol,7182,11
chennai,Hyundai Elite i20,2018,664000,49K km,49000,TN,automatic,petrol,11307,7
chennai,Maruti Swift,2013,439000,90.5K km,90500,TN,manual,diesel,11833,12
chennai,Maruti Wagon R 1.0,2013,331000,63K km,63000,TN,manual,petrol,9179,12
chennai,Datsun Redi-GO,2019,302000,61K km,61000,TN,manual,petrol,6481,6
chennai,Hyundai Eon,2018,347000,50K km,50000,TN,manual,petrol,5539,7
chennai,Maruti Alto 800,2013,251000,38.5K km,38500,TN,manual,petrol,6960,12
chennai,Maruti Baleno,2021,639000,35.5K km,35500,TN,manual,petrol,10881,4
chennai,Hyundai Eon,2016,289000,48.5K km,48500,TN,manual,petrol,4931,9
chennai,Renault Kwid,2021,429000,28.5K km,28500,TN,manual,petrol,7305,4
chennai,Tata Nexon,2020,778000,88.5K km,88500,TN,automatic,petrol,13248,5
chennai,Maruti Eeco,2020,459000,34K km,34000,TN,manual,petrol,7327,5
chennai,Hyundai Grand i10,2018,540000,17K km,17000,TN,manual,petrol,9195,7
chennai,Tata Tigor,2022,763000,20.5K km,20500,TN,manual,petrol+cng,12993,3
chennai,Hyundai Eon,2018,341000,57.5K km,57500,TN,manual,petrol,5444,7
chennai,Maruti Eeco,2021,434000,25K km,25000,TN,manual,petrol,6928,4
chennai,Hyundai Verna,2018,737000,75K km,75000,TN,automatic,petrol,12550,7
chennai,Hyundai Creta,2023,1540000,27.5K km,27500,TN,manual,diesel,26485,2
chennai,Honda City,2021,1096000,31K km,31000,TN,manual,petrol,18851,4
chennai,Volkswagen Vento,2016,542000,123.5K km,123500,TN,automatic,diesel,8653,9
chennai,Nissan Micra,2013,345000,66K km,66000,TN,automatic,petrol,8718,12
chennai,Maruti Ignis,2019,513000,29K km,29000,TN,automatic,petrol,8736,6
chennai,Volkswagen Ameo,2017,448000,49.5K km,49500,TN,manual,diesel,7152,8
chennai,Maruti Ritz,2012,289000,149K km,149000,TN,manual,diesel,10304,13
chennai,Kia Seltos,2020,1189000,120K km,120000,TN,automatic,diesel,20448,5
chennai,Hyundai Grand i10,2018,424000,94K km,94000,TN,manual,petrol,7220,7
chennai,Maruti S-Presso,2020,389000,96.5K km,96500,TN,automatic,petrol,6624,5
chennai,Hyundai Creta,2022,1349000,21.5K km,21500,TN,manual,petrol,23199,3
chennai,Hyundai Verna,2018,785000,24.5K km,24500,TN,manual,petrol,13368,7
chennai,Maruti Swift,2015,472000,64K km,64000,TN,manual,petrol,8591,10
chennai,Tata Safari,2021,1549000,37.5K km,37500,TN,manual,diesel,26640,4
chennai,Maruti Dzire,2018,618000,87.5K km,87500,TN,automatic,diesel,10524,7
chennai,Hyundai Verna,2022,1275000,23K km,23000,TN,manual,petrol,21933,3
chennai,Maruti Wagon R 1.2,2024,648000,8K km,8000,TN,manual,petrol,11035,1
chennai,Maruti Wagon R 1.2,2023,627000,18K km,18000,TN,manual,petrol,10677,2
chennai,Hyundai Creta,2017,712000,62K km,62000,TN,manual,petrol,12124,8
chennai,Hyundai Elite i20,2015,520000,59.5K km,59500,TN,manual,petrol,9465,10
chennai,Maruti Eeco,2022,548000,5K km,5000,TN,manual,petrol,8748,3
chennai,Hyundai i20 N Line,2022,975000,12.5K km,12500,TN,manual,petrol,16603,3
chennai,Volkswagen Ameo,2018,552000,90K km,90000,TN,automatic,diesel,8812,7
chennai,Maruti Alto 800,2017,272000,105.5K km,105500,TN,manual,petrol,4861,8
chennai,Hyundai Eon,2013,231000,92K km,92000,TN,manual,petrol,5837,12
chennai,Maruti Dzire,2018,608000,102.5K km,102500,TN,automatic,diesel,10353,7
chennai,Mahindra KUV100 NXT,2018,454000,49K km,49000,TN,manual,petrol,7731,7
chennai,Hyundai Xcent,2019,473000,96K km,96000,TN,manual,petrol,7551,6
chennai,Hyundai New Santro 1.1,2019,442000,104K km,104000,TN,automatic,petrol,7056,6
chennai,Renault Kwid,2018,373000,51.5K km,51500,TN,automatic,petrol,6351,7
chennai,Tata Tiago,2021,632000,15.5K km,15500,TN,automatic,petrol,10762,4
chennai,Tata Tigor,2022,719000,30.5K km,30500,TN,automatic,petrol,12244,3
chennai,Kia Sonet,2020,998000,56.5K km,56500,TN,manual,diesel,16995,5
chennai,Maruti Wagon R 1.0,2023,580000,9K km,9000,TN,manual,petrol,10366,2
chennai,Renault Triber,2020,615000,47K km,47000,TN,automatic,petrol,10473,5
chennai,Maruti Eeco,2021,498000,21.5K km,21500,TN,manual,petrol,7950,4
chennai,Maruti Dzire,2023,759000,11K km,11000,TN,automatic,petrol,12925,2
chennai,Tata Nexon,2023,1077000,5.5K km,5500,TN,manual,petrol,18527,2
chennai,Maruti Swift,2019,622000,51.5K km,51500,TN,manual,petrol,10592,6
chennai,Hyundai Eon,2018,331000,17.5K km,17500,TN,manual,petrol,5284,7
chennai,Tata Nexon,2023,1032000,14K km,14000,TN,manual,petrol,17748,2
chennai,Maruti Alto 800,2019,337000,36K km,36000,TN,manual,petrol,6023,6
chennai,Renault Duster,2018,609000,44K km,44000,TN,automatic,petrol,10367,7
chennai,Nissan Micra Active,2016,343000,42K km,42000,TN,manual,petrol,5841,9
chennai,Nissan Sunny,2012,311000,40.5K km,40500,TN,manual,petrol,11089,13
chennai,Hyundai Grand i10,2018,449000,67.5K km,67500,TN,manual,petrol,7646,7
chennai,Nissan Micra,2015,376000,47.5K km,47500,TN,automatic,petrol,6416,10
chennai,Honda Jazz,2015,489000,126K km,126000,TN,manual,diesel,8344,10
chennai,Honda Jazz,2017,524000,60K km,60000,TN,automatic,petrol,8365,8
chennai,Maruti Baleno,2017,498000,115K km,115000,TN,manual,diesel,8480,8
chennai,Hyundai New Santro 1.1,2022,508000,17.5K km,17500,TN,manual,petrol,8110,3
chennai,Renault Kwid,2019,425000,7K km,7000,TN,automatic,petrol,7237,6
chennai,Hyundai Venue,2021,839000,40.5K km,40500,TN,manual,petrol,14287,4
chennai,Hyundai Venue,2022,925000,14K km,14000,TN,manual,petrol,15752,3
chennai,Renault Kwid,2018,330000,64K km,64000,TN,manual,petrol,5619,7
chennai,Renault Kiger,2022,885000,12.5K km,12500,TN,automatic,petrol,15071,3
chennai,Hyundai Xcent,2014,419000,75.5K km,75500,TN,manual,diesel,8430,11
chennai,Ford EcoSport,2019,719000,53K km,53000,TN,manual,petrol,12244,6
chennai,Renault Triber,2020,652000,25K km,25000,TN,automatic,petrol,11103,5
chennai,Hyundai New i20,2023,997000,22.5K km,22500,TN,automatic,petrol,16978,2
chennai,Renault Kiger,2022,864000,20.5K km,20500,TN,automatic,petrol,14713,3
chennai,Maruti S-Presso,2024,578000,6.5K km,6500,TN,automatic,petrol,9843,1
chennai,Nissan Sunny,2015,409000,34.5K km,34500,TN,manual,petrol,6979,10
chennai,Hyundai Eon,2017,274000,100K km,100000,TN,manual,petrol,4374,8
chennai,Renault Kwid,2019,324000,57.5K km,57500,TN,manual,petrol,5517,6
chennai,Hyundai Grand i10,2016,399000,101.5K km,101500,TN,manual,petrol,6794,9
chennai,Nissan Micra Active,2018,397000,55K km,55000,TN,manual,petrol,6760,7
chennai,Tata Tiago,2021,494000,117.5K km,117500,TN,manual,petrol,8412,4
chennai,Volkswagen Ameo,2018,524000,31.5K km,31500,TN,manual,petrol,8365,7
chennai,Maruti Ignis,2017,418000,121.5K km,121500,TN,manual,petrol,7118,8
chennai,Hyundai New i20,2021,817000,28.5K km,28500,TN,manual,petrol,13913,4
chennai,Tata Nexon,2023,975000,11K km,11000,TN,manual,petrol,16603,2
chennai,Hyundai i20 N Line,2022,1101000,19.5K km,19500,TN,automatic,petrol,18936,3
chennai,Tata Altroz,2022,796000,31K km,31000,TN,manual,diesel,13555,3
chennai,Tata Altroz,2021,609000,37.5K km,37500,TN,manual,petrol,10370,4
chennai,Renault Kwid,2021,377000,46.5K km,46500,TN,manual,petrol,6420,4
chennai,Maruti Alto K10,2016,336000,57.5K km,57500,TN,automatic,petrol,5721,9
chennai,Mahindra XUV700,2022,2012000,18K km,18000,TN,automatic,diesel,34602,3
chennai,Maruti Alto 800,2017,312000,29K km,29000,TN,manual,petrol,5576,8
chennai,Hyundai Elite i20,2018,697000,33.5K km,33500,TN,automatic,petrol,11869,7
chennai,Hyundai New i20,2021,732000,100K km,100000,TN,manual,petrol,12465,4
chennai,Hyundai Verna,2018,852000,54K km,54000,TN,automatic,petrol,14509,7
chennai,Hyundai New i20,2021,833000,103.5K km,103500,TN,automatic,petrol,14185,4
chennai,Maruti Celerio,2015,352000,65K km,65000,TN,automatic,petrol,6407,10
chennai,Hyundai Grand i10,2015,394000,118K km,118000,TN,automatic,petrol,7171,10
chennai,Maruti Alto 800,2013,204000,102K km,102000,TN,manual,petrol,5657,12
chennai,Maruti Swift Dzire,2016,565000,121.5K km,121500,TN,automatic,diesel,9621,9
chennai,Honda Jazz,2020,659000,106K km,106000,TN,manual,diesel,10520,5
chennai,Hyundai Xcent,2014,418000,101K km,101000,TN,automatic,petrol,8410,11
chennai,Hyundai i10,2013,363000,40.5K km,40500,TN,automatic,petrol,9784,12
chennai,Kia Sonet,2020,978000,34K km,34000,TN,automatic,petrol,16654,5
chennai,Hyundai Grand i10 Nios,2022,713000,14.5K km,14500,TN,manual,petrol,12141,3
chennai,Honda Jazz,2021,757000,29.5K km,29500,TN,manual,petrol,12085,4
chennai,Honda Brio,2014,403000,34.5K km,34500,TN,manual,petrol,8108,11
chennai,Tata Nexon,2021,875000,21K km,21000,TN,manual,petrol,14900,4
chennai,Nissan Micra,2019,462000,62K km,62000,TN,automatic,petrol,7375,6
chennai,Maruti Fronx,2024,1159000,11K km,11000,TN,manual,petrol,19932,1
chennai,Tata Nexon,2019,674000,107.5K km,107500,TN,manual,diesel,11477,6
chennai,Hyundai Venue,2021,882000,71K km,71000,TN,manual,diesel,15019,4
chennai,Renault Kwid,2020,398000,27K km,27000,TN,automatic,petrol,6777,5
chennai,Renault Kwid,2022,449000,25K km,25000,TN,manual,petrol,7646,3
chennai,Maruti Alto 800,2017,326000,27.5K km,27500,TN,manual,petrol,5826,8
chennai,Hyundai Aura,2020,692000,61.5K km,61500,TN,automatic,diesel,11784,5
chennai,Hyundai i10,2017,311000,81.5K km,81500,TN,manual,petrol,5296,8
chennai,Hyundai Grand i10,2019,430000,87K km,87000,TN,manual,diesel,7322,6
chennai,Volkswagen Polo,2020,541000,124.5K km,124500,TN,manual,petrol,8637,5
chennai,Maruti Baleno,2016,489000,126.5K km,126500,TN,automatic,petrol,8327,9
chennai,Datsun Redi-GO,2019,277000,122K km,122000,TN,automatic,petrol,5944,6
chennai,Ford Figo,2021,545000,52.5K km,52500,TN,manual,petrol,9281,4
chennai,Hyundai Eon,2018,346000,37.5K km,37500,TN,manual,petrol,5523,7
chennai,Renault Kwid,2022,450000,11.5K km,11500,TN,automatic,petrol,7663,3
chennai,Renault Kwid,2022,469000,25.5K km,25500,TN,manual,petrol,7986,3
chennai,Hyundai Verna,2021,997000,45.5K km,45500,TN,manual,petrol,16978,4
chennai,Honda City,2021,1075000,22K km,22000,TN,manual,petrol,18488,4
chennai,Skoda Kushaq,2021,1219000,21.5K km,21500,TN,manual,petrol,20963,4
chennai,Hyundai i10,2014,368000,44.5K km,44500,TN,manual,petrol,7898,11
chennai,Renault Kwid,2021,398000,31.5K km,31500,TN,manual,petrol,6777,4
chennai,Maruti Swift Dzire,2015,544000,30K km,30000,TN,manual,petrol,9902,10
chennai,Hyundai Venue,2021,832000,43.5K km,43500,TN,manual,petrol,14168,4
chennai,Kia Sonet,2021,1178000,56.5K km,56500,TN,automatic,diesel,20258,4
chennai,Hyundai Grand i10,2017,494000,50.5K km,50500,TN,manual,petrol,8412,8
chennai,Renault Kiger,2023,928000,11K km,11000,TN,automatic,petrol,15803,2
chennai,Hyundai Verna,2021,1033000,109.5K km,109500,TN,manual,diesel,17764,4
chennai,Volkswagen T-Roc,2022,1578000,111.5K km,111500,TN,automatic,petrol,27139,3
chennai,Hyundai Aura,2021,659000,91.5K km,91500,TN,automatic,diesel,11222,4
chennai,Nissan Micra,2013,288000,96.5K km,96500,TN,manual,petrol,7277,12
chennai,Tata Tigor,2022,715000,34K km,34000,TN,manual,petrol+cng,12176,3
chennai,Maruti Swift Dzire,2016,507000,94K km,94000,TN,automatic,petrol,8633,9
chennai,Hyundai Grand i10,2017,425000,103K km,103000,TN,automatic,petrol,7237,8
chennai,Hyundai Grand i10,2015,396000,65K km,65000,TN,automatic,petrol,7208,10
chennai,Volkswagen Vento,2021,789000,57.5K km,57500,TN,manual,petrol,12596,4
chennai,Honda Jazz,2021,822000,44K km,44000,TN,automatic,petrol,13123,4
chennai,Hyundai Tucson,2021,1817000,69.5K km,69500,TN,automatic,diesel,31248,4
chennai,Maruti Swift,2018,635000,32.5K km,32500,TN,automatic,petrol,10813,7
chennai,Hyundai Grand i10 Nios,2020,595000,12K km,12000,TN,manual,petrol,10132,5
chennai,Volkswagen Ameo,2017,559000,89.5K km,89500,TN,automatic,diesel,8924,8
chennai,Maruti Eeco,2021,484000,28.5K km,28500,TN,manual,petrol,7727,4
chennai,Hyundai Venue,2021,893000,9.5K km,9500,TN,manual,petrol,15207,4
chennai,Hyundai Grand i10,2018,431000,37.5K km,37500,TN,manual,petrol,7339,7
chennai,Maruti Dzire,2018,619000,80K km,80000,TN,automatic,diesel,10541,7
chennai,Hyundai i10,2014,362000,44.5K km,44500,TN,manual,petrol,7769,11
chennai,Hyundai Grand i10,2016,378000,144K km,144000,TN,manual,diesel,6437,9
chennai,Kia Seltos,2020,1068000,29K km,29000,TN,manual,petrol,18366,5
chennai,Hyundai Grand i10,2016,468000,60.5K km,60500,TN,manual,diesel,7969,9
chennai,Renault Kwid,2019,426000,32.5K km,32500,TN,automatic,petrol,7254,6
chennai,Maruti Ritz,2014,389000,102.5K km,102500,TN,manual,diesel,7826,11
chennai,Honda Amaze,2018,592000,104.5K km,104500,TN,automatic,diesel,10081,7
chennai,Honda Amaze,2013,384000,123.5K km,123500,TN,manual,petrol,10350,12
chennai,Nissan Micra,2011,258000,74K km,74000,TN,manual,petrol,17282,14
chennai,Hyundai Creta,2018,808000,120K km,120000,TN,automatic,petrol,13759,7
chennai,Renault Triber,2022,727000,16.5K km,16500,TN,automatic,petrol,12380,3
chennai,Maruti Ciaz,2022,934000,30K km,30000,TN,manual,petrol,15905,3
chennai,Hyundai Venue,2022,846000,51K km,51000,TN,manual,petrol,14406,3
chennai,Hyundai Venue,2021,954000,61.5K km,61500,TN,manual,diesel,16246,4
chennai,Tata Nexon,2023,949000,14.5K km,14500,TN,automatic,petrol,16160,2
chennai,Hyundai Elite i20,2019,663000,50K km,50000,TN,automatic,petrol,11290,6
chennai,Hyundai Xcent,2019,485000,25.5K km,25500,TN,manual,petrol,7743,6
chennai,Tata Zest,2016,402000,60K km,60000,TN,manual,petrol,6845,9
chennai,Tata Harrier,2021,1529000,72K km,72000,TN,automatic,diesel,26295,4
chennai,Honda Brio,2014,326000,121K km,121000,TN,manual,petrol,6559,11
chennai,Tata Altroz,2022,794000,23.5K km,23500,TN,automatic,petrol,13521,3
chennai,Maruti Swift,2019,667000,26K km,26000,TN,manual,petrol,11358,6
chennai,Tata Nexon,2019,651000,99K km,99000,TN,automatic,diesel,11086,6
chennai,Maruti S-Presso,2022,482000,15.5K km,15500,TN,manual,petrol+cng,8208,3
chennai,Honda Jazz,2015,528000,76.5K km,76500,TN,manual,diesel,9010,10
chennai,Hyundai i10,2013,305000,53.5K km,53500,TN,manual,petrol,8221,12
chennai,Tata Altroz,2023,794000,12.5K km,12500,TN,automatic,petrol,13521,2
chennai,Hyundai Elite i20,2018,558000,82K km,82000,TN,automatic,petrol,9502,7
chennai,Maruti Ignis,2017,461000,91.5K km,91500,TN,automatic,petrol,7850,8
chennai,Ford EcoSport,2015,459000,144K km,144000,TN,manual,diesel,8354,10
chennai,Maruti Brezza,2023,1078000,25K km,25000,TN,manual,petrol,18538,2
chennai,Maruti Swift,2017,499000,49K km,49000,TN,manual,petrol,8497,8
chennai,Skoda Kushaq,2021,1211000,25K km,25000,TN,manual,petrol,20826,4
chennai,Renault Kwid,2019,322000,30.5K km,30500,TN,manual,petrol,5483,6
chennai,Tata Nexon,2021,749000,65.5K km,65500,TN,manual,diesel,12755,4
chennai,Renault Kiger,2023,948000,8.5K km,8500,TN,automatic,petrol,16143,2
chennai,Tata Punch,2022,838000,16.5K km,16500,TN,automatic,petrol,14270,3
chennai,Maruti Celerio,2021,548000,56.5K km,56500,TN,automatic,petrol,9332,4
chennai,Volkswagen Polo,2019,519000,89K km,89000,TN,manual,petrol,8285,6
chennai,Renault Kwid,2023,522000,24K km,24000,TN,automatic,petrol,8889,2
chennai,Tata Tigor,2021,653000,22K km,22000,TN,automatic,petrol,11120,4
chennai,Skoda Kushaq,2022,1239000,38.5K km,38500,TN,manual,petrol,21303,3
chennai,Maruti Alto 800,2017,316000,29.5K km,29500,TN,manual,petrol,5647,8
chennai,Hyundai i10,2011,284000,55.5K km,55500,TN,manual,petrol,20292,14
chennai,MG Hector,2021,1468000,57.5K km,57500,TN,manual,diesel,25247,4
chennai,Hyundai Grand i10 Nios,2022,619000,100K km,100000,TN,manual,diesel,10541,3
chennai,Hyundai Elite i20,2018,563000,113.5K km,113500,TN,manual,petrol,9587,7
chennai,Toyota Etios,2015,499000,73K km,73000,TN,manual,petrol,8515,10
chennai,Honda Jazz,2016,521000,116.5K km,116500,TN,manual,diesel,8317,9
chennai,Maruti Baleno,2018,529000,111K km,111000,TN,manual,petrol,9008,7
chennai,Tata Nexon,2022,880000,14.5K km,14500,TN,manual,diesel,14985,3
chennai,Maruti Ciaz,2019,851000,20.5K km,20500,TN,automatic,petrol,14492,6
chennai,Hyundai Elite i20,2019,692000,36K km,36000,TN,automatic,petrol,11784,6
chennai,Maruti Swift,2023,787000,30.5K km,30500,TN,manual,petrol,13402,2
chennai,Tata Nexon,2023,909000,9.5K km,9500,TN,automatic,petrol,15479,2
chennai,Nissan Micra Active,2016,357000,62.5K km,62500,TN,manual,petrol,6079,9
chennai,Renault Kiger,2021,799000,28.5K km,28500,TN,automatic,petrol,13606,4
chennai,Hyundai New i20,2023,1023000,6.5K km,6500,TN,automatic,petrol,17591,2
chennai,Hyundai New i20,2021,748000,38.5K km,38500,TN,automatic,petrol,12738,4
chennai,Honda WR-V,2021,853000,47K km,47000,TN,manual,diesel,14526,4
chennai,Hyundai Grand i10,2017,493000,51K km,51000,TN,manual,petrol,8395,8
chennai,Maruti Alto 800,2017,297000,39.5K km,39500,TN,manual,petrol,5308,8
chennai,Hyundai Xcent,2019,459000,115.5K km,115500,TN,manual,petrol,7327,6
chennai,Skoda Rapid New,2018,629000,93K km,93000,TN,manual,diesel,10711,7
chennai,Hyundai Grand i10,2016,375000,96.5K km,96500,TN,automatic,petrol,6825,9
chennai,Maruti Baleno,2019,578000,112K km,112000,TN,manual,petrol,9843,6
chennai,Hyundai Creta,2016,612000,126K km,126000,TN,manual,diesel,10422,9
chennai,Honda WR-V,2019,609000,125.5K km,125500,TN,manual,petrol,10370,6
chennai,Volkswagen Vento,2016,564000,128K km,128000,TN,automatic,diesel,9004,9
chennai,Nissan Kicks,2019,673000,123.5K km,123500,TN,manual,diesel,11460,6
chennai,Renault Triber,2021,687000,20.5K km,20500,TN,automatic,petrol,11699,4
chennai,Kia Seltos,2020,1141000,40.5K km,40500,TN,manual,petrol,19617,5
chennai,Hyundai Verna,2022,1329000,33.5K km,33500,TN,automatic,petrol,22853,3
chennai,Hyundai New i20,2021,786000,46.5K km,46500,TN,manual,petrol,13385,4
chennai,Hyundai Venue,2019,820000,51.5K km,51500,TN,automatic,petrol,13964,6
chennai,Volkswagen Polo,2018,626000,48K km,48000,TN,manual,petrol,9994,7
chennai,Kia Seltos,2021,1349000,50.5K km,50500,TN,manual,petrol,23199,4
chennai,Tata Nexon,2022,1135000,18K km,18000,TN,automatic,diesel,19513,3
chennai,Renault Kwid,2023,578000,6K km,6000,TN,automatic,petrol,9843,2
chennai,Hyundai Xcent,2015,466000,65.5K km,65500,TN,automatic,petrol,7952,10
chennai,Nissan Magnite,2023,711000,43.5K km,43500,TN,manual,petrol,12107,2
chennai,Tata Tiago,2023,635000,23.5K km,23500,TN,manual,petrol,10813,2
chennai,Maruti Baleno,2018,494000,80K km,80000,TN,automatic,petrol,8412,7
chennai,Volkswagen Polo,2016,487000,116K km,116000,TN,manual,diesel,7774,9
chennai,Maruti Dzire,2019,644000,28K km,28000,TN,automatic,petrol,11256,6
chennai,Hyundai i20,2012,334000,136K km,136000,TN,manual,diesel,12703,13
chennai,Hyundai Grand i10,2015,392000,127K km,127000,TN,automatic,petrol,7135,10
chennai,Renault Kwid,2017,271000,81.5K km,81500,TN,manual,petrol,4614,8
chennai,Hyundai Xcent,2019,521000,69.5K km,69500,TN,manual,petrol,8317,6
chennai,Skoda Rapid,2016,522000,128K km,128000,TN,automatic,diesel,8333,9
chennai,Hyundai Verna,2021,1129000,25K km,25000,TN,automatic,petrol,19413,4
chennai,Renault Triber,2022,727000,13.5K km,13500,TN,automatic,petrol,12380,3
chennai,Renault Kiger,2021,814000,25.5K km,25500,TN,automatic,petrol,13861,4
chennai,Hyundai Verna,2021,1020000,33.5K km,33500,TN,automatic,petrol,17540,4
chennai,Skoda Kushaq,2022,1405000,49.5K km,49500,TN,automatic,petrol,24164,3
chennai,Renault Kiger,2023,799000,24K km,24000,TN,manual,petrol,13606,2
chennai,Renault Kwid,2018,346000,36.5K km,36500,TN,manual,petrol,5892,7
chennai,Honda City,2022,1213000,14.5K km,14500,TN,automatic,petrol,20860,3
chennai,Volkswagen Ameo,2019,523000,49.5K km,49500,TN,manual,petrol,8349,6
chennai,Hyundai Verna,2020,886000,58.5K km,58500,TN,manual,petrol,15088,5
chennai,Honda Amaze,2021,695000,27.5K km,27500,TN,manual,petrol,11835,4
chennai,Maruti Celerio,2018,412000,62.5K km,62500,TN,automatic,petrol,7016,7
chennai,Ford EcoSport,2016,485000,139K km,139000,TN,manual,diesel,8259,9
chennai,Mahindra XUV 300,2020,813000,46.5K km,46500,TN,manual,petrol,13844,5
chennai,Hyundai Grand i10,2019,514000,27K km,27000,TN,manual,petrol,8753,6
chennai,Hyundai Eon,2017,277000,35.5K km,35500,TN,manual,petrol,4422,8
chennai,Renault Kwid,2018,339000,55K km,55000,TN,automatic,petrol,5772,7
chennai,Hyundai Santa Fe,2016,997000,134K km,134000,TN,automatic,diesel,16705,9
chennai,Tata Altroz,2021,697000,39.5K km,39500,TN,manual,diesel,11869,4
chennai,Skoda Rapid,2016,561000,118K km,118000,TN,automatic,diesel,8956,9
chennai,Maruti Wagon R 1.2,2022,598000,10.5K km,10500,TN,manual,petrol,10183,3
chennai,Renault Kwid,2017,276000,86K km,86000,TN,manual,petrol,4700,8
chennai,Tata Altroz,2022,671000,17K km,17000,TN,manual,petrol,11426,3
chennai,Maruti Baleno,2021,714000,41K km,41000,TN,manual,petrol,12159,4
chennai,Nissan Sunny,2020,761000,53K km,53000,TN,manual,diesel,12149,5
chennai,Renault Triber,2022,710000,27K km,27000,TN,automatic,petrol,12090,3
chennai,Volkswagen Taigun,2022,1254000,30.5K km,30500,TN,manual,petrol,21559,3
chennai,Hyundai Verna,2022,1082000,25K km,25000,TN,manual,petrol,18613,3
chennai,Maruti Baleno,2018,614000,40.5K km,40500,TN,automatic,petrol,10456,7
chennai,Maruti Swift,2022,747000,31K km,31000,TN,manual,petrol,12720,3
chennai,Maruti Alto 800,2019,346000,27.5K km,27500,RJ,manual,petrol,6183,6
chennai,MG Hector,2021,1423000,76.5K km,76500,TN,manual,diesel,24471,4
chennai,Honda Brio,2013,277000,78.5K km,78500,TN,manual,petrol,6999,12
chennai,Maruti Swift,2014,355000,54K km,54000,TN,manual,petrol,7619,11
chennai,Volkswagen Vento,2017,485000,106K km,106000,TN,automatic,diesel,7743,8
chennai,Volkswagen Vento,2016,555000,118.5K km,118500,TN,automatic,diesel,8860,9
chennai,Skoda Octavia,2016,1043000,78K km,78000,TN,automatic,petrol,17944,9
chennai,Volkswagen Ameo,2017,461000,90.5K km,90500,TN,manual,diesel,7359,8
chennai,Maruti Dzire,2018,612000,55.5K km,55500,TN,automatic,diesel,10422,7
chennai,Renault Kwid,2017,304000,86K km,86000,TN,automatic,petrol,5176,8
chennai,Mahindra XUV700,2022,1729000,29.5K km,29500,TN,automatic,petrol,29733,3
chennai,Hyundai Creta,2020,1262000,77.5K km,77500,TN,automatic,petrol,21695,5
chennai,BMW X3,2018,3000000,59K km,59000,TN,automatic,petrol,51596,7
chennai,Ford Figo Aspire,2020,594000,40K km,40000,TN,manual,diesel,9483,5
chennai,Nissan Micra,2013,279000,13.5K km,13500,TN,manual,petrol,9948,12
chennai,MG Hector Plus,2021,1274000,51K km,51000,TN,automatic,petrol,21910,4
chennai,Maruti Baleno,2018,589000,64.5K km,64500,TN,manual,petrol,10030,7
chennai,Skoda Slavia,2022,1107000,48K km,48000,TN,automatic,petrol,19036,3
chennai,Renault Kwid,2016,312000,40.5K km,40500,TN,manual,petrol,5313,9
chennai,Kia Seltos,2022,1529000,24.5K km,24500,TN,manual,diesel,26296,3
chennai,Maruti Baleno,2018,489000,52.5K km,52500,TN,manual,petrol,8327,7
chennai,Volkswagen Polo,2017,438000,90K km,90000,TN,manual,petrol,6992,8
chennai,Maruti Ignis,2018,514000,118K km,118000,TN,automatic,diesel,8753,7
chennai,Maruti Dzire,2019,670000,25.5K km,25500,TN,manual,petrol,11409,6
chennai,Hyundai Venue,2021,1039000,8.5K km,8500,TN,automatic,petrol,17868,4
chennai,Mahindra Scorpio N,2022,1782000,88.5K km,88500,TN,automatic,petrol,30648,3
chennai,Renault Kwid,2021,478000,8.5K km,8500,TN,automatic,petrol,8140,4
chennai,Maruti Baleno,2018,629000,51K km,51000,TN,automatic,petrol,10711,7
chennai,Tata Zest,2015,363000,96.5K km,96500,TN,manual,petrol,6607,10
chennai,Jeep Compass,2018,1050000,51.5K km,51500,TN,automatic,petrol,18057,7
chennai,Maruti Eeco,2024,536000,13K km,13000,TN,manual,petrol,8557,1
chennai,Kia Sonet,2021,968000,12.5K km,12500,TN,manual,petrol,16484,4
chennai,Maruti Baleno,2022,847000,9.5K km,9500,TN,manual,petrol,14423,3
chennai,Maruti Brezza,2022,878000,12.5K km,12500,TN,manual,petrol,14951,3
chennai,Hyundai New Santro 1.1,2018,412000,75.5K km,75500,TN,automatic,petrol,6577,7
chennai,Hyundai Grand i10 Nios,2021,668000,29.5K km,29500,TN,automatic,diesel,11375,4
chennai,Maruti Wagon R 1.2,2022,619000,9K km,9000,TN,manual,petrol,10541,3
chennai,Hyundai Verna,2019,878000,28K km,28000,TN,manual,petrol,14951,6
chennai,Hyundai i10,2015,352000,77.5K km,77500,TN,manual,petrol,6407,10
chennai,Honda City,2015,548000,72K km,72000,TN,manual,petrol,9974,10
chennai,Hyundai Exter,2023,875000,16K km,16000,TN,automatic,petrol,14900,2
chennai,Honda City,2021,1013000,23K km,23000,TN,manual,petrol,17421,4
chennai,Hyundai Elite i20,2019,685000,40.5K km,40500,TN,automatic,petrol,11665,6
chennai,Maruti Wagon R 1.0,2016,382000,44K km,44000,TN,automatic,petrol,6827,9
chennai,Maruti Swift,2014,368000,65.5K km,65500,TN,manual,petrol,7898,11
chennai,Ford Figo Aspire,2019,539000,57K km,57000,TN,manual,diesel,8605,6
chennai,Renault Kwid,2016,277000,52K km,52000,TN,manual,petrol,4717,9
chennai,Maruti Celerio,2017,418000,65.5K km,65500,TN,automatic,petrol,7118,8
chennai,Tata Tiago,2023,653000,11K km,11000,TN,manual,petrol,11120,2
chennai,Hyundai Elite i20,2017,508000,53.5K km,53500,TN,manual,petrol,8650,8
chennai,Maruti Alto K10,2024,480000,19K km,19000,TN,manual,petrol,8174,1
chennai,Hyundai Creta,2022,1682000,33K km,33000,TN,automatic,diesel,28927,3
chennai,Volkswagen Ameo,2017,455000,68.5K km,68500,TN,manual,petrol,7264,8
chennai,Maruti Baleno,2022,849000,5K km,5000,TN,manual,petrol,14457,3
chennai,Maruti Ignis,2021,478000,13K km,13000,TN,manual,petrol,8140,4
chennai,Maruti Baleno,2019,728000,11.5K km,11500,TN,automatic,petrol,12397,6
chennai,Mahindra XUV 300,2022,1039000,12.5K km,12500,TN,automatic,diesel,17868,3
chennai,Honda Jazz,2015,474000,48K km,48000,TN,manual,petrol,8088,10
chennai,Maruti Baleno,2016,490000,61.5K km,61500,TN,automatic,petrol,8344,9
chennai,Maruti Dzire,2018,668000,70.5K km,70500,TN,manual,diesel,11375,7
chennai,Kia Seltos,2021,1582000,17K km,17000,TN,automatic,diesel,27208,4
chennai,Maruti Ignis,2018,491000,47K km,47000,TN,automatic,petrol,8361,7
chennai,Honda Brio,2013,305000,56K km,56000,TN,manual,petrol,7707,12
chennai,Datsun GO,2017,283000,22.5K km,22500,TN,manual,petrol,7628,8
chennai,Hyundai New Santro 1.1,2019,484000,32K km,32000,TN,automatic,petrol,7727,6
chennai,Tata Zest,2018,475000,33.5K km,33500,TN,manual,petrol,8088,7
chennai,Maruti Wagon R 1.2,2023,565000,9.5K km,9500,TN,manual,petrol,9621,2
chennai,Honda City,2018,715000,57.5K km,57500,TN,automatic,petrol,12176,7
chennai,Renault Kwid,2018,363000,26.5K km,26500,TN,manual,petrol,6181,7
chennai,Maruti Swift,2024,912000,12K km,12000,TN,automatic,petrol,15530,1
chennai,Hyundai i10,2012,297000,62.5K km,62500,TN,manual,petrol,11295,13
chennai,Hyundai Elite i20,2020,670000,51K km,51000,TN,automatic,petrol,11409,5
chennai,Tata Nexon,2023,948000,19K km,19000,TN,automatic,petrol,16143,2
chennai,Volkswagen Polo,2012,373000,34.5K km,34500,TN,manual,petrol,13299,13
chennai,Tata Tiago,2017,407000,20.5K km,20500,TN,manual,petrol,6930,8
chennai,Hyundai Eon,2018,294000,70K km,70000,TN,manual,petrol,4693,7
chennai,Hyundai New Santro 1.1,2019,480000,19K km,19000,TN,manual,petrol,7663,6
chennai,Renault Triber,2020,598000,20.5K km,20500,TN,automatic,petrol,10183,5
chennai,Kia Sonet,2021,997000,48.5K km,48500,TN,manual,petrol,16978,4
chennai,Datsun Redi-GO,2020,274000,111K km,111000,TN,manual,petrol,5880,5
chennai,Renault Kwid,2022,484000,7K km,7000,TN,manual,petrol,8242,3
chennai,Maruti Ritz,2012,297000,83.5K km,83500,TN,manual,petrol,10589,13
chennai,Hyundai Verna,2014,508000,111.5K km,111500,TN,automatic,diesel,10902,11
chennai,Hyundai i20 Active,2019,661000,56.5K km,56500,TN,manual,petrol,11256,6
chennai,Maruti Wagon R 1.0,2018,429000,61K km,61000,TN,automatic,petrol,7667,7
chennai,Honda City,2014,514000,67.5K km,67500,TN,automatic,petrol,11031,11
chennai,Honda Amaze,2021,649000,19.5K km,19500,TN,manual,petrol,11052,4
chennai,Hyundai i20 Active,2016,585000,58K km,58000,TN,manual,petrol,9962,9
chennai,Tata Nexon,2017,598000,67.5K km,67500,TN,manual,diesel,10183,8
chennai,Hyundai New Santro 1.1,2019,468000,61K km,61000,TN,automatic,petrol,7471,6
chennai,Maruti Vitara Brezza,2019,792000,70K km,70000,TN,automatic,diesel,13487,6
chennai,Maruti Estilo,2011,204000,30.5K km,30500,TN,manual,petrol,14576,14
chennai,Nissan Micra,2014,332000,35.5K km,35500,TN,automatic,petrol,6680,11
chennai,Renault Kiger,2023,879000,22K km,22000,TN,automatic,petrol,14968,2
chennai,Maruti Celerio,2016,443000,20.5K km,20500,TN,automatic,petrol,7544,9
chennai,Hyundai Verna,2019,895000,67K km,67000,TN,automatic,petrol,15241,6
chennai,Volkswagen Polo,2018,622000,27K km,27000,TN,manual,petrol,9930,7
chennai,Volkswagen Vento,2018,721000,63K km,63000,TN,automatic,petrol,11510,7
chennai,Tata Nexon,2019,685000,56K km,56000,TN,automatic,petrol,11665,6
chennai,Maruti Wagon R 1.2,2022,549000,97.5K km,97500,TN,automatic,petrol,9349,3
chennai,Hyundai Grand i10,2017,443000,101.5K km,101500,TN,manual,petrol,7544,8
chennai,Maruti Vitara Brezza,2018,782000,83.5K km,83500,TN,manual,diesel,13317,7
chennai,Maruti Ciaz,2019,763000,43.5K km,43500,TN,manual,petrol,12993,6
chennai,Renault Duster,2020,795000,78.5K km,78500,TN,manual,diesel,13538,5
chennai,Renault Kwid,2022,457000,17K km,17000,TN,manual,petrol,7782,3
chennai,Renault Kwid,2018,314000,57.5K km,57500,TN,manual,petrol,5347,7
chennai,Tata Tiago NRG,2022,607000,20K km,20000,TN,manual,petrol,10336,3
chennai,Renault Kwid,2020,371000,42K km,42000,TN,automatic,petrol,6317,5
chennai,Tata Altroz,2022,642000,26.5K km,26500,TN,manual,petrol,10932,3
chennai,Hyundai Verna,2021,1029000,34.5K km,34500,TN,manual,petrol,17692,4
chennai,Hyundai New Santro 1.1,2020,544000,17K km,17000,TN,automatic,petrol,8685,5
chennai,Hyundai Grand i10 Nios,2022,659000,10K km,10000,TN,manual,petrol,11222,3
chennai,Volkswagen Polo,2019,562000,39K km,39000,TN,manual,petrol,8972,6
chennai,Maruti Wagon R 1.0,2024,646000,4.5K km,4500,TN,automatic,petrol,11545,1
chennai,Maruti Baleno,2016,542000,37.5K km,37500,TN,manual,petrol,9229,9
chennai,Honda Jazz,2016,449000,111.5K km,111500,TN,manual,petrol,7168,9
chennai,Hyundai Xcent,2016,361000,114K km,114000,TN,manual,petrol,6160,9
chennai,Hyundai Aura,2022,737000,29K km,29000,TN,automatic,petrol,12550,3
chennai,Renault Kwid,2018,368000,47.5K km,47500,TN,automatic,petrol,6266,7
chennai,Hyundai i10,2013,309000,42.5K km,42500,TN,automatic,petrol,8329,12
chennai,Renault Kiger,2022,678000,73.5K km,73500,TN,manual,petrol,11545,3
chennai,Maruti S-Presso,2022,447000,36K km,36000,TN,manual,petrol,7612,3
chennai,Tata Tiago,2018,468000,34.5K km,34500,TN,automatic,petrol,7969,7
chennai,Maruti Swift,2017,525000,16.5K km,16500,TN,manual,petrol,8940,8
chennai,Maruti Fronx,2023,1049000,11K km,11000,TN,manual,petrol,18040,2
chennai,Hyundai Grand i10,2018,489000,35.5K km,35500,TN,manual,petrol,8327,7
chennai,Hyundai Venue,2022,910000,21.5K km,21500,TN,manual,petrol,15496,3
chennai,Hyundai Creta,2016,700000,150K km,150000,TN,automatic,petrol,11920,9
chennai,Tata Tigor,2023,659000,21.5K km,21500,TN,manual,petrol,11222,2
chennai,Hyundai Verna,2020,940000,13K km,13000,TN,manual,petrol,16007,5
chennai,MG Hector,2019,1278000,29.5K km,29500,TN,automatic,petrol,21979,6
chennai,Renault Kiger,2022,662000,14.5K km,14500,TN,automatic,petrol,11273,3
chennai,Volkswagen Polo,2015,417000,147.5K km,147500,TN,manual,petrol,7116,10
chennai,Hyundai Creta,2020,1403000,45.5K km,45500,TN,automatic,petrol,24130,5
chennai,Renault Triber,2020,603000,21K km,21000,TN,manual,petrol,10268,5
chennai,Maruti Baleno,2016,470000,72K km,72000,TN,automatic,petrol,8003,9
chennai,Hyundai Grand i10 Nios,2023,610000,25K km,25000,TN,manual,petrol,10387,2
chennai,Tata Tiago,2020,560000,30.5K km,30500,TN,automatic,petrol,9536,5
chennai,Volkswagen Vento,2014,466000,88K km,88000,TN,manual,diesel,9376,11
chennai,Honda Jazz,2022,796000,42.5K km,42500,TN,automatic,petrol,12708,3
chennai,Kia Sonet,2021,967000,19.5K km,19500,TN,manual,petrol,16467,4
chennai,Renault Kwid,2019,413000,53.5K km,53500,TN,automatic,petrol,7033,6
chennai,Hyundai Elite i20,2020,537000,107K km,107000,TN,manual,petrol,9144,5
chennai,Maruti Celerio,2023,624000,6.5K km,6500,TN,manual,petrol,10626,2
chennai,Renault Kwid,2022,453000,5K km,5000,TN,manual,petrol,7714,3
chennai,Renault Kwid,2022,416000,22.5K km,22500,TN,manual,petrol,7084,3
chennai,Maruti S-Presso,2023,471000,60.5K km,60500,TN,manual,petrol+cng,8020,2
chennai,Mahindra Bolero,2023,866000,23K km,23000,TN,manual,diesel,14747,2
chennai,Maruti A-Star,2011,229000,87K km,87000,TN,manual,petrol,15340,14
chennai,Maruti Alto K10,2011,195000,96K km,96000,TN,manual,petrol,13933,14
chennai,Renault Kwid,2017,366000,70.5K km,70500,TN,automatic,petrol,6232,8
chennai,Hyundai Grand i10,2014,397000,72.5K km,72500,HR,manual,petrol,8520,11
chennai,Tata Tiago,2019,468000,72K km,72000,TN,manual,petrol,7969,6
chennai,Hyundai Grand i10 Nios,2022,698000,31.5K km,31500,TN,manual,petrol,11886,3
chennai,Renault Kwid,2019,361000,43.5K km,43500,TN,automatic,petrol,6147,6
chennai,Maruti Ignis,2024,698000,8.5K km,8500,TN,manual,petrol,11886,1
chennai,Hyundai New Santro 1.1,2020,407000,75.5K km,75500,TN,manual,petrol,6497,5
chennai,Renault Kiger,2022,739000,63.5K km,63500,TN,manual,petrol,12584,3
chennai,Hyundai Grand i10 Nios,2021,719000,26K km,26000,TN,automatic,petrol,12244,4
chennai,Maruti Celerio,2022,489000,75K km,75000,TN,manual,petrol+cng,8327,3
chennai,Maruti Celerio,2017,432000,68.5K km,68500,TN,automatic,petrol,7356,8
chennai,Renault Triber,2021,664000,42K km,42000,TN,automatic,petrol,11307,4
chennai,Hyundai Elite i20,2017,577000,74K km,74000,TN,manual,petrol,9825,8
chennai,Hyundai Elite i20,2019,689000,37.5K km,37500,TN,automatic,petrol,11733,6
chennai,Renault Kwid,2022,452000,44.5K km,44500,TN,manual,petrol,7697,3
chennai,Volkswagen Polo,2017,554000,79.5K km,79500,TN,manual,petrol,8844,8
chennai,Renault Kwid,2018,384000,68.5K km,68500,TN,automatic,petrol,6539,7
chennai,Datsun Redi-GO,2017,239000,65K km,65000,TN,manual,petrol,9089,8
chennai,Hyundai i20 N Line,2021,897000,89.5K km,89500,TN,automatic,petrol,15275,4
chennai,Maruti Ciaz,2016,529000,134K km,134000,TN,manual,petrol,9008,9
chennai,Maruti S-Presso,2023,537000,6K km,6000,TN,automatic,petrol,9144,2
chennai,Maruti Alto 800,2018,319000,13.5K km,13500,TN,manual,petrol,5701,7
chennai,Maruti Ignis,2017,519000,35.5K km,35500,TN,manual,petrol,8838,8
chennai,Maruti Baleno,2018,629000,51.5K km,51500,TN,manual,petrol,10711,7
chennai,Renault Kwid,2020,384000,53.5K km,53500,TN,automatic,petrol,6539,5
chennai,Renault Kwid,2023,498000,13.5K km,13500,TN,manual,petrol,8480,2
chennai,Renault Kwid,2018,398000,50.5K km,50500,TN,automatic,petrol,6777,7
chennai,Renault Kwid,2017,365000,21.5K km,21500,TN,manual,petrol,6215,8
chennai,Maruti Swift Dzire,2016,521000,40K km,40000,TN,manual,petrol,9483,9
chennai,Maruti Celerio,2022,489000,75K km,75000,TN,manual,petrol+cng,8327,3
chennai,Maruti Celerio,2017,432000,68.5K km,68500,TN,automatic,petrol,7356,8
chennai,Renault Triber,2021,664000,42K km,42000,TN,automatic,petrol,11307,4
chennai,Hyundai Elite i20,2017,577000,74K km,74000,TN,manual,petrol,9825,8
chennai,Hyundai Elite i20,2019,689000,37.5K km,37500,TN,automatic,petrol,11733,6
chennai,Renault Kwid,2022,452000,44.5K km,44500,TN,manual,petrol,7697,3
chennai,Volkswagen Polo,2017,554000,79.5K km,79500,TN,manual,petrol,8844,8
chennai,Renault Kwid,2018,384000,68.5K km,68500,TN,automatic,petrol,6539,7
chennai,Datsun Redi-GO,2017,239000,65K km,65000,TN,manual,petrol,9089,8
chennai,Hyundai i20 N Line,2021,897000,89.5K km,89500,TN,automatic,petrol,15275,4
chennai,Maruti Ciaz,2016,529000,134K km,134000,TN,manual,petrol,9008,9
chennai,Maruti S-Presso,2023,537000,6K km,6000,TN,automatic,petrol,9144,2
chennai,Maruti Alto 800,2018,319000,13.5K km,13500,TN,manual,petrol,5701,7
chennai,Maruti Ignis,2017,519000,35.5K km,35500,TN,manual,petrol,8838,8
chennai,Maruti Baleno,2018,629000,51.5K km,51500,TN,manual,petrol,10711,7
chennai,Renault Kwid,2020,384000,53.5K km,53500,TN,automatic,petrol,6539,5
chennai,Renault Kwid,2023,498000,13.5K km,13500,TN,manual,petrol,8480,2
chennai,Renault Kwid,2018,398000,50.5K km,50500,TN,automatic,petrol,6777,7
chennai,Renault Kwid,2017,365000,21.5K km,21500,TN,manual,petrol,6215,8
chennai,Maruti Swift Dzire,2016,521000,40K km,40000,TN,manual,petrol,9483,9
chennai,Volkswagen Polo,2016,498000,120K km,120000,TN,automatic,petrol,7950,9
chennai,Hyundai Elite i20,2014,513000,44K km,44000,TN,manual,petrol,11010,11
chennai,Maruti S-Cross,2016,610000,131.5K km,131500,TN,manual,diesel,11103,9
chennai,Honda Amaze,2014,419000,109.5K km,109500,TN,manual,petrol,8992,11
chennai,Nissan Micra,2014,324000,118K km,118000,TN,manual,diesel,6519,11
chennai,Hyundai Grand i10,2018,521000,43K km,43000,TN,manual,petrol,8872,7
chennai,Volkswagen Polo,2019,432000,114.5K km,114500,TN,manual,petrol,6896,6
chennai,Renault Kwid,2023,476000,10K km,10000,TN,manual,petrol,8106,2
chennai,Hyundai i10,2011,252000,93.5K km,93500,TN,manual,petrol,18006,14
chennai,Volkswagen Vento,2016,619000,95K km,95000,TN,automatic,petrol,9882,9
chennai,Hyundai Grand i10,2020,466000,43.5K km,43500,TN,manual,petrol,7935,5
chennai,Hyundai Venue,2021,1056000,17K km,17000,TN,automatic,petrol,18161,4
chennai,Hyundai Grand i10,2019,596000,33K km,33000,TN,manual,petrol,10149,6
chennai,Volkswagen Virtus,2022,1031000,76K km,76000,TN,manual,petrol,17730,3
chennai,Hyundai Venue,2021,873000,32K km,32000,TN,manual,petrol,14866,4
chennai,Maruti Alto 800,2013,247000,73.5K km,73500,TN,manual,petrol,9580,12
chennai,Hyundai Elite i20,2019,706000,53K km,53000,TN,automatic,petrol,12022,6
chennai,Hyundai Grand i10 Nios,2022,701000,11.5K km,11500,TN,manual,petrol,11937,3
chennai,Hyundai Grand i10,2016,408000,104K km,104000,TN,manual,petrol,6948,9
chennai,Maruti Estilo,2013,249000,95.5K km,95500,TN,manual,petrol,9470,12
chennai,Datsun GO,2019,368000,36K km,36000,TN,manual,petrol,6266,6
chennai,Nissan Micra,2013,239000,130.5K km,130500,TN,manual,petrol,6039,12
chennai,Honda Brio,2017,470000,24K km,24000,DL,manual,petrol,7503,8
chennai,Hyundai i10,2011,220000,142K km,142000,TN,manual,petrol,15719,14
chennai,Volkswagen Ameo,2017,425000,119K km,119000,TN,manual,diesel,6785,8
chennai,Hyundai New Santro 1.1,2022,508000,29.5K km,29500,TN,manual,petrol,8110,3
chennai,Ford Figo,2015,402000,64.5K km,64500,TN,manual,petrol,15289,10
chennai,Maruti Alto 800,2020,365000,27K km,27000,TN,manual,petrol,6523,5
chennai,Maruti Ignis,2023,589000,23.5K km,23500,TN,manual,petrol,10030,2
chennai,Hyundai i20,2012,325000,115.5K km,115500,TN,manual,diesel,12360,13
chennai,Hyundai Eon,2017,297000,79K km,79000,TN,manual,petrol,4741,8
chennai,Hyundai Eon,2013,280000,100.5K km,100500,TN,manual,petrol,7075,12
chennai,Renault Kwid,2019,392000,50K km,50000,TN,automatic,petrol,6675,6
chennai,Tata Nexon,2020,633000,103K km,103000,TN,automatic,petrol,10779,5
chennai,Mahindra KUV100,2017,412000,25K km,25000,TN,manual,petrol,7016,8
chennai,Hyundai Eon,2019,392000,45K km,45000,TN,manual,petrol,6258,6
chennai,Hyundai Venue,2022,938000,42.5K km,42500,TN,manual,petrol,15973,3
chennai,Honda Jazz,2021,774000,45.5K km,45500,TN,automatic,petrol,12356,4
chennai,Volkswagen Taigun,2022,1137000,41K km,41000,TN,manual,petrol,19549,3
chennai,Tata Nexon,2021,723000,107.5K km,107500,TN,manual,diesel,12312,4
chennai,Volkswagen Ameo,2017,524000,136.5K km,136500,TN,automatic,diesel,8365,8
chennai,Honda City,2015,579000,146.5K km,146500,TN,automatic,petrol,10539,10
chennai,Hyundai i20,2012,294000,120K km,120000,TN,manual,diesel,11181,13
chennai,Maruti Dzire,2018,754000,41K km,41000,TN,manual,diesel,12840,7
chennai,MG Hector,2021,1478000,82K km,82000,TN,manual,diesel,25417,4
chennai,Maruti Alto 800,2019,344000,25K km,25000,TN,manual,petrol,6148,6
chennai,Maruti Celerio,2019,498000,63K km,63000,TN,automatic,petrol,8480,6
chennai,Maruti Alto 800,2015,292000,54K km,54000,TN,manual,petrol,5557,10
chennai,Hyundai Elite i20,2017,579000,40.5K km,40500,TN,manual,petrol,9860,8
chennai,Honda Jazz,2022,878000,31.5K km,31500,TN,automatic,petrol,14017,3
chennai,Maruti Celerio,2023,560000,61K km,61000,TN,manual,petrol+cng,9536,2
chennai,Hyundai New i20,2021,759000,66.5K km,66500,TN,manual,petrol,12925,4
chennai,Tata Nexon,2020,698000,116K km,116000,TN,manual,diesel,11886,5
chennai,Honda City,2020,939000,118K km,118000,TN,automatic,petrol,15990,5
chennai,Honda Jazz,2015,497000,64K km,64000,TN,manual,petrol,8481,10
chennai,Maruti Dzire,2018,759000,39.5K km,39500,TN,manual,diesel,12925,7
chennai,Hyundai Grand i10,2019,558000,49.5K km,49500,TN,automatic,petrol,9502,6
chennai,Ford Figo Aspire,2019,475000,117K km,117000,TN,manual,diesel,7583,6
chennai,Hyundai Xcent,2014,397000,105.5K km,105500,TN,manual,diesel,7987,11
chennai,Hyundai Grand i10,2019,469000,106.5K km,106500,TN,manual,petrol,7986,6
chennai,Honda WR-V,2021,895000,86.5K km,86500,TN,manual,diesel,15241,4
chennai,Volkswagen Polo,2019,610000,54.5K km,54500,TN,manual,petrol,9738,6
chennai,Hyundai Venue,2022,1011000,33.5K km,33500,TN,manual,petrol,17217,3
chennai,Maruti S-Presso,2022,432000,25.5K km,25500,TN,manual,petrol,7356,3
chennai,Ford EcoSport,2015,542000,50.5K km,50500,TN,automatic,petrol,9865,10
chennai,Tata Nexon,2019,776000,46.5K km,46500,TN,automatic,petrol,13214,6
chennai,Tata Nano,2015,164000,93K km,93000,TN,manual,petrol,2798,10
chennai,Hyundai Eon,2017,301000,56.5K km,56500,TN,manual,petrol,4805,8
chennai,Tata Nexon,2021,875000,106.5K km,106500,TN,manual,diesel,14900,4
chennai,Tata Nano,2015,148000,100.5K km,100500,TN,manual,petrol,2525,10
chennai,Chevrolet Beat,2016,294000,67K km,67000,TN,manual,petrol,21007,9
chennai,Volkswagen Ameo,2019,522000,115K km,115000,HR,manual,petrol,8333,6
chennai,Hyundai Grand i10,2018,582000,32.5K km,32500,TN,automatic,petrol,9911,7
chennai,Maruti Fronx,2023,1032000,8K km,8000,TN,manual,petrol,17747,2
chennai,Mahindra XUV 300,2023,1200000,46.5K km,46500,TN,automatic,diesel,20639,2
chennai,Mahindra Scorpio N,2023,1943000,10K km,10000,TN,manual,petrol,33411,2
kolkata,Maruti Dzire,2021,579000,28.5K km,28500,WB,manual,petrol,9860,4
kolkata,Honda Amaze,2021,689000,10K km,10000,WB,manual,petrol,11733,4
kolkata,Volkswagen Vento,2019,647000,35.5K km,35500,WB,automatic,petrol,10329,6
kolkata,Hyundai Aura,2020,629000,10K km,10000,WB,automatic,petrol,10711,5
kolkata,Maruti Alto 800,2021,351000,10K km,10000,WB,manual,petrol,6273,4
kolkata,Hyundai Grand i10,2017,385000,97.5K km,97500,WB,manual,petrol,6556,8
kolkata,Hyundai i20 N Line,2023,768000,31.5K km,31500,WB,manual,petrol,13078,2
kolkata,Tata Tiago,2021,553000,15K km,15000,WB,manual,petrol,9417,4
kolkata,Kia Carens,2022,1085000,25.5K km,25500,WB,manual,petrol,18659,3
kolkata,Hyundai Grand i10 Nios,2021,564000,15K km,15000,WB,manual,petrol,9604,4
kolkata,Hyundai New i20,2022,878000,14.5K km,14500,WB,automatic,petrol,14951,3
kolkata,Mahindra XUV 3XO,2024,1337000,2K km,2000,WB,manual,petrol,22989,1
kolkata,Hyundai Creta,2021,859000,50.5K km,50500,WB,manual,petrol,14628,4
kolkata,Hyundai Venue,2022,875000,27.5K km,27500,WB,manual,petrol,14900,3
kolkata,Renault Kwid,2019,297000,51K km,51000,WB,manual,petrol,5057,6
kolkata,Mahindra XUV 300,2022,868000,20K km,20000,WB,manual,petrol,14781,3
kolkata,Maruti A-Star,2011,224000,55.5K km,55500,WB,automatic,petrol,15005,14
kolkata,Hyundai Elite i20,2015,442000,48.5K km,48500,WB,manual,petrol,8045,10
kolkata,Skoda Kushaq,2022,1239000,22K km,22000,WB,manual,petrol,21308,3
kolkata,Hyundai Grand i10,2016,312000,95K km,95000,WB,manual,petrol,5313,9
kolkata,Hyundai Xcent,2019,405000,43K km,43000,WB,manual,petrol,6465,6
kolkata,Hyundai Venue,2021,701000,18.5K km,18500,WB,manual,petrol,11937,4
kolkata,Hyundai Creta,2020,1219000,59.5K km,59500,WB,automatic,petrol,20964,5
kolkata,Hyundai New i20,2021,745000,35K km,35000,WB,manual,petrol,12686,4
kolkata,Honda WR-V,2021,697000,42.5K km,42500,WB,manual,petrol,11869,4
kolkata,Tata Nexon,2023,992000,7.5K km,7500,WB,manual,petrol,16893,2
kolkata,Hyundai Verna,2019,643000,51K km,51000,WB,manual,petrol,10949,6
kolkata,Tata Altroz,2022,688000,21K km,21000,WB,manual,petrol,11716,3
kolkata,Maruti S-Presso,2022,408000,21K km,21000,WB,manual,petrol,6948,3
kolkata,Maruti Celerio X,2020,419000,18.5K km,18500,WB,manual,petrol,7020,5
kolkata,Maruti Wagon R 1.0,2020,437000,26.5K km,26500,WB,manual,petrol,7810,5
kolkata,Tata Nexon,2022,829000,63.5K km,63500,WB,automatic,petrol,14117,3
kolkata,Hyundai Venue,2021,768000,37K km,37000,WB,manual,petrol,13078,4
kolkata,Mahindra XUV 300,2023,897000,4.5K km,4500,WB,automatic,petrol,15275,2
kolkata,Maruti Swift,2022,570000,36K km,36000,WB,manual,petrol,9706,3
kolkata,Maruti Ciaz,2018,595000,74.5K km,74500,WB,manual,petrol,10132,7
kolkata,Maruti Wagon R 1.0,2021,458000,34K km,34000,WB,manual,petrol,8185,4
kolkata,Mahindra KUV100 NXT,2017,359000,60K km,60000,WB,manual,diesel,6113,8
kolkata,Maruti S-Presso,2020,316000,77.5K km,77500,WB,manual,petrol,5381,5
kolkata,Maruti Estilo,2012,189000,26K km,26000,WB,manual,petrol,7188,13
kolkata,Maruti Alto 800,2016,239000,18.5K km,18500,WB,manual,petrol,4271,9
kolkata,Honda Jazz,2016,396000,53.5K km,53500,WB,manual,petrol,6322,9
kolkata,Maruti Baleno,2016,439000,84.5K km,84500,WB,manual,diesel,7475,9
kolkata,Renault Triber,2021,587000,40.5K km,40500,WB,manual,petrol,9996,4
kolkata,Kia Seltos,2021,997000,39.5K km,39500,WB,automatic,petrol,16978,4
kolkata,Maruti Baleno,2022,822000,15.5K km,15500,WB,automatic,petrol,13998,3
kolkata,Hyundai New Santro 1.1,2020,371000,49K km,49000,WB,manual,petrol,5923,5
kolkata,Hyundai New Santro 1.1,2020,384000,37.5K km,37500,WB,automatic,petrol,6130,5
kolkata,Maruti Wagon R 1.0,2018,392000,23.5K km,23500,WB,automatic,petrol,7006,7
kolkata,Maruti Wagon R 1.0,2023,519000,25.5K km,25500,WB,manual,petrol+cng,8838,2
kolkata,Maruti S-Cross,2021,739000,76.5K km,76500,WB,manual,petrol,12584,4
kolkata,Maruti Wagon R 1.0,2020,439000,17K km,17000,WB,manual,petrol,7846,5
kolkata,Hyundai New i20,2021,891000,25.5K km,25500,WB,automatic,petrol,15173,4
kolkata,Renault Kiger,2022,661000,19.5K km,19500,WB,manual,petrol,11256,3
kolkata,Maruti Swift,2021,568000,18.5K km,18500,WB,manual,petrol,9672,4
kolkata,Maruti Baleno,2021,646000,27.5K km,27500,WB,manual,petrol,11001,4
kolkata,Hyundai Aura,2020,545000,58.5K km,58500,WB,manual,petrol,9281,5
kolkata,Renault Kiger,2022,580000,59.5K km,59500,WB,manual,petrol,9877,3
kolkata,Hyundai Grand i10,2017,371000,37.5K km,37500,WB,manual,petrol,6317,8
kolkata,Datsun Redi-GO,2017,204000,45K km,45000,WB,manual,petrol,7758,8
kolkata,Hyundai Grand i10,2015,310000,53.5K km,53500,WB,manual,petrol,5642,10
kolkata,Hyundai i10,2014,239000,97K km,97000,WB,manual,petrol,5129,11
kolkata,Hyundai New i20,2020,649000,26.5K km,26500,WB,manual,petrol,11052,5
kolkata,Hyundai New Santro 1.1,2019,349000,44.5K km,44500,WB,manual,petrol,5571,6
kolkata,Maruti Swift,2021,568000,5K km,5000,WB,manual,petrol,9672,4
kolkata,Renault Duster,2021,768000,26.5K km,26500,WB,manual,petrol,13078,4
kolkata,Maruti Alto 800,2017,233000,28K km,28000,WB,manual,petrol,4164,8
kolkata,Ford Figo,2018,394000,54K km,54000,WB,manual,diesel,8456,7
kolkata,Maruti Swift,2021,540000,20.5K km,20500,WB,manual,petrol,9195,4
kolkata,Kia Sonet,2022,1134000,51K km,51000,WB,automatic,diesel,19502,3
kolkata,Renault Triber,2020,540000,46K km,46000,WB,manual,petrol,9195,5
kolkata,Tata Tiago,2021,598000,12.5K km,12500,WB,automatic,petrol,10183,4
kolkata,Maruti Baleno,2024,668000,42K km,42000,WB,manual,petrol,11375,1
kolkata,Maruti Ciaz,2022,855000,30K km,30000,WB,automatic,petrol,14560,3
kolkata,Maruti Baleno,2020,578000,20.5K km,20500,WB,manual,petrol,9843,5
kolkata,Maruti Swift,2016,378000,20.5K km,20500,WB,manual,petrol,6437,9
kolkata,Maruti Swift Dzire,2017,458000,36K km,36000,WB,manual,petrol,7799,8
kolkata,Hyundai Eon,2015,205000,48.5K km,48500,WB,manual,petrol,3498,10
kolkata,Maruti Swift,2013,305000,34.5K km,34500,WB,manual,petrol,8221,12
kolkata,Hyundai Elite i20,2018,458000,91K km,91000,WB,manual,petrol,7799,7
kolkata,Hyundai Venue,2021,801000,39K km,39000,WB,manual,petrol,13640,4
kolkata,Maruti Alto 800,2017,229000,10K km,10000,WB,manual,petrol,4092,8
kolkata,Tata Tiago,2020,439000,20K km,20000,WB,manual,petrol,7475,5
kolkata,Hyundai Grand i10,2018,402000,21.5K km,21500,WB,manual,petrol,6845,7
kolkata,Maruti Alto 800,2023,408000,9K km,9000,WB,manual,petrol,7291,2
kolkata,Maruti Swift Dzire,2014,341000,56.5K km,56500,WB,manual,petrol,7318,11
kolkata,Hyundai Grand i10,2015,306000,42K km,42000,WB,manual,petrol,5569,10
kolkata,Maruti Alto 800,2015,232000,30.5K km,30500,WB,manual,petrol,4415,10
kolkata,Maruti Celerio,2016,348000,22.5K km,22500,WB,automatic,petrol,5926,9
kolkata,Maruti Alto 800,2016,245000,49K km,49000,WB,manual,petrol,4378,9
kolkata,Maruti Alto K10,2016,283000,33.5K km,33500,WB,manual,petrol,4819,9
kolkata,Hyundai Eon,2016,238000,57K km,57000,WB,manual,petrol,3799,9
kolkata,Hyundai Grand i10 Nios,2022,617000,40K km,40000,WB,manual,petrol,10507,3
kolkata,Maruti Alto 800,2015,233000,11K km,11000,WB,manual,petrol,4434,10
kolkata,Hyundai Grand i10,2015,335000,29K km,29000,WB,manual,petrol,6097,10
kolkata,Hyundai Eon,2015,208000,33K km,33000,WB,manual,petrol,3549,10
kolkata,Ford EcoSport,2021,698000,47K km,47000,WB,manual,diesel,11886,4
kolkata,Hyundai Eon,2014,209000,34.5K km,34500,WB,manual,petrol,4205,11
kolkata,Datsun Redi-GO,2016,219000,23.5K km,23500,WB,manual,petrol,15648,9
kolkata,Maruti Alto K10,2017,317000,29K km,29000,WB,manual,petrol,5398,8
kolkata,Hyundai Eon,2017,228000,103.5K km,103500,WB,manual,petrol,3640,8
kolkata,Volkswagen Cross Polo,2015,354000,91K km,91000,WB,manual,petrol,6040,10
kolkata,Hyundai New Santro 1.1,2021,445000,30K km,30000,WB,manual,petrol,7104,4
kolkata,Maruti Wagon R 1.0,2023,598000,13.5K km,13500,WB,manual,petrol+cng,10183,2
kolkata,MG Hector Plus,2020,1268000,62K km,62000,WB,manual,diesel,21806,5
kolkata,Maruti Swift Dzire,2016,424000,39K km,39000,WB,manual,petrol,7717,9
kolkata,Maruti Celerio,2022,499000,7.5K km,7500,WB,manual,petrol,8497,3
kolkata,Maruti Ciaz,2021,681000,33K km,33000,WB,manual,petrol,11597,4
kolkata,Maruti Alto K10,2016,231000,46.5K km,46500,WB,manual,petrol,3933,9
kolkata,Maruti Alto 800,2020,309000,7.5K km,7500,WB,manual,petrol,5522,5
kolkata,Hyundai Grand i10 Nios,2022,661000,10K km,10000,WB,manual,petrol+cng,11256,3
kolkata,Maruti Swift,2016,341000,74K km,74000,WB,manual,petrol,5807,9
kolkata,Maruti Alto K10,2023,376000,28.5K km,28500,WB,manual,petrol,6403,2
kolkata,Maruti Ignis,2023,564000,8K km,8000,WB,manual,petrol,9604,2
kolkata,Honda WR-V,2017,537000,72K km,72000,WB,manual,petrol,9144,8
kolkata,Maruti Dzire,2023,768000,10.5K km,10500,WB,automatic,petrol,13078,2
kolkata,Volkswagen Polo,2020,475000,50K km,50000,WB,manual,petrol,7583,5
kolkata,Hyundai Grand i10,2014,318000,22K km,22000,WB,manual,petrol,6824,11
kolkata,Hyundai Grand i10,2018,378000,20K km,20000,WB,manual,petrol,6437,7
kolkata,Maruti Estilo,2012,195000,44K km,44000,WB,manual,petrol,7416,13
kolkata,Ford Freestyle,2021,624000,57.5K km,57500,WB,manual,diesel,10626,4
kolkata,Datsun Redi-GO,2016,208000,39.5K km,39500,WB,manual,petrol,14862,9
kolkata,Hyundai Grand i10 Nios,2020,685000,14K km,14000,WB,manual,diesel,11665,5
kolkata,Ford Figo,2020,468000,36.5K km,36500,WB,manual,petrol,7969,5
kolkata,Maruti Alto 800,2021,374000,11.5K km,11500,WB,manual,petrol,6684,4
kolkata,Renault Kiger,2022,599000,20K km,20000,WB,manual,petrol,10200,3
kolkata,Hyundai Venue,2019,727000,32.5K km,32500,WB,automatic,petrol,12380,6
kolkata,Maruti Swift Dzire,2014,360000,34.5K km,34500,WB,manual,petrol,7726,11
kolkata,Maruti Alto K10,2022,428000,14.5K km,14500,WB,manual,petrol,7288,3
kolkata,Renault Kiger,2022,795000,10K km,10000,WB,automatic,petrol,13538,3
kolkata,Volkswagen Taigun,2022,1145000,27K km,27000,WB,automatic,petrol,19685,3
kolkata,Hyundai New Santro 1.1,2021,417000,37K km,37000,WB,manual,petrol,6657,4
kolkata,Tata Nexon,2019,638000,77.5K km,77500,WB,automatic,diesel,10864,6
kolkata,Maruti Alto K10,2024,466000,1.5K km,1500,WB,manual,petrol,7935,1
kolkata,Hyundai Elite i20,2015,395000,37.5K km,37500,WB,manual,petrol,7189,10
kolkata,Maruti Swift,2017,403000,23.5K km,23500,WB,manual,petrol,6862,8
kolkata,Hyundai New Santro 1.1,2021,415000,40.5K km,40500,WB,manual,petrol,6625,4
kolkata,Renault Duster,2019,554000,90K km,90000,WB,automatic,diesel,9434,6
kolkata,Skoda Rapid New,2018,544000,106K km,106000,WB,automatic,diesel,9264,7
kolkata,Maruti Swift,2011,229000,66K km,66000,WB,manual,petrol,16362,14
kolkata,Hyundai Grand i10,2019,408000,39.5K km,39500,WB,manual,petrol,6948,6
kolkata,Maruti Swift,2013,323000,15K km,15000,WB,manual,petrol,8706,12
kolkata,Kia Sonet,2021,939000,65.5K km,65500,WB,automatic,petrol,15990,4
kolkata,Honda City,2021,1068000,36K km,36000,WB,automatic,petrol,18374,4
kolkata,Mahindra XUV 300,2020,819000,86K km,86000,WB,manual,diesel,13947,5
kolkata,Kia Seltos,2020,933000,26K km,26000,WB,manual,petrol,15888,5
kolkata,Nissan Magnite,2021,705000,33.5K km,33500,WB,automatic,petrol,12005,4
kolkata,Maruti S-Presso,2020,358000,53K km,53000,WB,manual,petrol,6096,5
kolkata,Renault Kwid,2022,404000,21.5K km,21500,WB,manual,petrol,6879,3
kolkata,Hyundai Venue,2020,730000,32K km,32000,WB,manual,petrol,12431,5
kolkata,Renault Kwid,2021,379000,40K km,40000,WB,manual,petrol,6454,4
kolkata,Honda City,2017,504000,32.5K km,32500,WB,manual,petrol,8582,8
kolkata,Hyundai Aura,2021,617000,24K km,24000,WB,manual,petrol,10507,4
kolkata,Hyundai Verna,2021,925000,61.5K km,61500,WB,manual,petrol,15752,4
kolkata,Kia Sonet,2021,906000,36K km,36000,WB,manual,petrol,15428,4
kolkata,Skoda Rapid New,2017,567000,66.5K km,66500,WB,automatic,petrol,9655,8
kolkata,Hyundai Aura,2022,625000,43.5K km,43500,WB,manual,petrol,10643,3
kolkata,Maruti Wagon R 1.0,2017,328000,27.5K km,27500,WB,automatic,petrol,5862,8
kolkata,Maruti Alto K10,2018,298000,8.5K km,8500,WB,automatic,petrol,5074,7
kolkata,Maruti Ciaz,2017,539000,22.5K km,22500,WB,automatic,petrol,9178,8
kolkata,Maruti S-Cross,2020,667000,97K km,97000,WB,manual,petrol,11358,5
kolkata,Tata Tiago NRG,2022,483000,97K km,97000,WB,manual,petrol,8225,3
kolkata,Hyundai Grand i10 Nios,2021,605000,38.5K km,38500,WB,automatic,petrol,10302,4
kolkata,Hyundai Grand i10 Nios,2020,496000,37.5K km,37500,WB,manual,petrol,8446,5
kolkata,Maruti Wagon R 1.0,2021,479000,40K km,40000,WB,manual,petrol+cng,8157,4
kolkata,Kia Sonet,2022,1002000,13K km,13000,WB,manual,petrol,17064,3
kolkata,Maruti S-Presso,2021,410000,9.5K km,9500,WB,manual,petrol,6982,4
kolkata,Tata Tiago,2020,523000,27.5K km,27500,WB,automatic,petrol,8906,5
kolkata,Maruti S-Presso,2021,408000,14.5K km,14500,WB,manual,petrol,6948,4
kolkata,Chevrolet Beat,2016,269000,46K km,46000,WB,manual,petrol,9698,9
kolkata,Nissan Magnite,2021,804000,34.5K km,34500,WB,automatic,petrol,13691,4
kolkata,Tata Tiago,2021,474000,12K km,12000,WB,manual,petrol,8071,4
kolkata,Skoda Rapid New,2018,678000,36.5K km,36500,WB,automatic,petrol,11545,7
kolkata,Honda Civic,2019,1168000,71.5K km,71500,WB,manual,diesel,20085,6
kolkata,Hyundai New Santro 1.1,2020,389000,33K km,33000,WB,manual,petrol,6210,5
kolkata,Hyundai Elite i20,2019,475000,79K km,79000,WB,automatic,petrol,8088,6
kolkata,Hyundai Grand i10 Nios,2020,562000,35K km,35000,WB,manual,petrol,9570,5
kolkata,Honda Jazz,2015,239000,95K km,95000,WB,manual,petrol,4078,10
kolkata,Honda Jazz,2016,329000,75K km,75000,WB,manual,petrol,5614,9
kolkata,Maruti Celerio,2022,470000,12.5K km,12500,WB,manual,petrol,8003,3
kolkata,Maruti Swift,2010,205000,43K km,43000,WB,manual,petrol,9698,15
kolkata,Hyundai i20 Active,2015,377000,121.5K km,121500,WB,manual,diesel,6862,10
kolkata,Renault Kwid,2020,380000,29K km,29000,WB,automatic,petrol,6471,5
kolkata,Maruti Ciaz,2020,685000,67K km,67000,WB,manual,petrol,11665,5
kolkata,Hyundai Grand i10 Nios,2020,483000,43K km,43000,WB,manual,petrol,8225,5
kolkata,Volkswagen Taigun,2022,1101000,31.5K km,31500,WB,manual,petrol,18936,3
kolkata,Renault Kwid,2023,416000,7K km,7000,WB,manual,petrol,7084,2
kolkata,Tata Tiago,2022,619000,33K km,33000,WB,manual,petrol+cng,10541,3
kolkata,Maruti Alto 800,2021,346000,28.5K km,28500,WB,manual,petrol,6183,4
kolkata,Maruti Ciaz,2021,732000,24K km,24000,WB,automatic,petrol,12465,4
kolkata,Maruti Celerio,2020,408000,46K km,46000,WB,automatic,petrol,6948,5
kolkata,Maruti Alto 800,2022,355000,17K km,17000,WB,manual,petrol,6344,3
kolkata,Volkswagen Vento,2022,904000,11.5K km,11500,WB,automatic,petrol,14432,3
kolkata,Maruti S-Presso,2021,362000,35K km,35000,WB,manual,petrol,6164,4
kolkata,Ford EcoSport,2019,562000,65.5K km,65500,WB,manual,petrol,9570,6
kolkata,Hyundai Venue,2021,667000,51K km,51000,WB,manual,petrol,11358,4
kolkata,Kia Seltos,2021,938000,55.5K km,55500,WB,manual,petrol,15973,4
kolkata,Skoda Slavia,2022,1410000,11K km,11000,WB,automatic,petrol,24249,3
kolkata,Maruti Alto,2010,130000,32K km,32000,WB,manual,petrol,9698,15
kolkata,Hyundai Aura,2021,627000,23K km,23000,WB,manual,petrol,10677,4
kolkata,Hyundai Eon,2017,225000,47.5K km,47500,WB,manual,petrol,3592,8
kolkata,Tata Altroz,2021,514000,25.5K km,25500,WB,manual,petrol,8753,4
kolkata,Maruti Baleno,2021,697000,11.5K km,11500,WB,manual,petrol,11869,4
kolkata,Honda Amaze,2021,713000,25K km,25000,WB,automatic,petrol,12141,4
kolkata,Maruti Ignis,2020,489000,29.5K km,29500,WB,manual,petrol,8327,5
kolkata,Maruti Wagon R 1.0,2018,326000,52.5K km,52500,WB,manual,petrol,5826,7
kolkata,Honda WR-V,2020,598000,29K km,29000,WB,manual,petrol,10183,5
kolkata,Renault Duster,2021,747000,47.5K km,47500,WB,manual,petrol,12720,4
kolkata,Maruti S-Cross,2022,861000,26K km,26000,WB,manual,petrol,14662,3
kolkata,Renault Kwid,2023,416000,8.5K km,8500,WB,manual,petrol,7084,2
kolkata,Tata Altroz,2020,562000,44.5K km,44500,WB,manual,petrol,9570,5
kolkata,Maruti Swift,2017,413000,43.5K km,43500,WB,manual,petrol,7033,8
kolkata,Maruti Dzire,2023,779000,20K km,20000,WB,automatic,petrol,13265,2
kolkata,Tata Altroz,2022,669000,73K km,73000,WB,manual,diesel,11392,3
kolkata,Maruti Baleno,2018,488000,42K km,42000,WB,manual,petrol,8310,7
kolkata,Hyundai Elite i20,2018,499000,68K km,68000,WB,manual,petrol,8497,7
kolkata,Maruti A-Star,2011,190000,50.5K km,50500,WB,manual,petrol,12727,14
kolkata,Hyundai New i20,2023,872000,8.5K km,8500,WB,manual,petrol,14849,2
kolkata,Maruti S-Presso,2022,484000,16K km,16000,WB,manual,petrol+cng,8242,3
kolkata,Maruti Swift Dzire,2013,389000,56K km,56000,WB,manual,diesel,10485,12
kolkata,Kia Sonet,2020,769000,93K km,93000,WB,manual,petrol,13095,5
kolkata,Maruti Dzire,2022,708000,30K km,30000,WB,automatic,petrol,12056,3
kolkata,Tata Altroz,2021,697000,41.5K km,41500,WB,manual,diesel,11869,4
kolkata,Maruti Ciaz,2019,626000,71.5K km,71500,WB,manual,petrol,10660,6
kolkata,Maruti Alto 800,2021,309000,32K km,32000,WB,manual,petrol,5522,4
kolkata,Maruti S-Presso,2021,397000,30K km,30000,WB,manual,petrol,6760,4
kolkata,Maruti Ciaz,2022,828000,15.5K km,15500,WB,automatic,petrol,14100,3
kolkata,Maruti Swift,2016,390000,67.5K km,67500,WB,manual,petrol,6641,9
kolkata,Maruti Ignis,2023,529000,11.5K km,11500,WB,manual,petrol,9008,2
kolkata,Maruti Alto K10,2018,299000,81K km,81000,WB,automatic,petrol,5091,7
kolkata,MG Hector,2022,1517000,36.5K km,36500,WB,manual,diesel,26089,3
kolkata,Volkswagen Taigun,2022,1208000,31.5K km,31500,WB,automatic,petrol,20775,3
kolkata,Tata Altroz,2020,647000,53.5K km,53500,WB,manual,diesel,11018,5
kolkata,Skoda Slavia,2022,1319000,3K km,3000,WB,manual,petrol,22683,3
kolkata,Hyundai Verna,2019,807000,33K km,33000,MH,automatic,petrol,13742,6
kolkata,Maruti Swift,2013,288000,55.5K km,55500,WB,manual,petrol,7763,12
kolkata,Hyundai New Santro 1.1,2020,368000,125K km,125000,WB,manual,petrol,5875,5
kolkata,Maruti Vitara Brezza,2022,859000,15K km,15000,WB,manual,petrol,14628,3
kolkata,Hyundai Verna,2020,868000,96.5K km,96500,WB,manual,petrol,14781,5
kolkata,Maruti Ciaz,2021,688000,20.5K km,20500,WB,manual,petrol,11716,4
kolkata,Volkswagen Virtus,2023,1095000,25K km,25000,WB,manual,petrol,18834,2
kolkata,Kia Seltos,2021,1014000,35.5K km,35500,WB,manual,petrol,17267,4
kolkata,Hyundai Grand i10 Nios,2023,568000,19K km,19000,WB,manual,petrol,9672,2
kolkata,Tata Tiago,2020,424000,29.5K km,29500,WB,manual,petrol,7220,5
kolkata,Honda Jazz,2022,705000,21.5K km,21500,WB,automatic,petrol,11255,3
kolkata,Renault Kiger,2021,628000,35.5K km,35500,WB,manual,petrol,10694,4
kolkata,Maruti S-Presso,2022,422000,5K km,5000,WB,manual,petrol,7186,3
kolkata,Maruti Alto 800,2020,293000,20.5K km,20500,WB,manual,petrol,5236,5
kolkata,Maruti Alto 800,2018,246000,56K km,56000,WB,manual,petrol,4396,7
kolkata,Kia Seltos,2021,932000,64K km,64000,WB,manual,diesel,15871,4
kolkata,Ford Figo Aspire,2020,527000,16.5K km,16500,WB,manual,petrol,8413,5
kolkata,Hyundai Creta,2023,1478000,10K km,10000,WB,automatic,petrol,25418,2
kolkata,Maruti Alto 800,2015,199000,48.5K km,48500,WB,manual,petrol,3787,10
kolkata,Maruti Alto 800,2015,220000,35K km,35000,WB,manual,petrol,4187,10
kolkata,Tata Altroz,2022,801000,12K km,12000,WB,manual,diesel,13640,3
kolkata,Maruti Dzire,2020,532000,22.5K km,22500,WB,automatic,petrol,9059,5
kolkata,Maruti Swift,2022,608000,8.5K km,8500,WB,manual,petrol,10353,3
kolkata,Ford Freestyle,2019,447000,101.5K km,101500,WB,manual,diesel,9593,6
kolkata,Nissan Magnite,2021,670000,19K km,19000,WB,manual,petrol,11409,4
kolkata,Maruti S-Presso,2021,385000,26K km,26000,WB,manual,petrol,6556,4
kolkata,Renault Duster,2016,375000,93.5K km,93500,WB,manual,diesel,6825,9
kolkata,Hyundai Grand i10,2018,368000,69K km,69000,WB,manual,diesel,6266,7
kolkata,Kia Sonet,2020,763000,48K km,48000,WB,manual,petrol,12993,5
kolkata,Renault Kiger,2021,715000,40K km,40000,WB,automatic,petrol,12176,4
kolkata,Hyundai Creta,2020,1258000,33.5K km,33500,WB,automatic,petrol,21627,5
kolkata,Renault Triber,2022,516000,28.5K km,28500,WB,manual,petrol,8787,3
kolkata,Honda Amaze,2022,723000,12.5K km,12500,WB,manual,petrol,12312,3
kolkata,Mahindra XUV 300,2020,815000,67.5K km,67500,WB,manual,diesel,13878,5
kolkata,Maruti Wagon R 1.0,2022,564000,16K km,16000,WB,manual,petrol+cng,9604,3
kolkata,Hyundai New Santro 1.1,2021,415000,57.5K km,57500,WB,manual,petrol,6625,4
kolkata,Kia Seltos,2021,1226000,30.5K km,30500,WB,automatic,petrol,21082,4
kolkata,Maruti Alto K10,2015,234000,68.5K km,68500,WB,manual,petrol,4259,10
kolkata,Hyundai Grand i10 Nios,2023,683000,26K km,26000,WB,automatic,petrol,11631,2
kolkata,Kia Seltos,2021,1134000,84K km,84000,WB,manual,diesel,19498,4
kolkata,Volkswagen Ameo,2018,474000,19.5K km,19500,WB,manual,diesel,7567,7
kolkata,Maruti Celerio,2020,415000,12.5K km,12500,WB,manual,petrol,7067,5
kolkata,Maruti Swift Dzire,2015,383000,57K km,57000,WB,manual,petrol,6967,10
kolkata,Volkswagen Polo,2019,467000,67.5K km,67500,WB,manual,petrol,7455,6
kolkata,Volkswagen Polo,2021,556000,35K km,35000,WB,manual,petrol,8876,4
kolkata,Ford EcoSport,2020,777000,35.5K km,35500,WB,automatic,petrol,13231,5
kolkata,Maruti Alto 800,2015,219000,38K km,38000,WB,manual,petrol,4167,10
kolkata,Hyundai Xcent,2019,384000,84.5K km,84500,WB,manual,petrol,6130,6
kolkata,Maruti Swift,2022,558000,11.5K km,11500,WB,manual,petrol,9502,3
kolkata,Honda City,2020,930000,52.5K km,52500,WB,manual,diesel,15837,5
kolkata,Hyundai Grand i10,2014,292000,90.5K km,90500,WB,manual,petrol,6266,11
kolkata,Maruti Alto K10,2014,182000,60K km,60000,WB,manual,petrol,3906,11
kolkata,Kia Seltos,2020,878000,65.5K km,65500,WB,manual,diesel,14951,5
kolkata,Maruti Celerio,2021,377000,53K km,53000,WB,manual,petrol,6420,4
kolkata,Maruti Swift Dzire,2015,332000,96.5K km,96500,WB,manual,petrol,6043,10
kolkata,Honda City,2020,1004000,44K km,44000,WB,automatic,petrol,17097,5
kolkata,Toyota Urban Cruiser,2021,765000,37K km,37000,WB,automatic,petrol,13027,4
kolkata,Tata Altroz,2022,715000,5K km,5000,WB,manual,petrol,12176,3
kolkata,Hyundai Grand i10,2019,431000,37K km,37000,WB,manual,petrol,7339,6
kolkata,Mahindra Bolero,2022,865000,33.5K km,33500,WB,manual,diesel,14730,3
kolkata,Tata Tiago,2021,533000,9K km,9000,WB,manual,petrol,9076,4
kolkata,Volkswagen Polo,2016,411000,44K km,44000,WB,manual,petrol,6561,9
kolkata,Maruti Wagon R 1.0,2016,288000,23K km,23000,WB,manual,petrol,5147,9
kolkata,Mahindra XUV 3XO,2024,1129000,13K km,13000,WB,manual,petrol,19416,1
kolkata,Datsun Redi-GO,2018,235000,13K km,13000,WB,manual,petrol,8937,7
kolkata,Skoda Rapid New,2020,632000,17.5K km,17500,WB,manual,petrol,10762,5
kolkata,Maruti Alto 800,2013,198000,23K km,23000,WB,manual,petrol,5490,12
kolkata,Renault Kwid,2016,235000,80K km,80000,WB,manual,petrol,4001,9
kolkata,Hyundai Grand i10,2018,412000,34.5K km,34500,WB,manual,petrol,7016,7
kolkata,Hyundai Aura,2021,592000,10K km,10000,WB,manual,petrol,10081,4
kolkata,Maruti Celerio,2019,406000,28K km,28000,WB,automatic,petrol,6913,6
kolkata,Volkswagen Polo,2018,462000,40.5K km,40500,WB,manual,petrol,7375,7
kolkata,Maruti Wagon R 1.0,2021,453000,17.5K km,17500,WB,manual,petrol,8096,4
kolkata,Maruti Ignis,2021,460000,5K km,5000,WB,manual,petrol,7833,4
kolkata,Hyundai Elite i20,2015,384000,46.5K km,46500,WB,manual,petrol,6989,10
kolkata,Maruti Swift Dzire,2015,325000,78K km,78000,WB,manual,petrol,5915,10
kolkata,Honda City,2021,1008000,26K km,26000,WB,manual,petrol,17166,4
kolkata,Mahindra Thar,2021,1194000,11K km,11000,WB,automatic,petrol,20535,4
kolkata,Maruti Wagon R 1.0,2018,379000,19K km,19000,WB,manual,petrol,6773,7
kolkata,Nissan Micra Active,2015,220000,51K km,51000,WB,manual,petrol,4721,10
kolkata,Maruti Wagon R 1.2,2021,479000,43K km,43000,WB,manual,petrol,8157,4
kolkata,Maruti Alto K10,2016,281000,27.5K km,27500,WB,manual,petrol,4785,9
kolkata,Maruti Alto 800,2020,239000,94K km,94000,WB,manual,petrol,4271,5
kolkata,Hyundai Elite i20,2019,519000,43K km,43000,WB,automatic,petrol,8838,6
kolkata,Maruti Celerio,2015,298000,23.5K km,23500,WB,manual,petrol,5424,10
kolkata,Maruti Ignis,2022,478000,4.5K km,4500,WB,manual,petrol,8140,3
kolkata,Tata Tiago,2022,519000,20K km,20000,WB,manual,petrol,8838,3
kolkata,Hyundai Grand i10 Nios,2021,559000,18.5K km,18500,WB,manual,petrol,9519,4
kolkata,Honda City,2015,438000,47K km,47000,WB,manual,petrol,7972,10
kolkata,Hyundai Grand i10,2016,312000,53.5K km,53500,WB,manual,petrol,5313,9
kolkata,Hyundai Grand i10,2017,376000,26K km,26000,WB,manual,petrol,6403,8
kolkata,Toyota Glanza,2020,509000,99.5K km,99500,WB,manual,petrol,8667,5
kolkata,Maruti Alto 800,2018,271000,17K km,17000,WB,manual,petrol,4843,7
kolkata,Honda City,2014,345000,62K km,62000,WB,manual,petrol,7404,11
kolkata,Maruti Celerio,2022,496000,22K km,22000,WB,manual,petrol,8446,3
kolkata,Tata Nexon,2023,891000,18.5K km,18500,WB,manual,petrol,15173,2
kolkata,Tata Tiago,2022,495000,16K km,16000,WB,manual,petrol,8429,3
kolkata,Maruti Baleno,2016,402000,61K km,61000,WB,manual,petrol,7317,9
kolkata,Maruti Ciaz,2019,712000,10K km,10000,WB,automatic,petrol,12124,6
kolkata,Honda City,2015,371000,49.5K km,49500,WB,manual,petrol,6753,10
kolkata,Hyundai Elite i20,2017,421000,41.5K km,41500,WB,manual,petrol,7169,8
kolkata,Mahindra Thar,2021,1203000,41.5K km,41500,WB,automatic,diesel,20689,4
kolkata,Maruti Alto K10,2023,458000,7.5K km,7500,WB,manual,petrol,7799,2
kolkata,Honda City,2021,680000,42K km,42000,WB,manual,petrol,11580,4
lucknow,Hyundai Aura,2021,546000,49.5K km,49500,UP,manual,petrol,9298,4
lucknow,Maruti Wagon R 1.0,2015,309000,28K km,28000,UP,manual,petrol,5880,10
lucknow,Ford Figo Aspire,2020,509000,26.5K km,26500,UP,manual,petrol,8126,5
lucknow,Maruti Alto K10,2017,299000,31K km,31000,UP,manual,petrol,5091,8
lucknow,Maruti Baleno,2018,549000,82.5K km,82500,UP,manual,diesel,9349,7
lucknow,Hyundai Grand i10 Nios,2019,466000,59K km,59000,UP,automatic,petrol,7935,6
lucknow,Maruti Grand Vitara,2024,1678000,8.5K km,8500,UP,automatic,petrol,9698,1
lucknow,Kia Seltos,2020,836000,73.5K km,73500,UP,manual,diesel,14236,5
lucknow,Maruti Baleno,2019,432000,113.5K km,113500,UP,manual,petrol,7356,6
lucknow,Hyundai Alcazar,2023,1719000,27.5K km,27500,UP,automatic,petrol,31027,2
lucknow,Tata Tiago,2017,326000,98.5K km,98500,UP,automatic,petrol,5551,8
lucknow,Toyota Glanza,2023,851000,15.5K km,15500,UP,automatic,petrol,14492,2
lucknow,Maruti Ignis,2022,568000,6.5K km,6500,UP,automatic,petrol,9672,3
lucknow,Hyundai Alcazar,2023,1429000,43K km,43000,UP,manual,petrol,25791,2
lucknow,Maruti Swift,2017,419000,48K km,48000,UP,manual,petrol,7135,8
lucknow,Maruti Baleno,2022,689000,57K km,57000,UP,manual,petrol,11733,3
lucknow,Kia Sonet,2020,851000,77K km,77000,UP,manual,diesel,14492,5
lucknow,Hyundai Creta,2021,1032000,47K km,47000,UP,manual,petrol,17748,4
lucknow,Renault Triber,2022,605000,29K km,29000,UP,manual,petrol,10302,3
lucknow,Tata Altroz,2022,592000,10.5K km,10500,UP,manual,petrol,10081,3
lucknow,Hyundai Verna,2020,878000,44K km,44000,UP,manual,petrol,14951,5
lucknow,MG Hector Plus,2021,1459000,54K km,54000,UP,manual,diesel,25091,4
lucknow,Hyundai Venue,2022,992000,58.5K km,58500,UP,manual,diesel,16893,3
lucknow,Toyota Etios Cross,2017,439000,98.5K km,98500,UP,manual,diesel,7008,8
lucknow,Tata Nexon,2022,869000,35.5K km,35500,UP,manual,petrol,14798,3
lucknow,Hyundai Venue,2023,972000,3K km,3000,UP,manual,petrol,16552,2
lucknow,Hyundai Grand i10 Nios,2021,589000,10K km,10000,UP,manual,petrol,10030,4
lucknow,Honda Amaze,2022,832000,9K km,9000,UP,automatic,petrol,14168,3
lucknow,Toyota Glanza,2022,812000,15.5K km,15500,UP,manual,petrol,13827,3
lucknow,Hyundai Grand i10 Nios,2023,662000,11K km,11000,UP,manual,petrol,11273,2
lucknow,Tata Altroz,2021,732000,48.5K km,48500,UP,manual,diesel,12465,4
lucknow,Hyundai Grand i10 Nios,2019,567000,9.5K km,9500,UP,automatic,petrol,9655,6
lucknow,Hyundai Grand i10 Nios,2022,582000,33.5K km,33500,UP,automatic,petrol,9911,3
lucknow,Honda Jazz,2021,593000,40K km,40000,UP,manual,petrol,9467,4
lucknow,Hyundai New i20,2021,749000,35.5K km,35500,UP,automatic,petrol,12755,4
lucknow,Renault Kiger,2021,624000,23K km,23000,UP,manual,petrol,10626,4
lucknow,Skoda Slavia,2022,997000,35K km,35000,UP,manual,petrol,16978,3
lucknow,Maruti Celerio,2021,558000,7.5K km,7500,UP,automatic,petrol,9502,4
lucknow,Renault Triber,2022,588000,46K km,46000,UP,manual,petrol,10013,3
lucknow,Hyundai Elite i20,2015,410000,26K km,26000,UP,manual,petrol,7463,10
lucknow,Hyundai Venue,2021,724000,105K km,105000,UP,manual,petrol,12329,4
lucknow,Toyota Innova,2013,604000,105K km,105000,UP,manual,diesel,16750,12
lucknow,Hyundai Grand i10 Nios,2022,634000,4K km,4000,UP,automatic,petrol,10796,3
lucknow,Maruti Swift,2023,788000,8.5K km,8500,UP,manual,petrol,13419,2
lucknow,Tata Altroz,2023,689000,41.5K km,41500,UP,manual,petrol,11733,2
lucknow,Maruti Celerio,2022,525000,26K km,26000,UP,manual,petrol,8940,3
lucknow,Skoda Rapid New,2021,754000,32K km,32000,UP,manual,petrol,12840,4
lucknow,Mahindra Scorpio N,2023,1719000,19K km,19000,UP,manual,petrol,29562,2
lucknow,Maruti Ignis,2023,598000,17.5K km,17500,UP,manual,petrol,10183,2
lucknow,Maruti Alto K10,2023,443000,8.5K km,8500,UP,manual,petrol,7544,2
lucknow,Hyundai Grand i10 Nios,2021,578000,19K km,19000,UP,automatic,petrol,9843,4
lucknow,Honda City,2022,1285000,19K km,19000,UP,automatic,petrol,22099,3
lucknow,Maruti Baleno,2022,839000,10.5K km,10500,UP,automatic,petrol,14287,3
lucknow,Tata Punch,2023,617000,26K km,26000,UP,manual,petrol,10507,2
lucknow,Maruti Alto K10,2024,489000,9K km,9000,UP,manual,petrol,8327,1
lucknow,Maruti Wagon R 1.0,2020,454000,27.5K km,27500,UP,manual,petrol,8114,5
lucknow,Hyundai New Santro 1.1,2021,437000,73.5K km,73500,UP,manual,petrol+cng,6976,4
lucknow,Mahindra TUV300,2019,637000,41.5K km,41500,UP,manual,diesel,10847,6
lucknow,Maruti Alto 800,2013,207000,30K km,30000,UP,manual,petrol,5740,12
lucknow,Maruti Wagon R 1.0,2017,342000,72K km,72000,UP,automatic,petrol,6112,8
lucknow,Volkswagen Ameo,2016,419000,111K km,111000,UP,automatic,diesel,6689,9
lucknow,Mahindra TUV300,2017,548000,65.5K km,65500,UP,manual,diesel,9332,8
lucknow,Toyota Glanza,2022,795000,29K km,29000,UP,automatic,petrol,13538,3
lucknow,Tata Altroz,2021,635000,38.5K km,38500,UP,manual,petrol,10813,4
lucknow,Hyundai Venue,2023,949000,28K km,28000,UP,manual,petrol,16160,2
lucknow,Honda WR-V,2020,569000,85.5K km,85500,UP,manual,petrol,9689,5
lucknow,Maruti Alto 800,2023,417000,19.5K km,19500,UP,manual,petrol,7452,2
lucknow,Hyundai Grand i10 Nios,2021,583000,19K km,19000,UP,manual,petrol,9928,4
lucknow,Maruti Wagon R 1.0,2018,375000,53.5K km,53500,UP,manual,petrol,6702,7
lucknow,Maruti S-Presso,2021,402000,22.5K km,22500,UP,manual,petrol,6845,4
lucknow,Toyota Urban Cruiser Hyryder,2023,1495000,24K km,24000,UP,automatic,petrol,25713,2
lucknow,Mahindra XUV500,2021,1129000,45.5K km,45500,UP,manual,diesel,20378,4
lucknow,Hyundai Grand i10,2019,503000,50K km,50000,UP,automatic,petrol,8565,6
lucknow,Hyundai Exter,2023,875000,18K km,18000,UP,automatic,petrol,14900,2
lucknow,Tata Tiago,2019,459000,24K km,24000,UP,manual,petrol,7816,6
lucknow,Hyundai New Santro 1.1,2019,385000,15.5K km,15500,UP,manual,petrol,6146,6
lucknow,Maruti Alto K10,2019,319000,46.5K km,46500,UP,manual,petrol,5432,6
lucknow,Maruti Celerio,2022,474000,65.5K km,65500,UP,manual,petrol,8071,3
lucknow,Hyundai Grand i10 Nios,2021,615000,36K km,36000,UP,manual,petrol+cng,10473,4
lucknow,Hyundai Grand i10,2018,489000,84K km,84000,UP,manual,diesel,8327,7
lucknow,Maruti Baleno,2021,578000,88K km,88000,UP,manual,petrol,9843,4
lucknow,Renault Kwid,2021,355000,37.5K km,37500,UP,manual,petrol,6045,4
lucknow,Tata Punch,2023,697000,11K km,11000,UP,automatic,petrol,11869,2
lucknow,Hyundai New Santro 1.1,2022,488000,23K km,23000,UP,manual,petrol,7790,3
lucknow,Maruti Vitara Brezza,2019,753000,77.5K km,77500,UP,automatic,diesel,12823,6
lucknow,Maruti Alto 800,2017,270000,41K km,41000,UP,manual,petrol,4825,8
lucknow,Honda Jazz,2022,745000,22K km,22000,UP,automatic,petrol,11893,3
lucknow,Kia Seltos,2020,1035000,45K km,45000,UP,manual,petrol,17795,5
lucknow,Maruti Wagon R 1.0,2018,432000,21.5K km,21500,UP,automatic,petrol,7720,7
lucknow,Hyundai Elite i20,2018,539000,78.5K km,78500,UP,manual,petrol,9178,7
lucknow,Tata Safari,2021,1387000,86K km,86000,UP,manual,diesel,23858,4
lucknow,Maruti Baleno,2018,529000,40.5K km,40500,UP,manual,petrol,9008,7
lucknow,Tata Punch,2022,617000,24.5K km,24500,UP,manual,petrol,10507,3
lucknow,Maruti Baleno,2017,467000,48K km,48000,UP,manual,petrol,7952,8
lucknow,Maruti Wagon R 1.0,2013,254000,53K km,53000,UP,manual,petrol,7043,12
lucknow,Kia Sonet,2020,1059000,59.5K km,59500,UP,automatic,diesel,18212,5
lucknow,Maruti Alto 800,2014,229000,55K km,55000,UP,manual,petrol,5098,11
lucknow,Maruti Celerio,2016,327000,46K km,46000,UP,automatic,petrol,5952,9
lucknow,Kia Seltos,2021,1139000,97K km,97000,UP,manual,diesel,19588,4
lucknow,Maruti Alto K10,2019,339000,41.5K km,41500,UP,manual,petrol,5772,6
lucknow,Maruti Baleno,2016,452000,97.5K km,97500,UP,manual,petrol,7697,9
lucknow,Maruti Alto K10,2011,175000,52.5K km,52500,UP,manual,petrol,12504,14
lucknow,Hyundai Grand i10 Nios,2021,598000,50.5K km,50500,UP,manual,petrol+cng,10183,4
lucknow,Hyundai Grand i10 Nios,2022,583000,22.5K km,22500,UP,manual,petrol,9928,3
lucknow,Renault Kwid,2020,385000,37K km,37000,UP,manual,petrol,6556,5
lucknow,Hyundai Creta,2024,1782000,3K km,3000,UP,automatic,petrol,30648,1
lucknow,Tata Tigor,2022,639000,84K km,84000,UP,manual,petrol+cng,10881,3
lucknow,Tata Punch,2022,619000,3K km,3000,UP,manual,petrol,10541,3
lucknow,Tata Punch,2023,598000,33K km,33000,UP,manual,petrol,10183,2
lucknow,Honda City,2021,796000,38K km,38000,UP,manual,petrol,13555,4
lucknow,Renault Kiger,2022,682000,19.5K km,19500,UP,manual,petrol,11614,3
lucknow,Hyundai Grand i10 Nios,2022,650000,12K km,12000,UP,automatic,petrol,11069,3
lucknow,Skoda Slavia,2023,1378000,16K km,16000,UP,automatic,petrol,23699,2
lucknow,Tata Nexon,2022,899000,60K km,60000,UP,automatic,petrol,15309,3
lucknow,Mahindra XUV700,2022,1615000,41.5K km,41500,UP,manual,diesel,27774,3
lucknow,Toyota Glanza,2021,695000,25K km,25000,UP,manual,petrol,11835,4
lucknow,Honda Amaze,2016,468000,42K km,42000,UP,automatic,petrol,7969,9
lucknow,Hyundai Venue,2022,829000,121.5K km,121500,UP,manual,petrol,14117,3
lucknow,Honda Amaze,2019,554000,49K km,49000,UP,manual,petrol,9434,6
lucknow,Maruti Baleno,2017,450000,84K km,84000,UP,manual,petrol,7663,8
lucknow,Tata Safari,2021,1450000,63K km,63000,UP,manual,diesel,24931,4
lucknow,Honda WR-V,2019,521000,95.5K km,95500,UP,manual,petrol,8872,6
lucknow,Maruti Baleno,2022,742000,46K km,46000,UP,manual,petrol,12635,3
lucknow,Honda City,2021,904000,28.5K km,28500,UP,manual,petrol,15394,4
lucknow,Ford EcoSport,2018,647000,45K km,45000,UP,automatic,petrol,11018,7
lucknow,Tata Tigor,2023,555000,30K km,30000,UP,manual,petrol,9451,2
lucknow,Hyundai Venue,2021,832000,39K km,39000,UP,manual,petrol,14168,4
lucknow,Tata Tiago,2020,473000,66.5K km,66500,UP,manual,petrol,8054,5
lucknow,Maruti Baleno,2018,503000,31K km,31000,UP,manual,petrol,8565,7
lucknow,Renault Kiger,2021,680000,43K km,43000,UP,manual,petrol,11580,4
lucknow,Honda Amaze,2023,857000,11K km,11000,UP,automatic,petrol,14594,2
lucknow,Honda City,2020,982000,29K km,29000,UP,manual,petrol,16722,5
lucknow,Honda Amaze,2022,929000,20.5K km,20500,UP,manual,diesel,15820,3
lucknow,Maruti Baleno,2016,500000,38K km,38000,UP,manual,petrol,8514,9
lucknow,Hyundai i20 N Line,2021,804000,61.5K km,61500,UP,automatic,petrol,13691,4
lucknow,Renault Kwid,2022,427000,31.5K km,31500,UP,manual,petrol,7271,3
lucknow,Maruti Celerio,2022,451000,47K km,47000,UP,manual,petrol,7680,3
lucknow,Honda City,2013,374000,46K km,46000,UP,manual,petrol,10081,12
lucknow,Tata Tigor,2022,657000,52K km,52000,UP,manual,petrol+cng,11188,3
lucknow,Honda City,2011,298000,57K km,57000,UP,manual,petrol+cng,21293,14
lucknow,Hyundai Grand i10,2018,528000,34K km,34000,UP,manual,diesel,8991,7
lucknow,Hyundai Elite i20,2016,430000,70K km,70000,UP,manual,petrol,7322,9
lucknow,Hyundai New i20,2021,849000,47K km,47000,UP,automatic,petrol,14457,4
lucknow,Maruti Ignis,2018,480000,58K km,58000,UP,automatic,petrol,8174,7
lucknow,Honda Amaze,2022,646000,4.5K km,4500,UP,manual,petrol,11001,3
lucknow,Skoda Kushaq,2022,1149000,27K km,27000,UP,manual,petrol,19754,3
lucknow,Maruti Fronx,2023,1149000,21.5K km,21500,UP,automatic,petrol,19760,2
lucknow,Maruti Dzire,2022,761000,25K km,25000,UP,manual,petrol+cng,12959,3
lucknow,Honda Civic,2020,1229000,57.5K km,57500,UP,automatic,petrol,21135,5
lucknow,Maruti Wagon R 1.2,2021,479000,27K km,27000,UP,manual,petrol,8157,4
lucknow,Maruti Ciaz,2023,848000,37K km,37000,UP,manual,petrol,14440,2
lucknow,Hyundai i20 N Line,2023,1043000,18K km,18000,UP,automatic,petrol,17937,2
lucknow,Maruti Vitara Brezza,2020,864000,42K km,42000,UP,automatic,diesel,14713,5
lucknow,Hyundai Grand i10 Nios,2022,624000,38.5K km,38500,UP,manual,petrol+cng,10626,3
lucknow,Tata Nexon,2020,927000,39K km,39000,UP,manual,diesel,15786,5
lucknow,Tata Altroz,2023,720000,35.5K km,35500,UP,automatic,petrol,12261,2
lucknow,Jeep Compass,2017,1011000,74K km,74000,UP,automatic,petrol,17216,8
lucknow,Hyundai i10,2011,202000,41K km,41000,UP,manual,petrol,14433,14
lucknow,Nissan Kicks,2019,550000,124.5K km,124500,UP,manual,diesel,9366,6
lucknow,Ford Figo Aspire,2021,549000,79K km,79000,UP,manual,petrol,8764,4
lucknow,Kia Seltos,2019,1042000,106K km,106000,UP,automatic,petrol,17914,6
lucknow,Hyundai New Santro 1.1,2020,385000,84.5K km,84500,UP,manual,petrol,6146,5
lucknow,Maruti Baleno,2020,623000,22.5K km,22500,UP,manual,petrol,10609,5
lucknow,Maruti Ignis,2022,574000,12.5K km,12500,UP,manual,petrol,9774,3
lucknow,MG Hector Plus,2020,1478000,29K km,29000,UP,manual,diesel,25417,5
lucknow,Datsun Redi-GO,2017,251000,19.5K km,19500,UP,manual,petrol,9546,8
lucknow,Tata Tigor,2022,605000,31.5K km,31500,UP,manual,petrol,10302,3
lucknow,Maruti Baleno,2024,729000,18K km,18000,UP,manual,petrol,12414,1
lucknow,Maruti Wagon R 1.2,2019,442000,48.5K km,48500,UP,manual,petrol,7527,6
lucknow,Maruti Fronx,2023,1115000,13K km,13000,UP,automatic,petrol,19175,2
lucknow,Ford EcoSport,2014,419000,89.5K km,89500,UP,manual,petrol,8992,11
lucknow,Hyundai New Santro 1.1,2022,448000,57.5K km,57500,UP,manual,petrol,7152,3
lucknow,Hyundai Elite i20,2014,397000,46K km,46000,UP,manual,petrol,8520,11
lucknow,Hyundai Grand i10 Nios,2022,599000,37K km,37000,UP,manual,petrol+cng,10200,3
lucknow,Hyundai i20 N Line,2022,823000,33K km,33000,UP,manual,petrol,14015,3
lucknow,Mahindra XUV500,2015,694000,57.5K km,57500,UP,manual,diesel,13208,10
lucknow,Renault Kwid,2021,400000,18.5K km,18500,UP,manual,petrol,6811,4
lucknow,Honda Amaze,2020,590000,78.5K km,78500,UP,manual,diesel,10047,5
lucknow,Maruti S-Presso,2022,430000,24K km,24000,UP,manual,petrol,7322,3
lucknow,Tata Tigor,2022,597000,95.5K km,95500,UP,manual,petrol+cng,10166,3
lucknow,Maruti Baleno,2017,486000,95K km,95000,UP,automatic,petrol,8276,8
lucknow,Renault Kwid,2020,318000,36.5K km,36500,UP,manual,petrol,5415,5
lucknow,Maruti Swift,2021,597000,50.5K km,50500,UP,manual,petrol,10166,4
lucknow,Maruti Baleno,2019,531000,31K km,31000,UP,manual,petrol,9042,6
lucknow,Maruti Baleno,2021,611000,45.5K km,45500,UP,manual,petrol,10404,4
lucknow,Mahindra Thar,2021,1091000,49K km,49000,UP,manual,petrol,18766,4
lucknow,Maruti Baleno,2016,458000,80K km,80000,UP,automatic,petrol,7799,9
lucknow,Hyundai Grand i10 Nios,2022,640000,24.5K km,24500,UP,manual,petrol+cng,10898,3
lucknow,Maruti Wagon R Stingray,2018,378000,46K km,46000,UP,manual,petrol,6437,7
lucknow,Maruti Ignis,2021,620000,6K km,6000,UP,automatic,petrol,10558,4
lucknow,Hyundai Elite i20,2018,572000,34K km,34000,UP,manual,petrol,9740,7
lucknow,Tata Nexon,2022,880000,40.5K km,40500,UP,manual,diesel,14985,3
lucknow,Datsun Redi-GO,2018,260000,29.5K km,29500,UP,manual,petrol,7008,7
lucknow,Honda City,2017,640000,36K km,36000,UP,manual,petrol,10898,8
lucknow,Hyundai Elite i20,2018,579000,43.5K km,43500,UP,manual,petrol,9860,7
lucknow,Skoda Slavia,2022,935000,76K km,76000,UP,manual,petrol,15922,3
lucknow,Kia Seltos,2021,1320000,25K km,25000,UP,automatic,petrol,22699,4
lucknow,Maruti Baleno,2019,487000,96.5K km,96500,UP,manual,petrol,8293,6
lucknow,Maruti Wagon R 1.0,2016,296000,97.5K km,97500,UP,automatic,petrol,5290,9
lucknow,Hyundai New Santro 1.1,2019,377000,102.5K km,102500,UP,manual,petrol+cng,6018,6
lucknow,Ford EcoSport,2020,609000,91.5K km,91500,UP,manual,petrol,10370,5
lucknow,Hyundai i20,2011,255000,37.5K km,37500,UP,manual,petrol,18220,14
lucknow,Maruti Ciaz,2015,478000,74K km,74000,UP,manual,petrol,8700,10
lucknow,Tata Nexon,2022,941000,6.5K km,6500,UP,manual,petrol,16024,3
lucknow,Honda Amaze,2022,770000,32K km,32000,UP,automatic,petrol,13112,3
lucknow,Maruti S-Presso,2022,444000,11.5K km,11500,UP,automatic,petrol,7561,3
lucknow,Honda WR-V,2020,681000,25.5K km,25500,UP,manual,petrol,11597,5
lucknow,Mahindra Thar,2021,1268000,45.5K km,45500,UP,automatic,diesel,21797,4
lucknow,Mahindra Thar,2021,1247000,17.5K km,17500,UP,automatic,petrol,21440,4
lucknow,Hyundai Elite i20,2019,527000,33.5K km,33500,UP,manual,petrol,8974,6
lucknow,Maruti Dzire,2022,614000,25.5K km,25500,UP,manual,petrol,10456,3
lucknow,Honda City,2017,702000,61K km,61000,UP,automatic,petrol,11954,8
lucknow,Hyundai Elite i20,2020,566000,38K km,38000,UP,manual,petrol,9638,5
lucknow,Hyundai Creta,2020,1239000,26.5K km,26500,UP,automatic,petrol,21308,5
lucknow,Honda Amaze,2022,711000,26.5K km,26500,UP,manual,petrol,12107,3
lucknow,Skoda Kushaq,2022,893000,28.5K km,28500,UP,manual,petrol,15207,3
lucknow,Maruti Vitara Brezza,2017,675000,71K km,71000,UP,manual,diesel,11494,8
lucknow,Hyundai i20,2010,210000,52K km,52000,UP,manual,petrol,9698,15
lucknow,Maruti Celerio,2015,294000,119.5K km,119500,UP,automatic,petrol,5351,10
lucknow,Maruti Swift Dzire,2012,295000,30K km,30000,UP,manual,petrol,11219,13
lucknow,Maruti Celerio,2019,394000,116K km,116000,UP,manual,petrol+cng,6709,6
lucknow,Hyundai Elite i20,2016,428000,81.5K km,81500,UP,manual,petrol,7288,9
lucknow,Hyundai Venue N-Line,2023,1181000,16K km,16000,UP,automatic,petrol,20316,2
lucknow,Maruti Baleno,2019,488000,36K km,36000,UP,manual,petrol,8310,6
lucknow,Mahindra Thar,2022,1370000,7.5K km,7500,UP,automatic,petrol,23551,3
lucknow,Maruti New Ertiga,2022,1098000,11K km,11000,UP,automatic,petrol,18885,3
lucknow,Honda City,2022,1008000,52.5K km,52500,UP,manual,diesel,17165,3
lucknow,Kia Sonet,2020,980000,72.5K km,72500,UP,automatic,diesel,16688,5
lucknow,Maruti Celerio,2022,498000,22.5K km,22500,UP,manual,petrol,8480,3
lucknow,Tata Safari,2021,1600000,46.5K km,46500,UP,automatic,diesel,27519,4
lucknow,Renault Duster,2018,498000,113.5K km,113500,UP,manual,diesel,8480,7
lucknow,Maruti Swift,2015,405000,46.5K km,46500,UP,manual,petrol,7371,10
lucknow,Renault Kwid,2022,452000,22K km,22000,UP,automatic,petrol,7697,3
lucknow,Maruti Swift,2021,567000,50.5K km,50500,UP,manual,petrol,9655,4
lucknow,Ford EcoSport,2019,595000,70K km,70000,UP,automatic,petrol,10132,6
lucknow,MG Hector Plus,2021,1399000,48K km,48000,UP,manual,diesel,24062,4
lucknow,Renault Duster,2019,575000,52K km,52000,UP,automatic,diesel,9791,6
lucknow,Mahindra Scorpio,2018,925000,59K km,59000,UP,manual,diesel,15752,7
lucknow,Hyundai i10,2011,191000,64.5K km,64500,UP,manual,petrol,13647,14
lucknow,Maruti Vitara Brezza,2019,759000,55K km,55000,UP,manual,diesel,12925,6
lucknow,Maruti Wagon R 1.0,2017,382000,33.5K km,33500,UP,automatic,petrol,6827,8
lucknow,Tata Nexon,2018,579000,32K km,32000,UP,manual,diesel,9860,7
lucknow,Honda City,2021,907000,30.5K km,30500,UP,manual,petrol,15445,4
lucknow,Mahindra Thar,2022,1312000,16K km,16000,UP,automatic,petrol,22563,3
lucknow,Honda BR-V,2017,584000,30.5K km,30500,UP,manual,petrol,9945,8
lucknow,Kia Carens,2024,1197000,47.5K km,47500,UP,manual,diesel,20585,1
lucknow,Hyundai Verna,2020,897000,107.5K km,107500,UP,automatic,diesel,15275,5
lucknow,Hyundai Creta,2021,1085000,57K km,57000,UP,manual,diesel,18659,4
lucknow,Hyundai Elite i20,2015,301000,45K km,45000,UP,manual,petrol,5478,10
lucknow,MG Hector Plus,2023,1972000,3K km,3000,UP,automatic,petrol,33915,2
lucknow,Maruti XL6,2023,878000,82.5K km,82500,UP,manual,petrol,14951,2
lucknow,Honda WR-V,2019,549000,37.5K km,37500,UP,manual,petrol,9349,6
lucknow,Hyundai Tucson,2019,1079000,108K km,108000,UP,automatic,diesel,18556,6
lucknow,Maruti Swift,2017,437000,23K km,23000,UP,manual,petrol,7441,8
lucknow,Honda City,2017,512000,40K km,40000,UP,manual,petrol,8719,8
lucknow,Toyota Glanza,2024,879000,3.5K km,3500,UP,automatic,petrol,14968,1
lucknow,Tata Punch,2024,696000,6K km,6000,UP,manual,petrol,11852,1
lucknow,Hyundai Creta,2021,1085000,44.5K km,44500,UP,manual,petrol,18660,4
lucknow,Hyundai Creta,2019,798000,46K km,46000,UP,manual,petrol,13589,6
lucknow,Ford EcoSport,2016,446000,66K km,66000,UP,manual,petrol,7595,9
lucknow,Skoda Rapid,2015,305000,102K km,102000,UP,manual,diesel,5204,10
lucknow,Maruti Swift Dzire,2015,390000,62K km,62000,UP,manual,diesel,7098,10
lucknow,Mahindra Scorpio N,2022,1819000,14K km,14000,UP,automatic,petrol,31282,3
lucknow,Honda City,2017,798000,25K km,25000,UP,automatic,petrol,13589,8
lucknow,Hyundai i10,2015,279000,50.5K km,50500,UP,manual,petrol,5078,10
lucknow,Maruti Wagon R 1.2,2020,473000,32.5K km,32500,UP,manual,petrol,8054,5
lucknow,Hyundai Eon,2016,201000,111K km,111000,UP,manual,petrol,3208,9
lucknow,Maruti Baleno,2021,561000,29.5K km,29500,UP,manual,petrol,9553,4
lucknow,Hyundai Venue,2021,811000,28K km,28000,UP,manual,petrol,13810,4
lucknow,Tata Nexon,2020,679000,24.5K km,24500,UP,manual,diesel,11562,5
lucknow,Renault Kwid,2019,254000,20K km,20000,UP,manual,petrol,4325,6
lucknow,Nissan Sunny,2015,258000,94K km,94000,UP,manual,diesel,6519,10
lucknow,Kia Seltos,2020,978000,65.5K km,65500,UP,manual,diesel,16654,5
lucknow,Maruti Swift,2017,429000,92K km,92000,UP,manual,diesel,7305,8
lucknow,Nissan Magnite,2022,576000,22.5K km,22500,UP,manual,petrol,9808,3
lucknow,Hyundai Grand i10,2014,327000,55K km,55000,UP,manual,petrol,7018,11
lucknow,Ford EcoSport,2019,592000,45.5K km,45500,UP,manual,diesel,10081,6
lucknow,Kia Sonet,2023,797000,56K km,56000,UP,manual,petrol,13572,2
lucknow,Hyundai Grand i10,2017,432000,31K km,31000,UP,manual,petrol,7356,8
lucknow,Maruti Ciaz,2019,630000,49.5K km,49500,UP,manual,petrol,10728,6
lucknow,Honda Amaze,2022,699000,27K km,27000,UP,manual,petrol,11903,3
lucknow,Volkswagen Polo,2015,374000,120.5K km,120500,UP,manual,diesel,6382,10
lucknow,Ford Figo Aspire,2020,582000,33K km,33000,UP,manual,petrol,9291,5
jaipur,Honda Amaze,2022,789000,30.5K km,30500,RJ,automatic,petrol,13731,3
jaipur,Honda Amaze,2023,778000,24.5K km,24500,RJ,manual,petrol,13540,2
jaipur,Tata Nexon,2019,698000,64K km,64000,RJ,manual,diesel,12148,6
jaipur,Tata Tiago,2019,412000,66K km,66000,RJ,manual,petrol,7170,6
jaipur,MG Hector,2020,972000,45K km,45000,RJ,automatic,petrol,16916,5
jaipur,BMW 3 Series GT,2016,1550000,33K km,33000,HR,automatic,diesel,27237,9
jaipur,Toyota Innova Crysta,2022,1439000,50.5K km,50500,RJ,manual,petrol,25287,3
jaipur,Hyundai i20 N Line,2022,745000,63K km,63000,RJ,automatic,petrol,12966,3
jaipur,Hyundai Alcazar,2021,1429000,23K km,23000,RJ,manual,petrol,26355,4
jaipur,MG Hector,2021,1348000,49K km,49000,RJ,automatic,petrol,23687,4
jaipur,Hyundai i20 N Line,2022,903000,50.5K km,50500,RJ,automatic,petrol,15718,3
jaipur,Maruti Celerio,2022,559000,40.5K km,40500,RJ,manual,petrol,9519,3
jaipur,Honda City,2017,698000,52K km,52000,RJ,automatic,petrol,12148,8
jaipur,Audi Q3,2017,2050000,56.5K km,56500,HR,automatic,diesel,36025,8
jaipur,Volvo V40 Cross Country,2016,1180000,50K km,50000,UP,automatic,petrol,20293,9
jaipur,Mercedes GLC,2017,3150000,61K km,61000,DL,automatic,petrol,54176,8
jaipur,Mercedes GLA,2017,1970000,40K km,40000,HR,automatic,petrol,33881,8
jaipur,Mercedes GLA,2019,2300000,50K km,50000,DL,automatic,petrol,39556,6
jaipur,BMW X1,2020,2950000,21K km,21000,HR,automatic,petrol,50736,5
jaipur,Mercedes C-Class,2017,2500000,63K km,63000,HR,automatic,petrol,42996,8
jaipur,Mercedes GLA,2016,1800000,57K km,57000,DL,automatic,petrol,30957,9
jaipur,BMW 3 Series GT,2018,2650000,56.5K km,56500,HR,automatic,petrol,45576,7
jaipur,Honda City,2021,974000,68.5K km,68500,RJ,automatic,petrol,16944,4
jaipur,Tata Altroz,2022,759000,24.5K km,24500,RJ,automatic,petrol,13209,3
jaipur,Hyundai Venue,2022,939000,27K km,27000,RJ,manual,petrol,16342,3
jaipur,Hyundai Aura,2023,842000,7.5K km,7500,,automatic,petrol,14654,2
jaipur,MG Hector,2022,1578000,33.5K km,33500,RJ,automatic,petrol,27730,3
jaipur,Maruti Baleno,2019,642000,57K km,57000,RJ,automatic,petrol,11173,6
jaipur,Kia Sonet,2022,1059000,8K km,8000,RJ,automatic,petrol,18609,3
jaipur,Maruti Baleno,2018,540000,28K km,28000,RJ,manual,petrol,9398,7
jaipur,Tata Tiago,2022,597000,41.5K km,41500,RJ,manual,petrol,10390,3
jaipur,Hyundai Elite i20,2018,614000,48K km,48000,RJ,manual,petrol,10686,7
jaipur,Hyundai Creta,2019,920000,79.5K km,79500,RJ,manual,petrol,16007,6
jaipur,Honda WR-V,2021,672000,43.5K km,43500,RJ,manual,petrol,11695,4
jaipur,Maruti Baleno,2020,635000,36K km,36000,RJ,manual,petrol,11051,5
jaipur,Volkswagen Polo,2017,415000,120.5K km,120500,RJ,manual,diesel,6771,8
jaipur,Hyundai Creta,2015,542000,91.5K km,91500,RJ,manual,petrol,10082,10
jaipur,Maruti Swift,2014,368000,98K km,98000,RJ,manual,petrol,8071,11
jaipur,Volkswagen Polo,2018,548000,51K km,51000,RJ,manual,petrol,8941,7
jaipur,Ford EcoSport,2013,422000,106.5K km,106500,RJ,manual,diesel,11625,12
jaipur,Skoda Slavia,2022,1078000,94.5K km,94500,RJ,manual,petrol,18943,3
jaipur,Audi Q3,2018,1970000,66.5K km,66500,UP,automatic,petrol,33881,7
jaipur,Maruti Swift,2024,748000,10K km,10000,RJ,automatic,petrol,13018,1
jaipur,Maruti Celerio,2019,467000,42K km,42000,RJ,automatic,petrol,8127,6
jaipur,Maruti Wagon R 1.0,2019,438000,25.5K km,25500,RJ,automatic,petrol,8000,6
jaipur,Renault Triber,2021,568000,34.5K km,34500,RJ,automatic,petrol,9885,4
jaipur,Honda City,2021,1180000,12K km,12000,RJ,automatic,petrol,20741,4
jaipur,Hyundai New Santro 1.1,2021,449000,29.5K km,29500,RJ,manual,petrol,7326,4
jaipur,Volkswagen Polo,2015,478000,60.5K km,60500,RJ,manual,petrol,8336,10
jaipur,Maruti Baleno,2022,695000,8K km,8000,RJ,manual,petrol,12090,3
jaipur,Renault Kiger,2023,612000,9K km,9000,RJ,manual,petrol,10422,2
jaipur,Renault Kiger,2022,652000,12.5K km,12500,RJ,manual,petrol,11347,3
jaipur,Maruti Baleno,2024,841000,5K km,5000,RJ,manual,petrol,14645,1
jaipur,Hyundai Aura,2022,668000,48K km,48000,RJ,manual,petrol+cng,11625,3
jaipur,Tata Safari,2021,1506000,63.5K km,63500,RJ,manual,diesel,26463,4
jaipur,Hyundai i10,2015,288000,41.5K km,41500,RJ,manual,petrol,5351,10
jaipur,Hyundai Grand i10,2014,350000,41.5K km,41500,RJ,manual,petrol,7676,11
jaipur,Maruti A-Star,2012,214000,84.5K km,84500,RJ,manual,petrol,7798,13
jaipur,Maruti Alto K10,2016,329000,28K km,28000,RJ,automatic,petrol,5725,9
jaipur,Renault Kwid,2022,460000,6K km,6000,RJ,manual,petrol,8003,3
jaipur,Maruti Alto K10,2018,350000,31.5K km,31500,RJ,automatic,petrol,6091,7
jaipur,Audi A3,2019,1950000,62K km,62000,DL,automatic,petrol,33537,6
jaipur,Maruti Alto K10,2023,528000,8K km,8000,RJ,automatic,petrol,9189,2
jaipur,Honda City,2015,568000,64K km,64000,RJ,manual,petrol,10566,10
jaipur,Maruti Wagon R 1.0,2021,493000,14.5K km,14500,RJ,manual,petrol,9004,4
jaipur,Renault Kiger,2023,759000,4K km,4000,RJ,manual,petrol,13209,2
jaipur,Renault Kwid,2021,362000,33.5K km,33500,RJ,automatic,petrol,6300,4
jaipur,Renault Kwid,2023,466000,3.5K km,3500,RJ,manual,petrol,8106,2
jaipur,Hyundai Aura,2023,758000,39.5K km,39500,RJ,manual,petrol+cng,13197,2
jaipur,Mahindra Thar,2021,1211000,33.5K km,33500,RJ,automatic,petrol,21286,4
jaipur,Maruti Baleno,2017,528000,49K km,49000,RJ,manual,petrol,9189,8
jaipur,Honda City,2019,899000,15.5K km,15500,RJ,automatic,petrol,15650,6
jaipur,Renault Kwid,2023,470000,21K km,21000,RJ,manual,petrol,8174,2
jaipur,Tata Nexon,2018,647000,40.5K km,40500,RJ,manual,petrol,11260,7
jaipur,Volkswagen Taigun,2022,1372000,17.5K km,17500,RJ,automatic,petrol,24113,3
jaipur,Hyundai Elite i20,2018,585000,65K km,65000,RJ,manual,petrol,10181,7
jaipur,Volkswagen Ameo,2017,371000,107K km,107000,RJ,manual,petrol,6053,8
jaipur,Renault Triber,2023,535000,43K km,43000,RJ,manual,petrol,9315,2
jaipur,Maruti Ciaz,2021,750000,65K km,65000,RJ,manual,petrol,13061,4
jaipur,Renault Triber,2020,608000,36K km,36000,RJ,automatic,petrol,10575,5
jaipur,Volkswagen Vento,2017,697000,110.5K km,110500,RJ,automatic,diesel,11367,8
jaipur,Mercedes C-Class,2020,3450000,33K km,33000,DL,automatic,petrol,59336,5
jaipur,Renault Kwid,2022,418000,50.5K km,50500,RJ,manual,petrol,7271,3
jaipur,Renault Duster,2017,645000,73K km,73000,RJ,automatic,petrol,11225,8
jaipur,Renault Kwid,2020,389000,28.5K km,28500,RJ,automatic,petrol,6777,5
jaipur,Tata Punch,2021,739000,34K km,34000,RJ,automatic,petrol,12861,4
jaipur,Nissan Magnite,2021,682000,36K km,36000,RJ,manual,petrol,11869,4
jaipur,Honda City,2020,800000,69.5K km,69500,RJ,manual,petrol,13930,5
jaipur,Volkswagen Polo,2014,360000,48K km,48000,RJ,manual,petrol,7404,11
jaipur,Renault Kwid,2022,463000,8.5K km,8500,RJ,manual,petrol,8054,3
jaipur,Volkswagen Taigun,2022,974000,73.5K km,73500,RJ,automatic,petrol,16944,3
jaipur,Honda City,2022,1180000,45.5K km,45500,RJ,automatic,petrol,20741,3
jaipur,Renault Kwid,2022,382000,14.5K km,14500,RJ,manual,petrol,6641,3
jaipur,Honda WR-V,2022,750000,24.5K km,24500,RJ,manual,petrol,13044,3
jaipur,Renault Kwid,2022,393000,13.5K km,13500,RJ,manual,petrol,6845,3
jaipur,Renault Kwid,2024,460000,2K km,2000,RJ,manual,petrol,8003,1
jaipur,Maruti Ciaz,2020,696000,73.5K km,73500,RJ,manual,petrol,12107,5
jaipur,Renault Kwid,2022,418000,41.5K km,41500,RJ,manual,petrol,7271,3
jaipur,Volkswagen Vento,2016,554000,91K km,91000,RJ,automatic,diesel,9658,9
jaipur,Honda Amaze,2014,363000,82.5K km,82500,RJ,manual,petrol,7962,11
jaipur,Renault Kiger,2023,772000,18.5K km,18500,RJ,automatic,petrol,13436,2
jaipur,BMW X1,2018,2150000,81K km,81000,HR,automatic,diesel,37782,7
jaipur,Hyundai Venue,2022,1000000,37K km,37000,RJ,automatic,petrol,17405,3
jaipur,Renault Triber,2019,495000,48K km,48000,RJ,manual,petrol,8616,6
jaipur,Hyundai Verna,2018,819000,55.5K km,55500,RJ,automatic,petrol,14253,7
jaipur,Volkswagen Taigun,2022,1166000,34.5K km,34500,RJ,automatic,petrol,20486,3
jaipur,Renault Kwid,2022,435000,19K km,19000,RJ,automatic,petrol,7578,3
jaipur,Hyundai Aura,2023,780000,37K km,37000,RJ,manual,petrol+cng,13572,2
jaipur,Renault Kwid,2022,396000,17K km,17000,RJ,manual,petrol,6896,3
jaipur,Renault Kwid,2022,410000,19K km,19000,RJ,automatic,petrol,7135,3
jaipur,Nissan Magnite,2023,925000,11K km,11000,,automatic,petrol,16098,2
jaipur,Renault Kiger,2022,822000,19K km,19000,RJ,automatic,petrol,14304,3
jaipur,Tata Harrier,2021,1549000,54K km,54000,RJ,automatic,diesel,27219,4
jaipur,Hyundai Venue,2022,1036000,10.5K km,10500,RJ,manual,petrol,18204,3
jaipur,Tata Safari,2022,1670000,82K km,82000,RJ,automatic,diesel,29341,3
jaipur,Renault Kiger,2023,774000,5K km,5000,RJ,automatic,petrol,13470,2
jaipur,Hyundai Venue,2023,1085000,16K km,16000,RJ,manual,petrol,19066,2
jaipur,Maruti A-Star,2011,216000,72K km,72000,RJ,manual,petrol,14804,14
jaipur,Tata Nexon,2022,902000,95.5K km,95500,RJ,manual,diesel,15701,3
jaipur,Volkswagen Polo,2019,525000,118.5K km,118500,RJ,manual,petrol,8573,6
jaipur,Volkswagen Polo,2016,428000,60.5K km,60500,RJ,manual,petrol,6976,9
jaipur,Chevrolet Spark,2014,184000,61.5K km,61500,RJ,manual,petrol,9698,11
jaipur,Maruti S-Cross,2022,710000,19.5K km,19500,RJ,manual,petrol,12363,3
jaipur,Kia Seltos,2019,906000,1.5K km,1500,RJ,manual,petrol,15769,6
jaipur,Renault Triber,2022,558000,8.5K km,8500,RJ,manual,petrol,9706,3
jaipur,Maruti XL6,2021,997000,56K km,56000,RJ,automatic,petrol,17351,4
jaipur,Honda City,2022,1133000,80K km,80000,RJ,manual,diesel,19907,3
jaipur,Renault Kiger,2022,739000,34.5K km,34500,RJ,manual,petrol,12857,3
jaipur,Honda City,2019,781000,50K km,50000,RJ,manual,petrol,13589,6
jaipur,Hyundai Verna,2023,1437000,20K km,20000,RJ,automatic,petrol,25254,2
jaipur,Volkswagen Polo,2015,330000,85.5K km,85500,RJ,manual,petrol,6970,10
jaipur,Honda City,2016,549000,75K km,75000,RJ,automatic,petrol,9553,9
jaipur,Tata Harrier,2019,1141000,91K km,91000,RJ,manual,diesel,20043,6
jaipur,Hyundai Creta,2019,1023000,71K km,71000,RJ,manual,diesel,17983,6
jaipur,Renault Kiger,2021,631000,25K km,25000,RJ,automatic,petrol,10983,4
jaipur,Tata Tiago,2021,532000,42.5K km,42500,RJ,manual,petrol,9264,4
jaipur,Hyundai Xcent,2019,514000,47.5K km,47500,RJ,manual,petrol,8381,6
jaipur,Maruti A-Star,2011,194000,87K km,87000,RJ,manual,petrol,13263,14
jaipur,Tata Safari,2024,2239000,27.5K km,27500,RJ,automatic,diesel,39345,1
jaipur,Maruti Ignis,2018,397000,41.5K km,41500,RJ,manual,petrol,6909,7
jaipur,Mercedes E-Class,2017,3000000,46.5K km,46500,DL,automatic,petrol,51596,8
jaipur,Maruti Dzire,2019,532000,89K km,89000,RJ,manual,petrol,9258,6
jaipur,Hyundai New i20,2020,639000,58.5K km,58500,RJ,manual,petrol,11121,5
jaipur,Mahindra XUV700,2022,1359000,22.5K km,22500,RJ,manual,diesel,23881,3
jaipur,Jeep Compass,2018,900000,45.5K km,45500,RJ,automatic,petrol,15663,7
jaipur,Hyundai Xcent,2018,392000,87K km,87000,RJ,manual,diesel,6395,7
jaipur,Honda Amaze,2018,539000,56.5K km,56500,RJ,manual,petrol,9380,7
jaipur,Volkswagen Polo,2019,598000,31.5K km,31500,RJ,manual,petrol,9757,6
jaipur,Mahindra KUV100,2016,265000,110K km,110000,RJ,manual,petrol,4612,9
jaipur,BMW X1,2019,1830000,50.5K km,50500,HR,automatic,diesel,31473,6
jaipur,Hyundai Elite i20,2019,574000,48.5K km,48500,RJ,manual,petrol+cng,9989,6
jaipur,Kia Seltos,2019,1254000,55.5K km,55500,RJ,automatic,petrol,22035,6
jaipur,Ford Figo Aspire,2016,386000,65K km,65000,RJ,automatic,petrol,6723,9
jaipur,Jeep Compass,2021,1850000,36.5K km,36500,UP,automatic,petrol,31817,4
jaipur,Honda Amaze,2019,519000,58.5K km,58500,RJ,manual,petrol,9032,6
jaipur,Tata Nexon,2019,678000,58K km,58000,RJ,manual,petrol,11799,6
jaipur,Volkswagen Virtus,2024,1285000,6K km,6000,RJ,automatic,petrol,22581,1
jaipur,Hyundai Grand i10,2019,465000,42.5K km,42500,RJ,manual,petrol,8092,6
jaipur,Maruti Celerio,2017,398000,39.5K km,39500,RJ,automatic,petrol,6926,8
jaipur,Renault Kiger,2024,688000,30K km,30000,RJ,manual,petrol,11971,1
jaipur,Maruti Brezza,2022,1068000,49.5K km,49500,RJ,manual,petrol,18767,3
jaipur,Maruti Baleno,2016,495000,63.5K km,63500,RJ,automatic,petrol,8615,9
jaipur,Tata Safari,2022,1638000,67.5K km,67500,RJ,automatic,diesel,28779,3
jaipur,Maruti Celerio,2017,320000,62.5K km,62500,RJ,manual,petrol,5569,8
jaipur,Tata Tiago,2018,394000,43K km,43000,RJ,manual,petrol,6857,7
jaipur,Chevrolet Beat,2016,268000,27.5K km,27500,RJ,manual,petrol,19578,9
jaipur,Ford Figo Aspire,2019,529000,63.5K km,63500,RJ,manual,diesel,8631,6
jaipur,Hyundai Elite i20,2020,599000,42.5K km,42500,RJ,manual,petrol,10422,5
jaipur,Hyundai Creta,2020,1439000,48K km,48000,RJ,automatic,diesel,25287,5
jaipur,Maruti Wagon R 1.0,2016,392000,36.5K km,36500,RJ,automatic,petrol,7160,9
jaipur,Volkswagen Vento,2018,729000,80K km,80000,RJ,automatic,diesel,11893,7
jaipur,Honda City,2020,974000,43.5K km,43500,RJ,manual,petrol,16944,5
jaipur,Hyundai Venue,2023,912000,11K km,11000,RJ,manual,petrol,15871,2
jaipur,Maruti Celerio,2017,320000,62.5K km,62500,RJ,manual,petrol,5569,8
jaipur,Tata Tiago,2018,394000,43K km,43000,RJ,manual,petrol,6857,7
jaipur,Ford Figo Aspire,2019,529000,63.5K km,63500,RJ,manual,diesel,8631,6
jaipur,Hyundai Elite i20,2020,599000,42.5K km,42500,RJ,manual,petrol,10422,5
jaipur,Hyundai Creta,2020,1439000,48K km,48000,RJ,automatic,diesel,25287,5
jaipur,Maruti Wagon R 1.0,2016,392000,36.5K km,36500,RJ,automatic,petrol,7160,9
jaipur,Volkswagen Vento,2018,729000,80K km,80000,RJ,automatic,diesel,11893,7
