City,Name,Year,Price,Kilometers Driven,KM,State,Transmission,Fuel Type,EMI per Month
delhi-ncr,Ford Figo Aspire,2016,387000,29K km,29000,DL,manual,petrol,6178
delhi-ncr,Kia Seltos,2021,1049000,89K km,89000,DL,manual,petrol,18040
delhi-ncr,Hyundai Grand i10,2018,509000,40.5K km,40500,UP,automatic,petrol,8667
delhi-ncr,Maruti Wagon R 1.0,2023,527000,8K km,8000,HR,manual,petrol,9418
delhi-ncr,Maruti Ertiga,2014,502000,79K km,79000,UP,manual,petrol,10773
delhi-ncr,Renault Kwid,2019,315000,19K km,19000,UP,manual,petrol,5364
delhi-ncr,Hyundai Elite i20,2018,537000,15.5K km,15500,DL,manual,petrol,9144
delhi-ncr,Hyundai Verna,2019,937000,47.5K km,47500,DL,automatic,petrol,15956
delhi-ncr,Maruti Ciaz,2017,599000,58.5K km,58500,HR,manual,Petrol,
delhi-ncr,Hyundai Venue,2022,851000,28.5K km,28500,HR,manual,petrol,14492
delhi-ncr,Tata Punch,2023,828000,11K km,11000,DL,automatic,petrol,14100
delhi-ncr,Renault Kwid,2020,348000,19.5K km,19500,HR,automatic,petrol,5926
delhi-ncr,Hyundai Eon,2014,256000,34K km,34000,HR,manual,petrol+cng,5494
delhi-ncr,Datsun Redi-GO,2019,197000,39.5K km,39500,DL,manual,petrol,4228
delhi-ncr,Maruti Wagon R 1.0,2013,283000,46.5K km,46500,DL,manual,petrol+cng,7628
delhi-ncr,Toyota Yaris,2020,614000,48K km,48000,DL,manual,petrol,9802
delhi-ncr,Honda Amaze,2013,295000,97K km,97000,DL,automatic,petrol,7951
delhi-ncr,Hyundai Creta,2017,693000,108K km,108000,DL,automatic,petrol,11801
delhi-ncr,Maruti Swift Dzire,2013,302000,39.5K km,39500,DL,manual,petrol,8140
delhi-ncr,Honda Amaze,2014,358000,51K km,51000,DL,manual,petrol,7683
delhi-ncr,Volvo V40 Cross Country,2016,1180000,50K km,50000,UP,automatic,petrol,20293
delhi-ncr,Mercedes GLC,2017,3150000,61K km,61000,DL,automatic,petrol,54176
delhi-ncr,Tata Nexon,2019,668000,29.5K km,29500,DL,automatic,petrol,11375
delhi-ncr,Maruti Baleno,2021,718000,31K km,31000,UP,automatic,petrol,12227
delhi-ncr,Hyundai Eon,2014,215000,52K km,52000,HR,manual,petrol,4325
delhi-ncr,Kia Sonet,2022,1168000,24.5K km,24500,HR,automatic,petrol,20087
delhi-ncr,Hyundai Elite i20,2018,624000,23K km,23000,HR,manual,petrol,10626
delhi-ncr,Tata Nexon,2022,878000,19K km,19000,DL,manual,petrol,14951
delhi-ncr,Renault Kiger,2022,562000,39K km,39000,HR,manual,petrol,9570
delhi-ncr,Honda Amaze,2019,599000,40.5K km,40500,DL,automatic,petrol,10200
delhi-ncr,Hyundai Venue,2022,1039000,26K km,26000,HR,automatic,petrol,17868
delhi-ncr,Tata Tiago,2018,409000,79.5K km,79500,DL,automatic,petrol,6965
delhi-ncr,Tata Tiago,2018,418000,35K km,35000,UP,manual,petrol,7118
delhi-ncr,Honda City,2015,580000,33K km,33000,UP,automatic,petrol,10557
delhi-ncr,Mahindra Thar,2021,1039000,41K km,41000,HR,manual,petrol,17868
delhi-ncr,Hyundai Elite i20,2019,541000,36.5K km,36500,DL,manual,petrol,9212
delhi-ncr,Maruti Swift Dzire,2016,412000,46K km,46000,DL,manual,petrol,7016
delhi-ncr,Maruti Vitara Brezza,2022,810000,54K km,54000,DL,manual,petrol,13793
delhi-ncr,Maruti A-Star,2012,225000,79K km,79000,DL,automatic,petrol,8022
delhi-ncr,Tata Tiago,2021,512000,53K km,53000,HR,manual,petrol,8719
delhi-ncr,Mercedes GLA,2017,1970000,40K km,40000,HR,automatic,petrol,33881
delhi-ncr,Mercedes GLA,2019,2300000,50K km,50000,DL,automatic,petrol,39556
delhi-ncr,Volkswagen Virtus,2024,1149000,26K km,26000,HR,manual,petrol,19760
delhi-ncr,Tata Punch,2021,627000,25.5K km,25500,DL,manual,petrol,10677
delhi-ncr,Maruti Celerio,2016,354000,47K km,47000,DL,automatic,petrol,6028
delhi-ncr,Maruti Baleno,2018,528000,28K km,28000,DL,manual,petrol,8991
delhi-ncr,Toyota Innova Crysta,2023,2063000,51K km,51000,HR,automatic,petrol,35478
delhi-ncr,Hyundai Venue,2021,705000,25K km,25000,HR,manual,petrol,12005
delhi-ncr,Maruti New Ertiga,2022,819000,27.5K km,27500,DL,manual,petrol,13947
delhi-ncr,Kia Sonet,2021,876000,36K km,36000,HR,manual,petrol,14917
delhi-ncr,Kia Carens,2023,1319000,16K km,16000,HR,manual,petrol,22684
delhi-ncr,Honda City,2014,418000,115K km,115000,UP,manual,petrol,8971
delhi-ncr,Tata Nexon,2020,895000,45.5K km,45500,DL,automatic,diesel,15241
delhi-ncr,Ford Freestyle,2018,359000,102.5K km,102500,UP,manual,petrol,6534
delhi-ncr,Maruti Alto,2012,165000,93K km,93000,DL,manual,petrol,6275
delhi-ncr,Tata Tiago,2019,432000,68K km,68000,DL,manual,diesel,7356
delhi-ncr,Hyundai Creta,2019,897000,85.5K km,85500,DL,automatic,diesel,15275
delhi-ncr,Honda City,2021,1168000,40K km,40000,DL,automatic,petrol,20087
delhi-ncr,Honda Jazz,2016,434000,77K km,77000,DL,manual,petrol,6928
delhi-ncr,Kia Seltos,2020,1219000,51K km,51000,HR,automatic,diesel,20379
delhi-ncr,BMW X1,2020,2950000,21K km,21000,HR,automatic,petrol,50736
delhi-ncr,Mercedes C-Class,2017,2500000,63K km,63000,HR,automatic,petrol,42996
delhi-ncr,Maruti Ignis,2022,597000,23.5K km,23500,UP,automatic,petrol,10166
delhi-ncr,Maruti Wagon R 1.0,2020,477000,24K km,24000,DL,manual,petrol+cng,8123
delhi-ncr,Maruti S-Cross,2021,723000,22K km,22000,UP,manual,petrol,12312
delhi-ncr,Tata Punch,2024,929000,3.5K km,3500,HR,automatic,petrol,15820
delhi-ncr,Maruti Celerio X,2019,460000,27K km,27000,DL,manual,petrol,7707
delhi-ncr,Hyundai Elite i20,2015,493000,45K km,45000,HR,manual,petrol,8973
delhi-ncr,Maruti Baleno,2015,484000,25.5K km,25500,HR,manual,petrol,8809
delhi-ncr,Kia Sonet,2022,920000,45K km,45000,DL,manual,petrol,15667
delhi-ncr,Tata Nexon,2021,754000,10.5K km,10500,DL,manual,petrol,12840
delhi-ncr,Honda WR-V,2019,698000,38K km,38000,DL,manual,petrol,11886
delhi-ncr,Maruti Ciaz,2017,519000,87.5K km,87500,DL,manual,petrol,8838
delhi-ncr,Hyundai Elite i20,2018,557000,35K km,35000,DL,manual,petrol,9485
delhi-ncr,Hyundai i20 N Line,2021,829000,69K km,69000,DL,automatic,petrol,14117
delhi-ncr,Kia Sonet,2020,968000,94K km,94000,UP,automatic,diesel,16484
delhi-ncr,Kia Seltos,2019,1129000,102K km,102000,HR,automatic,petrol,19416
delhi-ncr,Maruti Ciaz,2020,793000,82K km,82000,DL,automatic,petrol,13504
delhi-ncr,Hyundai Verna,2013,410000,47K km,47000,DL,manual,petrol,11051
delhi-ncr,Tata Altroz,2020,540000,105K km,105000,HR,manual,petrol,9195
delhi-ncr,Tata Altroz,2022,596000,20K km,20000,DL,manual,petrol,10149
delhi-ncr,Mercedes GLA,2016,1800000,57K km,57000,DL,automatic,petrol,30957
delhi-ncr,Ford EcoSport,2019,709000,70.5K km,70500,HR,automatic,petrol,12073
delhi-ncr,Kia Sonet,2021,854000,50.5K km,50500,DL,manual,petrol,14543
delhi-ncr,Hyundai Venue,2022,989000,42.5K km,42500,HR,manual,petrol,16842
delhi-ncr,Hyundai Aura,2022,602000,32K km,32000,UP,manual,petrol,10251
delhi-ncr,Tata Tiago,2023,611000,5K km,5000,DL,manual,petrol,10404
delhi-ncr,Volkswagen Polo,2019,624000,42K km,42000,DL,manual,petrol,9962
delhi-ncr,Kia Sonet,2021,896000,24.5K km,24500,UP,manual,petrol,15258
delhi-ncr,Kia Sonet,2022,978000,12K km,12000,DL,manual,petrol,16654
delhi-ncr,Kia Sonet,2020,907000,48.5K km,48500,DL,manual,petrol,15445
delhi-ncr,Mahindra Thar,2021,1149000,60K km,60000,HR,manual,diesel,19760
delhi-ncr,Hyundai Elite i20,2018,518000,25.5K km,25500,DL,manual,petrol,8821
delhi-ncr,Hyundai Elite i20,2016,447000,109K km,109000,DL,manual,petrol,7612
delhi-ncr,Hyundai New i20,2020,712000,89K km,89000,DL,automatic,petrol,12124
delhi-ncr,Tata Tiago,2017,402000,33.5K km,33500,DL,manual,petrol,6845
delhi-ncr,Tata Nexon,2019,674000,45K km,45000,DL,manual,petrol,11477
delhi-ncr,Ford EcoSport,2021,765000,56K km,56000,UP,manual,petrol,13027
delhi-ncr,Maruti Baleno,2018,469000,82K km,82000,HR,automatic,petrol,7986
delhi-ncr,Hyundai Venue,2020,768000,55.5K km,55500,HR,manual,petrol,13078
delhi-ncr,Hyundai Elite i20,2017,475000,55K km,55000,DL,manual,petrol,8088
delhi-ncr,BMW 3 Series GT,2018,2650000,56.5K km,56500,HR,automatic,petrol,45576
delhi-ncr,Hyundai New i20,2023,859000,23K km,23000,DL,manual,petrol,14628
delhi-ncr,Hyundai Venue,2022,931000,3K km,3000,DL,manual,petrol,15854
delhi-ncr,Hyundai New i20,2023,830000,28K km,28000,DL,manual,petrol,14134
delhi-ncr,Hyundai Venue,2022,916000,30K km,30000,HR,manual,petrol,15598
delhi-ncr,Honda Jazz,2022,875000,22.5K km,22500,DL,automatic,petrol,13969
delhi-ncr,Maruti Baleno,2018,494000,46K km,46000,DL,manual,petrol,8412
delhi-ncr,Hyundai Venue,2021,946000,52.5K km,52500,DL,automatic,petrol,16109
delhi-ncr,Maruti Baleno,2018,575000,44K km,44000,HR,manual,petrol,9791
delhi-ncr,Skoda Slavia,2022,1218000,10.5K km,10500,HR,automatic,petrol,20947
delhi-ncr,Mahindra Thar,2021,1165000,48.5K km,48500,HR,manual,diesel,20034
delhi-ncr,Hyundai Creta,2016,644000,67K km,67000,DL,manual,petrol,10966
delhi-ncr,Kia Seltos,2020,1185000,67K km,67000,UP,automatic,diesel,20379
delhi-ncr,Hyundai Grand i10,2015,312000,70K km,70000,HR,manual,petrol,6696
delhi-ncr,Honda Amaze,2015,326000,95K km,95000,DL,manual,petrol,5934
delhi-ncr,Kia Seltos,2020,1138000,79K km,79000,DL,manual,petrol,19571
delhi-ncr,Hyundai Verna,2021,1109000,64.5K km,64500,DL,automatic,petrol,19072
delhi-ncr,Maruti Ertiga,2013,417000,51K km,51000,DL,manual,petrol,11240
delhi-ncr,Maruti Baleno,2016,514000,30K km,30000,HR,automatic,petrol,8753
delhi-ncr,Hyundai Elite i20,2015,421000,97.5K km,97500,UP,manual,petrol,7663
delhi-ncr,Audi Q3,2018,1970000,66.5K km,66500,UP,automatic,petrol,33881
delhi-ncr,Kia Sonet,2021,917000,17.5K km,17500,HR,manual,petrol,15615
delhi-ncr,Tata Nexon,2020,875000,43K km,43000,DL,automatic,petrol,14900
delhi-ncr,Hyundai Elite i20,2018,544000,50.5K km,50500,DL,manual,petrol,9264
delhi-ncr,Tata Tigor,2024,809000,10K km,10000,DL,manual,petrol+cng,13776
delhi-ncr,Maruti S-Cross,2022,878000,23.5K km,23500,UP,manual,petrol,14951
delhi-ncr,Hyundai Venue,2022,857000,37K km,37000,DL,manual,petrol,14594
delhi-ncr,Maruti Vitara Brezza,2022,871000,23.5K km,23500,DL,manual,petrol,14832
delhi-ncr,Hyundai Creta,2019,998000,55K km,55000,DL,automatic,petrol,16995
delhi-ncr,Skoda Slavia,2022,1378000,44.5K km,44500,UP,automatic,petrol,23699
delhi-ncr,Maruti Ignis,2021,536000,38K km,38000,HR,manual,petrol,9127
delhi-ncr,Tata Nexon,2022,755000,33K km,33000,HR,manual,petrol,12857
delhi-ncr,Kia Carnival,2020,2428000,50K km,50000,DL,automatic,diesel,41756
delhi-ncr,Honda City,2015,460000,60.5K km,60500,DL,manual,petrol,8373
delhi-ncr,Hyundai Elite i20,2015,388000,65K km,65000,DL,manual,petrol,7062
delhi-ncr,Maruti Baleno,2018,544000,76.5K km,76500,HR,automatic,petrol,9264
delhi-ncr,Hyundai New i20,2021,897000,27K km,27000,DL,automatic,petrol,15275
delhi-ncr,Hyundai Elite i20,2017,460000,83K km,83000,HR,manual,petrol,7833
delhi-ncr,Honda Jazz,2017,409000,88.5K km,88500,UP,manual,petrol,6529
delhi-ncr,Hyundai Creta,2016,676000,113K km,113000,DL,manual,petrol,11511
delhi-ncr,Audi A3,2019,1950000,62K km,62000,DL,automatic,petrol,33537
delhi-ncr,Maruti Ciaz,2016,551000,71.5K km,71500,DL,manual,petrol,9383
delhi-ncr,Maruti Ciaz,2016,563000,60K km,60000,DL,manual,petrol,9587
delhi-ncr,Hyundai Venue,2023,978000,20K km,20000,DL,manual,petrol,16654
delhi-ncr,Maruti Baleno,2021,519000,37K km,37000,DL,manual,petrol,8838
delhi-ncr,Kia Seltos,2021,1059000,26K km,26000,DL,manual,petrol,18212
delhi-ncr,Kia Seltos,2019,1177000,16K km,16000,DL,automatic,petrol,20242
delhi-ncr,Ford EcoSport,2018,624000,39K km,39000,DL,automatic,petrol,10626
delhi-ncr,Maruti S-Cross,2021,859000,26K km,26000,HR,manual,petrol,14628
delhi-ncr,Hyundai Creta,2020,1239000,77.5K km,77500,DL,automatic,petrol,21308
delhi-ncr,Maruti Baleno,2018,478000,61K km,61000,DL,manual,petrol,8140
delhi-ncr,Renault Triber,2020,563000,53K km,53000,HR,automatic,petrol,9587
delhi-ncr,Maruti Ciaz,2015,492000,85.5K km,85500,HR,manual,petrol,8955
delhi-ncr,Maruti Celerio,2020,442000,67K km,67000,DL,manual,petrol+cng,7527
delhi-ncr,Hyundai Verna,2013,445000,40.5K km,40500,DL,manual,petrol,11995
delhi-ncr,Maruti A-Star,2012,215000,61K km,61000,DL,manual,petrol,7666
delhi-ncr,Honda Jazz,2015,342000,65.5K km,65500,HR,manual,petrol,5836
delhi-ncr,Maruti Swift,2013,284000,66.5K km,66500,DL,manual,petrol,7655
delhi-ncr,Maruti S-Cross,2020,790000,83K km,83000,DL,automatic,petrol,13453
delhi-ncr,Honda Amaze,2017,426000,57K km,57000,DL,manual,petrol,7254
delhi-ncr,Mercedes C-Class,2020,3450000,33K km,33000,DL,automatic,petrol,59336
delhi-ncr,Hyundai Creta,2016,727000,64K km,64000,HR,manual,petrol,12380
delhi-ncr,Hyundai Aura,2021,639000,17.5K km,17500,DL,manual,petrol,10881
delhi-ncr,MG Hector,2020,1217000,42K km,42000,HR,automatic,petrol,20929
delhi-ncr,Maruti Ciaz,2022,949000,29K km,29000,DL,automatic,petrol,16160
delhi-ncr,Hyundai Elite i20,2019,529000,21.5K km,21500,HR,manual,petrol,9008
delhi-ncr,Maruti Vitara Brezza,2021,814000,39K km,39000,DL,manual,petrol,13861
delhi-ncr,Maruti Baleno,2018,524000,35.5K km,35500,DL,manual,petrol,8923
delhi-ncr,Toyota Etios Liva,2019,478000,69.5K km,69500,DL,manual,petrol,7631
delhi-ncr,Hyundai New i20,2023,1039000,8.5K km,8500,HR,automatic,petrol,17868
delhi-ncr,Hyundai Venue,2022,1039000,24K km,24000,UP,automatic,petrol,17868
delhi-ncr,Maruti Wagon R 1.0,2013,243000,35.5K km,35500,DL,manual,petrol,6738
delhi-ncr,Hyundai New Santro 1.1,2019,420000,85K km,85000,DL,manual,petrol+cng,6705
delhi-ncr,Hyundai New Santro 1.1,2019,426000,117K km,117000,HR,manual,petrol+cng,6801
delhi-ncr,Honda City,2014,453000,62.5K km,62500,DL,manual,petrol,9722
delhi-ncr,Renault Triber,2023,627000,21K km,21000,DL,manual,petrol+cng,10677
delhi-ncr,Tata Tiago NRG,2019,440000,20.5K km,20500,DL,manual,petrol,7492
delhi-ncr,Hyundai Venue,2020,765000,76K km,76000,HR,automatic,petrol,13027
delhi-ncr,Honda Amaze,2019,543000,89K km,89000,DL,automatic,petrol,9246
delhi-ncr,Maruti Wagon R 1.0,2012,228000,17.5K km,17500,DL,manual,petrol,8843
delhi-ncr,Hyundai New Santro 1.1,2019,444000,53K km,53000,DL,manual,petrol+cng,7088
delhi-ncr,Hyundai Venue,2022,1032000,33K km,33000,UP,manual,petrol,17748
delhi-ncr,Hyundai Elite i20,2015,497000,29K km,29000,DL,manual,petrol,9046
delhi-ncr,Renault Triber,2022,632000,30K km,30000,HR,manual,petrol,10762
delhi-ncr,Tata Curvv,2024,1412000,2K km,2000,HR,automatic,petrol,
delhi-ncr,Maruti Baleno,2020,672000,25K km,25000,HR,manual,petrol,11443
delhi-ncr,Maruti Baleno,2016,426000,58K km,58000,DL,manual,petrol,7254
delhi-ncr,Hyundai Venue,2021,973000,23.5K km,23500,UP,manual,petrol,16569
delhi-ncr,Maruti Baleno,2016,493000,35.5K km,35500,DL,manual,petrol,8395
delhi-ncr,Maruti Baleno,2018,565000,56.5K km,56500,HR,manual,petrol,9621
delhi-ncr,Maruti Baleno,2016,460000,18K km,18000,DL,manual,petrol,7833
delhi-ncr,Hyundai Grand i10,2015,420000,16K km,16000,UP,manual,petrol,7645
delhi-ncr,Hyundai Creta,2018,839000,95K km,95000,UP,manual,petrol,14287
delhi-ncr,Hyundai Venue,2022,872000,49K km,49000,DL,manual,petrol,14849
delhi-ncr,Honda City,2017,740000,71.5K km,71500,HR,automatic,petrol,12601
delhi-ncr,Tata Punch,2022,668000,37.5K km,37500,DL,manual,petrol,11375
delhi-ncr,Renault Kwid,2018,374000,18K km,18000,HR,automatic,petrol,6369
delhi-ncr,Maruti Ertiga,2013,492000,44K km,44000,DL,manual,petrol+cng,13261
delhi-ncr,Maruti Swift,2017,378000,44.5K km,44500,HR,manual,petrol,6437
delhi-ncr,Hyundai Venue,2021,833000,98K km,98000,DL,automatic,petrol,14185
delhi-ncr,Maruti Baleno,2018,520000,13K km,13000,HR,automatic,petrol,8855
delhi-ncr,Maruti Ciaz,2020,779000,39.5K km,39500,DL,automatic,petrol,13265
delhi-ncr,Renault Triber,2020,530000,45K km,45000,UP,automatic,petrol,9025
delhi-ncr,Nissan Magnite,2023,890000,10.5K km,10500,HR,automatic,petrol,15156
delhi-ncr,Hyundai Creta,2019,962000,61.5K km,61500,DL,automatic,diesel,16382
delhi-ncr,Hyundai New i20,2022,768000,17K km,17000,DL,manual,petrol,13078
delhi-ncr,Hyundai Grand i10,2014,367000,44.5K km,44500,DL,manual,petrol,7876
delhi-ncr,Ford EcoSport,2018,604000,90K km,90000,DL,manual,petrol,10285
delhi-ncr,Maruti Baleno,2018,619000,50K km,50000,DL,automatic,petrol,10541
delhi-ncr,Hyundai Creta,2016,697000,88.5K km,88500,UP,manual,petrol,11869
delhi-ncr,Tata Nexon,2019,763000,30K km,30000,DL,automatic,petrol,12993
delhi-ncr,Hyundai New i20,2022,960000,20.5K km,20500,UP,automatic,petrol,16348
delhi-ncr,Honda City,2017,630000,92.5K km,92500,DL,automatic,petrol,10728
delhi-ncr,Hyundai Xcent,2014,316000,102.5K km,102500,DL,manual,petrol,6358
delhi-ncr,Maruti Swift,2020,611000,64K km,64000,DL,automatic,petrol,10404
delhi-ncr,Maruti Ertiga,2014,475000,95K km,95000,DL,manual,petrol+cng,10194
delhi-ncr,Maruti Vitara Brezza,2019,604000,75.5K km,75500,HR,manual,diesel,10285
delhi-ncr,Hyundai Grand i10,2017,498000,31K km,31000,DL,automatic,petrol,8480
delhi-ncr,Renault Kwid,2022,362000,65.5K km,65500,HR,manual,petrol,6164
delhi-ncr,Maruti Celerio,2015,272000,55.5K km,55500,DL,manual,petrol,4951
delhi-ncr,Honda City,2013,359000,41K km,41000,DL,manual,petrol,9676
delhi-ncr,Hyundai New i20,2021,749000,56.5K km,56500,HR,manual,petrol,12755
delhi-ncr,Hyundai Elite i20,2020,722000,15.5K km,15500,DL,automatic,petrol,12295
delhi-ncr,Tata Nexon,2023,899000,16.5K km,16500,DL,automatic,petrol,15309
delhi-ncr,Maruti Ciaz,2022,859000,15K km,15000,UP,manual,petrol,14628
delhi-ncr,Hyundai New Santro 1.1,2018,397000,33.5K km,33500,DL,manual,petrol,6338
delhi-ncr,Hyundai New Santro 1.1,2021,476000,24.5K km,24500,DL,manual,petrol,7599
delhi-ncr,Renault Kiger,2024,757000,20K km,20000,DL,manual,petrol,12891
delhi-ncr,Hyundai New Santro 1.1,2019,462000,56.5K km,56500,DL,manual,petrol+cng,7375
delhi-ncr,Nissan Magnite,2021,825000,24K km,24000,DL,automatic,petrol,14049
delhi-ncr,Maruti Ignis,2019,440000,43K km,43000,HR,manual,petrol,7492
delhi-ncr,Mahindra Thar,2022,1240000,39K km,39000,HR,automatic,petrol,21324
delhi-ncr,Maruti Celerio,2018,352000,101K km,101000,DL,manual,petrol,5994
delhi-ncr,Honda Amaze,2020,729000,17.5K km,17500,UP,automatic,petrol,12414
delhi-ncr,Renault Triber,2021,455000,72.5K km,72500,HR,manual,petrol,7748
delhi-ncr,Hyundai New Santro 1.1,2020,511000,30.5K km,30500,DL,manual,petrol+cng,8158
delhi-ncr,Maruti Baleno,2016,453000,40K km,40000,DL,manual,petrol,7714
delhi-ncr,Volkswagen Polo,2013,334000,96.5K km,96500,DL,manual,petrol,8440
delhi-ncr,Kia Seltos,2021,1125000,52K km,52000,HR,manual,diesel,19348
delhi-ncr,Hyundai Grand i10 Nios,2021,570000,21.5K km,21500,DL,manual,petrol,9706
delhi-ncr,Ford EcoSport,2014,425000,112K km,112000,DL,automatic,petrol,9121
delhi-ncr,Hyundai Creta,2018,924000,54.5K km,54500,DL,automatic,petrol,15735
delhi-ncr,Kia Sonet,2021,997000,37.5K km,37500,HR,manual,petrol,16978
delhi-ncr,Kia Seltos,2021,1183000,73K km,73000,HR,automatic,petrol,20344
delhi-ncr,Maruti XL6,2022,1048000,48.5K km,48500,HR,automatic,petrol,18023
delhi-ncr,Renault Triber,2020,542000,31K km,31000,UP,manual,petrol,9229
delhi-ncr,Tata Nexon,2020,825000,26K km,26000,UP,automatic,petrol,14049
delhi-ncr,Maruti Dzire,2017,470000,39.5K km,39500,HR,manual,petrol,8003
delhi-ncr,Tata Altroz,2022,778000,11K km,11000,HR,automatic,petrol,13248
delhi-ncr,Maruti Brezza,2023,1054000,32K km,32000,HR,manual,petrol+cng,18119
delhi-ncr,Maruti Baleno,2017,543000,44K km,44000,DL,automatic,petrol,9246
delhi-ncr,Maruti Ciaz,2018,631000,67K km,67000,UP,manual,petrol,10745
delhi-ncr,Renault Kwid,2022,356000,70K km,70000,HR,manual,petrol,6062
delhi-ncr,Maruti Wagon R 1.0,2013,229000,84K km,84000,DL,manual,petrol,6350
delhi-ncr,Hyundai i10,2013,204000,75K km,75000,DL,manual,petrol,5498
delhi-ncr,Hyundai Verna,2013,390000,71.5K km,71500,DL,manual,petrol,10512
delhi-ncr,Maruti Swift,2014,338000,73.5K km,73500,DL,manual,petrol,7254
delhi-ncr,Honda City,2016,597000,114K km,114000,DL,automatic,petrol,10166
delhi-ncr,Renault Kwid,2019,349000,62.5K km,62500,DL,automatic,petrol,5943
delhi-ncr,Hyundai Elite i20,2017,490000,111K km,111000,UP,manual,petrol,8344
delhi-ncr,Renault Duster,2019,578000,61K km,61000,DL,manual,diesel,9843
delhi-ncr,Renault Triber,2020,479000,28.5K km,28500,DL,manual,petrol,8157
delhi-ncr,Ford EcoSport,2016,488000,57K km,57000,DL,manual,petrol,8310
delhi-ncr,Renault Triber,2023,687000,7K km,7000,HR,manual,petrol,11699
delhi-ncr,Maruti Baleno,2015,495000,23.5K km,23500,HR,manual,petrol,9010
delhi-ncr,Mahindra Thar,2020,1102000,52.5K km,52500,UP,manual,diesel,18952
delhi-ncr,Tata Altroz,2021,639000,43K km,43000,UP,manual,petrol,10881
delhi-ncr,Hyundai Creta,2022,1149000,75K km,75000,HR,manual,petrol,19760
delhi-ncr,Hyundai New Santro 1.1,2019,435000,33K km,33000,HR,manual,petrol,6944
delhi-ncr,Maruti Ertiga,2014,526000,71.5K km,71500,HR,manual,petrol,11289
delhi-ncr,Maruti Ciaz,2017,714000,29K km,29000,HR,automatic,petrol,12159
delhi-ncr,Maruti Ciaz,2016,579000,48K km,48000,UP,manual,petrol,9860
delhi-ncr,Toyota Glanza,2021,612000,21K km,21000,DL,manual,petrol,10422
delhi-ncr,Renault Kwid,2020,356000,61.5K km,61500,DL,manual,petrol,6062
delhi-ncr,Hyundai i10,2011,201000,56.5K km,56500,DL,manual,petrol,14362
delhi-ncr,Ford Figo,2012,201000,84K km,84000,DL,manual,petrol,
delhi-ncr,Honda Amaze,2022,688000,27K km,27000,UP,automatic,petrol,11716
delhi-ncr,Maruti Celerio,2019,380000,111K km,111000,HR,manual,petrol,6471
delhi-ncr,Honda City,2015,450000,75.5K km,75500,DL,manual,petrol,8191
delhi-ncr,Maruti Baleno,2016,404000,73.5K km,73500,DL,manual,petrol,6879
delhi-ncr,Volkswagen Polo,2013,336000,39K km,39000,DL,manual,petrol,8490
delhi-ncr,Tata Tigor,2022,646000,41.5K km,41500,DL,manual,petrol+cng,11001
delhi-ncr,Tata Nexon,2021,917000,31.5K km,31500,DL,automatic,petrol,15615
delhi-ncr,Hyundai Elite i20,2015,418000,53.5K km,53500,DL,manual,petrol,7608
delhi-ncr,Tata Tiago,2021,561000,35K km,35000,DL,automatic,petrol,9553
delhi-ncr,Tata Nexon,2022,789000,56K km,56000,DL,automatic,petrol,13436
delhi-ncr,Tata Tiago,2019,541000,25.5K km,25500,UP,automatic,petrol,9212
delhi-ncr,Maruti S-Presso,2020,374000,40.5K km,40500,DL,manual,petrol,6369
delhi-ncr,Hyundai Venue,2022,897000,36.5K km,36500,HR,manual,petrol,15275
delhi-ncr,Tata Altroz,2023,726000,12.5K km,12500,UP,automatic,petrol,12363
delhi-ncr,Renault Kiger,2022,895000,7.5K km,7500,DL,automatic,petrol,15241
delhi-ncr,Kia Sonet,2021,1129000,34.5K km,34500,HR,automatic,diesel,19416
delhi-ncr,Maruti Wagon R 1.0,2014,229000,61.5K km,61500,UP,manual,petrol,5098
delhi-ncr,Renault Kwid,2022,358000,17.5K km,17500,DL,manual,petrol,6096
delhi-ncr,Maruti Celerio,2017,303000,107K km,107000,DL,manual,petrol,5159
delhi-ncr,Volkswagen Polo,2016,430000,54K km,54000,DL,manual,petrol+cng,7322
delhi-ncr,Honda Amaze,2014,321000,53.5K km,53500,DL,manual,petrol,6889
delhi-ncr,Tata Tiago,2017,340000,122.5K km,122500,DL,manual,petrol,5790
delhi-ncr,Hyundai Elite i20,2015,456000,72.5K km,72500,DL,manual,petrol,8300
delhi-ncr,Renault Duster,2016,449000,84.5K km,84500,HR,manual,petrol,7646
delhi-ncr,Hyundai Elite i20,2016,483000,83.5K km,83500,DL,manual,petrol,8225
delhi-ncr,Tata Altroz,2022,668000,29K km,29000,DL,manual,petrol+cng,11375
delhi-ncr,Kia Sonet,2021,846000,55.5K km,55500,DL,manual,petrol,14406
delhi-ncr,Tata Nexon,2022,925000,46K km,46000,DL,manual,petrol,15752
delhi-ncr,Honda City,2019,696000,52.5K km,52500,UP,manual,petrol,11852
delhi-ncr,Kia Sonet,2021,1039000,6.5K km,6500,HR,manual,petrol,17868
delhi-ncr,Tata Nexon,2020,768000,43K km,43000,HR,manual,petrol,13078
delhi-ncr,Nissan Magnite,2021,795000,31K km,31000,DL,automatic,petrol,13538
delhi-ncr,Maruti Alto 800,2021,349000,13.5K km,13500,DL,manual,petrol,6237
delhi-ncr,Maruti Dzire,2018,489000,42.5K km,42500,DL,manual,petrol,8327
delhi-ncr,Maruti Dzire,2018,508000,62.5K km,62500,UP,manual,petrol,8650
delhi-ncr,Mahindra Thar,2021,1127000,62.5K km,62500,UP,automatic,petrol,19382
delhi-ncr,Tata Nexon,2019,675000,31.5K km,31500,DL,manual,petrol,11494
delhi-ncr,Kia Seltos,2019,925000,77.5K km,77500,HR,manual,petrol,15752
delhi-ncr,Hyundai i20 Active,2015,441000,57.5K km,57500,DL,manual,petrol,8027
delhi-ncr,Tata Tigor,2022,640000,59.5K km,59500,DL,manual,petrol+cng,10898
delhi-ncr,Maruti Celerio,2017,376000,95.5K km,95500,DL,automatic,petrol,6403
delhi-ncr,Honda Brio,2013,225000,100K km,100000,UP,manual,petrol,5685
delhi-ncr,Maruti Swift Dzire,2013,344000,26K km,26000,DL,manual,petrol,9272
delhi-ncr,Hyundai Verna,2019,840000,89K km,89000,UP,automatic,petrol,14304
delhi-ncr,Hyundai Grand i10,2013,312000,22K km,22000,DL,manual,petrol,8410
delhi-ncr,Kia Carens,2022,1227000,18K km,18000,DL,manual,petrol,21101
delhi-ncr,Renault Kiger,2022,630000,9K km,9000,DL,manual,petrol,10728
delhi-ncr,Maruti Baleno,2016,445000,55K km,55000,HR,manual,petrol,7578
delhi-ncr,Tata Nexon,2021,825000,32K km,32000,UP,manual,petrol,14049
delhi-ncr,Hyundai Venue,2019,752000,70K km,70000,HR,automatic,petrol,12806
delhi-ncr,Honda City,2023,1259000,22.5K km,22500,HR,manual,petrol,21652
delhi-ncr,Hyundai New Santro 1.1,2019,441000,78K km,78000,HR,manual,petrol+cng,7040
delhi-ncr,Hyundai Creta,2016,818000,50K km,50000,HR,automatic,petrol,13930
delhi-ncr,Hyundai Elite i20,2018,624000,35.5K km,35500,UP,manual,petrol,10626
delhi-ncr,Maruti Baleno,2018,554000,51.5K km,51500,DL,manual,petrol,9434
delhi-ncr,Mahindra XUV700,2022,2059000,26K km,26000,UP,automatic,petrol,35410
delhi-ncr,Maruti Swift,2014,308000,107K km,107000,DL,manual,petrol,6610
delhi-ncr,Maruti Wagon R Stingray,2013,244000,28.5K km,28500,DL,manual,petrol,6577
delhi-ncr,Hyundai i20,2011,207000,43.5K km,43500,DL,manual,petrol,14790
delhi-ncr,Maruti S-Presso,2022,419000,81.5K km,81500,DL,manual,petrol+cng,7135
delhi-ncr,Hyundai i10,2012,202000,68.5K km,68500,DL,manual,petrol,7682
delhi-ncr,Renault Kwid,2022,374000,49.5K km,49500,HR,manual,petrol,6369
delhi-ncr,Hyundai Creta,2016,633000,113K km,113000,DL,manual,petrol,10779
delhi-ncr,Maruti A-Star,2012,218000,75K km,75000,HR,manual,petrol,7773
delhi-ncr,Honda City,2013,315000,76K km,76000,DL,manual,petrol,8490
delhi-ncr,Maruti Baleno,2018,483000,49.5K km,49500,DL,manual,petrol,8225
delhi-ncr,Renault Kwid,2017,280000,55K km,55000,HR,manual,petrol,4768
delhi-ncr,Tata Tigor,2022,633000,70.5K km,70500,DL,manual,petrol+cng,10779
delhi-ncr,Hyundai Elite i20,2015,409000,67K km,67000,DL,manual,petrol,7444
delhi-ncr,Hyundai Verna,2019,746000,58K km,58000,HR,manual,petrol,12703
delhi-ncr,Renault Triber,2021,598000,65K km,65000,UP,automatic,petrol,10183
delhi-ncr,Hyundai New Santro 1.1,2020,462000,52.5K km,52500,HR,manual,petrol+cng,7375
delhi-ncr,Honda BR-V,2016,571000,86K km,86000,DL,manual,petrol,9723
delhi-ncr,Maruti Swift,2020,468000,33K km,33000,DL,manual,petrol,7969
delhi-ncr,Hyundai Elite i20,2018,597000,40K km,40000,DL,manual,petrol+cng,10166
delhi-ncr,Honda Amaze,2018,498000,20K km,20000,HR,manual,petrol,8480
delhi-ncr,Toyota Glanza,2022,740000,41K km,41000,DL,manual,petrol,12601
delhi-ncr,Hyundai Eon,2012,224000,22.5K km,22500,DL,manual,petrol,7987
delhi-ncr,Maruti Celerio,2016,367000,45K km,45000,UP,automatic,petrol,6249
delhi-ncr,Honda Brio,2013,229000,55K km,55000,DL,manual,petrol,5786
delhi-ncr,Hyundai Eon,2012,201000,54K km,54000,DL,manual,petrol,7166
delhi-ncr,Maruti Ciaz,2018,626000,53.5K km,53500,HR,manual,petrol,10660
delhi-ncr,Hyundai Grand i10,2013,298000,87.5K km,87500,DL,manual,petrol,8032
delhi-ncr,Maruti Alto 800,2013,205000,27.5K km,27500,HR,manual,petrol,5685
delhi-ncr,Maruti Wagon R 1.0,2012,214000,24K km,24000,DL,manual,petrol,8300
delhi-ncr,Honda Amaze,2022,732000,55K km,55000,UP,automatic,petrol,12465
delhi-ncr,Hyundai Grand i10 Nios,2021,611000,45K km,45000,HR,manual,petrol+cng,10404
delhi-ncr,Tata Nexon,2023,919000,34.5K km,34500,DL,manual,petrol,15650
delhi-ncr,Maruti Ciaz,2016,541000,65K km,65000,UP,manual,petrol,9212
delhi-ncr,Hyundai Creta,2016,720000,67.5K km,67500,UP,automatic,petrol,12261
delhi-ncr,Hyundai Venue,2021,829000,22.5K km,22500,UP,manual,petrol,14117
delhi-ncr,Maruti Baleno,2018,501000,38K km,38000,DL,manual,petrol,8531
delhi-ncr,Honda City,2016,575000,79K km,79000,DL,automatic,petrol,9791
delhi-ncr,Hyundai Creta,2016,747000,44K km,44000,DL,automatic,petrol,12720
delhi-ncr,Renault Kwid,2021,412000,11.5K km,11500,DL,manual,petrol,7016
delhi-ncr,Maruti Swift,2017,457000,23.5K km,23500,DL,manual,petrol,7782
delhi-ncr,Nissan Sunny,2012,249000,54K km,54000,DL,manual,petrol,8878
delhi-ncr,Honda Amaze,2016,401000,124.5K km,124500,UP,manual,petrol,6828
delhi-ncr,Hyundai Elite i20,2015,398000,94.5K km,94500,HR,manual,petrol,7244
delhi-ncr,Hyundai Verna,2013,349000,97K km,97000,DL,manual,petrol,9407
delhi-ncr,Hyundai Grand i10,2013,309000,89.5K km,89500,DL,manual,petrol,8329
delhi-ncr,Honda Brio,2012,216000,71K km,71000,DL,manual,petrol,7701
delhi-ncr,Volkswagen Polo,2012,289000,107.5K km,107500,DL,manual,petrol,10304
delhi-ncr,Maruti Wagon R 1.0,2012,176000,94.5K km,94500,DL,manual,petrol,6826
delhi-ncr,Honda City,2017,758000,88.5K km,88500,DL,automatic,petrol,12908
delhi-ncr,Hyundai New Santro 1.1,2021,460000,32K km,32000,HR,manual,petrol,7343
delhi-ncr,Maruti Baleno,2016,421000,80.5K km,80500,DL,manual,petrol,7169
delhi-ncr,Hyundai Venue,2022,880000,24.5K km,24500,DL,manual,petrol,14985
delhi-ncr,Kia Seltos,2020,1268000,55.5K km,55500,DL,manual,petrol,21807
delhi-ncr,Hyundai Elite i20,2015,457000,73K km,73000,DL,manual,petrol,8315
delhi-ncr,Maruti Swift,2017,428000,13K km,13000,DL,manual,petrol,7288
delhi-ncr,Renault Kwid,2021,395000,55.5K km,55500,DL,automatic,petrol,6726
delhi-ncr,Maruti Celerio,2021,549000,33.5K km,33500,UP,automatic,petrol,9349
delhi-ncr,Tata Nexon,2019,712000,44.5K km,44500,HR,manual,petrol,12124
delhi-ncr,Renault Kwid,2019,302000,37K km,37000,DL,manual,petrol,5142
delhi-ncr,Tata Altroz,2023,784000,12K km,12000,HR,manual,petrol,13351
delhi-ncr,Hyundai i10,2012,206000,58.5K km,58500,DL,manual,petrol,7834
delhi-ncr,Maruti Swift,2014,318000,66K km,66000,DL,manual,petrol,6824
delhi-ncr,Hyundai i20,2012,201000,57K km,57000,DL,manual,petrol,7644
delhi-ncr,Maruti Celerio,2015,314000,90K km,90000,DL,automatic,petrol,5715
delhi-ncr,Renault Kwid,2020,349000,33K km,33000,UP,manual,petrol,5943
delhi-ncr,Maruti Wagon R 1.0,2016,344000,32K km,32000,DL,automatic,petrol,6546
delhi-ncr,Kia Carnival,2022,2688000,99.5K km,99500,UP,automatic,diesel,46234
delhi-ncr,Tata Altroz,2020,580000,52K km,52000,HR,manual,petrol,9877
delhi-ncr,Volkswagen Polo,2011,245000,111.5K km,111500,HR,manual,petrol,16412
delhi-ncr,Honda Jazz,2016,402000,74.5K km,74500,HR,manual,petrol,6417
delhi-ncr,Honda Amaze,2019,539000,82.5K km,82500,UP,automatic,petrol,9178
delhi-ncr,Hyundai Creta,2016,690000,81K km,81000,UP,manual,petrol,11750
delhi-ncr,Maruti Vitara Brezza,2019,645000,67K km,67000,DL,automatic,diesel,10983
delhi-ncr,Hyundai Grand i10,2014,385000,41K km,41000,DL,manual,petrol,8262
delhi-ncr,Hyundai Verna,2018,799000,38.5K km,38500,DL,manual,petrol,13606
delhi-ncr,Maruti Wagon R 1.0,2021,475000,77.5K km,77500,DL,manual,petrol+cng,8088
delhi-ncr,Maruti Ciaz,2018,681000,51.5K km,51500,DL,manual,petrol,11597
delhi-ncr,Toyota Glanza,2020,646000,47.5K km,47500,DL,automatic,petrol,11001
delhi-ncr,Honda City,2022,1126000,12K km,12000,DL,manual,petrol,19364
delhi-ncr,Renault Triber,2019,523000,12.5K km,12500,DL,manual,petrol,8906
delhi-ncr,Honda Brio,2011,207000,35K km,35000,DL,manual,petrol,13866
delhi-ncr,Ford EcoSport,2021,875000,33K km,33000,DL,manual,petrol,14900
delhi-ncr,Maruti Alto K10,2023,443000,26.5K km,26500,DL,manual,petrol,7544
delhi-ncr,Maruti Swift,2012,286000,33K km,33000,DL,manual,petrol,10877
delhi-ncr,Maruti Swift,2017,383000,58.5K km,58500,DL,manual,petrol,6522
delhi-ncr,Ford Figo,2012,199000,43.5K km,43500,DL,manual,petrol,
delhi-ncr,Mahindra KUV100,2017,323000,35.5K km,35500,HR,manual,petrol,5500
delhi-ncr,Hyundai Elite i20,2016,487000,60K km,60000,DL,manual,petrol,8293
delhi-ncr,Maruti Swift Dzire,2014,309000,97K km,97000,DL,manual,petrol,6631
delhi-ncr,Honda WR-V,2019,698000,41K km,41000,DL,manual,petrol,11886
delhi-ncr,Maruti Baleno,2015,423000,44.5K km,44500,DL,manual,petrol,7699
delhi-ncr,Maruti S-Presso,2024,427000,10K km,10000,HR,manual,petrol,7271
delhi-ncr,Hyundai Creta,2015,668000,39K km,39000,DL,manual,petrol,12159
delhi-ncr,Honda Amaze,2023,798000,12K km,12000,DL,automatic,petrol,13589
delhi-ncr,Tata Tigor,2022,698000,21.5K km,21500,DL,manual,petrol+cng,11886
delhi-ncr,Honda City,2016,647000,54.5K km,54500,HR,automatic,petrol,11018
delhi-ncr,Hyundai Elite i20,2015,464000,61K km,61000,DL,manual,petrol,8445
delhi-ncr,Hyundai Grand i10,2018,459000,27.5K km,27500,DL,manual,petrol,7816
delhi-ncr,Hyundai New i20,2021,792000,16K km,16000,DL,automatic,petrol,13487
delhi-ncr,Maruti Baleno,2016,463000,83.5K km,83500,HR,manual,petrol,7884
delhi-ncr,Maruti Swift Dzire,2016,390000,50K km,50000,HR,manual,petrol,6641
delhi-ncr,Hyundai Elite i20,2016,440000,50.5K km,50500,DL,manual,petrol,8009
delhi-ncr,Hyundai i10,2012,236000,35.5K km,35500,HR,automatic,petrol,16863
delhi-ncr,Maruti Swift Dzire,2015,351000,97K km,97000,DL,manual,petrol,6389
delhi-ncr,Maruti Swift Dzire,2012,322000,50K km,50000,DL,automatic,petrol,12246
delhi-ncr,Honda City,2017,768000,59.5K km,59500,DL,automatic,petrol,13078
delhi-ncr,Renault Triber,2021,558000,54.5K km,54500,DL,manual,petrol,9502
delhi-ncr,Volkswagen Polo,2012,294000,73K km,73000,DL,manual,petrol,10482
delhi-ncr,Honda Amaze,2015,370000,100.5K km,100500,DL,manual,petrol,6734
delhi-ncr,Renault Kwid,2023,458000,12K km,12000,UP,manual,petrol,7799
delhi-ncr,Datsun Redi-GO,2020,267000,25K km,25000,UP,manual,petrol,5730
delhi-ncr,Maruti Ciaz,2017,602000,78K km,78000,DL,automatic,petrol,10251
delhi-ncr,Maruti Alto 800,2017,275000,38K km,38000,DL,manual,petrol,4914
delhi-ncr,Hyundai Grand i10 Nios,2022,591000,32K km,32000,HR,manual,petrol,10064
delhi-ncr,Hyundai Grand i10,2014,341000,56K km,56000,DL,manual,petrol,7318
delhi-ncr,Hyundai Elite i20,2015,439000,60.5K km,60500,DL,manual,petrol,7990
delhi-ncr,Hyundai Elite i20,2015,512000,26.5K km,26500,HR,manual,petrol,9319
delhi-ncr,Tata Nexon,2021,710000,13.5K km,13500,DL,manual,petrol,12090
delhi-ncr,Renault Kwid,2020,329000,36K km,36000,HR,manual,petrol,5602
delhi-ncr,Renault Kwid,2021,389000,18K km,18000,DL,manual,petrol,6624
delhi-ncr,Maruti Alto 800,2013,212000,28K km,28000,DL,manual,petrol,5879
delhi-ncr,Maruti Swift,2018,565000,67.5K km,67500,DL,manual,petrol,9621
delhi-ncr,Volkswagen Polo,2016,403000,90.5K km,90500,DL,manual,petrol,6433
delhi-ncr,Maruti Ciaz,2018,619000,111.5K km,111500,UP,manual,petrol,10541
delhi-ncr,Honda Brio,2013,246000,74.5K km,74500,DL,manual,petrol,6216
delhi-ncr,Honda City,2015,472000,104.5K km,104500,DL,manual,petrol,8591
delhi-ncr,Maruti Baleno,2016,432000,94K km,94000,DL,manual,petrol,7356
delhi-ncr,Maruti S-Cross,2021,831000,90.5K km,90500,UP,automatic,petrol,14151
delhi-ncr,Hyundai Verna,2012,328000,68K km,68000,DL,manual,petrol,12474
delhi-ncr,Maruti Swift,2023,639000,17K km,17000,DL,manual,petrol,10881
delhi-ncr,Maruti Dzire,2017,549000,61K km,61000,DL,automatic,petrol,9349
delhi-ncr,Ford EcoSport,2020,738000,29.5K km,29500,HR,manual,petrol,12567
delhi-ncr,Hyundai Creta,2019,897000,26K km,26000,DL,manual,petrol,15275
delhi-ncr,Ford EcoSport,2014,433000,71.5K km,71500,DL,manual,petrol,9293
delhi-ncr,Renault Kwid,2022,439000,33K km,33000,HR,manual,petrol,7475
delhi-ncr,Renault Kwid,2022,355000,31K km,31000,HR,manual,petrol,6045
delhi-ncr,Maruti Celerio,2017,385000,80K km,80000,DL,automatic,petrol,6556
delhi-ncr,Maruti S-Cross,2021,911000,50.5K km,50500,HR,manual,petrol,15513
delhi-ncr,Honda Jazz,2017,459000,48K km,48000,DL,manual,petrol,7327
delhi-ncr,Renault Triber,2021,560000,9K km,9000,UP,automatic,petrol,9536
delhi-ncr,Maruti Swift,2011,218000,54.5K km,54500,DL,manual,petrol,15576
delhi-ncr,Maruti Baleno,2019,522000,100.5K km,100500,HR,manual,petrol,8889
delhi-ncr,Maruti Wagon R 1.0,2013,247000,101K km,101000,DL,manual,petrol+cng,6657
delhi-ncr,Hyundai Elite i20,2016,419000,56K km,56000,UP,manual,petrol,7135
delhi-ncr,Hyundai i20,2012,255000,49.5K km,49500,DL,manual,petrol,9698
delhi-ncr,Maruti Baleno,2019,468000,52.5K km,52500,DL,manual,petrol+cng,7969
delhi-ncr,Hyundai i10,2011,185000,51K km,51000,DL,manual,petrol,13218
delhi-ncr,Hyundai Grand i10,2014,318000,61K km,61000,DL,manual,petrol,6824
delhi-ncr,Maruti Wagon R 1.0,2013,229000,81.5K km,81500,HR,manual,petrol,6350
delhi-ncr,Ford EcoSport,2014,465000,43.5K km,43500,DL,manual,petrol,9979
delhi-ncr,Maruti Swift,2023,640000,8.5K km,8500,DL,manual,petrol,10898
delhi-ncr,MG Astor,2024,1085000,8K km,8000,HR,manual,petrol,18659
delhi-ncr,Maruti Baleno,2019,598000,61K km,61000,DL,automatic,petrol,10183
delhi-ncr,Kia Sonet,2021,879000,31K km,31000,DL,manual,petrol,14968
delhi-ncr,Renault Kwid,2021,396000,40K km,40000,UP,automatic,petrol,6743
delhi-ncr,Hyundai Grand i10,2020,475000,54.5K km,54500,DL,manual,petrol,8088
delhi-ncr,Renault Kwid,2020,372000,25.5K km,25500,DL,automatic,petrol,6334
delhi-ncr,Renault Kwid,2021,441000,12.5K km,12500,DL,manual,petrol,7509
delhi-ncr,Honda Amaze,2021,698000,48K km,48000,HR,automatic,petrol,11886
delhi-ncr,Hyundai Creta,2016,769000,57.5K km,57500,DL,automatic,petrol,13095
delhi-ncr,Datsun Redi-GO,2022,278000,66.5K km,66500,HR,manual,petrol,4734
delhi-ncr,Hyundai i10,2012,216000,46.5K km,46500,DL,manual,petrol,8219
delhi-ncr,Maruti Baleno,2016,405000,39K km,39000,HR,manual,petrol,6896
delhi-ncr,Honda City,2012,279000,94K km,94000,DL,manual,petrol,10611
delhi-ncr,Honda Jazz,2015,399000,122K km,122000,DL,automatic,petrol,6808
delhi-ncr,Chevrolet Beat,2011,165000,67.5K km,67500,DL,manual,petrol,
delhi-ncr,Hyundai Venue,2021,885000,71.5K km,71500,HR,manual,diesel,15071
delhi-ncr,Hyundai i10,2011,198000,59.5K km,59500,DL,manual,petrol,14147
delhi-ncr,Maruti Baleno,2016,436000,45.5K km,45500,DL,manual,petrol,7424
delhi-ncr,Maruti S-Cross,2022,912000,25.5K km,25500,DL,manual,petrol,15530
delhi-ncr,Hyundai New Santro 1.1,2019,446000,69.5K km,69500,DL,manual,petrol+cng,7120
delhi-ncr,Tata Altroz,2023,749000,25K km,25000,DL,automatic,petrol,12755
delhi-ncr,Maruti S-Presso,2020,354000,14.5K km,14500,DL,manual,petrol,6028
delhi-ncr,Renault Triber,2023,594000,36K km,36000,HR,manual,petrol,10115
delhi-ncr,Hyundai Elite i20,2015,430000,65K km,65000,UP,manual,petrol,7827
delhi-ncr,Honda Jazz,2016,434000,40.5K km,40500,DL,manual,petrol,6928
delhi-ncr,Tata Nexon,2020,712000,71.5K km,71500,UP,automatic,petrol,12124
delhi-ncr,Renault Kwid,2022,414000,10.5K km,10500,UP,manual,petrol,7050
delhi-ncr,Renault Kwid,2022,467000,15.5K km,15500,DL,automatic,petrol,7952
delhi-ncr,Maruti Swift,2023,648000,15.5K km,15500,DL,manual,petrol,11035
delhi-ncr,Maruti Baleno,2015,379000,94K km,94000,HR,manual,petrol,6898
delhi-ncr,Maruti Dzire,2017,507000,49K km,49000,UP,automatic,petrol,8633
delhi-ncr,Maruti Baleno,2018,489000,37K km,37000,DL,manual,petrol,8327
delhi-ncr,Toyota Glanza,2023,719000,61K km,61000,DL,manual,petrol,12244
delhi-ncr,Hyundai i10,2011,205000,32.5K km,32500,DL,manual,petrol,14648
delhi-ncr,Maruti Swift Dzire,2013,330000,62K km,62000,HR,manual,petrol,8895
delhi-ncr,Maruti Swift Dzire,2011,236000,41K km,41000,DL,manual,petrol,16863
delhi-ncr,Hyundai Grand i10,2017,417000,55.5K km,55500,DL,manual,petrol+cng,7101
delhi-ncr,Hyundai Elite i20,2015,414000,102K km,102000,DL,manual,petrol,7535
delhi-ncr,Tata Nexon,2019,625000,50.5K km,50500,DL,automatic,diesel,10643
delhi-ncr,Maruti Swift,2023,642000,17K km,17000,UP,manual,petrol,10932
delhi-ncr,Renault Triber,2023,596000,24K km,24000,HR,manual,petrol,10149
delhi-ncr,Hyundai Creta,2016,718000,88.5K km,88500,HR,automatic,petrol,12227
delhi-ncr,Mahindra Thar,2021,1149000,32K km,32000,HR,automatic,petrol,19759
delhi-ncr,MG Hector,2020,1268000,70K km,70000,HR,manual,diesel,21805
delhi-ncr,Honda Amaze,2014,316000,60K km,60000,HR,manual,petrol,6781
delhi-ncr,Honda Amaze,2022,789000,31K km,31000,DL,automatic,petrol,13436
delhi-ncr,Honda City,2019,754000,47K km,47000,DL,manual,petrol,12840
delhi-ncr,Hyundai Venue,2022,818000,58.5K km,58500,DL,manual,petrol,13930
delhi-ncr,Honda Amaze,2021,681000,27.5K km,27500,HR,manual,petrol,11597
delhi-ncr,Hyundai Verna,2024,1472000,23K km,23000,DL,automatic,petrol,25315
delhi-ncr,Tata Nexon,2018,553000,103K km,103000,DL,manual,petrol,9417
delhi-ncr,Honda Amaze,2018,498000,38K km,38000,DL,manual,petrol,8480
delhi-ncr,Maruti Swift Dzire,2013,276000,72K km,72000,DL,manual,petrol,7439
delhi-ncr,Hyundai Verna,2011,346000,84K km,84000,DL,manual,petrol,24723
delhi-ncr,Hyundai Elite i20,2015,431000,70.5K km,70500,DL,manual,petrol,7845
delhi-ncr,Honda Brio,2012,189000,80.5K km,80500,DL,manual,petrol,6739
delhi-ncr,Maruti Baleno,2016,429000,38K km,38000,DL,manual,petrol,7305
delhi-ncr,Maruti Baleno,2016,403000,99.5K km,99500,DL,manual,petrol,6862
delhi-ncr,Hyundai Venue,2021,831000,22K km,22000,DL,manual,petrol,14151
delhi-ncr,Maruti Wagon R 1.0,2021,482000,11.5K km,11500,DL,manual,petrol,8614
delhi-ncr,Honda City,2016,512000,76K km,76000,DL,manual,petrol,8719
delhi-ncr,Maruti Swift,2017,419000,27K km,27000,UP,manual,petrol,7135
delhi-ncr,Hyundai Venue,2022,773000,84.5K km,84500,UP,manual,petrol,13163
delhi-ncr,Renault Kwid,2021,378000,14K km,14000,UP,manual,petrol,6437
delhi-ncr,Hyundai Venue,2019,732000,33K km,33000,DL,automatic,petrol,12465
delhi-ncr,Maruti Swift,2020,698000,8.5K km,8500,DL,automatic,petrol,11886
delhi-ncr,Honda City,2023,1085000,7K km,7000,HR,manual,petrol,18660
delhi-ncr,Maruti Swift Dzire,2016,384000,65.5K km,65500,DL,manual,petrol,6539
delhi-ncr,Honda City,2023,1171000,17K km,17000,DL,manual,petrol,20145
delhi-ncr,Hyundai Creta,2016,665000,75K km,75000,HR,automatic,petrol,11324
delhi-ncr,Tata Tiago,2019,464000,54K km,54000,HR,manual,petrol,7901
delhi-ncr,Maruti Wagon R 1.0,2012,222000,91K km,91000,DL,manual,petrol+cng,8443
delhi-ncr,Maruti Swift,2015,385000,80.5K km,80500,DL,manual,petrol,7007
delhi-ncr,Hyundai Creta,2016,632000,102K km,102000,DL,manual,petrol,10762
delhi-ncr,Maruti Swift,2012,250000,44K km,44000,DL,manual,petrol,9508
delhi-ncr,Maruti Swift Dzire,2013,326000,44K km,44000,DL,manual,petrol,8787
delhi-ncr,Volkswagen Polo,2012,284000,102.5K km,102500,DL,manual,petrol,10126
delhi-ncr,Honda City,2012,298000,86K km,86000,DL,manual,petrol,11333
delhi-ncr,Hyundai Tucson,2017,1170000,17K km,17000,DL,manual,petrol,20111
delhi-ncr,Maruti Baleno,2017,504000,19K km,19000,DL,manual,petrol,8582
delhi-ncr,Hyundai Grand i10,2015,398000,36.5K km,36500,DL,manual,petrol,7244
delhi-ncr,Mahindra XUV 300,2022,878000,22K km,22000,HR,manual,petrol,14951
delhi-ncr,Hyundai Grand i10 Nios,2020,591000,45K km,45000,DL,manual,petrol+cng,10064
delhi-ncr,Maruti S-Cross,2022,920000,19.5K km,19500,UP,manual,petrol,15667
delhi-ncr,Honda WR-V,2017,632000,41K km,41000,DL,manual,petrol,10762
delhi-ncr,Hyundai Creta,2017,779000,82K km,82000,HR,automatic,petrol,13265
delhi-ncr,Tata Tigor,2022,549000,34.5K km,34500,DL,manual,petrol,9349
delhi-ncr,Maruti New Ertiga,2019,878000,41.5K km,41500,DL,automatic,petrol,14951
delhi-ncr,Maruti Baleno,2017,516000,37K km,37000,DL,manual,petrol,8787
delhi-ncr,Maruti Baleno,2016,442000,66K km,66000,DL,manual,petrol,7527
delhi-ncr,Ford EcoSport,2019,732000,77.5K km,77500,DL,automatic,petrol,12465
delhi-ncr,Volkswagen Polo,2012,285000,32.5K km,32500,DL,manual,petrol,19091
delhi-ncr,Hyundai Creta,2019,932000,84K km,84000,DL,manual,petrol,15871
delhi-ncr,Maruti Ertiga,2012,461000,41K km,41000,HR,manual,petrol,17533
delhi-ncr,Ford EcoSport,2013,410000,62K km,62000,DL,manual,petrol,11051
delhi-ncr,Volkswagen Ameo,2018,490000,62.5K km,62500,HR,manual,petrol,7822
delhi-ncr,Honda Jazz,2016,378000,111.5K km,111500,HR,manual,petrol,6034
delhi-ncr,Hyundai Elite i20,2014,399000,114K km,114000,DL,manual,petrol,8563
delhi-ncr,Maruti Swift,2016,374000,35.5K km,35500,DL,manual,petrol,6369
delhi-ncr,Renault Kwid,2022,420000,33K km,33000,HR,manual,petrol,7152
delhi-ncr,Hyundai Venue,2021,811000,40.5K km,40500,UP,manual,petrol,13810
delhi-ncr,Maruti Swift,2022,709000,11K km,11000,HR,automatic,petrol,12073
delhi-ncr,Tata Nexon,2021,884000,24.5K km,24500,HR,manual,petrol,15054
delhi-ncr,Hyundai New i20,2022,759000,31K km,31000,DL,automatic,petrol,12925
delhi-ncr,Tata Tiago,2020,452000,31.5K km,31500,DL,manual,petrol,7697
delhi-ncr,Maruti Wagon R 1.0,2022,468000,4.5K km,4500,DL,manual,petrol,8364
delhi-ncr,Maruti Ciaz,2017,637000,57.5K km,57500,HR,manual,petrol,10847
delhi-ncr,Hyundai Venue,2021,855000,27K km,27000,UP,manual,petrol,14560
delhi-ncr,Honda City,2022,1239000,42K km,42000,DL,automatic,petrol,21308
delhi-ncr,Maruti Ritz,2014,266000,41K km,41000,DL,manual,petrol,5352
delhi-ncr,Honda Amaze,2014,326000,42K km,42000,DL,manual,petrol,6996
delhi-ncr,Hyundai Verna,2012,319000,110K km,110000,DL,manual,petrol,12132
delhi-ncr,Honda City,2016,566000,57K km,57000,DL,manual,petrol,9638
delhi-ncr,Hyundai Grand i10,2015,392000,32K km,32000,DL,manual,petrol,7135
delhi-ncr,Tata Nexon,2019,622000,51.5K km,51500,DL,manual,petrol,10592
delhi-ncr,Renault Kwid,2020,309000,25K km,25000,DL,manual,petrol,5262
delhi-ncr,Honda City,2016,598000,63K km,63000,HR,manual,petrol,10183
delhi-ncr,Hyundai Grand i10,2016,393000,33K km,33000,DL,manual,petrol,6692
delhi-ncr,Nissan Micra,2017,399000,31.5K km,31500,DL,automatic,petrol,6370
delhi-ncr,Hyundai New i20,2021,697000,65.5K km,65500,UP,manual,petrol,11869
delhi-ncr,Maruti Wagon R 1.0,2014,273000,43.5K km,43500,DL,manual,petrol,6078
delhi-ncr,Maruti Ciaz,2019,725000,6.5K km,6500,DL,automatic,petrol,12346
delhi-ncr,Maruti Baleno,2018,479000,64.5K km,64500,DL,manual,petrol,8157
delhi-ncr,MG Hector,2020,1170000,58.5K km,58500,DL,automatic,petrol,20122
delhi-ncr,Renault Kwid,2022,380000,22K km,22000,HR,manual,petrol,6471
delhi-ncr,Maruti Baleno,2019,609000,24.5K km,24500,DL,manual,petrol,10370
delhi-ncr,Maruti Baleno,2022,722000,51K km,51000,UP,manual,petrol,12295
delhi-ncr,Maruti Baleno,2016,456000,18.5K km,18500,HR,manual,petrol,7765
delhi-ncr,Renault Kwid,2019,392000,32K km,32000,DL,automatic,petrol,6675
delhi-ncr,Hyundai Xcent,2014,282000,53K km,53000,HR,manual,petrol,5674
delhi-ncr,Honda Amaze,2013,300000,64K km,64000,DL,manual,petrol,8086
delhi-ncr,Hyundai Elite i20,2015,432000,81K km,81000,DL,manual,petrol,7863
delhi-ncr,Maruti Wagon R 1.0,2012,234000,82K km,82000,DL,manual,petrol+cng,8899
delhi-ncr,Honda Jazz,2015,363000,47K km,47000,DL,manual,petrol,6194
delhi-ncr,Hyundai Grand i10,2016,391000,107K km,107000,DL,automatic,petrol,6658
delhi-ncr,Hyundai i10,2011,181000,68K km,68000,DL,manual,petrol,12933
delhi-ncr,Maruti Swift Dzire,2013,317000,59.5K km,59500,DL,manual,petrol,8544
delhi-ncr,Hyundai i10,2012,183000,55.5K km,55500,DL,manual,petrol,6960
delhi-ncr,Hyundai Verna,2023,1459000,18.5K km,18500,DL,automatic,petrol,25091
delhi-ncr,Hyundai Tucson,2017,1201000,50.5K km,50500,HR,automatic,petrol,20656
delhi-ncr,Datsun Redi-GO,2021,289000,8.5K km,8500,HR,manual,petrol,4921
delhi-ncr,Tata Nexon,2023,922000,21.5K km,21500,HR,automatic,petrol,15701
delhi-ncr,Hyundai Venue,2021,839000,30.5K km,30500,DL,manual,petrol,14287
delhi-ncr,Hyundai Xcent,2014,330000,61K km,61000,DL,manual,petrol,6639
delhi-ncr,Hyundai Elite i20,2015,455000,42.5K km,42500,DL,manual,petrol,8282
delhi-ncr,Skoda Slavia,2022,1459000,26K km,26000,HR,automatic,petrol,25092
delhi-ncr,Maruti Baleno,2017,454000,62.5K km,62500,DL,manual,petrol,7731
delhi-ncr,Renault Kiger,2022,789000,23.5K km,23500,UP,automatic,petrol,13436
delhi-ncr,Honda City,2015,521000,58.5K km,58500,HR,manual,petrol,9483
delhi-ncr,Ford EcoSport,2014,454000,62.5K km,62500,DL,manual,petrol,9743
delhi-ncr,Honda Jazz,2012,247000,98K km,98000,HR,manual,petrol,8807
delhi-ncr,Hyundai i10,2011,176000,91.5K km,91500,DL,manual,petrol,12575
delhi-ncr,Honda City,2021,1123000,56K km,56000,HR,automatic,petrol,19313
delhi-ncr,Maruti Wagon R 1.0,2017,346000,56.5K km,56500,DL,manual,petrol+cng,5892
delhi-ncr,Hyundai Grand i10,2018,391000,121.5K km,121500,DL,manual,petrol,6658
delhi-ncr,Tata Tiago,2023,568000,38.5K km,38500,UP,manual,petrol+cng,9672
delhi-ncr,Hyundai Venue,2021,807000,87K km,87000,DL,manual,diesel,13742
delhi-ncr,Maruti Ertiga,2015,598000,55K km,55000,HR,automatic,petrol,10885
delhi-ncr,Maruti Ciaz,2017,645000,44.5K km,44500,DL,manual,Petrol,
delhi-ncr,Renault Kwid,2020,386000,20K km,20000,DL,manual,petrol,6573
delhi-ncr,Kia Sonet,2021,1078000,44K km,44000,HR,automatic,petrol,18539
delhi-ncr,Maruti Dzire,2019,587000,27K km,27000,UP,automatic,petrol,9996
delhi-ncr,Maruti Baleno,2017,464000,61.5K km,61500,DL,manual,petrol,7901
delhi-ncr,Hyundai Elite i20,2018,618000,53K km,53000,DL,automatic,petrol,10524
delhi-ncr,Maruti S-Presso,2021,402000,37K km,37000,HR,manual,petrol,6845
delhi-ncr,Hyundai Elite i20,2016,460000,67K km,67000,UP,manual,petrol,7833
delhi-ncr,Hyundai New Santro 1.1,2019,420000,55K km,55000,DL,manual,petrol,6705
delhi-ncr,Hyundai Elite i20,2016,474000,55K km,55000,DL,manual,petrol,8071
delhi-ncr,Hyundai Creta,2016,774000,52K km,52000,DL,automatic,petrol,13180
delhi-ncr,Hyundai Grand i10,2019,512000,65.5K km,65500,DL,manual,petrol+cng,8719
delhi-ncr,Maruti Baleno,2016,419000,68.5K km,68500,DL,manual,petrol,7135
delhi-ncr,Maruti Ciaz,2015,443000,57.5K km,57500,DL,automatic,petrol,8063
delhi-ncr,Renault Duster,2017,508000,61.5K km,61500,DL,manual,petrol,8650
delhi-ncr,Honda City,2017,749000,90.5K km,90500,DL,automatic,petrol,12755
delhi-ncr,Honda Amaze,2017,409000,60K km,60000,UP,manual,petrol,6965
delhi-ncr,Hyundai Creta,2017,736000,94.5K km,94500,DL,automatic,petrol,12533
delhi-ncr,Maruti Ciaz,2021,730000,32K km,32000,HR,automatic,petrol,12431
delhi-ncr,Renault Triber,2024,584000,4.5K km,4500,DL,manual,petrol,9945
delhi-ncr,Hyundai Venue,2021,807000,38.5K km,38500,UP,manual,petrol,13742
delhi-ncr,Maruti Ciaz,2015,537000,53.5K km,53500,DL,manual,petrol,9774
delhi-ncr,Hyundai Grand i10 Nios,2022,710000,16.5K km,16500,HR,automatic,petrol,12090
delhi-ncr,Hyundai Tucson,2017,1069000,70.5K km,70500,DL,manual,petrol,18374
delhi-ncr,MG Astor,2022,1329000,24.5K km,24500,UP,automatic,petrol,22856
delhi-ncr,Maruti Baleno,2018,475000,51K km,51000,HR,manual,petrol,8088
delhi-ncr,Tata Nexon,2019,618000,49K km,49000,UP,automatic,diesel,10524
delhi-ncr,Honda City,2016,541000,74.5K km,74500,DL,manual,petrol,9212
delhi-ncr,Maruti XL6,2021,939000,43K km,43000,DL,manual,petrol,15990
delhi-ncr,Maruti Vitara Brezza,2019,646000,43.5K km,43500,HR,manual,diesel,11001
delhi-ncr,Kia Sonet,2021,995000,32.5K km,32500,DL,manual,petrol,16944
delhi-ncr,Hyundai i20,2012,271000,33.5K km,33500,DL,manual,petrol,10307
delhi-ncr,Maruti Baleno,2019,524000,63K km,63000,DL,manual,petrol,8923
delhi-ncr,Honda Amaze,2013,263000,95.5K km,95500,DL,manual,petrol,7089
delhi-ncr,Tata Tiago,2019,428000,38.5K km,38500,DL,manual,petrol,7288
delhi-ncr,Chevrolet Beat,2010,152000,33.5K km,33500,DL,manual,petrol,
delhi-ncr,Hyundai Creta,2018,772000,110.5K km,110500,DL,automatic,petrol,13146
delhi-ncr,Nissan Micra Active,2013,220000,95.5K km,95500,UP,manual,petrol,5930
delhi-ncr,Nissan Micra,2019,459000,81.5K km,81500,UP,automatic,petrol,7327
delhi-ncr,Toyota Glanza,2021,616000,55K km,55000,DL,manual,petrol,10490
delhi-ncr,Maruti Baleno,2019,611000,57K km,57000,DL,automatic,petrol,10404
delhi-ncr,Maruti S-Cross,2021,975000,16.5K km,16500,UP,automatic,petrol,16603
delhi-ncr,Maruti Ciaz,2018,690000,47K km,47000,HR,manual,petrol,11750
delhi-ncr,Renault Kwid,2022,469000,16K km,16000,UP,automatic,petrol,7986
delhi-ncr,Maruti Baleno,2019,514000,68K km,68000,HR,manual,petrol,8753
delhi-ncr,Tata Altroz,2021,670000,34K km,34000,DL,manual,petrol,11409
delhi-ncr,Maruti Baleno,2018,580000,26K km,26000,DL,manual,petrol,9877
delhi-ncr,Hyundai Elite i20,2015,436000,68K km,68000,DL,manual,petrol,7936
delhi-ncr,Honda City,2014,495000,35.5K km,35500,DL,manual,petrol,10623
delhi-ncr,Hyundai New i20,2021,770000,39K km,39000,DL,manual,petrol,13112
delhi-ncr,Renault Kwid,2018,260000,39.5K km,39500,HR,manual,petrol,4427
delhi-ncr,Toyota Etios,2011,207000,76.5K km,76500,DL,manual,petrol,13866
delhi-ncr,Ford EcoSport,2017,492000,78K km,78000,DL,manual,petrol,8378
delhi-ncr,Volkswagen Polo,2012,269000,98K km,98000,DL,manual,petrol,9591
delhi-ncr,Hyundai Verna,2012,342000,95K km,95000,DL,manual,petrol+cng,13007
delhi-ncr,Maruti Baleno,2017,404000,123K km,123000,DL,manual,petrol,6879
delhi-ncr,Honda WR-V,2017,598000,47K km,47000,HR,manual,petrol,10183
delhi-ncr,Tata Nexon,2021,856000,41K km,41000,HR,manual,petrol,14577
delhi-ncr,Hyundai i10,2013,223000,45K km,45000,DL,manual,petrol,6011
delhi-ncr,Renault Duster,2013,327000,79.5K km,79500,DL,manual,petrol,8814
delhi-ncr,Renault Kiger,2021,603000,43K km,43000,DL,manual,petrol,10268
delhi-ncr,Tata Tigor,2021,549000,49K km,49000,DL,manual,petrol+cng,9349
delhi-ncr,Maruti Ciaz,2017,565000,87.5K km,87500,DL,manual,petrol,9621
delhi-ncr,Tata Tiago,2020,517000,28K km,28000,HR,manual,petrol,8804
delhi-ncr,Ford EcoSport,2016,471000,61K km,61000,UP,manual,petrol,8020
delhi-ncr,Honda WR-V,2021,789000,12.5K km,12500,DL,manual,petrol,13436
delhi-ncr,Hyundai Verna,2018,869000,36.5K km,36500,DL,manual,petrol+cng,14798
delhi-ncr,Hyundai Grand i10,2019,468000,62.5K km,62500,HR,manual,petrol,7969
delhi-ncr,Maruti Wagon R 1.0,2024,565000,6K km,6000,DL,manual,petrol,10097
delhi-ncr,Maruti Wagon R 1.0,2017,361000,64K km,64000,DL,automatic,petrol,6451
delhi-ncr,Tata Tiago,2019,468000,22K km,22000,DL,manual,petrol,7969
delhi-ncr,Renault Kwid,2022,363000,41K km,41000,UP,manual,petrol,6181
delhi-ncr,Tata Tiago NRG,2019,401000,114K km,114000,DL,manual,petrol,6828
delhi-ncr,Hyundai Grand i10,2013,330000,49.5K km,49500,DL,manual,petrol,8895
delhi-ncr,Maruti Swift Dzire,2015,368000,73.5K km,73500,DL,manual,petrol,6698
delhi-ncr,Honda Jazz,2016,348000,123.5K km,123500,DL,manual,petrol,5938
delhi-ncr,Renault Kwid,2017,337000,27.5K km,27500,DL,automatic,petrol,5738
delhi-ncr,Maruti Baleno,2017,398000,111K km,111000,DL,manual,petrol,6777
delhi-ncr,Toyota Etios,2011,218000,80K km,80000,DL,manual,petrol,14603
delhi-ncr,Maruti Baleno,2018,536000,38K km,38000,HR,automatic,petrol,9127
delhi-ncr,Hyundai Creta,2018,789000,64K km,64000,DL,manual,petrol,13436
delhi-ncr,Hyundai Creta,2016,745000,67K km,67000,HR,automatic,petrol,12686
delhi-ncr,Maruti Ciaz,2017,607000,67.5K km,67500,UP,automatic,petrol,10336
delhi-ncr,Hyundai Verna,2017,765000,52K km,52000,DL,automatic,petrol,13027
delhi-ncr,Hyundai Creta,2018,848000,83K km,83000,DL,automatic,petrol,14440
delhi-ncr,Mahindra XUV 300,2020,859000,65K km,65000,UP,automatic,diesel,14628
delhi-ncr,Maruti Baleno,2017,525000,75.5K km,75500,HR,manual,petrol,8940
delhi-ncr,Maruti Baleno,2017,476000,63K km,63000,DL,manual,petrol,8106
delhi-ncr,Maruti Baleno,2018,484000,54.5K km,54500,DL,manual,petrol,8242
delhi-ncr,Renault Kwid,2021,372000,26K km,26000,UP,manual,petrol,6334
delhi-ncr,Tata Nexon,2022,920000,22K km,22000,DL,manual,petrol,15667
delhi-ncr,Hyundai Grand i10 Nios,2021,645000,29.5K km,29500,DL,manual,petrol+cng,10983
delhi-ncr,Hyundai i20,2012,234000,79.5K km,79500,DL,manual,petrol,8899
delhi-ncr,Hyundai i10,2011,182000,25.5K km,25500,DL,manual,petrol,13004
delhi-ncr,Maruti Swift Dzire,2012,293000,54.5K km,54500,HR,manual,petrol,11143
delhi-ncr,Hyundai Grand i10,2016,366000,61.5K km,61500,DL,manual,petrol,6232
delhi-ncr,Maruti Ritz,2012,198000,87.5K km,87500,HR,manual,petrol,7059
delhi-ncr,Tata Nexon,2021,795000,88.5K km,88500,UP,manual,petrol,13538
delhi-ncr,Nissan Sunny,2013,249000,91K km,91000,HR,manual,petrol,6292
delhi-ncr,Hyundai i10,2012,206000,56.5K km,56500,DL,manual,petrol,7834
delhi-ncr,Hyundai New Santro 1.1,2021,498000,62.5K km,62500,DL,manual,petrol+cng,7950
delhi-ncr,Hyundai Elite i20,2015,425000,74K km,74000,DL,manual,petrol,7736
delhi-ncr,Hyundai Verna,2014,458000,79K km,79000,DL,automatic,petrol,9829
delhi-ncr,Hyundai Elite i20,2016,513000,47.5K km,47500,DL,manual,petrol,8736
delhi-ncr,Renault Triber,2020,554000,13K km,13000,HR,automatic,petrol,9434
delhi-ncr,Hyundai Venue,2022,811000,19K km,19000,DL,manual,petrol,13810
delhi-ncr,Renault Kiger,2021,618000,24K km,24000,UP,manual,petrol,10524
delhi-ncr,Maruti Baleno,2017,446000,61K km,61000,HR,manual,petrol,7595
delhi-ncr,Kia Sonet,2020,839000,87K km,87000,DL,manual,petrol,14287
delhi-ncr,Hyundai i20 Active,2015,498000,25K km,25000,DL,manual,petrol,9064
delhi-ncr,Renault Kwid,2022,438000,23K km,23000,HR,automatic,petrol,7458
delhi-ncr,Honda Amaze,2016,424000,39.5K km,39500,HR,manual,petrol,7220
delhi-ncr,Maruti Wagon R 1.0,2013,254000,31K km,31000,DL,manual,petrol,7043
delhi-ncr,Volkswagen Polo,2018,457000,107.5K km,107500,UP,manual,petrol,7296
delhi-ncr,Maruti Baleno,2022,568000,32.5K km,32500,HR,manual,petrol,9672
delhi-ncr,Maruti Baleno,2017,461000,79.5K km,79500,HR,manual,petrol,7850
delhi-ncr,Maruti Baleno,2021,649000,64.5K km,64500,DL,automatic,petrol,11052
delhi-ncr,Maruti Baleno,2016,435000,70.5K km,70500,DL,manual,petrol,7407
delhi-ncr,Maruti Wagon R 1.0,2014,257000,63.5K km,63500,DL,manual,petrol,5722
delhi-ncr,Hyundai Grand i10,2017,312000,103K km,103000,DL,manual,petrol,5313
delhi-ncr,Maruti Baleno,2018,480000,57K km,57000,DL,manual,petrol,8174
delhi-ncr,Ford EcoSport,2018,518000,46.5K km,46500,DL,manual,petrol,8821
delhi-ncr,Skoda Kushaq,2022,1098000,13K km,13000,DL,manual,petrol,18885
delhi-ncr,Ford EcoSport,2014,480000,60.5K km,60500,DL,automatic,petrol,10301
delhi-ncr,Tata Nexon,2022,957000,19K km,19000,DL,manual,petrol,16297
delhi-ncr,Hyundai Tucson,2018,1364000,41.5K km,41500,HR,automatic,petrol,23464
delhi-ncr,Tata Altroz,2023,825000,17.5K km,17500,DL,automatic,petrol,14049
delhi-ncr,Hyundai Xcent,2014,356000,26.5K km,26500,DL,manual,petrol,7162
delhi-ncr,Toyota Glanza,2021,679000,32K km,32000,DL,manual,petrol,11562
delhi-ncr,Tata Tiago,2023,556000,11K km,11000,DL,manual,petrol,9468
delhi-ncr,Maruti Ciaz,2017,570000,68.5K km,68500,DL,automatic,petrol,9706
delhi-ncr,Volkswagen Polo,2014,307000,99.5K km,99500,UP,manual,petrol,6177
delhi-ncr,Hyundai Grand i10,2014,339000,109K km,109000,DL,automatic,petrol,7275
delhi-ncr,Hyundai New Santro 1.1,2019,401000,112.5K km,112500,HR,automatic,petrol,6401
delhi-ncr,Maruti Swift,2014,292000,122.5K km,122500,DL,manual,petrol,6266
delhi-ncr,Maruti Swift,2011,207000,76.5K km,76500,DL,manual,petrol,14790
delhi-ncr,Renault Kiger,2023,673000,29.5K km,29500,UP,automatic,petrol,11460
delhi-ncr,Volkswagen Ameo,2016,347000,118.5K km,118500,UP,manual,petrol,5539
delhi-ncr,Honda City,2014,470000,63.5K km,63500,DL,manual,petrol,10087
delhi-ncr,Volkswagen Polo,2012,295000,60.5K km,60500,HR,manual,petrol,19761
delhi-ncr,Hyundai Creta,2017,759000,54.5K km,54500,DL,manual,petrol,12925
delhi-ncr,Renault Kwid,2022,413000,11K km,11000,DL,manual,petrol,7033
delhi-ncr,Renault Kwid,2018,284000,49.5K km,49500,UP,manual,petrol,4836
delhi-ncr,Maruti Baleno,2022,632000,21K km,21000,UP,manual,petrol,10762
delhi-ncr,Maruti Ciaz,2018,649000,61K km,61000,UP,manual,Petrol,
delhi-ncr,Maruti Baleno,2016,414000,84.5K km,84500,DL,manual,petrol,7050
delhi-ncr,Maruti Baleno,2017,535000,18.5K km,18500,DL,manual,petrol,9110
delhi-ncr,MG Hector Plus,2020,1329000,63.5K km,63500,UP,automatic,petrol,22855
delhi-ncr,Ford EcoSport,2015,497000,80.5K km,80500,DL,automatic,petrol,9046
delhi-ncr,Maruti Swift,2019,576000,67K km,67000,DL,automatic,petrol,9808
delhi-ncr,Volkswagen Vento,2021,981000,46K km,46000,DL,automatic,petrol,15661
delhi-ncr,Maruti Swift,2012,256000,71.5K km,71500,DL,manual,petrol,9736
delhi-ncr,Toyota Etios,2011,226000,50.5K km,50500,DL,manual,petrol,15139
delhi-ncr,Maruti Swift Dzire,2012,231000,97.5K km,97500,DL,manual,petrol,8785
delhi-ncr,Tata Tiago,2019,488000,25.5K km,25500,DL,manual,petrol,8310
delhi-ncr,Maruti Eeco,2022,529000,10.5K km,10500,HR,manual,petrol,8445
delhi-ncr,Hyundai i10,2011,190000,15K km,15000,DL,manual,petrol,13576
delhi-ncr,Hyundai Creta,2018,730000,113K km,113000,HR,manual,petrol,12431
delhi-ncr,Maruti A-Star,2012,180000,63.5K km,63500,HR,manual,petrol,6418
delhi-ncr,Hyundai i10,2012,187000,58.5K km,58500,DL,manual,petrol,7112
delhi-ncr,Maruti Swift,2018,575000,53K km,53000,DL,automatic,petrol,9791
delhi-ncr,Hyundai Verna,2021,1129000,25.5K km,25500,HR,automatic,petrol,19416
delhi-ncr,Hyundai Creta,2016,729000,74.5K km,74500,HR,automatic,petrol,12414
delhi-ncr,Maruti Ciaz,2015,502000,62.5K km,62500,DL,manual,petrol,9137
delhi-ncr,Ford EcoSport,2019,712000,40K km,40000,DL,manual,petrol,12124
delhi-ncr,Tata Nexon,2019,678000,72K km,72000,DL,automatic,petrol,11545
delhi-ncr,Hyundai Grand i10,2015,367000,64K km,64000,DL,manual,petrol,6680
delhi-ncr,Tata Nexon,2022,762000,30K km,30000,HR,manual,petrol,12976
delhi-ncr,Hyundai Elite i20,2015,430000,77K km,77000,DL,manual,petrol,7827
delhi-ncr,Hyundai Creta,2016,751000,43.5K km,43500,HR,manual,petrol,12789
delhi-ncr,Hyundai New Santro 1.1,2019,434000,45.5K km,45500,HR,manual,petrol+cng,6928
delhi-ncr,Chevrolet Beat,2011,180000,24.5K km,24500,DL,manual,petrol,
delhi-ncr,Maruti Ciaz,2018,616000,115.5K km,115500,DL,manual,petrol,10490
delhi-ncr,Maruti Swift Dzire,2015,355000,72.5K km,72500,DL,manual,petrol,6461
delhi-ncr,Ford EcoSport,2014,440000,72K km,72000,DL,automatic,petrol,9443
delhi-ncr,Maruti Alto,2011,138000,73.5K km,73500,DL,manual,petrol,9860
delhi-ncr,Hyundai i20 Active,2016,459000,55K km,55000,DL,manual,petrol,7816
delhi-ncr,Honda City,2014,484000,51.5K km,51500,HR,manual,petrol,10387
delhi-ncr,Honda City,2014,411000,110K km,110000,DL,manual,petrol,8820
delhi-ncr,Maruti Baleno,2016,420000,95.5K km,95500,DL,manual,petrol,7152
delhi-ncr,Kia Seltos,2019,1071000,66.5K km,66500,DL,manual,petrol,18425
delhi-ncr,Renault Kiger,2022,704000,24.5K km,24500,DL,automatic,petrol,11988
delhi-ncr,Renault Kwid,2022,394000,13.5K km,13500,HR,manual,petrol,6709
delhi-ncr,Maruti Alto 800,2021,351000,7K km,7000,DL,manual,petrol,6273
delhi-ncr,Maruti Celerio,2023,498000,30K km,30000,HR,manual,petrol,8480
delhi-ncr,Maruti Baleno,2016,465000,55.5K km,55500,HR,automatic,petrol,7918
delhi-ncr,Ford Figo,2020,509000,54.5K km,54500,UP,manual,petrol,8667
delhi-ncr,Maruti Baleno,2021,598000,20.5K km,20500,DL,manual,petrol,10183
delhi-ncr,Tata Nexon,2022,959000,26K km,26000,DL,automatic,petrol,16331
delhi-ncr,Hyundai Elite i20,2017,480000,34K km,34000,DL,manual,petrol,8174
delhi-ncr,Renault Kwid,2021,393000,17.5K km,17500,DL,manual,petrol,6692
delhi-ncr,Maruti Swift Dzire,2010,192000,55.5K km,55500,HR,manual,petrol,
delhi-ncr,Maruti Ciaz,2016,554000,49K km,49000,UP,automatic,petrol,9434
delhi-ncr,Honda City,2013,325000,48.5K km,48500,DL,manual,petrol,8760
delhi-ncr,Honda Jazz,2012,236000,72K km,72000,DL,manual,petrol,8414
delhi-ncr,Hyundai i20,2012,342000,21K km,21000,DL,manual,petrol,13007
delhi-ncr,Maruti Swift Dzire,2012,237000,42.5K km,42500,DL,manual,petrol,9013
delhi-ncr,Maruti Swift Dzire,2013,265000,89K km,89000,DL,manual,petrol,7143
delhi-ncr,Hyundai Grand i10,2016,348000,92.5K km,92500,HR,manual,petrol,5926
delhi-ncr,Nissan Magnite,2023,789000,19K km,19000,HR,manual,petrol,13436
delhi-ncr,Hyundai Grand i10,2018,456000,42K km,42000,DL,manual,petrol,7765
delhi-ncr,Hyundai Grand i10,2017,398000,58.5K km,58500,DL,manual,petrol,6777
delhi-ncr,Honda Amaze,2015,365000,26.5K km,26500,DL,manual,petrol,6643
delhi-ncr,Hyundai Verna,2019,746000,60.5K km,60500,DL,manual,petrol,12703
delhi-ncr,Maruti Baleno,2016,460000,76.5K km,76500,DL,manual,petrol,7833
delhi-ncr,Maruti Ciaz,2016,505000,70K km,70000,DL,manual,petrol,8599
delhi-ncr,Maruti Vitara Brezza,2021,749000,35.5K km,35500,HR,manual,petrol,12755
delhi-ncr,Hyundai Grand i10,2017,427000,42K km,42000,DL,manual,petrol,7271
delhi-ncr,Kia Seltos,2019,1079000,33K km,33000,DL,manual,diesel,18556
delhi-ncr,Renault Kiger,2022,717000,22K km,22000,DL,automatic,petrol,12210
delhi-ncr,Volkswagen Polo,2015,430000,36.5K km,36500,DL,manual,petrol,7337
delhi-ncr,Maruti Swift Dzire,2012,280000,37.5K km,37500,DL,manual,petrol,10649
delhi-ncr,Honda Jazz,2016,478000,28.5K km,28500,DL,automatic,petrol,7631
delhi-ncr,Maruti Wagon R 1.0,2014,289000,30K km,30000,DL,manual,petrol,6434
delhi-ncr,Maruti Swift Dzire,2015,388000,55K km,55000,DL,manual,petrol,7062
delhi-ncr,Honda Amaze,2014,346000,58.5K km,58500,DL,automatic,petrol,7425
delhi-ncr,Tata Tigor,2022,634000,71K km,71000,DL,manual,petrol+cng,10796
delhi-ncr,Maruti Ertiga,2015,515000,97K km,97000,UP,manual,petrol,9374
delhi-ncr,Volkswagen Vento,2014,319000,74.5K km,74500,DL,manual,petrol,8061
delhi-ncr,Maruti Baleno,2017,427000,119K km,119000,HR,manual,petrol,7271
delhi-ncr,Honda Amaze,2018,588000,40K km,40000,DL,manual,petrol,10013
delhi-ncr,Tata Altroz,2021,707000,25K km,25000,DL,manual,petrol,12039
delhi-ncr,Hyundai i20 Active,2016,528000,18K km,18000,DL,manual,petrol,8991
delhi-ncr,Hyundai Creta,2017,771000,90K km,90000,DL,automatic,petrol,13129
delhi-ncr,Kia Seltos,2023,1486000,12K km,12000,DL,manual,petrol,25561
delhi-ncr,Tata Nexon,2023,838000,18K km,18000,DL,manual,petrol,14270
delhi-ncr,Tata Tiago,2019,525000,19.5K km,19500,DL,automatic,petrol,8940
delhi-ncr,Honda Jazz,2016,484000,15K km,15000,HR,manual,petrol,7727
delhi-ncr,Hyundai Elite i20,2018,583000,33.5K km,33500,DL,manual,petrol,9928
delhi-ncr,Maruti Alto 800,2022,367000,10.5K km,10500,DL,manual,petrol,6559
delhi-ncr,Volkswagen Polo,2013,352000,71K km,71000,DL,manual,petrol,8895
delhi-ncr,Maruti Swift,2022,612000,52K km,52000,DL,manual,petrol,10422
delhi-ncr,Maruti Wagon R 1.0,2013,253000,91K km,91000,DL,manual,petrol+cng,6819
delhi-ncr,Honda Amaze,2014,310000,60K km,60000,DL,manual,petrol,6653
delhi-ncr,Hyundai Grand i10,2014,320000,45K km,45000,DL,manual,petrol,6867
delhi-ncr,Hyundai Elite i20,2017,494000,70.5K km,70500,HR,manual,petrol,8412
delhi-ncr,Hyundai i10,2011,167000,71K km,71000,DL,manual,petrol,11932
delhi-ncr,Maruti Swift Dzire,2013,278000,91K km,91000,HR,manual,petrol,7493
delhi-ncr,Maruti Baleno,2016,433000,99.5K km,99500,HR,manual,petrol,7373
delhi-ncr,Honda Brio,2013,248000,73.5K km,73500,DL,manual,petrol,6267
delhi-ncr,Tata Punch,2022,680000,25.5K km,25500,DL,manual,petrol,11580
delhi-ncr,Honda Amaze,2019,601000,50K km,50000,DL,automatic,petrol,10234
delhi-ncr,Kia Carens,2022,1478000,37.5K km,37500,DL,automatic,diesel,25419
delhi-ncr,Hyundai New Santro 1.1,2020,490000,38.5K km,38500,DL,manual,petrol+cng,7822
delhi-ncr,Maruti Baleno,2017,445000,73.5K km,73500,HR,manual,petrol,7578
delhi-ncr,Kia Sonet,2021,973000,50K km,50000,DL,manual,petrol,16569
delhi-ncr,Nissan Magnite,2022,685000,17.5K km,17500,DL,manual,petrol,11665
delhi-ncr,Kia Sonet,2021,966000,18.5K km,18500,DL,manual,diesel,16450
delhi-ncr,Maruti Baleno,2019,604000,48.5K km,48500,UP,automatic,petrol,10285
delhi-ncr,Maruti Baleno,2018,572000,38.5K km,38500,DL,manual,petrol,9740
delhi-ncr,Maruti Ciaz,2016,561000,63K km,63000,DL,manual,petrol,9553
delhi-ncr,Maruti Ritz,2013,228000,69K km,69000,DL,manual,petrol,5761
delhi-ncr,Maruti Ciaz,2016,492000,99.5K km,99500,DL,manual,petrol,8378
delhi-ncr,Toyota Etios Liva,2011,196000,28.5K km,28500,DL,manual,petrol,13129
delhi-ncr,Hyundai Verna,2012,396000,27K km,27000,DL,automatic,petrol,15061
delhi-ncr,Honda Amaze,2013,292000,115.5K km,115500,HR,manual,petrol,7870
delhi-ncr,Maruti Swift,2012,266000,100.5K km,100500,DL,manual,petrol,10116
delhi-ncr,Honda Amaze,2016,432000,51.5K km,51500,DL,manual,petrol,7356
delhi-ncr,Maruti S-Cross,2021,815000,23K km,23000,DL,manual,petrol,13878
delhi-ncr,Renault Kwid,2017,274000,57K km,57000,DL,manual,petrol,4666
delhi-ncr,Toyota Innova Crysta,2017,1286000,63K km,63000,UP,manual,petrol,22121
delhi-ncr,Hyundai Creta,2020,1049000,59K km,59000,DL,automatic,diesel,18034
delhi-ncr,Maruti Swift,2019,542000,26K km,26000,HR,automatic,petrol,9229
delhi-ncr,Renault Triber,2021,592000,33.5K km,33500,DL,manual,petrol,10081
delhi-ncr,Maruti Ciaz,2017,630000,48K km,48000,HR,manual,Petrol,
delhi-ncr,Hyundai Grand i10,2017,424000,48.5K km,48500,DL,manual,petrol,7220
delhi-ncr,Renault Kiger,2022,787000,47.5K km,47500,UP,automatic,petrol,13368
delhi-ncr,Tata Nexon,2021,829000,20K km,20000,HR,automatic,petrol,14117
delhi-ncr,Maruti Baleno,2016,430000,56.5K km,56500,DL,manual,petrol,7578
delhi-ncr,Renault Duster,2017,564000,26.5K km,26500,DL,manual,petrol,9604
delhi-ncr,Maruti Dzire,2022,732000,19.5K km,19500,HR,manual,petrol,12465
delhi-ncr,Toyota Etios Liva,2011,186000,70K km,70000,DL,manual,petrol,12459
delhi-ncr,Maruti Swift Dzire,2014,336000,101K km,101000,DL,manual,petrol,7211
delhi-ncr,Maruti Ciaz,2018,623000,87.5K km,87500,HR,manual,Petrol,
delhi-ncr,Renault Kwid,2021,362000,37.5K km,37500,DL,manual,petrol,6164
delhi-ncr,Maruti Wagon R 1.0,2012,199000,39K km,39000,DL,manual,petrol,7719
delhi-ncr,Honda Amaze,2015,380000,31K km,31000,UP,manual,petrol,6916
delhi-ncr,Kia Seltos,2020,1161000,95.5K km,95500,HR,automatic,petrol,19958
delhi-ncr,Hyundai New Santro 1.1,2019,392000,69.5K km,69500,DL,manual,petrol+cng,6258
delhi-ncr,Maruti Swift,2014,296000,86K km,86000,DL,manual,petrol,6352
delhi-ncr,Hyundai Venue,2021,926000,26.5K km,26500,DL,manual,petrol,15769
delhi-ncr,Honda Amaze,2014,332000,49K km,49000,HR,manual,petrol,7125
delhi-ncr,Nissan Magnite,2021,689000,33.5K km,33500,HR,manual,petrol,11733
delhi-ncr,Tata Altroz,2022,546000,32.5K km,32500,DL,manual,petrol,9298
delhi-ncr,Renault Triber,2020,535000,24.5K km,24500,DL,manual,petrol,9110
delhi-ncr,Hyundai Creta,2019,1023000,18K km,18000,HR,manual,petrol,17591
delhi-ncr,Maruti Baleno,2018,491000,72.5K km,72500,DL,manual,petrol,6879
delhi-ncr,Hyundai Venue,2022,1002000,25K km,25000,HR,manual,petrol,17063
delhi-ncr,Hyundai i20 Active,2015,492000,50.5K km,50500,HR,manual,petrol,8955
delhi-ncr,Tata Tigor,2022,686000,20.5K km,20500,UP,automatic,petrol,11682
delhi-ncr,Hyundai New Santro 1.1,2019,440000,45K km,45000,UP,manual,petrol,7024
delhi-ncr,Honda City,2019,650000,82.5K km,82500,HR,manual,diesel,11069
delhi-ncr,Hyundai Eon,2013,202000,29K km,29000,DL,manual,petrol,5104
delhi-ncr,Toyota Etios Liva,2011,195000,48K km,48000,DL,manual,petrol,13062
delhi-ncr,Maruti Ciaz,2014,429000,104K km,104000,DL,manual,petrol,9207
delhi-ncr,Ford EcoSport,2015,460000,85K km,85000,DL,automatic,petrol,8373
delhi-ncr,Honda Brio,2013,197000,95K km,95000,DL,manual,petrol,4978
delhi-ncr,Honda City,2017,633000,97K km,97000,DL,manual,petrol,10779
delhi-ncr,Tata Tiago,2019,472000,47K km,47000,DL,manual,petrol,8037
delhi-ncr,Maruti Swift Dzire,2012,250000,100.5K km,100500,DL,manual,petrol,9508
delhi-ncr,Nissan Kicks,2019,697000,38.5K km,38500,UP,manual,diesel,11869
delhi-ncr,MG Hector Plus,2021,1578000,27.5K km,27500,DL,manual,diesel,27137
delhi-ncr,Hyundai Elite i20,2019,722000,29K km,29000,HR,automatic,petrol,12295
delhi-ncr,Maruti Baleno,2018,486000,58.5K km,58500,HR,automatic,petrol,8276
delhi-ncr,Maruti Baleno,2017,474000,29.5K km,29500,DL,manual,petrol,8071
delhi-ncr,Hyundai Elite i20,2015,465000,63.5K km,63500,UP,manual,petrol,8464
delhi-ncr,Tata Tiago,2022,643000,29.5K km,29500,HR,manual,petrol+cng,10949
delhi-ncr,Maruti Swift,2015,343000,56K km,56000,DL,manual,petrol,6243
delhi-ncr,Honda City,2021,1178000,33.5K km,33500,HR,automatic,petrol,20259
delhi-ncr,Renault Kiger,2022,649000,36K km,36000,UP,manual,petrol,11052
delhi-ncr,Maruti Baleno,2021,514000,34.5K km,34500,DL,manual,petrol,8753
delhi-ncr,Maruti Ciaz,2015,450000,51.5K km,51500,DL,manual,petrol,8191
delhi-ncr,Hyundai Grand i10,2013,292000,76.5K km,76500,DL,manual,petrol,7870
delhi-ncr,Tata Tiago,2019,413000,56K km,56000,UP,manual,petrol,7033
delhi-ncr,Hyundai Elite i20,2016,445000,101.5K km,101500,DL,manual,petrol,7578
delhi-ncr,Hyundai Xcent,2015,353000,57K km,57000,DL,manual,petrol,6023
delhi-ncr,Hyundai Verna,2011,313000,44.5K km,44500,DL,manual,petrol+cng,22365
delhi-ncr,Ford EcoSport,2019,606000,108.5K km,108500,DL,manual,petrol,10319
delhi-ncr,Maruti Swift Dzire,2013,330000,70.5K km,70500,DL,manual,petrol+cng,8895
delhi-ncr,Hyundai Elite i20,2015,399000,70K km,70000,HR,manual,petrol,7262
delhi-ncr,Renault Triber,2022,611000,44K km,44000,UP,automatic,petrol,10404
delhi-ncr,Hyundai Creta,2016,671000,46.5K km,46500,DL,manual,petrol,11426
delhi-ncr,Maruti Dzire,2018,516000,77K km,77000,DL,automatic,petrol,8787
delhi-ncr,Maruti Baleno,2018,488000,58K km,58000,DL,manual,petrol,8310
delhi-ncr,Maruti S-Presso,2022,399000,10K km,10000,DL,manual,petrol,6794
delhi-ncr,Tata Nexon,2023,1005000,21K km,21000,DL,manual,petrol,17114
delhi-ncr,Hyundai Creta,2017,777000,83K km,83000,HR,automatic,petrol,13231
delhi-ncr,Honda Amaze,2020,707000,24.5K km,24500,DL,automatic,petrol,12039
delhi-ncr,Volkswagen Polo,2015,427000,53.5K km,53500,HR,manual,petrol,7286
delhi-ncr,Hyundai Venue,2021,810000,37.5K km,37500,UP,manual,petrol,13793
delhi-ncr,Kia Seltos,2020,1031000,61K km,61000,DL,manual,petrol,17726
delhi-ncr,Honda Amaze,2014,302000,94.5K km,94500,DL,manual,petrol,6481
delhi-ncr,Hyundai Fluidic Verna 4S,2015,575000,57K km,57000,UP,manual,petrol,10466
delhi-ncr,Maruti Swift Dzire,2013,309000,73.5K km,73500,HR,manual,petrol,8329
delhi-ncr,Maruti Ritz,2013,212000,55K km,55000,DL,manual,petrol,5357
delhi-ncr,Hyundai i20,2012,273000,50K km,50000,DL,manual,petrol,10383
delhi-ncr,Honda City,2015,417000,109.5K km,109500,DL,manual,petrol,7590
delhi-ncr,Hyundai Grand i10,2019,458000,98K km,98000,HR,manual,petrol+cng,7799
delhi-ncr,Maruti Celerio,2014,349000,68K km,68000,DL,manual,petrol+cng,7490
delhi-ncr,Hyundai i20,2011,182000,73.5K km,73500,DL,manual,petrol,13004
delhi-ncr,Maruti Swift,2014,345000,46.5K km,46500,DL,manual,petrol,7404
delhi-ncr,Hyundai Grand i10 Nios,2023,679000,41.5K km,41500,HR,manual,petrol+cng,11562
delhi-ncr,Volkswagen Polo,2017,467000,44.5K km,44500,DL,manual,petrol,7455
delhi-ncr,Renault Kwid,2023,406000,20K km,20000,DL,manual,petrol,6913
delhi-ncr,Tata Tigor,2022,697000,31.5K km,31500,HR,manual,petrol+cng,11869
delhi-ncr,Hyundai Creta,2018,819000,40.5K km,40500,DL,manual,petrol,13947
delhi-ncr,Maruti Swift,2014,358000,67.5K km,67500,DL,manual,petrol,7683
delhi-ncr,Ford EcoSport,2019,667000,57.5K km,57500,DL,manual,diesel,11358
delhi-ncr,Maruti Ciaz,2017,580000,53.5K km,53500,DL,manual,petrol,9877
delhi-ncr,Maruti S-Presso,2022,425000,10K km,10000,HR,manual,petrol,7237
delhi-ncr,Honda City,2023,1249000,23K km,23000,UP,manual,petrol,21480
delhi-ncr,Datsun Redi-GO,2018,287000,50K km,50000,DL,automatic,petrol,7736
delhi-ncr,Maruti Swift,2018,495000,109K km,109000,HR,automatic,petrol,8429
delhi-ncr,Maruti Swift Dzire,2013,252000,95K km,95000,HR,manual,petrol,6792
delhi-ncr,Maruti Alto K10,2011,151000,66K km,66000,DL,manual,petrol,10789
delhi-ncr,Maruti Swift Dzire,2012,261000,86.5K km,86500,DL,manual,petrol,9926
delhi-ncr,Maruti Wagon R 1.0,2013,242000,93K km,93000,DL,manual,petrol+cng,6523
delhi-ncr,Renault Kwid,2021,338000,39.5K km,39500,HR,manual,petrol,5755
delhi-ncr,Hyundai New Santro 1.1,2022,514000,36.5K km,36500,DL,manual,petrol+cng,8206
delhi-ncr,Maruti Baleno,2018,507000,39.5K km,39500,DL,manual,petrol,8633
delhi-ncr,Maruti Swift,2020,524000,66.5K km,66500,UP,automatic,petrol,8923
delhi-ncr,Maruti Swift Dzire,2014,353000,82K km,82000,DL,manual,petrol,7576
delhi-ncr,Kia Seltos,2019,1042000,37.5K km,37500,DL,manual,diesel,17914
delhi-ncr,Hyundai Venue,2020,778000,30.5K km,30500,DL,manual,petrol,13248
delhi-ncr,Maruti Baleno,2017,485000,27K km,27000,DL,manual,petrol,8259
delhi-ncr,Honda Amaze,2015,399000,50.5K km,50500,DL,manual,petrol,7262
delhi-ncr,Hyundai New i20,2023,816000,15.5K km,15500,HR,automatic,petrol,13896
delhi-ncr,Hyundai Verna,2018,753000,61K km,61000,DL,manual,petrol,12823
delhi-ncr,Tata Tiago NRG,2018,444000,55.5K km,55500,DL,manual,petrol+cng,7561
delhi-ncr,Maruti Swift Dzire,2016,422000,41.5K km,41500,DL,manual,petrol,7186
delhi-ncr,Hyundai Elite i20,2015,453000,63.5K km,63500,HR,manual,petrol,8245
delhi-ncr,Maruti Swift Dzire,2012,263000,54K km,54000,DL,manual,petrol,10002
delhi-ncr,Maruti Swift Dzire,2014,312000,103K km,103000,DL,manual,petrol,6696
delhi-ncr,Maruti Wagon R 1.0,2015,312000,57K km,57000,HR,manual,petrol+cng,5679
delhi-ncr,Honda Jazz,2017,369000,102K km,102000,UP,manual,petrol,5891
delhi-ncr,Maruti Vitara Brezza,2021,845000,37.5K km,37500,DL,manual,petrol,14389
delhi-ncr,Maruti Ciaz,2015,470000,85.5K km,85500,DL,manual,petrol,8555
delhi-ncr,Honda City,2017,538000,117K km,117000,DL,manual,petrol,9161
delhi-ncr,Maruti Ritz,2015,312000,33K km,33000,DL,manual,petrol,5324
delhi-ncr,Maruti Baleno,2015,410000,81.5K km,81500,DL,manual,petrol,7463
delhi-ncr,Renault Kwid,2019,319000,20.5K km,20500,DL,manual,petrol,5432
delhi-ncr,Maruti Swift Dzire,2014,305000,89.5K km,89500,DL,manual,petrol,6545
delhi-ncr,Maruti Swift,2017,418000,40K km,40000,DL,manual,petrol,7118
delhi-ncr,Hyundai Venue,2019,771000,60K km,60000,HR,automatic,petrol,13129
delhi-ncr,Hyundai i10,2014,276000,53K km,53000,HR,manual,petrol,5923
delhi-ncr,Maruti Vitara Brezza,2018,565000,80.5K km,80500,UP,manual,diesel,9621
delhi-ncr,Hyundai Grand i10,2019,491000,31.5K km,31500,DL,manual,petrol,8361
delhi-ncr,Mahindra XUV 300,2019,792000,55K km,55000,HR,manual,diesel,13487
delhi-ncr,Honda City,2015,464000,73K km,73000,DL,manual,petrol,8445
delhi-ncr,Maruti Baleno,2018,535000,50.5K km,50500,HR,manual,petrol,9110
delhi-ncr,Tata Altroz,2022,654000,23K km,23000,UP,manual,petrol,11131
delhi-ncr,Tata Tiago,2017,387000,33.5K km,33500,DL,manual,petrol,6590
delhi-ncr,Hyundai Verna,2012,374000,22.5K km,22500,DL,manual,petrol,14224
delhi-ncr,Chevrolet Beat,2011,141000,76.5K km,76500,DL,manual,petrol,
delhi-ncr,Maruti Celerio,2020,468000,32K km,32000,DL,manual,petrol+cng,7969
delhi-ncr,Maruti Baleno,2019,514000,34.5K km,34500,DL,manual,petrol,8753
delhi-ncr,Renault Duster,2013,370000,58.5K km,58500,DL,manual,petrol+cng,9973
delhi-ncr,Hyundai Verna,2020,1063000,57K km,57000,UP,automatic,diesel,18287
delhi-ncr,Maruti Ciaz,2017,559000,47K km,47000,HR,automatic,petrol,9519
delhi-ncr,Maruti Dzire,2017,504000,85.5K km,85500,DL,automatic,petrol,8582
delhi-ncr,Hyundai Verna,2018,736000,66K km,66000,DL,manual,petrol,12533
delhi-ncr,Maruti Swift,2016,437000,47K km,47000,DL,manual,petrol,7441
delhi-ncr,Maruti Baleno,2019,584000,58.5K km,58500,HR,manual,petrol,9945
delhi-ncr,Hyundai Verna,2020,799000,50.5K km,50500,HR,manual,petrol,13606
delhi-ncr,Tata Nexon,2023,835000,24K km,24000,UP,manual,petrol+cng,14219
delhi-ncr,Honda City,2018,734000,27.5K km,27500,DL,manual,petrol,12499
delhi-ncr,Kia Carens,2022,1444000,19K km,19000,HR,manual,petrol,24828
delhi-ncr,Renault Triber,2021,456000,48.5K km,48500,DL,manual,petrol,7765
delhi-ncr,Toyota Innova Crysta,2017,1238000,73.5K km,73500,DL,automatic,petrol,21286
delhi-ncr,Toyota Corolla Altis,2015,658000,46K km,46000,DL,manual,petrol,11977
delhi-ncr,Honda City,2018,699000,41K km,41000,HR,manual,petrol,11903
delhi-ncr,Honda Brio,2017,367000,36.5K km,36500,DL,manual,petrol,5859
delhi-ncr,Nissan Magnite,2021,668000,31.5K km,31500,DL,manual,petrol,11375
delhi-ncr,Maruti Swift,2018,589000,29.5K km,29500,DL,manual,petrol,10030
delhi-ncr,Volkswagen Polo,2012,265000,77.5K km,77500,DL,manual,petrol,9448
delhi-ncr,Maruti Swift Dzire,2014,315000,45.5K km,45500,HR,manual,petrol,6760
delhi-ncr,Hyundai Grand i10,2014,338000,58.5K km,58500,DL,automatic,petrol,7254
delhi-ncr,Hyundai New Santro 1.1,2020,460000,92K km,92000,HR,manual,petrol+cng,7343
delhi-ncr,Maruti Swift,2016,414000,20.5K km,20500,DL,manual,petrol,7050
delhi-ncr,Mahindra KUV100 NXT,2018,366000,16.5K km,16500,DL,manual,petrol,6232
delhi-ncr,Maruti S-Cross,2019,685000,54.5K km,54500,DL,manual,diesel,11665
delhi-ncr,Maruti Eeco,2018,411000,14.5K km,14500,HR,manual,petrol,6561
delhi-ncr,Maruti Baleno,2016,435000,68.5K km,68500,DL,automatic,petrol,7407
delhi-ncr,Honda City,2019,927000,32K km,32000,HR,automatic,petrol,15786
delhi-ncr,Hyundai Creta,2019,784000,31.5K km,31500,UP,manual,diesel,13351
delhi-ncr,Maruti Wagon R 1.0,2016,352000,52K km,52000,UP,automatic,petrol,6291
delhi-ncr,Maruti Vitara Brezza,2018,670000,50.5K km,50500,UP,automatic,diesel,11409
delhi-ncr,Mahindra Scorpio,2020,1164000,72K km,72000,DL,manual,diesel,20009
delhi-ncr,Honda City,2016,505000,101.5K km,101500,DL,manual,petrol,8599
delhi-ncr,Maruti Swift Dzire,2013,277000,96.5K km,96500,HR,manual,petrol,7466
delhi-ncr,Toyota Innova Crysta,2019,1570000,46.5K km,46500,DL,manual,diesel,27008
delhi-ncr,MG Hector Plus,2020,1285000,89.5K km,89500,HR,manual,diesel,22098
delhi-ncr,Mahindra XUV 300,2019,662000,114.5K km,114500,HR,manual,diesel,11273
delhi-ncr,Hyundai Grand i10,2019,515000,2K km,2000,DL,manual,petrol,8770
delhi-ncr,Mahindra Scorpio,2021,1130000,56.5K km,56500,UP,manual,diesel,19430
delhi-ncr,Maruti Ciaz,2018,600000,66.5K km,66500,HR,automatic,petrol,10217
delhi-ncr,Maruti Alto K10,2018,321000,45K km,45000,DL,manual,petrol,5466
delhi-ncr,Maruti Swift Dzire,2014,311000,43K km,43000,DL,manual,petrol,6674
delhi-ncr,Maruti Swift Dzire,2013,334000,58K km,58000,DL,manual,petrol+cng,9003
delhi-ncr,Maruti Swift,2016,375000,68.5K km,68500,HR,manual,petrol+cng,6386
delhi-ncr,Mahindra Scorpio,2021,1239000,45.5K km,45500,HR,manual,diesel,21307
delhi-ncr,Maruti Swift,2015,362000,66.5K km,66500,DL,manual,petrol+cng,6589
delhi-ncr,Maruti Swift Dzire,2013,313000,82K km,82000,DL,manual,petrol+cng,8436
delhi-ncr,Maruti Alto 800,2022,367000,7K km,7000,HR,manual,petrol,6559
delhi-ncr,Maruti Baleno,2022,754000,39.5K km,39500,DL,automatic,petrol,12840
delhi-ncr,Honda Amaze,2016,419000,79.5K km,79500,DL,automatic,petrol,7135
delhi-ncr,Maruti XL6,2021,892000,36K km,36000,UP,manual,petrol,15190
delhi-ncr,MG Hector Plus,2020,1259000,41.5K km,41500,HR,manual,petrol,21652
delhi-ncr,Maruti Dzire,2022,689000,10K km,10000,DL,automatic,petrol,11733
delhi-ncr,Honda Accord,2018,1659000,79K km,79000,HR,automatic,petrol,28535
delhi-ncr,Hyundai Creta,2018,912000,17.5K km,17500,UP,automatic,petrol,15530
delhi-ncr,Tata Tiago,2021,429000,47K km,47000,DL,manual,petrol,7305
delhi-ncr,MG Hector,2021,1339000,34K km,34000,HR,automatic,petrol,23028
delhi-ncr,Tata Punch,2023,627000,8.5K km,8500,UP,manual,petrol,10677
delhi-ncr,Mercedes E-Class,2017,3000000,46.5K km,46500,DL,automatic,petrol,51596
delhi-ncr,Maruti Wagon R 1.0,2020,448000,56K km,56000,UP,manual,petrol+cng,7629
delhi-ncr,Honda City,2024,591000,61K km,61000,DL,manual,petrol,10064
delhi-ncr,Skoda Rapid New,2021,584000,97.5K km,97500,HR,manual,petrol,9945
delhi-ncr,Tata Tiago,2018,390000,59.5K km,59500,DL,manual,petrol,6641
delhi-ncr,BMW X1,2019,1830000,50.5K km,50500,HR,automatic,diesel,31473
delhi-ncr,Hyundai Creta,2021,1268000,27K km,27000,HR,automatic,petrol,21807
delhi-ncr,Hyundai Verna,2019,875000,59K km,59000,UP,manual,petrol,14900
delhi-ncr,Maruti New Ertiga,2019,875000,40.5K km,40500,DL,automatic,petrol,14900
delhi-ncr,Skoda Slavia,2022,859000,16.5K km,16500,HR,manual,petrol,14628
delhi-ncr,Tata Punch,2022,768000,18K km,18000,DL,automatic,petrol,13078
delhi-ncr,Tata Punch,2023,665000,11.5K km,11500,HR,automatic,petrol,11324
delhi-ncr,Hyundai Grand i10 Nios,2023,644000,8.5K km,8500,DL,manual,petrol,10966
delhi-ncr,Toyota Innova Crysta,2023,1772000,21K km,21000,HR,manual,petrol,30476
delhi-ncr,Honda Amaze,2019,668000,21.5K km,21500,DL,automatic,petrol,11375
delhi-ncr,Mahindra Thar,2022,1329000,37.5K km,37500,DL,automatic,petrol,22855
delhi-ncr,Hyundai Creta,2022,1319000,70.5K km,70500,UP,automatic,petrol,22684
delhi-ncr,Ford EcoSport,2016,474000,67.5K km,67500,DL,manual,petrol,8071
delhi-ncr,Tata Tiago,2018,405000,102K km,102000,DL,automatic,petrol,6896
delhi-ncr,Mahindra XUV 300,2019,735000,46.5K km,46500,DL,manual,petrol,12516
delhi-ncr,Maruti Ciaz,2019,629000,45K km,45000,UP,manual,petrol,10711
delhi-ncr,Hyundai Elite i20,2018,593000,32K km,32000,DL,manual,petrol,10098
delhi-ncr,Jeep Compass,2021,1850000,36.5K km,36500,UP,automatic,petrol,31817
delhi-ncr,Maruti Wagon R 1.2,2022,552000,25.5K km,25500,DL,automatic,petrol,9400
delhi-ncr,Honda WR-V,2021,762000,20K km,20000,HR,manual,petrol,12976
delhi-ncr,Maruti Eeco,2018,398000,7K km,7000,DL,manual,petrol,6354
delhi-ncr,Kia Sonet,2021,875000,59K km,59000,DL,automatic,diesel,14900
delhi-ncr,Maruti Grand Vitara,2023,1129000,57K km,57000,UP,manual,petrol,19416
delhi-ncr,Hyundai Grand i10 Nios,2020,547000,20K km,20000,HR,manual,petrol,9315
delhi-ncr,Maruti Wagon R 1.2,2021,496000,38.5K km,38500,HR,automatic,petrol,8442
delhi-ncr,MG Astor,2024,1239000,13.5K km,13500,DL,automatic,petrol,21308
delhi-ncr,Renault Kiger,2022,768000,28K km,28000,HR,automatic,petrol,13078
delhi-ncr,Kia Seltos,2021,1170000,35K km,35000,DL,manual,petrol,20121
delhi-ncr,Tata Nexon,2018,571000,54K km,54000,DL,manual,petrol,9723
delhi-ncr,Hyundai Elite i20,2016,492000,38.5K km,38500,DL,manual,petrol,8378
delhi-ncr,Hyundai Grand i10,2017,372000,54.5K km,54500,HR,manual,petrol,6334
delhi-ncr,Maruti Ciaz,2021,697000,38.5K km,38500,UP,manual,petrol,11869
delhi-ncr,Honda Jazz,2018,510000,42.5K km,42500,HR,automatic,petrol,8142
delhi-ncr,Nissan Magnite,2023,527000,53K km,53000,UP,manual,petrol,8974
delhi-ncr,Honda Amaze,2019,528000,27K km,27000,DL,manual,petrol,8991
delhi-ncr,Honda City,2021,1125000,19K km,19000,DL,manual,petrol,19348
delhi-ncr,Kia Seltos,2022,1188000,13K km,13000,DL,manual,diesel,20430
delhi-ncr,Hyundai Alcazar,2022,1578000,21K km,21000,DL,automatic,petrol,28483
delhi-ncr,Renault Kiger,2022,551000,40.5K km,40500,UP,manual,petrol,9383
delhi-ncr,Kia Seltos,2022,1274000,20K km,20000,UP,manual,petrol,21910
delhi-ncr,Kia Seltos,2023,997000,15.5K km,15500,HR,manual,petrol,16978
delhi-ncr,Tata Tiago,2021,560000,47K km,47000,UP,automatic,petrol,9536
delhi-ncr,Maruti S-Cross,2022,768000,19.5K km,19500,HR,manual,petrol,13078
delhi-ncr,Kia Seltos,2020,992000,49K km,49000,HR,manual,petrol,16893
delhi-ncr,Mahindra Thar,2021,1223000,54K km,54000,HR,automatic,petrol,21031
delhi-ncr,Tata Nexon,2022,768000,26K km,26000,DL,manual,petrol,13078
delhi-ncr,Honda Amaze,2019,559000,83K km,83000,HR,manual,petrol+cng,9519
delhi-ncr,Renault Triber,2020,463000,102.5K km,102500,DL,automatic,petrol,7884
delhi-ncr,Hyundai Verna,2015,417000,89K km,89000,HR,manual,petrol,8949
delhi-ncr,Maruti Alto K10,2015,259000,51.5K km,51500,DL,manual,petrol,4714
delhi-ncr,Hyundai Eon,2012,205000,26.5K km,26500,DL,manual,petrol,7309
delhi-ncr,Hyundai Aura,2020,565000,60.5K km,60500,HR,manual,petrol+cng,9621
delhi-ncr,Maruti Alto 800,2017,263000,49.5K km,49500,UP,manual,petrol,4700
delhi-ncr,Maruti New Ertiga,2022,1032000,20K km,20000,HR,manual,petrol+cng,17747
delhi-ncr,Maruti Baleno,2021,578000,36.5K km,36500,HR,manual,petrol,9843
delhi-ncr,Maruti Vitara Brezza,2021,749000,25K km,25000,DL,manual,petrol,12755
delhi-ncr,Maruti Celerio,2022,489000,9.5K km,9500,DL,manual,petrol,8327
delhi-ncr,Tata Nexon,2022,1032000,15.5K km,15500,DL,automatic,petrol,17748
delhi-ncr,Honda Amaze,2021,698000,13K km,13000,DL,manual,petrol,11886
delhi-ncr,Tata Tiago,2018,411000,55K km,55000,HR,manual,petrol,6999
delhi-ncr,Mahindra Thar,2021,1159000,25K km,25000,HR,manual,petrol,19931
delhi-ncr,Honda Jazz,2018,498000,59K km,59000,DL,manual,petrol,7950
delhi-ncr,Hyundai Creta,2019,998000,54K km,54000,DL,automatic,petrol,16995
delhi-ncr,Hyundai Grand i10,2015,340000,68K km,68000,DL,manual,petrol,6188
delhi-ncr,Toyota Etios,2015,372000,58K km,58000,UP,manual,petrol,6348
delhi-ncr,Tata Tiago,2018,366000,117.5K km,117500,HR,manual,petrol,6232
delhi-ncr,Maruti Baleno,2018,535000,57K km,57000,UP,automatic,petrol,9110
delhi-ncr,Tata Nexon,2019,666000,22K km,22000,DL,automatic,petrol,11341
delhi-ncr,Hyundai Grand i10,2014,302000,69.5K km,69500,HR,manual,petrol,6481
delhi-ncr,Nissan Magnite,2023,498000,33K km,33000,DL,manual,petrol,8480
delhi-ncr,Skoda Kushaq,2023,1149000,20.5K km,20500,HR,manual,petrol,19753
delhi-ncr,Volkswagen Polo,2017,624000,58.5K km,58500,DL,automatic,petrol,9962
delhi-ncr,Hyundai Grand i10 Nios,2024,678000,2.5K km,2500,HR,manual,petrol,11545
delhi-ncr,Maruti Alto K10,2015,268000,68K km,68000,DL,automatic,petrol,4878
delhi-ncr,Maruti Swift,2023,635000,17.5K km,17500,DL,manual,petrol,10813
delhi-ncr,Toyota Urban Cruiser Hyryder,2023,1519000,28.5K km,28500,UP,manual,petrol,26123
delhi-ncr,Tata Punch,2022,716000,18.5K km,18500,HR,automatic,petrol,12193
delhi-ncr,Honda City,2022,1039000,48.5K km,48500,DL,automatic,petrol,17868
delhi-ncr,Maruti Swift,2024,678000,10.5K km,10500,DL,manual,petrol,11545
delhi-ncr,Honda City,2020,1119000,25K km,25000,HR,automatic,petrol,19244
delhi-ncr,Maruti XL6,2024,1241000,11.5K km,11500,DL,automatic,petrol,21343
delhi-ncr,Maruti Alto K10,2017,265000,63K km,63000,DL,manual,petrol+cng,4512
delhi-ncr,Maruti Swift,2015,337000,84.5K km,84500,DL,manual,petrol,6134
delhi-ncr,Hyundai Eon,2012,162000,33.5K km,33500,DL,manual,petrol,10852
delhi-ncr,Maruti Swift,2015,386000,92.5K km,92500,DL,manual,petrol,7026
delhi-ncr,Maruti S-Presso,2022,442000,69.5K km,69500,DL,manual,petrol+cng,7527
delhi-ncr,Ford EcoSport,2019,658000,60.5K km,60500,DL,manual,diesel,11205
delhi-ncr,Maruti Grand Vitara,2023,1239000,33K km,33000,DL,manual,petrol,21308
delhi-ncr,Hyundai Grand i10,2016,370000,54.5K km,54500,HR,manual,petrol,6300
delhi-ncr,Maruti Baleno,2024,759000,9.5K km,9500,DL,automatic,petrol,12925
delhi-ncr,Tata Punch,2024,699000,4K km,4000,UP,manual,petrol,11903
delhi-ncr,Maruti Wagon R 1.0,2021,498000,34K km,34000,DL,manual,petrol+cng,8480
delhi-ncr,Maruti Wagon R 1.0,2022,576000,18.5K km,18500,DL,manual,petrol+cng,9808
delhi-ncr,Hyundai New Santro 1.1,2019,417000,71K km,71000,DL,manual,petrol+cng,6657
delhi-ncr,Maruti Swift,2015,356000,28K km,28000,DL,manual,petrol,6480
delhi-ncr,Tata Altroz,2021,689000,48K km,48000,HR,manual,petrol,11733
delhi-ncr,Tata Punch,2021,559000,23K km,23000,UP,manual,petrol,9519
delhi-ncr,Tata Altroz,2024,638000,26K km,26000,HR,manual,petrol,10864
delhi-ncr,Honda Mobilio,2016,399000,63.5K km,63500,HR,manual,petrol,6808
delhi-ncr,Maruti Wagon R 1.0,2012,217000,35.5K km,35500,DL,manual,petrol,8417
delhi-ncr,Maruti Celerio,2016,315000,73.5K km,73500,HR,automatic,petrol,5364
delhi-ncr,Hyundai Grand i10,2015,370000,22K km,22000,DL,manual,petrol,6734
delhi-ncr,Renault Kwid,2020,343000,70K km,70000,DL,automatic,petrol,5841
delhi-ncr,Maruti Swift,2021,572000,5K km,5000,DL,manual,petrol,9740
delhi-ncr,Maruti Swift,2023,649000,16.5K km,16500,UP,manual,petrol,11052
delhi-ncr,Tata Nexon,2019,639000,31.5K km,31500,DL,manual,diesel,10881
delhi-ncr,Maruti Vitara Brezza,2021,973000,38K km,38000,DL,automatic,petrol,16569
delhi-ncr,Nissan Magnite,2022,635000,56K km,56000,DL,manual,petrol,10813
delhi-ncr,Honda Amaze,2016,395000,55K km,55000,DL,manual,petrol,6726
delhi-ncr,Honda City,2017,756000,21K km,21000,DL,automatic,petrol,12874
delhi-ncr,Maruti S-Presso,2022,398000,11.5K km,11500,UP,manual,petrol,6777
delhi-ncr,Tata Punch,2022,692000,22.5K km,22500,HR,automatic,petrol,11784
delhi-ncr,Maruti New Ertiga,2021,849000,25.5K km,25500,DL,manual,petrol,14457
delhi-ncr,Maruti Ciaz,2016,585000,43K km,43000,DL,automatic,petrol,9962
delhi-ncr,Maruti Baleno,2023,759000,17K km,17000,DL,manual,petrol+cng,12925
delhi-ncr,Datsun Redi-GO,2018,254000,78.5K km,78500,UP,automatic,petrol,6846
delhi-ncr,Maruti Baleno,2019,514000,103.5K km,103500,HR,manual,petrol,8753
delhi-ncr,Maruti Swift Dzire,2012,274000,58.5K km,58500,DL,manual,petrol,10421
delhi-ncr,Maruti Baleno,2016,434000,102.5K km,102500,HR,automatic,petrol,7390
delhi-ncr,Renault Kiger,2021,677000,9.5K km,9500,HR,manual,petrol,11528
delhi-ncr,Nissan Kicks,2020,618000,50.5K km,50500,HR,manual,diesel,10524
delhi-ncr,Renault Kiger,2022,587000,14K km,14000,DL,manual,petrol,9996
delhi-ncr,Ford EcoSport,2019,694000,39.5K km,39500,DL,manual,petrol,11818
delhi-ncr,Hyundai Grand i10,2017,417000,70.5K km,70500,DL,manual,petrol,7101
delhi-ncr,Maruti Wagon R 1.0,2017,385000,24.5K km,24500,DL,manual,petrol+cng,6556
delhi-ncr,Ford EcoSport,2017,554000,60K km,60000,DL,manual,petrol,9434
delhi-ncr,Hyundai Grand i10,2016,452000,42.5K km,42500,DL,automatic,petrol,7697
delhi-ncr,Maruti Alto 800,2017,268000,29K km,29000,DL,manual,petrol,4789
delhi-ncr,Hyundai Aura,2023,729000,48K km,48000,HR,manual,petrol+cng,12414
delhi-ncr,Ford EcoSport,2021,794000,23K km,23000,DL,manual,petrol,13521
delhi-ncr,Ford EcoSport,2015,418000,69K km,69000,DL,manual,petrol,7608
delhi-ncr,Tata Tiago,2017,,34K km,34000,DL,manual,petrol,5943
delhi-ncr,Honda WR-V,2017,556000,37.5K km,37500,DL,manual,petrol,9468
delhi-ncr,Mahindra KUV100,2016,326000,48.5K km,48500,HR,manual,petrol,5551
delhi-ncr,Maruti Vitara Brezza,2020,598000,85K km,85000,DL,automatic,diesel,10183
delhi-ncr,Maruti Alto 800,2013,200000,45.5K km,45500,DL,manual,petrol,5546
delhi-ncr,Tata Tiago,2017,362000,41.5K km,41500,UP,manual,petrol,6164
delhi-ncr,Maruti Swift,2021,549000,9.5K km,9500,HR,automatic,petrol,9349
delhi-ncr,Hyundai Elite i20,2015,431000,59.5K km,59500,DL,manual,petrol,7845
delhi-ncr,Maruti Swift,2022,647000,9K km,9000,HR,automatic,petrol,11018
delhi-ncr,Tata Nexon,2024,1109000,16K km,16000,HR,automatic,petrol,19072
delhi-ncr,Kia Seltos,2020,997000,22K km,22000,HR,manual,petrol,16978
delhi-ncr,Maruti S-Presso,2023,459000,10.5K km,10500,DL,manual,petrol,7816
delhi-ncr,Maruti Baleno,2021,647000,40.5K km,40500,DL,manual,petrol,11018
delhi-ncr,Hyundai Aura,2024,802000,5.5K km,5500,DL,manual,petrol+cng,13657
delhi-ncr,Maruti Swift,2015,384000,22K km,22000,DL,manual,petrol,6989
delhi-ncr,Hyundai Venue,2021,830000,20K km,20000,DL,manual,petrol,14134
delhi-ncr,Maruti Ignis,2019,436000,34.5K km,34500,HR,manual,petrol,7424
delhi-ncr,Maruti Baleno,2018,500000,37.5K km,37500,DL,manual,petrol,8514
delhi-ncr,Hyundai Verna,2017,702000,81K km,81000,DL,automatic,petrol,11954
delhi-ncr,Hyundai i10,2012,173000,44.5K km,44500,DL,manual,petrol,6579
delhi-ncr,Maruti Celerio,2016,353000,94K km,94000,DL,manual,petrol+cng,6011
delhi-ncr,Hyundai Grand i10 Nios,2021,574000,71K km,71000,DL,manual,petrol+cng,9774
delhi-ncr,Hyundai Verna,2013,343000,88K km,88000,HR,manual,petrol,9245
delhi-ncr,Maruti Wagon R 1.0,2022,489000,25K km,25000,HR,manual,petrol,8739
delhi-ncr,Honda City,2017,802000,38.5K km,38500,DL,automatic,petrol,13657
delhi-ncr,Maruti Baleno,2017,471000,47.5K km,47500,HR,manual,petrol,8020
delhi-ncr,Renault Kiger,2021,526000,20K km,20000,HR,automatic,petrol,8957
delhi-ncr,Volkswagen Polo,2016,341000,73.5K km,73500,UP,manual,petrol,5444
delhi-ncr,Toyota Corolla Altis,2019,1139000,79K km,79000,UP,automatic,petrol,19587
delhi-ncr,Maruti Ciaz,2017,527000,84K km,84000,HR,manual,petrol,8974
delhi-ncr,Maruti Dzire,2024,738000,10.5K km,10500,HR,automatic,petrol,12567
delhi-ncr,Tata Tiago,2021,589000,28.5K km,28500,DL,automatic,petrol,10030
delhi-ncr,Tata Tiago,2018,439000,24K km,24000,DL,manual,petrol,7475
delhi-ncr,Maruti Dzire,2023,796000,5K km,5000,UP,manual,petrol,13555
delhi-ncr,Maruti Ciaz,2017,652000,66K km,66000,DL,automatic,petrol,11103
delhi-ncr,Hyundai Venue,2020,675000,54K km,54000,UP,manual,petrol,11494
delhi-ncr,Tata Tiago,2020,394000,36.5K km,36500,DL,manual,petrol,6709
delhi-ncr,Maruti Wagon R 1.0,2012,211000,97K km,97000,DL,manual,petrol+cng,8025
delhi-ncr,Toyota Innova Crysta,2016,1125000,54K km,54000,HR,manual,petrol,19345
delhi-ncr,Ford EcoSport,2017,530000,107.5K km,107500,HR,automatic,petrol,9025
delhi-ncr,Tata Altroz,2022,644000,22K km,22000,DL,manual,petrol,10966
delhi-ncr,Renault Kwid,2021,370000,24K km,24000,DL,manual,petrol,6300
delhi-ncr,Hyundai Creta,2017,810000,41K km,41000,HR,automatic,petrol,13793
delhi-ncr,Honda Jazz,2018,491000,35K km,35000,DL,automatic,petrol,7838
delhi-ncr,Toyota Urban Cruiser Hyryder,2024,1889000,10.5K km,10500,UP,automatic,N/A,32491
delhi-ncr,Hyundai i10,2016,339000,37K km,37000,DL,manual,petrol,5772
delhi-ncr,Volkswagen Virtus,2022,1141000,44K km,44000,HR,automatic,petrol,19622
delhi-ncr,Maruti Baleno,2016,438000,60K km,60000,HR,manual,petrol,7458
delhi-ncr,Maruti Swift,2017,421000,51.5K km,51500,HR,manual,petrol,7169
delhi-ncr,Tata Altroz,2023,849000,23.5K km,23500,UP,manual,diesel,14457
delhi-ncr,Renault Kwid,2022,398000,9.5K km,9500,DL,manual,petrol,6777
delhi-ncr,Hyundai Elite i20,2014,426000,59.5K km,59500,DL,manual,petrol+cng,9142
delhi-ncr,Honda Amaze,2020,658000,92.5K km,92500,DL,automatic,diesel,11205
delhi-ncr,Maruti Ertiga,2014,566000,75.5K km,75500,DL,manual,petrol+cng,12147
delhi-ncr,Renault Triber,2020,443000,37K km,37000,HR,manual,petrol,7544
delhi-ncr,Renault Kiger,2021,475000,36.5K km,36500,DL,automatic,petrol,8088
delhi-ncr,Tata Tiago,2020,484000,38.5K km,38500,DL,manual,petrol,8242
delhi-ncr,Maruti Swift,2020,617000,45K km,45000,UP,automatic,petrol,10507
delhi-ncr,Maruti Swift Dzire,2016,414000,56K km,56000,DL,manual,petrol,7050
delhi-ncr,Hyundai Elite i20,2020,579000,30.5K km,30500,DL,manual,petrol,9860
delhi-ncr,Renault Triber,2022,598000,8K km,8000,HR,automatic,petrol,10183
delhi-ncr,Hyundai New i20,2021,665000,28.5K km,28500,DL,manual,petrol,11324
delhi-ncr,Skoda Superb,2017,1349000,89K km,89000,DL,automatic,petrol,24347
delhi-ncr,Honda Amaze,2014,302000,51.5K km,51500,DL,manual,petrol,6481
delhi-ncr,Hyundai Verna,2022,1242000,48.5K km,48500,DL,automatic,petrol,21360
delhi-ncr,Honda City,2018,815000,38.5K km,38500,UP,manual,petrol,13878
delhi-ncr,Hyundai Venue,2022,854000,72K km,72000,UP,manual,diesel,14543
delhi-ncr,Hyundai Grand i10,2015,334000,76.5K km,76500,DL,manual,petrol,6079
delhi-ncr,Mahindra Thar,2020,1134000,57.5K km,57500,HR,automatic,petrol,19498
delhi-ncr,Renault Triber,2022,531000,46.5K km,46500,DL,manual,petrol,9042
delhi-ncr,Tata Tigor,2022,638000,54K km,54000,HR,manual,petrol+cng,10864
delhi-ncr,Hyundai Verna,2023,1202000,33K km,33000,HR,automatic,petrol,20673
delhi-ncr,Maruti Swift Dzire,2012,265000,75K km,75000,DL,manual,petrol+cng,10078
delhi-ncr,Maruti Swift Dzire,2013,223000,118.5K km,118500,DL,manual,petrol,8481
delhi-ncr,Maruti Celerio,2016,370000,53K km,53000,DL,automatic,petrol,6300
delhi-ncr,Tata Tiago,2019,494000,23K km,23000,DL,manual,petrol,8412
delhi-ncr,Honda Amaze,2022,749000,27.5K km,27500,DL,manual,petrol,12755
delhi-ncr,Maruti Swift,2016,379000,82K km,82000,DL,manual,petrol+cng,6454
delhi-ncr,Hyundai Grand i10,2019,464000,45.5K km,45500,DL,manual,petrol,7901
delhi-ncr,Tata Altroz,2022,710000,28K km,28000,DL,automatic,petrol,12090
delhi-ncr,Hyundai Verna,2018,879000,19.5K km,19500,DL,automatic,petrol,14968
delhi-ncr,MG Hector Plus,2021,1355000,79.5K km,79500,UP,manual,diesel,23296
delhi-ncr,Maruti Baleno,2016,427000,80.5K km,80500,DL,automatic,petrol,7271
delhi-ncr,Maruti Ertiga,2015,539000,56.5K km,56500,DL,manual,petrol,9811
delhi-ncr,Maruti Wagon R 1.0,2016,311000,97.5K km,97500,DL,manual,petrol+cng,5296
delhi-ncr,Honda City,2015,491000,73K km,73000,DL,automatic,petrol,8937
delhi-ncr,Hyundai Aura,2021,616000,41K km,41000,UP,manual,petrol,10490
delhi-ncr,Honda Amaze,2016,417000,43K km,43000,DL,manual,petrol,7101
bangalore,Tata Tiago,2018,543000,34K km,34000,KA,automatic,petrol,9246
bangalore,Tata Altroz,2021,687000,16.5K km,16500,KA,manual,petrol,11699
bangalore,Volkswagen Polo,2016,498000,57.5K km,57500,KA,manual,petrol,7950
bangalore,Maruti Celerio,2014,359000,69.5K km,69500,KA,automatic,petrol,7704
bangalore,Tata Nexon,2021,981000,24K km,24000,KA,automatic,petrol,16705
bangalore,Ford EcoSport,2015,556000,77.5K km,77500,KA,automatic,petrol,10120
bangalore,Kia Carens,2022,1339000,24K km,24000,KA,manual,petrol,23027
bangalore,Maruti Wagon R 1.2,2022,578000,47.5K km,47500,KA,manual,petrol,9843
bangalore,Renault Kwid,2017,375000,28.5K km,28500,KA,manual,petrol,6386
bangalore,Honda City,2021,1319000,25.5K km,25500,KA,automatic,petrol,22684
bangalore,Tata Safari,2021,1829000,54K km,54000,KA,automatic,diesel,31456
bangalore,Ford Figo,2013,239000,114K km,114000,KA,manual,diesel,
bangalore,Maruti Swift,2018,512000,125K km,125000,KA,automatic,petrol,8719
bangalore,MG Hector,2021,1535000,20K km,20000,KA,automatic,petrol,26399
bangalore,MG Hector Plus,2021,1578000,100.5K km,100500,KA,manual,diesel,27139
bangalore,Maruti Alto K10,2015,278000,36.5K km,36500,KA,automatic,petrol,5060
bangalore,Honda Brio,2012,325000,13K km,13000,KA,manual,petrol,11588
bangalore,Maruti Estilo,2011,177000,113.5K km,113500,KA,manual,petrol,12647
bangalore,Hyundai Fluidic Verna 4S,2015,466000,104K km,104000,KA,manual,petrol,8482
bangalore,BMW X1,2018,2270000,48K km,48000,UP,automatic,diesel,39040
bangalore,Mercedes CLA,2015,1970000,53K km,53000,KA,automatic,petrol,36214
bangalore,Jeep Compass,2021,2200000,29.5K km,29500,KA,automatic,petrol,37836
bangalore,Mahindra XUV 300,2022,1149000,19K km,19000,KA,automatic,petrol,19760
bangalore,Tata Nexon,2020,949000,23K km,23000,KA,automatic,petrol,16160
bangalore,Kia Seltos,2020,1319000,26.5K km,26500,KA,automatic,petrol,22684
bangalore,Kia Sonet,2022,1119000,30K km,30000,KA,manual,diesel,19244
bangalore,Ford EcoSport,2020,989000,35.5K km,35500,KA,automatic,petrol,16842
bangalore,Honda WR-V,2017,633000,73.5K km,73500,KA,manual,petrol,10779
bangalore,Hyundai Grand i10,2019,578000,11K km,11000,KA,manual,petrol,9843
bangalore,Tata Altroz,2023,842000,19K km,19000,KA,manual,petrol,14338
bangalore,Maruti Celerio,2021,627000,20K km,20000,KA,automatic,petrol,10677
bangalore,Tata Nano,2013,142000,26.5K km,26500,KA,manual,petrol,3588
bangalore,Honda Amaze,2013,375000,64K km,64000,KA,manual,petrol,10108
bangalore,Maruti Alto K10,2012,234000,74K km,74000,KA,manual,petrol,8899
bangalore,Hyundai Eon,2014,266000,50K km,50000,KA,manual,petrol,5352
bangalore,Honda WR-V,2018,649000,30.5K km,30500,KA,manual,petrol,11052
bangalore,Honda Amaze,2013,368000,60.5K km,60500,KA,manual,diesel,9919
bangalore,Honda Amaze,2020,657000,70.5K km,70500,KA,automatic,petrol,11188
bangalore,Mahindra XUV500,2015,964000,73.5K km,73500,KA,manual,diesel,18346
bangalore,Mercedes GLA,2018,1850000,98K km,98000,GJ,automatic,diesel,31817
bangalore,Jeep Compass,2021,2250000,27.5K km,27500,KA,automatic,diesel,38696
bangalore,Audi Q3,2015,1680000,46K km,46000,DL,automatic,diesel,36413
bangalore,Renault Kiger,2022,743000,7K km,7000,KA,manual,petrol,12652
bangalore,Honda BR-V,2018,935000,37K km,37000,KA,automatic,petrol,15922
bangalore,Honda Jazz,2019,570000,59.5K km,59500,KA,manual,petrol,9100
bangalore,Maruti Wagon R 1.2,2021,580000,41.5K km,41500,KA,automatic,petrol,9877
bangalore,Maruti S-Presso,2020,470000,30.5K km,30500,KA,automatic,petrol,8003
bangalore,Nissan Magnite,2024,759000,8.5K km,8500,KA,automatic,petrol,12925
bangalore,Maruti Swift,2022,832000,12K km,12000,KA,automatic,petrol,14168
bangalore,Hyundai Venue,2020,897000,45K km,45000,KA,manual,diesel,15275
bangalore,Mahindra KUV100,2016,374000,32K km,32000,KA,manual,petrol,6369
bangalore,Maruti XL6,2024,1512000,4.5K km,4500,KA,automatic,petrol,26004
bangalore,Kia Sonet,2020,978000,90.5K km,90500,KA,automatic,petrol,16654
bangalore,Maruti Alto K10,2017,302000,110.5K km,110500,KA,manual,petrol,5142
bangalore,Honda Jazz,2015,442000,139K km,139000,KA,manual,petrol,7542
bangalore,Honda Jazz,2017,559000,92K km,92000,KA,automatic,petrol,8924
bangalore,Toyota Etios Liva,2012,289000,54.5K km,54500,KA,manual,petrol,10304
bangalore,Honda Jazz,2021,724000,44.5K km,44500,KA,manual,petrol,11558
bangalore,MG Astor,2023,970000,38K km,38000,KA,manual,petrol,16518
bangalore,Honda Brio,2012,282000,77.5K km,77500,KA,manual,petrol,10055
bangalore,Mercedes GLA,2015,1780000,65.5K km,65500,KA,automatic,petrol,32721
bangalore,Audi A4,2016,1880000,52.5K km,52500,HR,automatic,diesel,34560
bangalore,Volkswagen Taigun,2021,1478000,24.5K km,24500,KA,automatic,petrol,25419
bangalore,Ford EcoSport,2018,857000,45K km,45000,KA,automatic,petrol,14594
bangalore,Skoda Slavia,2022,1259000,26.5K km,26500,KA,automatic,petrol,21652
bangalore,Toyota Innova Crysta,2018,1949000,47K km,47000,KA,manual,diesel,33520
bangalore,Renault Triber,2021,597000,35K km,35000,KA,automatic,petrol,10166
bangalore,MG Hector,2020,1098000,49K km,49000,KA,manual,petrol,18883
bangalore,Maruti Eeco,2021,509000,20.5K km,20500,KA,manual,petrol,8126
bangalore,Maruti Baleno,2018,632000,28K km,28000,KA,manual,petrol,10762
bangalore,Maruti Alto K10,2019,408000,43.5K km,43500,KA,manual,petrol,6948
bangalore,Honda Brio,2014,330000,87K km,87000,KA,manual,petrol,6639
bangalore,Honda Brio,2014,370000,38K km,38000,KA,manual,petrol,7444
bangalore,Renault Duster,2015,436000,51.5K km,51500,KA,manual,petrol,7936
bangalore,Renault Kwid,2016,289000,72.5K km,72500,KA,manual,petrol,4921
bangalore,Honda WR-V,2019,696000,104.5K km,104500,KA,manual,petrol,11852
bangalore,Renault Kwid,2016,256000,69.5K km,69500,KA,manual,petrol,4359
bangalore,Renault Kwid,2017,369000,38K km,38000,KA,automatic,petrol,6283
bangalore,Renault Duster,2014,415000,134K km,134000,KA,manual,petrol,8906
bangalore,Maruti Baleno,2019,649000,45K km,45000,KA,automatic,petrol,11052
bangalore,Audi A4,2015,1600000,44K km,44000,HR,automatic,diesel,29412
bangalore,Audi Q5,2016,2150000,45K km,45000,DL,automatic,diesel,39524
bangalore,Hyundai i10,2015,328000,78.5K km,78500,KA,manual,petrol,7318
bangalore,Hyundai Venue,2021,965000,17.5K km,17500,KA,manual,petrol,16433
bangalore,Renault Kwid,2019,354000,39K km,39000,KA,manual,petrol,6028
bangalore,Hyundai New Santro 1.1,2019,486000,40.5K km,40500,KA,automatic,petrol,7759
bangalore,Toyota Glanza,2023,795000,61.5K km,61500,KA,manual,petrol,13538
bangalore,Honda Jazz,2016,481000,42K km,42000,KA,manual,petrol,8208
bangalore,Renault Kwid,2021,428000,50K km,50000,KA,manual,petrol,7288
bangalore,Skoda Kushaq,2021,1076000,31.5K km,31500,KA,manual,petrol,18510
bangalore,Maruti Alto 800,2016,318000,30.5K km,30500,KA,manual,petrol,5683
bangalore,Maruti Alto 800,2022,368000,19K km,19000,KA,manual,petrol,6577
bangalore,Maruti Dzire,2017,540000,109K km,109000,KA,automatic,petrol,9195
bangalore,Renault Kwid,2018,380000,45.5K km,45500,KA,automatic,petrol,6471
bangalore,Renault Kiger,2023,849000,34K km,34000,KA,automatic,petrol,14457
bangalore,Maruti Celerio,2016,352000,114.5K km,114500,KA,manual,petrol,5994
bangalore,Honda Jazz,2015,439000,88K km,88000,KA,manual,petrol,7491
bangalore,Maruti Alto 800,2013,238000,80K km,80000,KA,manual,petrol,9231
bangalore,Hyundai Creta,2016,812000,101K km,101000,KA,automatic,diesel,13827
bangalore,Hyundai Elite i20,2017,532000,84.5K km,84500,KA,manual,petrol,9059
bangalore,Nissan Micra Active,2017,339000,73.5K km,73500,KA,manual,petrol,5772
bangalore,Mercedes C-Class,2018,2270000,52.5K km,52500,GJ,automatic,diesel,39040
bangalore,Tata Altroz,2022,705000,17K km,17000,KA,manual,petrol,12005
bangalore,Hyundai Xcent,2017,463000,70K km,70000,KA,automatic,petrol,7391
bangalore,Datsun Redi-GO,2019,380000,6.5K km,6500,KA,automatic,petrol,8155
bangalore,Hyundai Alcazar,2022,1619000,27.5K km,27500,KA,manual,petrol,29221
bangalore,Honda Brio,2016,434000,67.5K km,67500,KA,manual,petrol,6928
bangalore,Hyundai Elite i20,2015,588000,60K km,60000,KA,manual,petrol,10703
bangalore,Renault Kiger,2022,829000,21K km,21000,KA,manual,petrol,14117
bangalore,Kia Sonet,2021,878000,72K km,72000,KA,manual,petrol,14951
bangalore,Maruti Celerio,2019,521000,35.5K km,35500,KA,automatic,petrol,8872
bangalore,Hyundai Verna,2021,1178000,67.5K km,67500,KA,automatic,petrol,20259
bangalore,Kia Seltos,2020,1032000,53K km,53000,KA,automatic,petrol,17747
bangalore,Renault Kwid,2016,315000,49.5K km,49500,KA,manual,petrol,5364
bangalore,Nissan Micra Active,2015,314000,50K km,50000,KA,manual,petrol,5715
bangalore,Maruti Dzire,2019,597000,105.5K km,105500,KA,automatic,petrol,10166
bangalore,Maruti Swift,2010,298000,63.5K km,63500,KA,manual,petrol,
bangalore,Honda Amaze,2013,429000,51.5K km,51500,KA,automatic,petrol,11563
bangalore,Honda Mobilio,2014,455000,144K km,144000,KA,manual,petrol,9154
bangalore,Hyundai Verna,2019,1032000,92K km,92000,KA,automatic,diesel,17746
bangalore,Hyundai Eon,2012,244000,81K km,81000,KA,manual,petrol,8700
bangalore,Mercedes E-Class,2018,3750000,39.5K km,39500,GJ,automatic,petrol,64496
bangalore,Hyundai Venue,2020,998000,39.5K km,39500,KA,automatic,petrol,16995
bangalore,Tata Nexon,2021,949000,41K km,41000,KA,manual,petrol,16160
bangalore,Kia Sonet,2021,874000,68K km,68000,KA,manual,petrol,14883
bangalore,Maruti Alto K10,2019,412000,20.5K km,20500,KA,automatic,petrol,7016
bangalore,Hyundai Eon,2016,296000,52K km,52000,KA,manual,petrol,4725
bangalore,Maruti Baleno,2017,610000,43K km,43000,HR,manual,petrol,10387
bangalore,Tata Tiago NRG,2018,519000,18K km,18000,KA,manual,petrol,8838
bangalore,Hyundai New Santro 1.1,2020,518000,26.5K km,26500,KA,automatic,petrol,8269
bangalore,Maruti S-Presso,2019,424000,27.5K km,27500,KA,automatic,petrol,7220
bangalore,Maruti Celerio,2014,345000,86K km,86000,KA,automatic,petrol,7404
bangalore,Honda Brio,2012,266000,56.5K km,56500,DL,manual,petrol,9484
bangalore,Renault Kwid,2016,282000,64K km,64000,KA,manual,petrol,4802
bangalore,Maruti Celerio,2016,419000,92K km,92000,KA,automatic,petrol,7135
bangalore,Maruti Ertiga,2015,617000,116.5K km,116500,KA,manual,petrol,11230
bangalore,Datsun Redi-GO,2018,310000,70K km,70000,KA,automatic,petrol,8356
bangalore,Hyundai Verna,2018,748000,71.5K km,71500,KA,automatic,petrol,12738
bangalore,Hyundai i10,2011,298000,35.5K km,35500,KA,manual,petrol,21293
bangalore,Hyundai i20,2014,405000,120.5K km,120500,KA,manual,diesel,8692
bangalore,Hyundai i10,2011,277000,46K km,46000,KA,manual,petrol,19792
bangalore,Land Rover Discovery Sport,2017,2800000,55K km,55000,DL,automatic,diesel,48156
bangalore,Maruti Alto K10,2016,328000,59.5K km,59500,KA,manual,petrol,5585
bangalore,Kia Sonet,2020,884000,24.5K km,24500,KA,manual,petrol,15054
bangalore,Maruti Celerio,2017,458000,33.5K km,33500,KA,automatic,petrol,7799
bangalore,Volkswagen Taigun,2024,1278000,29K km,29000,KA,manual,petrol,21979
bangalore,Kia Sonet,2021,1049000,40.5K km,40500,KA,manual,petrol,18040
bangalore,Maruti XL6,2021,1139000,33.5K km,33500,KA,automatic,petrol,19588
bangalore,Mahindra KUV100,2017,428000,71.5K km,71500,KA,manual,petrol,7288
bangalore,Maruti Alto K10,2018,375000,49.5K km,49500,KA,manual,petrol,6386
bangalore,Maruti Brezza,2022,1232000,11.5K km,11500,KA,manual,petrol,21188
bangalore,Hyundai Elite i20,2015,562000,78K km,78000,KA,manual,petrol,10229
bangalore,Honda Amaze,2014,370000,110K km,110000,KA,manual,petrol,7940
bangalore,Maruti Ertiga,2013,571000,95K km,95000,KA,manual,diesel,21717
bangalore,Hyundai Santro Xing,2013,250000,41K km,41000,DL,manual,petrol,6317
bangalore,Maruti Alto K10,2013,268000,46.5K km,46500,KA,manual,petrol,10192
bangalore,Nissan Micra,2016,437000,46K km,46000,KA,automatic,petrol,6976
bangalore,Renault Kwid,2016,288000,102K km,102000,KA,manual,petrol,4904
bangalore,Maruti Swift,2019,590000,104K km,104000,KA,automatic,petrol,10047
bangalore,Hyundai Elite i20,2016,498000,110.5K km,110500,KA,manual,petrol,8480
bangalore,Datsun Redi-GO,2017,232000,54K km,54000,KA,manual,petrol,16577
bangalore,Mercedes A-Class,2017,1620000,61.5K km,61500,GJ,automatic,diesel,29780
bangalore,Hyundai Venue,2020,1032000,25.5K km,25500,KA,automatic,petrol,17748
bangalore,Maruti Celerio,2015,397000,60.5K km,60500,KA,automatic,petrol,7226
bangalore,Honda Jazz,2015,485000,25K km,25000,KA,manual,petrol,8276
bangalore,Honda City,2015,638000,64.5K km,64500,KA,automatic,petrol,11613
bangalore,Maruti Wagon R 1.0,2018,467000,69K km,69000,KA,automatic,petrol,8346
bangalore,Maruti Alto 800,2015,271000,59K km,59000,KA,manual,petrol,6033
bangalore,Honda Jazz,2021,785000,49.5K km,49500,KA,automatic,petrol,12532
bangalore,Maruti Baleno,2019,652000,62K km,62000,KA,automatic,petrol,11103
bangalore,Hyundai Elite i20,2017,605000,59K km,59000,KA,manual,petrol,10302
bangalore,Hyundai Venue,2021,878000,56K km,56000,KA,manual,petrol,14951
bangalore,Hyundai Grand i10,2015,461000,63K km,63000,KA,automatic,petrol,8391
bangalore,Maruti Alto 800,2013,241000,46K km,46000,KA,manual,petrol,6683
bangalore,Hyundai Creta,2019,1058000,102.5K km,102500,KA,manual,petrol,18195
bangalore,Honda City,2016,646000,57K km,57000,KA,manual,petrol,11001
bangalore,Hyundai Eon,2012,232000,91.5K km,91500,KA,manual,petrol,8272
bangalore,Tata Tiago,2019,518000,96K km,96000,KA,manual,petrol,8821
bangalore,Maruti Vitara Brezza,2019,895000,53K km,53000,HR,manual,diesel,15241
bangalore,Mahindra XUV500,2016,849000,47.5K km,47500,HR,manual,diesel,15173
bangalore,Renault Kwid,2016,287000,37.5K km,37500,KA,manual,petrol,4887
bangalore,Volkswagen Ameo,2017,541000,40.5K km,40500,KA,manual,petrol,8637
bangalore,Maruti Wagon R 1.2,2023,621000,4.5K km,4500,KA,manual,petrol,10575
bangalore,Maruti Celerio,2023,595000,24K km,24000,KA,manual,petrol,10132
bangalore,Renault Duster,2020,874000,50.5K km,50500,KA,manual,diesel,14883
bangalore,Maruti Ciaz,2017,677000,50.5K km,50500,KA,automatic,petrol,11528
bangalore,Tata Tiago,2018,463000,47.5K km,47500,KA,automatic,petrol,7884
bangalore,Datsun GO,2015,265000,37K km,37000,KA,manual,petrol,18935
bangalore,Renault Kwid,2021,433000,22K km,22000,KA,automatic,petrol,7373
bangalore,Renault Kwid,2015,291000,73K km,73000,KA,manual,petrol,5296
bangalore,Maruti Ignis,2019,564000,42K km,42000,KA,automatic,petrol,9604
bangalore,Hyundai New Santro 1.1,2019,498000,16.5K km,16500,KA,automatic,petrol,7950
bangalore,Maruti Alto K10,2016,382000,22.5K km,22500,KA,automatic,petrol,6505
bangalore,Ford Figo,2012,245000,90K km,90000,KA,manual,petrol,
bangalore,Hyundai Eon,2011,240000,54.5K km,54500,KA,manual,petrol,16077
bangalore,Volkswagen Polo,2015,463000,141K km,141000,KA,manual,petrol,7901
bangalore,Renault Kwid,2023,441000,44.5K km,44500,KA,manual,petrol,7509
bangalore,Hyundai i10,2012,258000,67K km,67000,KA,manual,petrol,9812
bangalore,Datsun GO,2018,307000,47K km,47000,KA,manual,petrol,5588
bangalore,Maruti Swift,2011,291000,96.5K km,96500,KA,manual,petrol,20793
bangalore,Renault Triber,2022,688000,61K km,61000,KA,automatic,petrol,11716
bangalore,Hyundai i10,2011,286000,62K km,62000,KA,manual,petrol,20435
bangalore,Maruti Wagon R 1.2,2022,561000,38K km,38000,KA,manual,petrol,9553
bangalore,Hyundai Grand i10,2019,566000,27K km,27000,KA,manual,petrol,9638
bangalore,Mahindra KUV100 NXT,2018,455000,62.5K km,62500,KA,manual,petrol,7748
bangalore,Maruti Alto K10,2017,370000,22K km,22000,KA,automatic,petrol,6300
bangalore,Maruti Celerio,2015,379000,87.5K km,87500,KA,automatic,petrol,6898
bangalore,Maruti Swift,2020,649000,56.5K km,56500,KA,manual,petrol,11052
bangalore,Hyundai Venue,2020,833000,47K km,47000,KA,manual,petrol,14185
bangalore,Ford EcoSport,2020,937000,31K km,31000,KA,manual,petrol,15956
bangalore,Maruti Wagon R 1.0,2017,475000,30K km,30000,DL,manual,petrol+cng,8088
bangalore,Tata Nexon,2020,819000,28.5K km,28500,KA,automatic,petrol,13947
bangalore,Maruti S-Presso,2022,483000,35K km,35000,KA,manual,petrol,8225
bangalore,Hyundai Grand i10,2015,420000,31K km,31000,KA,manual,petrol,7645
bangalore,Maruti A-Star,2011,226000,90.5K km,90500,KA,manual,petrol,15139
bangalore,Maruti Alto K10,2024,432000,32.5K km,32500,KA,manual,petrol,7356
bangalore,Maruti Celerio,2017,377000,119K km,119000,KA,automatic,petrol,6420
bangalore,Hyundai Verna,2013,475000,58.5K km,58500,KA,manual,petrol,12803
bangalore,Maruti Alto K10,2018,349000,44K km,44000,KA,automatic,petrol,5943
bangalore,Volkswagen Polo,2015,494000,99.5K km,99500,KA,manual,petrol,8430
bangalore,Maruti Celerio,2014,357000,47.5K km,47500,KA,automatic,petrol,7661
bangalore,Hyundai Alcazar,2021,1519000,103.5K km,103500,KA,automatic,diesel,27418
bangalore,Volkswagen Ameo,2016,460000,75K km,75000,KA,manual,petrol,7343
bangalore,Renault Kiger,2021,871000,19K km,19000,KA,automatic,petrol,14832
bangalore,Maruti Celerio,2016,388000,64.5K km,64500,KA,automatic,petrol,6607
bangalore,Maruti Celerio,2014,384000,31.5K km,31500,KA,automatic,petrol,8241
bangalore,Renault Kwid,2023,581000,10.5K km,10500,KA,automatic,petrol,9894
bangalore,Maruti Swift,2019,678000,40K km,40000,KA,automatic,petrol,11545
bangalore,Hyundai Venue,2020,987000,53.5K km,53500,KA,automatic,petrol,16808
bangalore,Maruti Celerio,2019,452000,69K km,69000,KA,automatic,petrol,7697
bangalore,Ford EcoSport,2021,875000,38K km,38000,KA,manual,petrol,14900
bangalore,MG Hector,2022,1539000,30.5K km,30500,KA,manual,petrol,26467
bangalore,Renault Kwid,2023,552000,8K km,8000,KA,automatic,petrol,9400
bangalore,Honda City,2014,523000,91K km,91000,KA,automatic,petrol,11224
bangalore,Hyundai Elite i20,2015,549000,95K km,95000,DL,manual,diesel,9993
bangalore,Hyundai Eon,2014,243000,82K km,82000,KA,manual,petrol,4889
bangalore,Volkswagen Polo,2017,542000,103.5K km,103500,KA,manual,petrol,8653
bangalore,Hyundai Creta,2020,1278000,100.5K km,100500,KA,automatic,petrol,21979
bangalore,Hyundai Grand i10,2014,414000,78K km,78000,KA,automatic,petrol,8885
bangalore,Honda City,2014,419000,51K km,51000,KA,manual,petrol,8992
bangalore,Hyundai Elite i20,2015,519000,91K km,91000,KA,manual,petrol,9447
bangalore,Hyundai Verna Transform,2010,295000,83.5K km,83500,KA,manual,diesel,
bangalore,Renault Kwid,2016,355000,40K km,40000,KA,automatic,petrol,6045
bangalore,Kia Sonet,2021,1185000,33K km,33000,KA,manual,diesel,20379
bangalore,Renault Kwid,2018,407000,27.5K km,27500,KA,automatic,petrol,6930
bangalore,Hyundai Elite i20,2018,558000,84K km,84000,KA,manual,petrol,9502
bangalore,Kia Sonet,2022,1049000,14.5K km,14500,KA,manual,petrol,18040
bangalore,Maruti Baleno,2017,550000,73.5K km,73500,KA,automatic,petrol,9366
bangalore,Kia Seltos,2021,1385000,52K km,52000,KA,manual,diesel,23819
bangalore,Hyundai New i20,2021,1032000,10K km,10000,KA,automatic,petrol,17747
bangalore,Nissan Magnite,2022,939000,37K km,37000,KA,automatic,petrol,15990
bangalore,Hyundai Grand i10,2016,433000,63.5K km,63500,KA,manual,petrol,7373
bangalore,Tata Nexon,2020,978000,63.5K km,63500,KA,manual,diesel,16654
bangalore,Hyundai Grand i10,2020,553000,61K km,61000,KA,manual,petrol,9417
bangalore,Hyundai Grand i10,2015,412000,51.5K km,51500,KA,automatic,petrol,7499
bangalore,Maruti Wagon R 1.0,2012,267000,97K km,97000,KA,manual,petrol,10356
bangalore,Maruti Baleno,2017,575000,112.5K km,112500,KA,automatic,petrol,9791
bangalore,Ford EcoSport,2019,698000,121.5K km,121500,KA,manual,diesel,11886
bangalore,Hyundai Eon,2015,257000,62K km,62000,KA,manual,petrol,4385
bangalore,Datsun Redi-GO,2016,224000,116.5K km,116500,KA,manual,petrol,16005
bangalore,Hyundai i10,2012,335000,54.5K km,54500,DL,automatic,petrol,12741
bangalore,Volkswagen Polo,2016,431000,95K km,95000,KA,manual,petrol,6880
bangalore,Maruti S-Presso,2020,445000,60K km,60000,KA,automatic,petrol,7578
bangalore,Maruti Ignis,2017,485000,43.5K km,43500,KA,manual,petrol,8259
bangalore,Maruti Ciaz,2018,715000,48.5K km,48500,KA,automatic,petrol,12176
bangalore,Tata Nexon,2021,994000,34K km,34000,KA,automatic,petrol,16927
bangalore,Renault Kwid,2019,370000,38K km,38000,KA,manual,petrol,6300
bangalore,Ford EcoSport,2021,967000,16.5K km,16500,KA,manual,petrol,16467
bangalore,Hyundai Verna,2017,905000,58K km,58000,KA,automatic,petrol,15411
bangalore,Datsun Redi-GO,2019,267000,44K km,44000,KA,manual,petrol,7197
bangalore,Tata Zest,2016,403000,78K km,78000,KA,manual,petrol,6862
bangalore,Maruti Alto K10,2016,387000,2K km,2000,KA,automatic,petrol,6590
bangalore,Renault Triber,2020,645000,44.5K km,44500,KA,automatic,petrol,10983
bangalore,Maruti Swift,2011,380000,41.5K km,41500,KA,manual,petrol,27152
bangalore,Hyundai Creta,2017,919000,90.5K km,90500,DL,automatic,diesel,15650
bangalore,Volkswagen Polo,2014,412000,111.5K km,111500,KA,manual,petrol,8289
bangalore,Hyundai Creta,2017,911000,59K km,59000,KA,automatic,petrol,15513
bangalore,Mahindra KUV100 NXT,2018,405000,48K km,48000,KA,manual,petrol,6896
bangalore,Maruti Alto K10,2016,298000,90.5K km,90500,KA,manual,petrol,5074
bangalore,Hyundai i10,2011,240000,126.5K km,126500,KA,manual,petrol,17148
bangalore,Mahindra XUV500,2018,836000,79.5K km,79500,KA,manual,diesel,14941
bangalore,Hyundai i10,2013,351000,53K km,53000,KA,manual,petrol,9461
bangalore,Mahindra XUV 300,2021,998000,24K km,24000,KA,manual,petrol,16995
bangalore,Maruti Celerio,2016,388000,81K km,81000,KA,automatic,petrol,6607
bangalore,Tata Nexon,2021,872000,40.5K km,40500,KA,manual,petrol,14849
bangalore,Renault Kwid,2017,370000,59.5K km,59500,KA,automatic,petrol,6300
bangalore,Tata Altroz,2022,795000,13K km,13000,KA,manual,petrol,13538
bangalore,Honda City,2015,637000,81K km,81000,KA,manual,petrol,11594
bangalore,Maruti Alto K10,2018,412000,17K km,17000,KA,automatic,petrol,7016
bangalore,Hyundai Grand i10,2015,531000,17K km,17000,KA,automatic,petrol,9665
bangalore,Renault Kiger,2021,827000,27K km,27000,KA,automatic,petrol,14083
bangalore,Hyundai Grand i10,2017,498000,51K km,51000,KA,manual,petrol,8480
bangalore,Maruti Baleno,2023,798000,68.5K km,68500,KA,manual,petrol,13589
bangalore,Nissan Sunny,2013,302000,92.5K km,92500,KA,manual,petrol,7631
bangalore,Volkswagen Polo,2012,358000,146K km,146000,KA,manual,petrol,12764
bangalore,Hyundai Fluidic Verna 4S,2016,512000,62K km,62000,KA,manual,petrol,8719
bangalore,Renault Kwid,2018,360000,36.5K km,36500,KA,automatic,petrol,6130
bangalore,Hyundai i10,2010,225000,81.5K km,81500,KA,manual,petrol,
bangalore,Mahindra XUV500,2017,849000,100K km,100000,HR,automatic,diesel,15173
bangalore,Hyundai Eon,2018,312000,60K km,60000,KA,manual,petrol,4981
bangalore,Hyundai i20,2012,341000,110.5K km,110500,KA,manual,petrol,12969
bangalore,Hyundai i10,2013,298000,68K km,68000,KA,manual,petrol,8032
bangalore,Maruti Swift,2022,789000,18K km,18000,KA,automatic,petrol,13436
bangalore,Kia Seltos,2022,1529000,40K km,40000,KA,manual,diesel,26295
bangalore,Ford EcoSport,2017,705000,33.5K km,33500,KA,manual,petrol,12006
bangalore,Datsun Redi-GO,2018,349000,15K km,15000,KA,automatic,petrol,9407
bangalore,Skoda Slavia,2022,1429000,74.5K km,74500,KA,automatic,petrol,24576
bangalore,Kia Sonet,2021,962000,36.5K km,36500,KA,manual,petrol,16382
bangalore,Maruti Baleno,2018,681000,60.5K km,60500,KA,automatic,petrol,11597
bangalore,Tata Nexon,2021,829000,73K km,73000,KA,automatic,petrol,14117
bangalore,Maruti Wagon R 1.0,2024,624000,2K km,2000,KA,manual,petrol,11152
bangalore,Renault Kwid,2020,398000,68K km,68000,KA,automatic,petrol,6777
bangalore,Maruti Dzire,2018,653000,45.5K km,45500,KA,automatic,petrol,11120
bangalore,Hyundai Eon,2016,239000,104K km,104000,KA,manual,petrol,4078
bangalore,Ford Figo,2011,210000,106.5K km,106500,KA,manual,petrol,
bangalore,Renault Kwid,2016,330000,19K km,19000,KA,manual,petrol,5619
bangalore,Hyundai i20,2013,419000,110K km,110000,KA,manual,petrol,11294
bangalore,Maruti Wagon R 1.0,2011,298000,54K km,54000,KA,manual,petrol,21517
bangalore,Honda Amaze,2015,452000,67.5K km,67500,KA,automatic,petrol,9700
bangalore,Hyundai New Santro 1.1,2019,402000,48.5K km,48500,KA,automatic,petrol,6417
bangalore,Maruti Swift,2013,405000,50.5K km,50500,KA,manual,petrol,10916
bangalore,Hyundai i10,2012,291000,67K km,67000,KA,manual,petrol,11067
bangalore,Hyundai New Santro 1.1,2021,558000,21.5K km,21500,KA,manual,petrol,8908
bangalore,Honda City,2022,837000,89.5K km,89500,KA,manual,petrol,14253
bangalore,Kia Seltos,2021,1485000,23.5K km,23500,KA,manual,petrol,25539
bangalore,Volkswagen Polo,2017,534000,74K km,74000,KA,manual,petrol,8525
bangalore,Renault Kwid,2016,295000,74K km,74000,KA,manual,petrol,5023
bangalore,Maruti Alto 800,2021,388000,36K km,36000,KA,manual,petrol,6934
bangalore,Renault Kwid,2017,370000,38.5K km,38500,KA,manual,petrol,6300
bangalore,Hyundai New i20,2021,1039000,15.5K km,15500,KA,automatic,petrol,17868
bangalore,Maruti Wagon R 1.0,2018,485000,54.5K km,54500,KA,automatic,petrol,8668
bangalore,Renault Kwid,2017,358000,53K km,53000,KA,automatic,petrol,6096
bangalore,Maruti Wagon R 1.0,2016,393000,25.5K km,25500,KA,manual,petrol,7023
bangalore,Hyundai i10,2013,329000,59K km,59000,KA,manual,petrol,8868
bangalore,Renault Kwid,2020,317000,87K km,87000,KA,manual,petrol,5398
bangalore,Hyundai i10,2013,287000,63.5K km,63500,KA,manual,petrol,7736
bangalore,Hyundai i10,2013,280000,51K km,51000,KA,manual,petrol,10649
bangalore,Tata Nexon,2018,646000,117.5K km,117500,KA,automatic,petrol,10997
bangalore,Honda City,2018,735000,102.5K km,102500,KA,manual,petrol,12516
bangalore,Renault Kwid,2016,287000,68.5K km,68500,KA,manual,petrol,4887
bangalore,Honda Jazz,2016,430000,99.5K km,99500,KA,manual,petrol,6864
bangalore,Honda City,2016,627000,103.5K km,103500,KA,automatic,petrol,10677
bangalore,Hyundai Elite i20,2019,659000,46.5K km,46500,KA,automatic,petrol,11222
bangalore,Honda BR-V,2017,698000,82K km,82000,KA,automatic,petrol,11886
bangalore,Kia Seltos,2022,1446000,42.5K km,42500,KA,automatic,petrol,24871
bangalore,Hyundai Grand i10,2019,541000,50.5K km,50500,KA,manual,petrol,9212
bangalore,Renault Kiger,2022,885000,28.5K km,28500,KA,automatic,petrol,15071
bangalore,Kia Sonet,2021,982000,27K km,27000,KA,manual,petrol,16722
bangalore,Maruti Swift,2017,591000,41K km,41000,KA,manual,petrol,10064
bangalore,Maruti Vitara Brezza,2021,1105000,13.5K km,13500,KA,automatic,petrol,19003
bangalore,Renault Triber,2020,621000,55K km,55000,KA,automatic,petrol,10575
bangalore,Honda City,2016,635000,69K km,69000,KA,automatic,petrol,10813
bangalore,Hyundai Grand i10,2019,598000,22K km,22000,KA,manual,petrol,10183
bangalore,Maruti Alto K10,2013,266000,75.5K km,75500,KA,manual,petrol,7170
bangalore,Maruti Wagon R 1.0,2013,309000,58.5K km,58500,DL,manual,petrol+cng,8329
bangalore,Ford EcoSport,2013,429000,78K km,78000,HR,manual,diesel,11563
bangalore,Hyundai i20,2013,423000,66.5K km,66500,KA,manual,petrol,11402
bangalore,Maruti Ciaz,2018,709000,99K km,99000,KA,automatic,petrol,12073
bangalore,Renault Kwid,2017,326000,33.5K km,33500,KA,automatic,petrol,5551
bangalore,Maruti Estilo,2012,227000,28K km,28000,KA,manual,petrol,16220
bangalore,Hyundai Elite i20,2015,519000,74.5K km,74500,KA,manual,petrol,9447
bangalore,Maruti Ciaz,2020,839000,109.5K km,109500,KA,automatic,petrol,14287
bangalore,Maruti Celerio,2016,451000,38K km,38000,KA,automatic,petrol,7680
bangalore,Honda Amaze,2022,859000,22K km,22000,KA,automatic,petrol,14628
bangalore,Renault Kwid,2024,501000,12K km,12000,KA,manual,petrol,8531
bangalore,Honda Amaze,2024,998000,1.5K km,1500,KA,automatic,petrol,16995
bangalore,Hyundai Venue,2022,1229000,13.5K km,13500,KA,manual,diesel,21136
bangalore,Maruti Eeco,2021,549000,21.5K km,21500,KA,manual,petrol+cng,9349
bangalore,Hyundai Grand i10 Nios,2022,659000,22.5K km,22500,KA,manual,petrol+cng,11222
bangalore,Volkswagen Polo,2016,586000,68.5K km,68500,KA,manual,petrol,9355
bangalore,Maruti Wagon R 1.2,2021,592000,4K km,4000,KA,manual,petrol,10081
bangalore,MG Hector,2021,1649000,22K km,22000,KA,manual,diesel,28359
bangalore,Maruti Alto K10,2016,339000,51.5K km,51500,KA,automatic,petrol,6170
bangalore,Renault Kwid,2017,345000,52K km,52000,KA,automatic,petrol,5875
bangalore,Volkswagen Polo,2015,484000,64K km,64000,KA,manual,diesel,8259
bangalore,Maruti Swift Dzire,2011,311000,74K km,74000,KA,manual,petrol,22222
bangalore,Hyundai i10,2014,315000,46.5K km,46500,KA,manual,petrol,6760
bangalore,Hyundai Eon,2015,254000,112.5K km,112500,KA,manual,petrol,5110
bangalore,Maruti Vitara Brezza,2016,701000,89.5K km,89500,DL,manual,diesel,11937
bangalore,Hyundai i10,2012,322000,67.5K km,67500,KA,automatic,petrol,12246
bangalore,Mahindra Thar,2022,1388000,41.5K km,41500,KA,automatic,petrol,23875
bangalore,Skoda Rapid New,2018,658000,116K km,116000,KA,automatic,petrol,11205
bangalore,Kia Seltos,2021,1385000,30K km,30000,KA,manual,diesel,23819
bangalore,Maruti Eeco,2018,417000,42.5K km,42500,KA,manual,petrol,6657
bangalore,Kia Sonet,2021,941000,18K km,18000,KA,manual,petrol,16024
bangalore,Honda City,2014,499000,85K km,85000,KA,manual,petrol,10709
bangalore,Ford EcoSport,2020,743000,77.5K km,77500,KA,manual,petrol,12652
bangalore,Maruti Baleno,2018,650000,61K km,61000,DL,manual,petrol,11069
bangalore,Renault Kwid,2020,405000,55.5K km,55500,KA,automatic,petrol,6896
bangalore,Toyota Urban Cruiser Hyryder,2022,1583000,24K km,24000,KA,manual,petrol,27233
bangalore,Renault Kwid,2022,521000,6.5K km,6500,KA,automatic,petrol,8872
bangalore,Hyundai i20 Active,2016,598000,56.5K km,56500,KA,manual,petrol,10183
bangalore,Mahindra XUV500,2015,916000,27.5K km,27500,HR,manual,diesel,17433
bangalore,Honda City,2016,603000,99K km,99000,HR,manual,diesel,10268
bangalore,Honda Jazz,2017,512000,118K km,118000,KA,manual,petrol,8174
bangalore,Renault Kwid,2018,291000,95.5K km,95500,KA,manual,petrol,4955
bangalore,Honda Brio,2014,315000,129K km,129000,KA,manual,petrol,6337
bangalore,Renault Kiger,2022,651000,20K km,20000,KA,automatic,petrol,11086
bangalore,Honda City,2016,510000,93.5K km,93500,DL,manual,diesel,9283
bangalore,Volkswagen Vento,2019,649000,103.5K km,103500,KA,manual,diesel,10361
bangalore,Renault Duster,2017,667000,101K km,101000,HR,automatic,diesel,11358
bangalore,Maruti Vitara Brezza,2016,732000,41.5K km,41500,HR,manual,diesel,12465
bangalore,Renault Kwid,2021,459000,18K km,18000,KA,manual,petrol,7816
bangalore,Maruti Alto K10,2018,393000,52K km,52000,KA,automatic,petrol,6692
bangalore,Renault Kiger,2023,865000,6K km,6000,KA,automatic,petrol,14730
bangalore,Hyundai Elite i20,2014,527000,71.5K km,71500,KA,manual,petrol,11310
bangalore,Hyundai Xcent,2016,459000,25.5K km,25500,KA,manual,petrol,7327
bangalore,Maruti Ciaz,2022,995000,18.5K km,18500,KA,manual,petrol,16944
bangalore,Renault Duster,2016,691000,87.5K km,87500,KA,automatic,diesel,11767
bangalore,Hyundai New Santro 1.1,2020,408000,76K km,76000,KA,manual,petrol,6513
bangalore,Maruti Alto K10,2015,325000,48.5K km,48500,KA,manual,petrol,5915
bangalore,Hyundai Venue,2021,930000,28.5K km,28500,KA,manual,petrol,15837
bangalore,Mahindra Scorpio N,2023,2275000,15K km,15000,KA,automatic,diesel,39127
bangalore,Maruti Wagon R 1.0,2011,305000,36.5K km,36500,KA,manual,petrol,22023
bangalore,Hyundai i10,2010,230000,40.5K km,40500,KA,manual,petrol,
bangalore,Volkswagen Ameo,2016,468000,84K km,84000,KA,manual,petrol,7471
bangalore,Maruti Celerio,2018,389000,112.5K km,112500,KA,automatic,petrol,6624
bangalore,Hyundai Santro Xing,2011,244000,37K km,37000,KA,manual,petrol,16345
bangalore,Hyundai Elite i20,2016,582000,57K km,57000,DL,manual,diesel,9911
bangalore,Hyundai i20,2012,418000,60.5K km,60500,KA,manual,diesel,15897
bangalore,Hyundai i10,2011,298000,33K km,33000,KA,manual,petrol,21293
bangalore,Hyundai Venue,2021,841000,51.5K km,51500,KA,manual,petrol,14321
bangalore,Renault Kiger,2023,720000,22.5K km,22500,KA,manual,petrol,12261
bangalore,Ford EcoSport,2019,768000,79.5K km,79500,KA,manual,petrol,13078
bangalore,Hyundai Fluidic Verna 4S,2016,598000,84K km,84000,DL,manual,diesel,10183
bangalore,Hyundai Fluidic Verna 4S,2017,647000,82.5K km,82500,KA,manual,petrol,11018
bangalore,Renault Triber,2022,741000,17K km,17000,KA,automatic,petrol,12618
bangalore,Hyundai New i20,2021,868000,28K km,28000,KA,manual,petrol,14781
bangalore,Honda City,2017,723000,55.5K km,55500,KA,automatic,petrol,12312
bangalore,Renault Kwid,2019,365000,21.5K km,21500,KA,manual,petrol,6215
bangalore,Hyundai New Santro 1.1,2020,472000,44.5K km,44500,KA,manual,petrol,7535
bangalore,Honda City,2021,1261000,38.5K km,38500,KA,automatic,petrol,21686
bangalore,Tata Altroz,2023,921000,20K km,20000,KA,manual,diesel,15684
bangalore,Honda Jazz,2016,433000,111.5K km,111500,KA,manual,diesel,7389
bangalore,Hyundai Verna,2012,439000,134K km,134000,KA,automatic,diesel,16696
bangalore,Honda Brio,2013,324000,102K km,102000,KA,manual,petrol,8187
bangalore,Volkswagen Polo,2013,425000,88K km,88000,KA,manual,diesel,10739
bangalore,Renault Duster,2017,645000,88.5K km,88500,KA,manual,diesel,10983
bangalore,Hyundai Eon,2013,249000,68.5K km,68500,KA,manual,petrol,6292
bangalore,Honda Brio,2013,309000,68.5K km,68500,KA,manual,petrol,7808
bangalore,Renault Kwid,2022,512000,20.5K km,20500,KA,automatic,petrol,8719
bangalore,Honda Jazz,2017,462000,74.5K km,74500,KA,manual,petrol,7375
bangalore,Maruti Celerio,2017,436000,40K km,40000,KA,automatic,petrol,7424
bangalore,Maruti Ciaz,2022,930000,19K km,19000,KA,manual,petrol,15837
bangalore,Nissan Magnite,2022,989000,15K km,15000,KA,automatic,petrol,16842
bangalore,Maruti Celerio X,2019,479000,71K km,71000,KA,automatic,petrol,8025
bangalore,Hyundai Creta,2016,826000,85.5K km,85500,KA,manual,petrol,14066
bangalore,Renault Kwid,2017,343000,69K km,69000,KA,automatic,petrol,5841
bangalore,Kia Seltos,2019,1210000,34.5K km,34500,KA,automatic,petrol,20810
bangalore,Renault Triber,2021,553000,24.5K km,24500,KA,manual,petrol,9417
bangalore,Renault Kwid,2022,511000,21.5K km,21500,KA,automatic,petrol,8702
bangalore,Hyundai Grand i10,2019,574000,17.5K km,17500,KA,manual,petrol,9774
bangalore,Volkswagen Polo,2017,578000,47K km,47000,KA,manual,petrol,9227
bangalore,Maruti Baleno,2016,525000,115K km,115000,DL,manual,petrol,8940
bangalore,Honda Mobilio,2016,558000,108K km,108000,KA,manual,diesel,9522
bangalore,Kia Seltos,2020,1162000,92.5K km,92500,KA,automatic,petrol,19992
bangalore,Hyundai i20,2012,401000,111K km,111000,KA,manual,diesel,15251
bangalore,Tata Nano,2016,219000,64K km,64000,KA,automatic,petrol,3496
bangalore,Maruti Swift,2010,298000,99.5K km,99500,KA,manual,petrol,
bangalore,Datsun GO,2017,289000,95K km,95000,KA,manual,petrol,6202
bangalore,Honda City,2014,549000,101.5K km,101500,KA,manual,diesel,11782
bangalore,Maruti Dzire,2017,663000,70K km,70000,DL,automatic,diesel,11290
bangalore,Kia Seltos,2020,1119000,51K km,51000,KA,manual,diesel,19244
bangalore,Hyundai New Santro 1.1,2019,486000,44K km,44000,KA,manual,petrol,7759
bangalore,Tata Zest,2015,415000,86.5K km,86500,DL,automatic,diesel,8906
bangalore,Honda Jazz,2017,527000,45.5K km,45500,KA,manual,petrol,8413
bangalore,Renault Kiger,2022,884000,33.5K km,33500,KA,automatic,petrol,15054
bangalore,Tata Nexon,2022,1052000,27K km,27000,KA,manual,petrol,18091
bangalore,Tata Tigor,2022,729000,6.5K km,6500,KA,manual,petrol,12414
bangalore,Hyundai Venue,2020,999000,26K km,26000,KA,automatic,petrol,17012
bangalore,Hyundai Eon,2014,257000,85K km,85000,KA,manual,petrol,5170
bangalore,Tata Nexon,2022,1139000,15.5K km,15500,KA,automatic,petrol,19588
bangalore,Maruti Wagon R 1.0,2016,446000,39K km,39000,KA,automatic,petrol,7971
bangalore,Nissan Sunny,2013,370000,104K km,104000,KA,manual,diesel,9350
bangalore,Honda City,2016,519000,142K km,142000,KA,manual,petrol,8838
bangalore,Ford EcoSport,2017,568000,72K km,72000,KA,manual,petrol,9672
bangalore,Maruti A-Star,2013,269000,95.5K km,95500,KA,manual,petrol,6797
bangalore,Kia Sonet,2021,848000,48.5K km,48500,KA,manual,petrol,14440
bangalore,Maruti Celerio,2018,408000,93.5K km,93500,KA,automatic,petrol,6948
bangalore,Hyundai i20,2012,394000,82.5K km,82500,KA,manual,diesel,14985
bangalore,Maruti Dzire,2017,674000,49.5K km,49500,HR,automatic,diesel,11477
bangalore,Nissan Micra,2013,370000,82K km,82000,KA,automatic,petrol,9350
bangalore,Renault Triber,2023,806000,12K km,12000,KA,automatic,petrol,13725
bangalore,Renault Kwid,2021,506000,9K km,9000,KA,automatic,petrol,8616
bangalore,Maruti Alto K10,2016,342000,81.5K km,81500,KA,automatic,petrol,5824
bangalore,Maruti XL6,2022,1129000,24.5K km,24500,KA,automatic,petrol,19416
bangalore,Hyundai Elite i20,2015,547000,59.5K km,59500,KA,manual,petrol,9956
bangalore,Hyundai New i20,2021,768000,25.5K km,25500,KA,manual,petrol,13078
bangalore,Maruti Ignis,2017,541000,47.5K km,47500,KA,automatic,petrol,9212
bangalore,Kia Seltos,2019,1273000,68.5K km,68500,KA,automatic,petrol,21893
bangalore,Honda City,2019,819000,50K km,50000,KA,manual,petrol,13947
bangalore,Maruti Celerio,2015,404000,49.5K km,49500,KA,automatic,petrol,7353
bangalore,Maruti S-Presso,2022,496000,9K km,9000,KA,manual,petrol,8446
bangalore,Honda City,2014,518000,94.5K km,94500,KA,manual,petrol,11117
bangalore,Nissan Sunny,2012,355000,106.5K km,106500,KA,manual,diesel,12658
bangalore,Tata Nano,2014,190000,27K km,27000,KA,manual,petrol,3822
bangalore,Hyundai Grand i10,2016,476000,103.5K km,103500,KA,automatic,petrol,8106
bangalore,Maruti Alto K10,2013,245000,51.5K km,51500,KA,manual,petrol,6604
bangalore,Renault Kwid,2019,375000,79K km,79000,KA,automatic,petrol,6386
bangalore,Tata Nano,2013,155000,22.5K km,22500,KA,manual,petrol,3916
bangalore,Volkswagen Polo,2014,378000,110.5K km,110500,KA,manual,diesel,7605
bangalore,Hyundai Fluidic Verna 4S,2016,649000,57K km,57000,DL,automatic,diesel,11052
bangalore,Maruti Wagon R 1.0,2014,363000,44K km,44000,KA,manual,petrol,8082
bangalore,Hyundai Grand i10,2014,441000,75K km,75000,KA,automatic,petrol,9464
bangalore,Maruti Alto 800,2023,385000,27K km,27000,KA,manual,petrol,6880
bangalore,Hyundai Xcent,2019,594000,33K km,33000,KA,manual,petrol,9483
bangalore,Toyota Urban Cruiser Hyryder,2023,1599000,15K km,15000,KA,manual,petrol,27506
bangalore,Hyundai Elite i20,2015,523000,88K km,88000,KA,manual,petrol,9519
bangalore,Hyundai Elite i20,2018,731000,20K km,20000,KA,automatic,petrol,12448
bangalore,Hyundai New Santro 1.1,2022,574000,11.5K km,11500,KA,manual,petrol,9163
bangalore,Renault Kwid,2016,324000,43.5K km,43500,KA,manual,petrol,5517
bangalore,Kia Seltos,2020,1129000,65.5K km,65500,KA,manual,petrol,19416
bangalore,Toyota Urban Cruiser Hyryder,2022,1583000,25.5K km,25500,KA,manual,petrol,27232
bangalore,Renault Kwid,2018,366000,33K km,33000,KA,automatic,petrol,6232
bangalore,Maruti Swift Dzire,2010,295000,115K km,115000,KA,manual,petrol,
bangalore,Hyundai Grand i10,2016,441000,96K km,96000,KA,manual,petrol,8027
bangalore,Tata Nano,2015,159000,33K km,33000,KA,manual,petrol,3199
bangalore,Renault Kwid,2017,286000,105K km,105000,KA,manual,petrol,4870
bangalore,Renault Kwid,2016,278000,36K km,36000,KA,manual,petrol,4734
bangalore,Hyundai i10,2013,307000,68K km,68000,KA,manual,petrol,8275
bangalore,Renault Duster,2020,840000,99.5K km,99500,KA,automatic,petrol,14304
bangalore,Maruti Alto 800,2013,265000,34.5K km,34500,KA,manual,petrol,7349
bangalore,Hyundai Grand i10,2018,520000,51.5K km,51500,KA,manual,petrol,8855
bangalore,Hyundai Elite i20,2020,760000,41.5K km,41500,KA,automatic,petrol,12942
bangalore,Renault Duster,2017,700000,89K km,89000,KA,manual,diesel,11920
bangalore,Renault Triber,2023,721000,6.5K km,6500,KA,automatic,petrol,12278
bangalore,Maruti XL6,2021,1082000,29.5K km,29500,KA,automatic,petrol,18608
bangalore,Renault Kwid,2019,396000,13K km,13000,KA,manual,petrol,6743
bangalore,Hyundai Aura,2022,642000,65K km,65000,KA,manual,petrol+cng,10932
bangalore,Kia Seltos,2021,1549000,43.5K km,43500,KA,automatic,diesel,26640
bangalore,Hyundai New Santro 1.1,2019,518000,18K km,18000,KA,manual,petrol,8269
bangalore,Hyundai Venue,2020,938000,34.5K km,34500,KA,manual,petrol,15973
bangalore,Honda Jazz,2016,510000,79K km,79000,KA,manual,petrol,8142
bangalore,Maruti Dzire,2020,700000,21.5K km,21500,KA,automatic,petrol,11920
bangalore,Renault Kwid,2016,318000,30.5K km,30500,DL,manual,petrol,5415
bangalore,Honda City,2014,497000,108.5K km,108500,KA,manual,diesel,10666
bangalore,Maruti Swift,2011,416000,30K km,30000,KA,manual,petrol,29724
bangalore,Ford Figo,2017,412000,122K km,122000,KA,manual,diesel,15669
bangalore,Maruti Swift Dzire,2011,338000,96.5K km,96500,KA,manual,petrol,24151
bangalore,Maruti Swift Dzire,2011,288000,101.5K km,101500,KA,manual,petrol,20578
bangalore,Maruti Swift Dzire,2011,374000,70.5K km,70500,KL,manual,petrol,26723
bangalore,Hyundai Creta,2016,875000,90.5K km,90500,DL,automatic,diesel,14900
bangalore,Renault Kwid,2023,558000,11.5K km,11500,KA,automatic,petrol,9502
bangalore,Skoda Kushaq,2021,1189000,57K km,57000,KA,manual,petrol,20448
bangalore,Tata Tiago,2018,447000,89K km,89000,KA,automatic,petrol,7612
bangalore,Tata Tiago,2017,487000,67K km,67000,KA,automatic,petrol,8293
bangalore,Honda City,2015,614000,66K km,66000,KA,automatic,petrol,11176
bangalore,Maruti Alto K10,2019,381000,39K km,39000,KA,manual,petrol,6488
bangalore,Renault Kwid,2021,447000,27K km,27000,KA,automatic,petrol,7612
bangalore,Nissan Micra,2015,424000,37K km,37000,KA,automatic,petrol,7235
bangalore,Renault Kwid,2022,531000,11K km,11000,KA,automatic,petrol,9042
bangalore,Renault Kwid,2023,566000,9K km,9000,KA,automatic,petrol,9638
bangalore,Tata Punch,2023,768000,11K km,11000,KA,automatic,petrol,13078
bangalore,Maruti Celerio,2014,346000,58K km,58000,KA,automatic,petrol,7425
bangalore,Hyundai Creta,2017,860000,105.5K km,105500,KA,automatic,petrol,14645
bangalore,Hyundai Verna,2011,420000,77K km,77000,KA,manual,petrol,30010
bangalore,Hyundai i10,2011,282000,51.5K km,51500,KA,manual,petrol,20149
bangalore,Hyundai Creta,2019,834000,52K km,52000,KA,manual,petrol,14202
bangalore,Volkswagen Ameo,2018,498000,66.5K km,66500,DL,manual,diesel,7950
bangalore,Renault Duster,2017,689000,85K km,85000,HR,manual,diesel,11733
bangalore,Hyundai i10,2013,292000,67K km,67000,KA,manual,petrol,7870
bangalore,Volkswagen Ameo,2016,478000,93.5K km,93500,DL,manual,petrol,7631
bangalore,Hyundai Elite i20,2018,720000,46.5K km,46500,KA,automatic,petrol,12261
bangalore,Maruti Dzire,2017,655000,87K km,87000,KA,automatic,diesel,11154
bangalore,Maruti Dzire,2021,758000,20.5K km,20500,KA,automatic,petrol,12908
bangalore,Renault Kwid,2022,515000,13.5K km,13500,KA,automatic,petrol,8770
bangalore,Hyundai Creta,2017,803000,76.5K km,76500,KA,manual,petrol,13674
bangalore,Renault Kiger,2021,785000,25K km,25000,KA,automatic,petrol,13368
bangalore,Maruti Ciaz,2022,992000,21K km,21000,KA,automatic,petrol,16893
bangalore,Maruti Alto K10,2017,345000,27.5K km,27500,KA,automatic,petrol,5875
bangalore,MG Gloster,2021,3401000,59K km,59000,KA,automatic,diesel,58494
bangalore,Hyundai Elite i20,2018,679000,73K km,73000,KA,manual,petrol,11562
bangalore,Hyundai i10,2016,396000,48K km,48000,KA,manual,petrol,6743
bangalore,Tata Tiago,2017,437000,126K km,126000,KA,automatic,petrol,7441
bangalore,Honda Brio,2014,329000,112.5K km,112500,KA,manual,petrol,6619
bangalore,Toyota Etios Liva,2013,355000,101K km,101000,KA,manual,diesel,8971
bangalore,Tata Zest,2015,353000,95.5K km,95500,KA,manual,petrol,7576
bangalore,Skoda Rapid,2014,448000,98.5K km,98500,DL,manual,diesel,9014
bangalore,Maruti Estilo,2012,251000,48.5K km,48500,KA,manual,petrol,17934
bangalore,Hyundai Eon,2018,356000,64.5K km,64500,KA,manual,petrol,5683
bangalore,Maruti Vitara Brezza,2017,660000,108K km,108000,DL,manual,diesel,11239
bangalore,Hyundai Grand i10,2014,436000,44K km,44000,KA,automatic,petrol,9357
bangalore,Maruti Wagon R 1.2,2024,697000,4K km,4000,KA,manual,petrol,11869
bangalore,Hyundai Grand i10 Nios,2023,739000,26.5K km,26500,KA,manual,petrol,12584
bangalore,Maruti Ciaz,2018,710000,53.5K km,53500,KA,automatic,petrol,12090
bangalore,Renault Kwid,2022,498000,30K km,30000,KA,manual,petrol,8480
bangalore,Maruti Celerio,2015,411000,35.5K km,35500,KA,automatic,petrol,7481
bangalore,Hyundai Grand i10,2015,496000,40.5K km,40500,KA,automatic,petrol,9028
bangalore,Renault Triber,2022,626000,45.5K km,45500,KA,manual,petrol,10660
bangalore,Hyundai Verna,2022,1390000,28.5K km,28500,KA,automatic,petrol,23909
bangalore,Maruti Celerio,2022,598000,27K km,27000,KA,manual,petrol,10183
bangalore,Kia Sonet,2021,1101000,22.5K km,22500,KA,manual,petrol,18934
bangalore,Tata Tiago,2020,594000,49K km,49000,KL,automatic,petrol,10115
bangalore,Nissan Micra Active,2014,268000,94K km,94000,KA,manual,petrol,5751
bangalore,Nissan Sunny,2014,353000,105K km,105000,KA,manual,petrol,8920
bangalore,MG Hector Plus,2021,1278000,105K km,105000,KA,manual,diesel,21979
bangalore,Datsun GO,2017,278000,49.5K km,49500,KL,manual,petrol,5966
bangalore,Maruti Wagon R 1.0,2013,333000,43.5K km,43500,KA,manual,petrol,9234
bangalore,Hyundai Grand i10,2018,424000,80K km,80000,KA,manual,diesel,7220
bangalore,Tata Nano,2015,162000,143.5K km,143500,KA,manual,petrol,2764
bangalore,Nissan Micra,2017,401000,90.5K km,90500,KA,automatic,petrol,6401
bangalore,Maruti Swift Dzire,2013,398000,75K km,75000,DL,manual,petrol,10728
bangalore,Maruti Celerio,2023,624000,8K km,8000,KA,manual,petrol,10626
bangalore,Kia Seltos,2020,1259000,53K km,53000,KA,automatic,petrol,21652
bangalore,Maruti Celerio,2017,430000,53K km,53000,KA,manual,petrol,7322
bangalore,Maruti Wagon R 1.0,2018,440000,66K km,66000,KA,automatic,petrol,7863
bangalore,Hyundai Grand i10 Nios,2024,794000,12K km,12000,KA,manual,petrol,13521
bangalore,Renault Kwid,2019,388000,36K km,36000,KA,automatic,petrol,6607
bangalore,Hyundai Grand i10,2017,491000,32.5K km,32500,KA,manual,petrol,8361
bangalore,Renault Kwid,2017,365000,65K km,65000,KA,automatic,petrol,6215
bangalore,Maruti Alto 800,2018,345000,49K km,49000,KA,manual,petrol,6166
bangalore,Toyota Urban Cruiser Hyryder,2022,1580000,22K km,22000,KA,manual,petrol,27166
bangalore,Hyundai Venue,2021,820000,34.5K km,34500,KA,manual,petrol,13964
bangalore,Ford Freestyle,2020,567000,38.5K km,38500,KA,manual,petrol,9655
bangalore,Datsun Redi-GO,2018,268000,34.5K km,34500,KA,manual,petrol,10192
bangalore,Hyundai Grand i10,2017,471000,53.5K km,53500,KA,automatic,petrol,8020
bangalore,Hyundai Elite i20,2015,544000,51K km,51000,KA,manual,petrol,9902
bangalore,Hyundai Creta,2015,783000,103K km,103000,DL,manual,diesel,14252
bangalore,Skoda Rapid New,2019,698000,117.5K km,117500,KA,manual,diesel,11886
bangalore,Ford Figo,2020,534000,46K km,46000,KA,manual,petrol,9093
bangalore,Hyundai i20,2011,332000,68K km,68000,KA,manual,petrol,23722
bangalore,Maruti Alto K10,2014,319000,75.5K km,75500,KA,automatic,petrol,6846
bangalore,Maruti Baleno,2021,830000,29K km,29000,KA,automatic,petrol,14134
bangalore,Renault Triber,2022,692000,22K km,22000,KA,automatic,petrol,11784
bangalore,Hyundai Elite i20,2015,526000,52.5K km,52500,KA,manual,petrol,9574
bangalore,Honda City,2018,738000,72K km,72000,KA,manual,petrol,12567
bangalore,Renault Duster,2017,751000,58.5K km,58500,DL,manual,diesel,12789
bangalore,Hyundai New Santro 1.1,2022,550000,20K km,20000,KA,manual,petrol,8780
bangalore,Hyundai Elite i20,2014,548000,49.5K km,49500,DL,manual,petrol,11761
bangalore,Tata Nexon,2020,839000,47K km,47000,KA,manual,petrol,14287
bangalore,Renault Kiger,2023,767000,11.5K km,11500,KA,automatic,petrol,13061
bangalore,Hyundai New Santro 1.1,2020,523000,34.5K km,34500,KA,automatic,petrol,8349
bangalore,Maruti Ignis,2022,575000,13.5K km,13500,KA,manual,petrol,9791
bangalore,Hyundai i20 N Line,2022,997000,27K km,27000,KA,manual,petrol,16978
bangalore,Maruti Baleno,2018,617000,99.5K km,99500,KA,automatic,petrol,10507
bangalore,Maruti Celerio,2019,429000,104.5K km,104500,KA,automatic,petrol,7305
bangalore,Ford Freestyle,2021,653000,37.5K km,37500,KA,manual,petrol,11120
bangalore,Honda City,2015,503000,101.5K km,101500,KA,manual,petrol,9155
bangalore,Hyundai i10,2013,274000,85.5K km,85500,DL,manual,petrol,7385
bangalore,Maruti Baleno,2019,622000,112.5K km,112500,KA,automatic,petrol,10592
bangalore,Maruti Alto K10,2016,304000,90K km,90000,KA,manual,petrol,5176
bangalore,Renault Kwid,2020,317000,95.5K km,95500,KA,manual,petrol,5398
bangalore,Renault Triber,2022,692000,27.5K km,27500,KA,automatic,petrol,11784
bangalore,Maruti Wagon R 1.0,2018,435000,53.5K km,53500,KA,automatic,petrol,7774
bangalore,Hyundai Grand i10,2019,526000,12K km,12000,KA,manual,petrol,8957
bangalore,Renault Kiger,2023,963000,19.5K km,19500,KA,automatic,petrol,16399
bangalore,Renault Kwid,2023,583000,6.5K km,6500,KA,automatic,petrol,9928
bangalore,Renault Triber,2022,752000,13.5K km,13500,KA,automatic,petrol,12806
bangalore,Renault Kwid,2022,524000,11.5K km,11500,KA,automatic,petrol,8923
bangalore,Hyundai Xcent,2016,452000,36.5K km,36500,KA,manual,petrol,7713
bangalore,Renault Kwid,2019,425000,36.5K km,36500,KA,automatic,petrol,7237
bangalore,Renault Kwid,2022,520000,8K km,8000,KA,automatic,petrol,8855
bangalore,Maruti Alto K10,2019,370000,51K km,51000,KA,manual,petrol,6300
bangalore,Maruti Dzire,2017,631000,22K km,22000,KA,automatic,petrol,10745
bangalore,Hyundai i10,2015,349000,93.5K km,93500,KA,manual,petrol,6352
bangalore,Ford Figo,2012,239000,100K km,100000,KA,manual,diesel,
bangalore,Hyundai Verna,2013,415000,81.5K km,81500,KA,manual,petrol,11186
bangalore,Hyundai Venue,2020,822000,54K km,54000,KA,automatic,petrol,13998
bangalore,MG Hector,2020,1254000,97K km,97000,KA,manual,diesel,21559
bangalore,Maruti Ciaz,2021,853000,79.5K km,79500,KA,automatic,petrol,14526
bangalore,Honda City,2014,490000,100.5K km,100500,KA,automatic,petrol,10516
bangalore,Hyundai Grand i10,2018,444000,109K km,109000,KA,manual,petrol,7561
bangalore,Maruti Celerio,2022,558000,18.5K km,18500,KA,manual,petrol,9502
bangalore,Hyundai Eon,2014,296000,35.5K km,35500,KA,manual,petrol,5955
bangalore,Renault Kwid,2017,352000,37.5K km,37500,KA,manual,petrol,5994
bangalore,Renault Kwid,2016,321000,44.5K km,44500,KA,manual,petrol,5466
bangalore,Renault Kwid,2017,352000,47K km,47000,KA,manual,petrol,5994
bangalore,Kia Sonet,2020,958000,48K km,48000,KA,manual,petrol,16314
bangalore,Honda Mobilio,2014,496000,64.5K km,64500,KA,manual,petrol,9979
bangalore,Ford EcoSport,2020,862000,39K km,39000,KA,manual,petrol,14679
bangalore,Renault Kwid,2022,482000,18K km,18000,KA,manual,petrol,8208
bangalore,Datsun GO,2019,359000,39.5K km,39500,KA,manual,petrol,6113
bangalore,Kia Sonet,2021,973000,9.5K km,9500,KA,manual,petrol,16569
bangalore,Renault Kiger,2022,886000,34.5K km,34500,KA,automatic,petrol,15088
bangalore,Mahindra XUV500,2016,951000,128K km,128000,KA,automatic,diesel,16996
bangalore,Maruti Ciaz,2020,738000,122.5K km,122500,KA,manual,petrol,12567
bangalore,Hyundai Grand i10,2013,375000,74K km,74000,KA,manual,petrol,10108
bangalore,Maruti Swift Dzire,2011,395000,70.5K km,70500,KA,manual,petrol,28224
bangalore,Renault Kiger,2022,802000,33K km,33000,KA,automatic,petrol,13657
bangalore,Nissan Micra,2014,315000,94.5K km,94500,KA,automatic,petrol,6337
bangalore,Hyundai Creta,2019,822000,120.5K km,120500,KA,manual,petrol,13998
bangalore,Hyundai Creta,2015,795000,46K km,46000,DL,manual,diesel,14470
bangalore,Maruti S-Presso,2021,436000,6.5K km,6500,KA,manual,petrol,7424
bangalore,Maruti Celerio,2022,592000,19K km,19000,KA,manual,petrol,10081
bangalore,Renault Kiger,2022,805000,22K km,22000,KA,manual,petrol,13708
bangalore,Maruti Ignis,2022,621000,17K km,17000,KA,manual,petrol,10575
bangalore,Tata Nexon,2018,756000,23K km,23000,KL,automatic,petrol,12874
bangalore,Maruti Vitara Brezza,2017,788000,77K km,77000,HR,manual,diesel,13419
bangalore,Maruti Ciaz,2015,573000,73K km,73000,KA,automatic,petrol,10430
bangalore,Honda BR-V,2019,970000,53K km,53000,KA,manual,petrol,16518
bangalore,Maruti Alto K10,2019,376000,36K km,36000,KA,manual,petrol,6403
bangalore,Hyundai Venue,2022,897000,38.5K km,38500,KA,manual,petrol,15275
bangalore,Renault Kiger,2022,873000,36K km,36000,KA,automatic,petrol,14866
bangalore,Renault Kwid,2021,443000,38.5K km,38500,KA,manual,petrol,7550
bangalore,Renault Duster,2015,577000,111.5K km,111500,KA,manual,diesel,10502
bangalore,Hyundai i10,2013,275000,69.5K km,69500,KA,manual,petrol,11942
bangalore,Hyundai Grand i10,2018,521000,38.5K km,38500,KA,automatic,petrol,8872
bangalore,Honda Brio,2012,270000,63.5K km,63500,HR,manual,petrol,9627
bangalore,Maruti Baleno,2017,568000,66.5K km,66500,DL,manual,petrol,9672
bangalore,Datsun GO,2015,229000,46.5K km,46500,KL,manual,petrol,16362
bangalore,Volkswagen Polo,2013,372000,130K km,130000,KA,manual,diesel,9400
bangalore,Datsun GO,2014,234000,43.5K km,43500,KA,manual,petrol,16720
bangalore,Maruti Baleno,2018,640000,68K km,68000,KA,automatic,petrol,10898
bangalore,Hyundai Venue,2020,924000,52.5K km,52500,KA,manual,petrol,15735
bangalore,Maruti Celerio,2016,446000,17.5K km,17500,KA,automatic,petrol,7595
bangalore,Honda Brio,2016,382000,31.5K km,31500,KA,manual,petrol,6098
bangalore,Renault Duster,2016,709000,71.5K km,71500,KA,manual,diesel,12073
bangalore,Tata Zest,2015,396000,86.5K km,86500,KA,manual,petrol,7208
bangalore,Hyundai Venue,2023,1023000,10K km,10000,KA,manual,petrol,17591
bangalore,Maruti Alto 800,2018,323000,49.5K km,49500,KA,manual,petrol,5772
bangalore,Maruti Ciaz,2019,824000,53.5K km,53500,KA,automatic,petrol,14032
bangalore,Maruti Ciaz,2018,748000,60.5K km,60500,KA,automatic,petrol,12738
bangalore,Maruti Alto K10,2016,322000,40K km,40000,KA,manual,petrol,5483
bangalore,Hyundai Elite i20,2015,554000,78K km,78000,KL,manual,petrol,10084
bangalore,Maruti Wagon R 1.0,2014,308000,68.5K km,68500,KA,manual,petrol,8541
bangalore,Ford EcoSport,2017,587000,119.5K km,119500,KA,manual,petrol,9996
bangalore,Hyundai New Santro 1.1,2019,435000,113K km,113000,KA,manual,petrol,6944
bangalore,Hyundai i20 Active,2016,563000,75K km,75000,KA,manual,petrol,9587
bangalore,Maruti Swift Dzire,2011,363000,62.5K km,62500,KA,manual,petrol,25937
bangalore,Volkswagen Polo,2015,467000,141K km,141000,KA,manual,petrol,7969
bangalore,Hyundai i10,2015,297000,114K km,114000,KA,manual,petrol,5406
bangalore,Maruti Swift,2012,384000,68.5K km,68500,HR,manual,petrol,14604
bangalore,Renault Kwid,2019,344000,60K km,60000,KA,manual,petrol,5858
bangalore,Maruti Swift,2018,657000,85.5K km,85500,KA,automatic,diesel,11188
bangalore,Renault Kwid,2019,421000,32.5K km,32500,KA,automatic,petrol,7169
bangalore,Maruti Alto K10,2016,336000,41.5K km,41500,KA,manual,petrol,5721
bangalore,Maruti Alto K10,2018,427000,14K km,14000,KA,automatic,petrol,7271
bangalore,Hyundai Creta,2019,1148000,29.5K km,29500,KA,automatic,petrol,19737
bangalore,Renault Kwid,2019,446000,28K km,28000,KA,automatic,petrol,7595
bangalore,Maruti Alto 800,2014,278000,55.5K km,55500,KA,manual,petrol,6189
bangalore,Kia Seltos,2021,1721000,30.5K km,30500,KA,automatic,diesel,29597
bangalore,Nissan Micra,2015,407000,41.5K km,41500,KA,manual,petrol,6945
bangalore,Tata Nexon,2018,768000,51.5K km,51500,KA,automatic,petrol,13078
bangalore,Renault Kwid,2017,309000,44K km,44000,KA,manual,petrol,5262
bangalore,Ford Figo,2013,264000,66K km,66000,KA,manual,petrol,
bangalore,Datsun GO,2015,257000,52.5K km,52500,KA,manual,petrol,9774
bangalore,Hyundai i20,2011,314000,85K km,85000,KA,manual,petrol,22436
bangalore,Maruti Ertiga,2012,529000,41K km,41000,DL,manual,petrol,20119
bangalore,Maruti Alto K10,2013,229000,85.5K km,85500,KA,manual,petrol,6172
bangalore,Hyundai Elite i20,2014,419000,108K km,108000,KL,manual,petrol,8992
bangalore,Honda City,2015,557000,97.5K km,97500,KA,manual,petrol,10138
bangalore,Honda City,2015,647000,77K km,77000,DL,manual,diesel,11776
bangalore,MG Hector,2021,1419000,35.5K km,35500,KA,manual,petrol,24403
bangalore,Mahindra XUV500,2018,1106000,86K km,86000,KA,automatic,diesel,19962
bangalore,Renault Kiger,2022,889000,23.5K km,23500,KA,automatic,petrol,15139
bangalore,Renault Triber,2020,666000,21K km,21000,KA,automatic,petrol,11341
bangalore,Hyundai New i20,2020,831000,43.5K km,43500,KA,automatic,petrol,14151
bangalore,Maruti XL6,2021,1071000,24K km,24000,KA,automatic,petrol,18425
bangalore,Maruti Eeco,2021,498000,33K km,33000,KA,manual,petrol,7950
bangalore,Hyundai Venue,2021,957000,27K km,27000,KA,manual,petrol,16297
bangalore,Volkswagen Polo,2015,561000,38.5K km,38500,KA,manual,petrol,9573
bangalore,Maruti Baleno,2016,494000,83.5K km,83500,DL,manual,petrol,7765
bangalore,Maruti Baleno,2016,540000,63K km,63000,DL,automatic,petrol,9195
bangalore,Mahindra Scorpio,2018,997000,81K km,81000,KA,manual,diesel,16978
bangalore,Mahindra KUV100,2016,349000,42.5K km,42500,DL,manual,petrol,5943
bangalore,Honda Brio,2012,289000,56.5K km,56500,DL,manual,petrol,10304
bangalore,Hyundai Creta,2016,825000,111.5K km,111500,DL,manual,diesel,14049
bangalore,Tata Tiago,2018,413000,117K km,117000,KA,manual,petrol,7033
bangalore,Volkswagen Ameo,2016,541000,121.5K km,121500,KA,automatic,diesel,8637
bangalore,Nissan Sunny,2012,340000,115.5K km,115500,KA,manual,diesel,12123
bangalore,Volkswagen Polo,2013,442000,81.5K km,81500,KA,manual,petrol,11169
bangalore,Honda Brio,2013,299000,58K km,58000,DL,manual,petrol,7555
bangalore,Ford Freestyle,2021,684000,31K km,31000,KA,manual,petrol,11648
bangalore,Maruti Alto K10,2016,331000,53K km,53000,KA,manual,petrol,5636
bangalore,Hyundai Verna,2017,891000,67.5K km,67500,KA,automatic,petrol,15173
bangalore,Skoda Slavia,2023,1229000,25K km,25000,KA,manual,petrol,21136
bangalore,Ford EcoSport,2020,833000,60K km,60000,KA,manual,petrol,14185
bangalore,Renault Kwid,2020,385000,77K km,77000,KA,automatic,petrol,6556
bangalore,Mahindra KUV100,2016,370000,63K km,63000,KA,manual,petrol,6300
bangalore,Maruti Baleno,2016,554000,71.5K km,71500,DL,manual,petrol,9434
bangalore,Mahindra Scorpio N,2023,2378000,22.5K km,22500,KA,automatic,diesel,40897
bangalore,Maruti Ciaz,2018,680000,70K km,70000,KA,manual,petrol,11580
bangalore,Hyundai Grand i10,2015,489000,41.5K km,41500,KA,automatic,petrol,8901
bangalore,Hyundai Venue,2022,897000,32K km,32000,KA,manual,petrol,15275
bangalore,Tata Nexon,2018,765000,80.5K km,80500,DL,manual,diesel,13027
bangalore,Maruti Alto K10,2012,241000,66.5K km,66500,KA,manual,petrol,9166
bangalore,Mahindra XUV500,2016,862000,57K km,57000,KA,automatic,diesel,15406
bangalore,Hyundai Creta,2015,820000,105K km,105000,DL,automatic,diesel,14926
bangalore,Hyundai Grand i10,2017,411000,42.5K km,42500,KA,manual,petrol,6999
bangalore,Hyundai i10,2012,241000,83.5K km,83500,KA,manual,petrol,9166
bangalore,Kia Seltos,2021,1232000,80.5K km,80500,KA,manual,diesel,21187
bangalore,Nissan Sunny,2011,280000,95.5K km,95500,KA,manual,petrol,18756
bangalore,Hyundai New i20,2020,694000,25K km,25000,KA,manual,petrol,11818
bangalore,Renault Kiger,2021,727000,50K km,50000,KA,manual,petrol,12380
bangalore,Renault Kwid,2022,505000,25.5K km,25500,KA,automatic,petrol,8599
bangalore,Maruti Baleno,2019,613000,76K km,76000,KA,automatic,petrol,10439
bangalore,Maruti Alto 800,2022,419000,12K km,12000,KA,manual,petrol,7488
bangalore,Renault Kwid,2022,498000,27K km,27000,KA,automatic,petrol,8480
bangalore,Tata Tiago,2019,501000,34K km,34000,KL,automatic,petrol,8531
bangalore,Honda Jazz,2016,490000,77.5K km,77500,KA,manual,petrol,7822
bangalore,Hyundai i10,2013,319000,46K km,46000,KL,manual,petrol,8598
bangalore,Renault Kwid,2018,368000,39K km,39000,KL,manual,petrol,6266
bangalore,Datsun Redi-GO,2018,337000,39.5K km,39500,KA,automatic,petrol,9083
bangalore,Maruti Vitara Brezza,2018,839000,79.5K km,79500,HR,automatic,diesel,14287
bangalore,Datsun Redi-GO,2017,204000,104K km,104000,KA,manual,petrol,7758
bangalore,Hyundai i10,2010,230000,81K km,81000,KA,automatic,petrol,
bangalore,Volkswagen Polo,2015,452000,99K km,99000,WB,manual,diesel,7713
bangalore,Maruti Swift Dzire,2014,498000,62.5K km,62500,HR,manual,diesel,10688
bangalore,Skoda Fabia,2013,381000,103K km,103000,KA,manual,petrol,9628
bangalore,Maruti Ciaz,2018,642000,75K km,75000,DL,manual,diesel,10932
bangalore,Maruti Wagon R 1.0,2012,278000,71.5K km,71500,HR,manual,petrol,10783
bangalore,Hyundai Creta,2016,722000,143K km,143000,KA,manual,petrol,13142
bangalore,Maruti Celerio,2017,447000,73K km,73000,KA,automatic,petrol,7612
bangalore,Renault Kwid,2021,466000,29K km,29000,KA,manual,petrol,7935
bangalore,Hyundai i10,2016,384000,29K km,29000,KA,manual,petrol,6539
bangalore,Kia Seltos,2022,1629000,51.5K km,51500,KA,automatic,diesel,28015
bangalore,Maruti Swift,2015,429000,63.5K km,63500,DL,manual,diesel,7808
bangalore,Mahindra Thar,2021,1336000,26K km,26000,KA,automatic,petrol,22972
bangalore,Maruti S-Presso,2022,504000,21.5K km,21500,KA,manual,petrol+cng,8582
bangalore,Maruti Vitara Brezza,2019,877000,52K km,52000,KA,manual,diesel,14934
bangalore,Maruti Baleno,2017,589000,44.5K km,44500,KA,automatic,petrol,10030
bangalore,Tata Tiago NRG,2019,497000,56.5K km,56500,KA,manual,petrol,8463
bangalore,Maruti Vitara Brezza,2017,799000,84K km,84000,DL,manual,diesel,13606
bangalore,Renault Kwid,2021,411000,15K km,15000,KA,manual,petrol,6999
bangalore,Hyundai Creta,2016,840000,80.5K km,80500,DL,automatic,diesel,14304
bangalore,Hyundai Creta,2018,800000,113.5K km,113500,KA,manual,petrol,13623
bangalore,Hyundai Elite i20,2017,585000,90.5K km,90500,KA,manual,petrol,9962
bangalore,Honda Amaze,2014,405000,114.5K km,114500,KA,automatic,petrol,10916
bangalore,Honda City,2015,598000,144.5K km,144500,KA,automatic,petrol,10885
bangalore,Ford EcoSport,2021,792000,109K km,109000,KA,manual,diesel,13487
bangalore,Hyundai Verna,2012,409000,49.5K km,49500,DL,manual,petrol,15555
bangalore,Maruti A-Star,2013,327000,38K km,38000,KA,automatic,petrol,8263
bangalore,Maruti Swift,2014,445000,38.5K km,38500,DL,manual,petrol,9550
bangalore,Volkswagen Polo,2014,510000,85K km,85000,KA,manual,diesel,10261
bangalore,Kia Seltos,2020,1165000,48K km,48000,KA,manual,petrol,20042
bangalore,Hyundai Venue,2020,911000,50.5K km,50500,KA,manual,petrol,15513
bangalore,Maruti Wagon R 1.0,2014,364000,38K km,38000,DL,manual,petrol,8104
bangalore,Hyundai Venue,2020,993000,38.5K km,38500,KA,automatic,petrol,16910
bangalore,Maruti Baleno,2018,569000,58K km,58000,HR,manual,petrol,9689
bangalore,Honda City,2014,610000,84.5K km,84500,KA,automatic,petrol,13091
bangalore,Toyota Urban Cruiser Hyryder,2022,1832000,24.5K km,24500,KA,automatic,N/A,31511
bangalore,Maruti Baleno,2018,610000,34.5K km,34500,DL,manual,petrol,10387
bangalore,Ford EcoSport,2015,536000,83K km,83000,DL,automatic,petrol,9756
bangalore,Mahindra Scorpio N,2022,2016000,22.5K km,22500,KA,automatic,petrol,34671
bangalore,Honda City,2014,621000,67K km,67000,DL,automatic,petrol,13327
bangalore,Tata Nexon,2020,673000,31.5K km,31500,KA,automatic,petrol,11460
bangalore,Hyundai Creta,2016,795000,102K km,102000,DL,automatic,diesel,14470
bangalore,Datsun GO,2017,274000,60K km,60000,KA,manual,petrol,5880
bangalore,Maruti Ritz,2014,364000,99.5K km,99500,KA,manual,petrol,7323
bangalore,Hyundai i10,2014,284000,94K km,94000,KA,manual,petrol,6095
bangalore,Maruti Wagon R 1.0,2012,267000,81K km,81000,DL,manual,petrol,10356
bangalore,Maruti Celerio,2019,483000,52K km,52000,KA,automatic,petrol,8225
bangalore,Maruti Vitara Brezza,2018,829000,65K km,65000,HR,automatic,diesel,14117
bangalore,Honda Jazz,2016,482000,41.5K km,41500,KA,manual,petrol,7695
bangalore,Maruti Wagon R 1.0,2016,420000,42.5K km,42500,KA,automatic,petrol,7506
bangalore,Datsun GO,2014,248000,52.5K km,52500,KA,manual,petrol,17720
bangalore,Tata Altroz,2021,744000,39.5K km,39500,KA,manual,petrol,12669
bangalore,Volkswagen Vento,2015,582000,76K km,76000,DL,manual,petrol,9931
bangalore,MG Gloster,2021,3263000,44K km,44000,KA,automatic,diesel,56127
bangalore,Maruti Baleno,2016,568000,66.5K km,66500,DL,manual,petrol,9672
bangalore,Tata Nexon,2019,845000,8.5K km,8500,KA,automatic,petrol,14389
bangalore,Renault Kiger,2022,850000,24.5K km,24500,KA,automatic,petrol,14475
bangalore,Maruti Baleno,2017,560000,36.5K km,36500,DL,manual,petrol,9536
bangalore,Maruti Ciaz,2016,658000,51K km,51000,KA,automatic,petrol,11205
bangalore,Renault Kwid,2019,358000,87.5K km,87500,KA,automatic,petrol,6096
bangalore,Volkswagen Polo,2013,396000,111K km,111000,KA,manual,petrol,10007
bangalore,Volkswagen Polo,2013,375000,98K km,98000,KA,manual,petrol,9476
bangalore,Tata Tiago,2018,386000,122K km,122000,KA,automatic,petrol,6573
bangalore,Renault Kwid,2015,266000,36K km,36000,DL,manual,petrol,4841
bangalore,Hyundai i10,2012,257000,95K km,95000,KA,manual,petrol,9774
bangalore,Maruti Baleno,2018,639000,90.5K km,90500,KA,automatic,petrol,10881
bangalore,Maruti Swift Dzire,2013,379000,92.5K km,92500,DL,manual,petrol,10216
bangalore,Honda Jazz,2016,501000,56.5K km,56500,KA,automatic,petrol,7998
bangalore,Renault Kiger,2022,832000,18K km,18000,KA,manual,petrol,14168
bangalore,Hyundai Creta,2016,866000,72.5K km,72500,KA,automatic,petrol,14747
bangalore,Volkswagen Ameo,2017,569000,30.5K km,30500,DL,manual,petrol,9084
bangalore,Maruti Baleno,2018,599000,35.5K km,35500,DL,manual,petrol,10200
bangalore,Maruti Ertiga,2014,532000,53.5K km,53500,HR,manual,petrol,11417
bangalore,Maruti Ertiga,2018,869000,43.5K km,43500,DL,automatic,petrol,14798
bangalore,Maruti Baleno,2016,547000,74.5K km,74500,HR,automatic,petrol,9315
bangalore,Maruti Celerio,2017,452000,71K km,71000,KA,automatic,petrol,7697
bangalore,Hyundai Elite i20,2020,709000,31.5K km,31500,KA,manual,petrol,12073
bangalore,Maruti Ciaz,2018,655000,89K km,89000,KA,manual,petrol,11154
bangalore,Maruti Ciaz,2015,567000,61.5K km,61500,KA,manual,petrol,7492
bangalore,Hyundai Grand i10,2015,417000,42K km,42000,DL,manual,petrol,7590
bangalore,Chevrolet Beat,2016,297000,43.5K km,43500,HR,manual,petrol,21221
bangalore,Renault Kwid,2016,303000,37.5K km,37500,DL,manual,petrol,5159
bangalore,Maruti Swift,2013,424000,34.5K km,34500,DL,manual,petrol,11428
bangalore,Maruti Swift Dzire,2012,365000,119K km,119000,HR,manual,petrol,13882
bangalore,Renault Duster,2017,656000,121K km,121000,KA,automatic,diesel,11171
bangalore,Skoda Rapid New,2017,674000,108K km,108000,KA,manual,diesel,11477
bangalore,Maruti S-Cross,2016,623000,129.5K km,129500,KA,manual,diesel,11340
bangalore,Honda Jazz,2016,516000,49.5K km,49500,KA,manual,petrol,8237
bangalore,MG Hector,2022,1598000,69.5K km,69500,KA,manual,diesel,27485
bangalore,Hyundai Venue,2022,991000,11K km,11000,KA,manual,petrol,16876
bangalore,Maruti S-Cross,2021,1038000,38K km,38000,WB,automatic,petrol,17846
bangalore,Hyundai Elite i20,2017,616000,55.5K km,55500,WB,manual,petrol,10490
bangalore,Honda City,2017,795000,78K km,78000,WB,automatic,petrol,13538
bangalore,Hyundai Venue,2022,958000,20K km,20000,KA,manual,petrol,16314
bangalore,Hyundai Venue,2020,834000,36K km,36000,KA,automatic,petrol,14202
bangalore,Maruti Baleno,2016,600000,33.5K km,33500,KA,manual,petrol,10217
bangalore,Honda City,2019,1157000,49.5K km,49500,KA,manual,diesel,19889
bangalore,Renault Duster,2018,799000,72.5K km,72500,KA,automatic,diesel,13606
bangalore,Renault Duster,2016,697000,57.5K km,57500,KA,automatic,diesel,11869
bangalore,Volkswagen Cross Polo,2016,523000,88K km,88000,WB,manual,diesel,8924
bangalore,Hyundai i10,2012,267000,56K km,56000,DL,manual,petrol,10154
bangalore,Maruti Wagon R 1.0,2011,269000,68.5K km,68500,KA,manual,petrol,19423
bangalore,Skoda Rapid,2015,504000,118.5K km,118500,DL,manual,diesel,8600
bangalore,Hyundai Eon,2018,287000,53K km,53000,KA,manual,petrol,4581
bangalore,Hyundai Elite i20,2018,517000,65K km,65000,DL,manual,petrol,8804
bangalore,Maruti Wagon R 1.0,2013,315000,39.5K km,39500,DL,manual,petrol,8735
bangalore,Hyundai Elite i20,2019,665000,117.5K km,117500,HR,manual,diesel,11324
bangalore,Maruti Dzire,2020,776000,38K km,38000,KA,automatic,petrol,13214
bangalore,Maruti Baleno,2016,589000,54K km,54000,KA,automatic,petrol,10030
bangalore,Maruti Wagon R 1.0,2014,348000,62K km,62000,KA,manual,petrol,7748
bangalore,Renault Duster,2018,826000,66.5K km,66500,HR,automatic,diesel,14066
bangalore,Maruti Alto 800,2016,280000,51.5K km,51500,WB,manual,petrol,5004
bangalore,Hyundai i10,2015,310000,63K km,63000,DL,manual,petrol,5642
bangalore,Maruti S-Presso,2020,403000,55.5K km,55500,WB,manual,petrol,6862
bangalore,Maruti Swift Dzire,2014,427000,57.5K km,57500,DL,manual,petrol,9164
bangalore,Maruti Vitara Brezza,2018,879000,34K km,34000,DL,automatic,diesel,14968
bangalore,Maruti Wagon R 1.0,2014,339000,65.5K km,65500,DL,manual,petrol+cng,9137
bangalore,Mahindra Scorpio,2022,1480000,51K km,51000,KA,manual,diesel,25458
bangalore,Tata Tigor,2019,508000,71.5K km,71500,KA,automatic,petrol,8650
bangalore,Mahindra XUV500,2016,971000,74.5K km,74500,WB,automatic,diesel,18480
bangalore,Hyundai Creta,2019,978000,71.5K km,71500,HR,manual,diesel,16654
bangalore,Volkswagen Polo,2015,516000,101K km,101000,KA,manual,diesel,8805
bangalore,Nissan Sunny,2017,503000,54K km,54000,KA,manual,diesel,8030
bangalore,Ford Figo,2010,202000,81K km,81000,KA,manual,petrol,
bangalore,Hyundai Verna,2018,944000,83.5K km,83500,DL,automatic,diesel,16075
bangalore,Hyundai Grand i10,2014,398000,77.5K km,77500,HR,automatic,petrol,8541
bangalore,Maruti Swift,2014,394000,97K km,97000,DL,manual,petrol,8456
bangalore,Hyundai Grand i10,2014,442000,18K km,18000,DL,manual,petrol,9486
bangalore,Hyundai i10,2016,357000,44.5K km,44500,DL,manual,petrol,6079
bangalore,Volkswagen Polo,2018,561000,78K km,78000,KA,manual,petrol,8956
bangalore,Ford Endeavour,2019,2799000,36.5K km,36500,DL,manual,diesel,48138
bangalore,Maruti Ciaz,2018,650000,62K km,62000,KA,automatic,petrol,11069
bangalore,Maruti Swift Dzire,2014,495000,14.5K km,14500,DL,manual,petrol,10623
bangalore,Maruti Swift,2019,606000,119K km,119000,KA,automatic,petrol,10319
bangalore,Skoda Octavia,2016,1188000,87.5K km,87500,KA,automatic,petrol,20435
bangalore,Honda Mobilio,2014,502000,124K km,124000,KA,manual,diesel,10100
bangalore,Hyundai Elite i20,2015,551000,49.5K km,49500,DL,manual,petrol,10029
bangalore,Honda City,2014,535000,107.5K km,107500,DL,manual,petrol,11482
bangalore,Hyundai Elite i20,2017,559000,91.5K km,91500,KA,manual,petrol,9519
bangalore,Maruti Swift Dzire,2014,437000,41.5K km,41500,DL,manual,petrol,9378
bangalore,Hyundai Grand i10,2014,389000,52K km,52000,DL,manual,petrol,8348
bangalore,Maruti Ertiga,2014,668000,75K km,75000,KA,manual,diesel,14336
bangalore,Volkswagen Polo,2015,518000,85.5K km,85500,KA,manual,petrol,8839
bangalore,Volkswagen Polo,2016,596000,27.5K km,27500,KA,manual,petrol,9515
bangalore,Tata Nano,2016,231000,27K km,27000,KA,automatic,petrol,3687
bangalore,Volkswagen Polo,2012,310000,96K km,96000,KA,manual,petrol,11053
bangalore,Mercedes GLA,2018,2200000,58K km,58000,KA,automatic,petrol,37836
bangalore,Hyundai i20 Active,2015,489000,53K km,53000,HR,manual,diesel,8901
bangalore,Skoda Kushaq,2021,1405000,11.5K km,11500,KA,automatic,petrol,24163
bangalore,Honda Amaze,2015,366000,51K km,51000,KA,manual,petrol,6662
bangalore,Hyundai Tucson,2017,962000,89K km,89000,KA,automatic,diesel,16382
bangalore,Honda Brio,2017,435000,84K km,84000,KA,automatic,petrol,6944
bangalore,Jeep Compass,2021,1500000,20.5K km,20500,KA,manual,petrol,25797
bangalore,Tata Nano,2016,234000,25K km,25000,KA,automatic,petrol,3735
bangalore,Maruti Ignis,2017,480000,8K km,8000,KA,manual,petrol,8174
bangalore,Hyundai Grand i10 Nios,2021,622000,49K km,49000,KA,automatic,petrol,10592
bangalore,Hyundai Verna,2020,998000,92.5K km,92500,KA,automatic,diesel,16995
bangalore,Nissan Magnite,2022,568000,62.5K km,62500,KA,manual,petrol,9672
bangalore,Audi A3,2018,1870000,50.5K km,50500,KA,automatic,petrol,32161
bangalore,Honda Amaze,2019,432000,67K km,67000,KA,manual,petrol,7356
bangalore,Hyundai Grand i10 Nios,2020,598000,36K km,36000,KA,automatic,petrol,10183
bangalore,Maruti Swift,2019,556000,50.5K km,50500,KA,manual,petrol,9468
bangalore,Maruti Swift Dzire,2012,321000,110K km,110000,KA,manual,petrol,12208
bangalore,Ford Freestyle,2018,489000,43.5K km,43500,KA,manual,petrol,8901
bangalore,Jeep Compass,2021,2270000,27.5K km,27500,KA,automatic,petrol,39040
bangalore,Ford EcoSport,2014,397000,61K km,61000,KA,manual,petrol,8520
bangalore,Hyundai Creta,2021,1149000,15K km,15000,KA,manual,petrol,19760
bangalore,Honda City,2018,782000,41.5K km,41500,KA,manual,petrol,13317
bangalore,Hyundai Grand i10,2019,512000,54.5K km,54500,KA,manual,petrol,8719
bangalore,Maruti Ciaz,2019,712000,45K km,45000,KA,manual,petrol,12124
bangalore,Jaguar XE,2019,2575000,24K km,24000,GJ,automatic,diesel,44286
bangalore,Maruti Swift,2020,675000,17K km,17000,KA,manual,petrol,11494
bangalore,Maruti Swift,2021,646000,15K km,15000,KA,manual,petrol,11001
bangalore,Hyundai Grand i10 Nios,2020,598000,52.5K km,52500,KA,automatic,petrol,10183
bangalore,Hyundai i20,2013,340000,73K km,73000,KA,manual,petrol,9164
bangalore,Mahindra XUV500,2016,875000,132K km,132000,KA,automatic,diesel,15638
bangalore,Audi A6,2015,1550000,55.5K km,55500,DL,automatic,diesel,33595
bangalore,Hyundai New i20,2021,796000,20K km,20000,KA,automatic,petrol,13555
bangalore,Ford EcoSport,2015,509000,57K km,57000,KA,manual,petrol,9265
bangalore,Mahindra Thar,2021,1285000,57K km,57000,KA,automatic,petrol,22098
bangalore,Kia Seltos,2021,1439000,16K km,16000,KA,automatic,petrol,24748
bangalore,Honda Mobilio,2014,496000,124.5K km,124500,KA,manual,petrol,9979
bangalore,Honda Amaze,2015,398000,22.5K km,22500,KA,manual,petrol,7244
bangalore,Honda Brio,2014,422000,70K km,70000,KA,automatic,petrol,8490
bangalore,Renault Duster,2021,1111000,16.5K km,16500,KA,automatic,petrol,19107
bangalore,Hyundai Elite i20,2018,690000,32.5K km,32500,KA,manual,petrol,11750
bangalore,Tata Altroz,2020,672000,40K km,40000,KA,manual,petrol,11443
bangalore,Hyundai Creta,2022,1468000,52K km,52000,KA,manual,diesel,25247
bangalore,Hyundai Creta,2018,1159000,93K km,93000,KA,automatic,diesel,19932
bangalore,Maruti Ignis,2022,629000,10.5K km,10500,KA,manual,petrol,10711
bangalore,Maruti Baleno,2016,537000,60.5K km,60500,KA,manual,petrol,9774
bangalore,Honda Jazz,2018,545000,60K km,60000,KA,manual,petrol,8700
bangalore,Hyundai Verna,2017,891000,78K km,78000,KA,automatic,diesel,15173
bangalore,Maruti Ritz,2013,355000,58K km,58000,KA,manual,petrol,8971
bangalore,Renault Duster,2020,658000,109.5K km,109500,KA,manual,petrol,11205
bangalore,Honda Jazz,2021,847000,53K km,53000,KA,automatic,petrol,13522
bangalore,Kia Seltos,2023,1278000,7.5K km,7500,KA,manual,petrol,21978
bangalore,Maruti Swift,2022,739000,31.5K km,31500,KA,manual,petrol,12584
bangalore,Kia Seltos,2020,1359000,5K km,5000,KA,automatic,petrol,23372
bangalore,Maruti Ciaz,2018,676000,92K km,92000,KA,manual,Petrol,
bangalore,Maruti Vitara Brezza,2021,698000,91.5K km,91500,KA,manual,petrol,11886
bangalore,Renault Triber,2019,524000,56K km,56000,KA,manual,petrol,8923
bangalore,Maruti Swift,2014,468000,63.5K km,63500,KA,manual,petrol,10044
bangalore,Maruti XL6,2021,1075000,32K km,32000,KA,automatic,petrol,18488
bangalore,Hyundai Creta,2019,1175000,38.5K km,38500,KA,automatic,petrol,20206
bangalore,Maruti S-Presso,2020,421000,47.5K km,47500,KA,automatic,petrol,7169
bangalore,Hyundai Grand i10,2014,412000,92K km,92000,KA,manual,petrol,8842
bangalore,Kia Seltos,2021,1379000,26.5K km,26500,KA,manual,petrol,23716
bangalore,Maruti Alto K10,2016,349000,40.5K km,40500,KA,automatic,petrol,6352
bangalore,Hyundai Creta,2022,1439000,11K km,11000,KA,automatic,petrol,24747
bangalore,Mahindra Thar,2021,1249000,27K km,27000,KA,manual,petrol,21480
bangalore,Hyundai Aura,2021,630000,61.5K km,61500,KA,automatic,petrol,10728
bangalore,Hyundai Xcent,2014,377000,51K km,51000,KA,manual,petrol,7585
bangalore,Renault Kwid,2016,298000,63K km,63000,KA,manual,petrol,5074
bangalore,Maruti Swift,2019,588000,47.5K km,47500,KA,automatic,petrol,10013
bangalore,Tata Nano,2015,203000,14.5K km,14500,KA,manual,petrol,3464
bangalore,Hyundai Creta,2021,1459000,36K km,36000,KA,automatic,petrol,25091
bangalore,Maruti Alto K10,2016,291000,47.5K km,47500,KA,manual,petrol,4955
bangalore,Maruti XL6,2020,950000,69K km,69000,KA,automatic,petrol,16177
bangalore,Maruti Swift,2019,767000,20K km,20000,KA,manual,diesel,13061
bangalore,Renault Kwid,2017,379000,24.5K km,24500,KA,manual,petrol,6454
bangalore,Renault Duster,2021,768000,38K km,38000,KA,manual,petrol,13078
bangalore,Renault Duster,2019,878000,31.5K km,31500,KA,manual,diesel,14951
bangalore,Maruti Baleno,2023,729000,31K km,31000,KA,automatic,petrol,12414
bangalore,Maruti Alto 800,2015,245000,49K km,49000,KA,manual,petrol,5454
bangalore,Renault Kiger,2021,608000,29.5K km,29500,KA,manual,petrol,10353
bangalore,Ford EcoSport,2016,624000,65.5K km,65500,KA,manual,diesel,10626
bangalore,Hyundai Verna,2021,1185000,18.5K km,18500,KA,automatic,petrol,20380
bangalore,MG Hector,2021,1378000,41.5K km,41500,KA,manual,petrol,23699
bangalore,Maruti Ertiga,2013,607000,105K km,105000,KA,manual,diesel,16361
bangalore,Nissan Micra,2013,305000,72K km,72000,KA,manual,petrol,7707
bangalore,Hyundai Elite i20,2018,689000,49.5K km,49500,KA,automatic,petrol,11733
bangalore,Hyundai Aura,2020,629000,39K km,39000,KA,automatic,petrol,10711
bangalore,Kia Seltos,2021,1442000,7.5K km,7500,KA,automatic,petrol,24800
bangalore,Volkswagen Vento,2022,1039000,12.5K km,12500,KA,manual,petrol,16751
bangalore,Datsun Redi-GO,2019,375000,3.5K km,3500,KA,automatic,petrol,8048
bangalore,Honda Jazz,2016,533000,108.5K km,108500,KA,manual,diesel,8509
bangalore,Hyundai Creta,2023,1312000,11K km,11000,KA,manual,petrol,22564
bangalore,Kia Seltos,2021,1619000,25.5K km,25500,KA,automatic,diesel,27844
bangalore,Honda Jazz,2017,545000,62K km,62000,KA,manual,petrol,8700
bangalore,Ford EcoSport,2018,785000,63.5K km,63500,KA,manual,diesel,13368
bangalore,Maruti Dzire,2018,589000,94K km,94000,KA,manual,diesel,10030
bangalore,Hyundai i10,2012,282000,66K km,66000,KA,manual,petrol,10725
bangalore,Hyundai Grand i10,2018,511000,33.5K km,33500,KA,automatic,petrol,8702
bangalore,Hyundai Verna,2015,519000,77.5K km,77500,KA,manual,petrol,11138
bangalore,Hyundai Elite i20,2019,563000,71K km,71000,KA,manual,petrol,9587
bangalore,Tata Tiago,2016,475000,18.5K km,18500,KA,manual,diesel,8088
bangalore,Hyundai Grand i10,2019,398000,39.5K km,39500,KA,manual,petrol,6777
bangalore,Honda Amaze,2016,462000,35.5K km,35500,DL,manual,petrol,7867
bangalore,Toyota Innova Crysta,2021,1786000,48K km,48000,KA,automatic,petrol,30709
bangalore,Maruti Celerio,2017,462000,23K km,23000,KA,automatic,petrol,7867
bangalore,Hyundai New Santro 1.1,2019,422000,45K km,45000,KA,manual,petrol,6737
bangalore,Volkswagen Vento,2020,852000,61K km,61000,KA,automatic,petrol,13602
bangalore,Honda Mobilio,2016,508000,97K km,97000,KA,manual,diesel,10221
bangalore,Hyundai Grand i10,2015,416000,39.5K km,39500,KA,automatic,petrol,7572
bangalore,Hyundai Grand i10,2019,540000,50.5K km,50500,KA,manual,petrol,9195
bangalore,MG Hector,2021,1578000,39.5K km,39500,KA,automatic,petrol,27138
bangalore,Hyundai Creta,2022,1339000,32.5K km,32500,KA,manual,petrol,23028
bangalore,Maruti Alto 800,2014,289000,18.5K km,18500,KA,manual,petrol,6434
bangalore,Hyundai i20,2010,298000,41.5K km,41500,KA,manual,petrol,
bangalore,Hyundai i20,2012,379000,36K km,36000,KA,manual,petrol,14414
bangalore,Ford Freestyle,2018,583000,77.5K km,77500,KA,manual,diesel,12512
bangalore,Honda Jazz,2015,511000,54K km,54000,KA,automatic,petrol,8720
bangalore,Maruti New Ertiga,2022,1078000,22K km,22000,KA,automatic,petrol,18538
bangalore,Honda Mobilio,2015,577000,39K km,39000,KA,manual,petrol,9846
bangalore,Honda City,2012,397000,59K km,59000,KA,automatic,petrol,15099
bangalore,Honda City,2018,718000,51K km,51000,KA,automatic,petrol,12227
bangalore,Renault Kwid,2016,289000,68K km,68000,KA,manual,petrol,4921
bangalore,Hyundai Verna,2021,1078000,21K km,21000,KA,manual,petrol,18539
bangalore,Maruti Baleno,2024,798000,18.5K km,18500,KA,manual,petrol,13589
bangalore,Hyundai Venue,2022,978000,8.5K km,8500,KA,manual,petrol,16654
bangalore,Volkswagen Vento,2016,622000,67.5K km,67500,KA,automatic,petrol,9930
bangalore,Hyundai i10,2010,251000,68K km,68000,KA,automatic,petrol,
bangalore,Tata Nexon,2021,1078000,36.5K km,36500,KA,manual,diesel,18538
bangalore,Hyundai Creta,2017,849000,61K km,61000,KA,manual,diesel,14457
bangalore,Toyota Innova Hycross,2023,1953000,49.5K km,49500,KA,automatic,petrol,33580
bangalore,Hyundai Grand i10 Nios,2021,689000,36.5K km,36500,KA,manual,petrol,11733
bangalore,Hyundai i10,2011,253000,71.5K km,71500,KA,manual,petrol,18077
bangalore,Mahindra KUV100,2016,358000,52.5K km,52500,KA,manual,petrol,6096
bangalore,Hyundai New i20,2021,759000,37.5K km,37500,KA,manual,petrol,12925
bangalore,Toyota Glanza,2021,795000,26.5K km,26500,KA,automatic,petrol,13538
bangalore,Honda Jazz,2021,805000,29.5K km,29500,KA,manual,petrol,12851
bangalore,Tata Nexon,2021,924000,41K km,41000,KA,manual,petrol,15735
bangalore,Hyundai Xcent,2017,458000,115.5K km,115500,KA,manual,petrol,7312
bangalore,Volkswagen Polo,2013,359000,101K km,101000,KA,manual,petrol,9072
bangalore,Maruti Wagon R 1.0,2024,680000,7K km,7000,KA,automatic,petrol,12153
bangalore,Kia Seltos,2024,1278000,8K km,8000,KA,manual,diesel,21979
bangalore,Tata Nexon,2021,897000,31K km,31000,KA,manual,petrol,15275
bangalore,Maruti Brezza,2024,997000,10K km,10000,KA,manual,petrol,16978
bangalore,Hyundai Elite i20,2015,527000,97.5K km,97500,KA,manual,petrol,9592
bangalore,Maruti Ciaz,2019,768000,62K km,62000,KA,automatic,petrol,13078
bangalore,Hyundai Elite i20,2018,708000,41K km,41000,KA,manual,petrol,12056
bangalore,Hyundai Grand i10,2015,462000,62K km,62000,KA,automatic,petrol,8409
bangalore,Tata Nexon,2021,1032000,30.5K km,30500,KA,automatic,petrol,17748
bangalore,Tata Altroz,2021,715000,25.5K km,25500,KA,manual,petrol,12176
bangalore,Maruti Ertiga,2013,549000,111K km,111000,KA,manual,diesel,20880
bangalore,Hyundai Creta,2019,962000,44K km,44000,KA,automatic,petrol,16382
bangalore,Renault Kwid,2023,519000,14K km,14000,KA,manual,petrol,8838
bangalore,Maruti Celerio,2015,359000,46.5K km,46500,KA,manual,petrol,6534
bangalore,Maruti Wagon R 1.0,2017,433000,30K km,30000,KA,automatic,petrol,7738
bangalore,Hyundai Elite i20,2016,556000,25K km,25000,KA,manual,petrol,9468
bangalore,Ford EcoSport,2014,454000,117.5K km,117500,KA,manual,diesel,12237
bangalore,Tata Nano,2018,235000,50.5K km,50500,KA,automatic,petrol,3751
bangalore,Tata Nexon,2018,725000,73K km,73000,KA,automatic,diesel,12346
bangalore,Mahindra KUV100,2016,401000,70K km,70000,KA,manual,petrol,6828
bangalore,Volkswagen Polo,2014,481000,85.5K km,85500,KA,manual,petrol,9678
bangalore,Skoda Rapid,2016,586000,34.5K km,34500,KA,manual,petrol,9355
bangalore,Hyundai Verna,2013,463000,53K km,53000,KA,manual,diesel,12480
bangalore,Hyundai i20,2010,275000,79.5K km,79500,KA,automatic,petrol,
bangalore,Maruti Celerio,2015,353000,24K km,24000,KA,automatic,petrol,7576
bangalore,Hyundai Elite i20,2015,629000,20K km,20000,KA,manual,petrol,11449
bangalore,Ford EcoSport,2016,581000,50K km,50000,KA,manual,petrol,9894
bangalore,Volkswagen Polo,2016,532000,65K km,65000,KA,manual,petrol,8493
bangalore,Hyundai Creta,2017,704000,76K km,76000,KA,manual,diesel,11988
bangalore,Honda Amaze,2015,431000,99K km,99000,KA,manual,petrol,7845
bangalore,Renault Kwid,2022,526000,8.5K km,8500,KA,automatic,petrol,8957
bangalore,Tata Tiago,2018,478000,81.5K km,81500,KA,manual,diesel,8140
bangalore,Honda Amaze,2016,382000,34K km,34000,KA,manual,petrol,6953
bangalore,Tata Nexon,2023,1060000,5.5K km,5500,KA,manual,petrol,18229
bangalore,Mahindra KUV100,2016,289000,85.5K km,85500,KA,manual,petrol,4921
bangalore,Volkswagen Polo,2012,349000,25.5K km,25500,DL,manual,petrol,12444
bangalore,Ford Figo,2018,498000,65K km,65000,HR,manual,diesel,10688
bangalore,Hyundai Elite i20,2018,576000,64.5K km,64500,KA,manual,petrol,9808
bangalore,Hyundai Verna,2021,1131000,34K km,34000,KA,automatic,petrol,19450
bangalore,Mahindra Scorpio N,2022,1978000,28K km,28000,KA,automatic,petrol,34019
bangalore,Hyundai New Santro 1.1,2022,447000,34.5K km,34500,KA,manual,petrol,7136
bangalore,Volkswagen Polo,2020,721000,95K km,95000,KA,manual,petrol,11510
bangalore,Tata Tiago,2018,492000,38K km,38000,KA,manual,petrol,8378
bangalore,Honda BR-V,2018,851000,86.5K km,86500,KA,automatic,petrol,14492
bangalore,Tata Altroz,2022,729000,25K km,25000,KA,automatic,petrol,12414
bangalore,Tata Nexon,2021,997000,24K km,24000,KA,automatic,petrol,16978
bangalore,Maruti Dzire,2019,630000,103K km,103000,KA,automatic,diesel,10728
bangalore,Honda Brio,2014,266000,59K km,59000,KA,manual,petrol,5352
bangalore,Hyundai Grand i10,2015,513000,18K km,18000,KA,automatic,petrol,9337
bangalore,Tata Nexon,2021,759000,17.5K km,17500,KA,manual,petrol,12925
bangalore,Maruti Ertiga,2017,749000,84.5K km,84500,KA,automatic,petrol,12755
bangalore,Maruti Swift Dzire,2015,489000,30K km,30000,KA,manual,petrol,8901
bangalore,Hyundai Creta,2022,1149000,44K km,44000,KA,manual,diesel,19760
bangalore,Maruti Baleno,2016,498000,104K km,104000,KA,manual,diesel,9064
bangalore,Maruti Celerio,2018,498000,48K km,48000,KA,automatic,petrol,8480
bangalore,Tata Tigor,2017,493000,32.5K km,32500,KA,manual,petrol,8395
bangalore,Hyundai Venue,2019,878000,59.5K km,59500,KA,automatic,petrol,14951
bangalore,Volkswagen Polo,2015,605000,66.5K km,66500,KA,manual,diesel,10324
bangalore,Ford Figo,2020,557000,96.5K km,96500,KA,manual,diesel,10138
bangalore,Tata Nano,2016,176000,96.5K km,96500,KA,manual,petrol,3003
bangalore,Hyundai Creta,2017,851000,72K km,72000,KA,automatic,petrol,14492
bangalore,Skoda Kushaq,2022,908000,28K km,28000,KA,manual,petrol,15462
bangalore,Maruti Grand Vitara,2023,1178000,20K km,20000,KA,manual,petrol,20258
bangalore,Hyundai Elite i20,2018,735000,78K km,78000,KA,manual,diesel,12516
bangalore,Tata Nano,2016,194000,41.5K km,41500,KA,manual,petrol,3097
bangalore,Ford Figo,2012,239000,78.5K km,78500,KA,manual,diesel,
bangalore,Ford EcoSport,2019,795000,77K km,77000,KA,manual,diesel,13538
bangalore,Hyundai Elite i20,2015,532000,76.5K km,76500,KA,manual,petrol,9683
bangalore,Hyundai Grand i10,2014,452000,50.5K km,50500,KA,automatic,petrol,9700
bangalore,Volkswagen Taigun,2022,1319000,18K km,18000,KA,automatic,petrol,22684
bangalore,Hyundai Elite i20,2015,536000,111.5K km,111500,KA,manual,diesel,9756
bangalore,Kia Seltos,2021,1289000,106K km,106000,KA,automatic,diesel,22168
bangalore,Maruti Baleno,2023,859000,5.5K km,5500,KA,automatic,petrol,14628
bangalore,Volkswagen Polo,2018,617000,51.5K km,51500,KA,manual,petrol,9850
bangalore,Honda City,2021,1085000,87.5K km,87500,KA,automatic,petrol,18659
bangalore,Honda City,2022,1236000,14K km,14000,KA,automatic,petrol,21257
bangalore,Tata Nexon,2017,691000,94K km,94000,KA,manual,diesel,11767
bangalore,Hyundai i10,2012,314000,41.5K km,41500,KA,manual,petrol,11942
bangalore,Tata Tiago,2018,436000,41.5K km,41500,KA,manual,petrol,7424
bangalore,Hyundai Grand i10,2019,646000,16K km,16000,KA,automatic,petrol,11001
bangalore,Ford EcoSport,2016,585000,79.5K km,79500,HR,manual,diesel,9962
bangalore,Maruti Vitara Brezza,2021,859000,27K km,27000,KA,manual,petrol,14628
bangalore,Renault Duster,2016,595000,128K km,128000,KA,manual,diesel,10132
bangalore,Maruti Grand Vitara,2023,998000,62.5K km,62500,KA,manual,petrol+cng,16995
bangalore,Tata Tiago,2019,491000,32K km,32000,KA,manual,petrol,8361
bangalore,Honda Mobilio,2015,595000,59K km,59000,KA,manual,diesel,10153
bangalore,Tata Tiago,2019,592000,25.5K km,25500,KA,automatic,petrol,10081
bangalore,Tata Nano,2014,185000,51K km,51000,KA,manual,petrol,3722
bangalore,Maruti Swift Dzire,2015,398000,115K km,115000,HR,manual,diesel,7244
bangalore,Ford Figo,2012,242000,87.5K km,87500,KA,manual,diesel,
bangalore,Honda Jazz,2017,510000,54K km,54000,KA,automatic,petrol,8142
bangalore,Honda Amaze,2019,677000,27K km,27000,KA,manual,diesel,11528
bangalore,Mahindra Scorpio N,2023,2219000,28.5K km,28500,KA,automatic,diesel,38162
bangalore,Ford EcoSport,2015,529000,57.5K km,57500,DL,manual,diesel,9629
bangalore,Renault Duster,2016,614000,104.5K km,104500,KA,manual,diesel,10456
bangalore,Honda City,2017,863000,52K km,52000,KA,automatic,petrol,14696
bangalore,Hyundai Creta,2023,1682000,12.5K km,12500,KA,automatic,petrol,28928
bangalore,Hyundai Elite i20,2019,617000,22.5K km,22500,KA,manual,petrol,10507
bangalore,Honda City,2014,612000,40.5K km,40500,KA,manual,petrol,13134
bangalore,Ford EcoSport,2019,932000,35.5K km,35500,KA,automatic,petrol,15871
bangalore,Maruti Ertiga,2013,519000,106.5K km,106500,KA,manual,diesel,19739
bangalore,Ford EcoSport,2013,417000,98K km,98000,KA,manual,petrol,11240
bangalore,Volkswagen Polo,2018,561000,49K km,49000,KA,manual,petrol,8956
bangalore,Hyundai New i20,2022,884000,8K km,8000,KA,manual,petrol,15054
bangalore,Tata Tiago,2022,635000,22K km,22000,KA,manual,petrol,10813
bangalore,Renault Kiger,2022,551000,23.5K km,23500,KA,manual,petrol,9383
bangalore,Hyundai Xcent,2015,392000,131.5K km,131500,KA,manual,diesel,7887
bangalore,Honda City,2014,530000,67K km,67000,DL,manual,petrol,11374
bangalore,Maruti Eeco,2022,539000,23K km,23000,KA,manual,petrol,8605
bangalore,Maruti Celerio,2018,498000,51.5K km,51500,KA,automatic,petrol,8480
bangalore,Renault Triber,2020,668000,19K km,19000,KA,automatic,petrol,11375
bangalore,Mahindra XUV500,2021,1678000,72.5K km,72500,KA,automatic,diesel,30286
bangalore,Maruti S-Presso,2021,463000,17K km,17000,KA,automatic,petrol,7884
bangalore,Ford Figo,2010,194000,73K km,73000,KA,manual,petrol,
bangalore,Renault Triber,2019,503000,73.5K km,73500,KA,manual,petrol,8565
bangalore,Volkswagen Vento,2019,787000,83K km,83000,KA,automatic,petrol,12564
bangalore,Hyundai Creta,2017,889000,50.5K km,50500,KA,automatic,petrol,15139
bangalore,Nissan Micra Active,2016,389000,39.5K km,39500,KA,manual,petrol,6624
bangalore,Tata Altroz,2023,768000,34K km,34000,KA,manual,petrol,13078
bangalore,Hyundai i10,2011,291000,65.5K km,65500,KA,automatic,petrol,20793
bangalore,Ford Freestyle,2019,530000,43K km,43000,KA,manual,petrol,9647
bangalore,Mahindra TUV300,2017,584000,82.5K km,82500,KA,manual,diesel,9945
bangalore,Tata Tiago,2023,755000,5K km,5000,KA,automatic,petrol,12857
bangalore,Maruti Alto 800,2014,282000,60.5K km,60500,KA,manual,petrol,6278
bangalore,Hyundai Xcent,2014,392000,129K km,129000,KA,manual,diesel,7887
bangalore,Ford Figo,2012,239000,72K km,72000,KA,manual,diesel,
bangalore,Hyundai Aura,2022,772000,28K km,28000,KA,automatic,petrol,13146
bangalore,Mahindra KUV100,2016,396000,36K km,36000,KA,manual,petrol,6743
bangalore,Ford Figo,2017,410000,43.5K km,43500,KA,manual,petrol,8799
bangalore,Ford Figo Aspire,2016,450000,86.5K km,86500,KA,manual,diesel,7184
bangalore,Hyundai Verna,2012,441000,71K km,71000,KA,manual,petrol,16772
bangalore,Maruti Ciaz,2015,510000,109.5K km,109500,KA,automatic,petrol,9283
bangalore,Kia Sonet,2020,798000,41.5K km,41500,KA,manual,petrol,13589
bangalore,Tata Tiago,2017,481000,27K km,27000,KA,manual,petrol,8191
bangalore,Hyundai Grand i10,2018,528000,23K km,23000,KA,manual,petrol,8991
bangalore,Volkswagen Polo,2019,525000,61.5K km,61500,KA,manual,petrol,8381
bangalore,Maruti Alto 800,2013,270000,30.5K km,30500,KA,manual,petrol,7487
bangalore,Renault Duster,2016,623000,121K km,121000,KA,manual,diesel,10609
bangalore,Ford EcoSport,2017,670000,65.5K km,65500,KA,manual,diesel,11409
bangalore,Tata Tiago,2016,406000,70.5K km,70500,KA,manual,petrol,6913
bangalore,Hyundai i10,2014,382000,16K km,16000,KA,manual,petrol,8198
bangalore,Honda City,2024,1429000,5K km,5000,KA,manual,petrol,24576
bangalore,Volkswagen Polo,2018,610000,96K km,96000,KA,manual,petrol,9738
bangalore,Hyundai Grand i10,2016,459000,67K km,67000,KA,manual,petrol,7816
bangalore,Tata Tiago,2017,498000,52.5K km,52500,KA,automatic,petrol,8480
bangalore,Kia Seltos,2020,1416000,15K km,15000,KA,manual,petrol,24352
bangalore,Maruti Baleno,2020,732000,35.5K km,35500,KA,manual,petrol,12465
bangalore,Maruti Celerio,2014,365000,55K km,55000,KA,automatic,petrol,7833
bangalore,Tata Nano,2016,219000,72.5K km,72500,KA,automatic,petrol,3496
bangalore,Ford Figo,2010,197000,115.5K km,115500,KA,manual,diesel,
bangalore,Renault Duster,2017,586000,35K km,35000,KA,manual,petrol,9979
bangalore,Maruti Dzire,2019,693000,61K km,61000,KA,automatic,petrol,11801
bangalore,Mahindra KUV100,2017,357000,45.5K km,45500,KA,manual,petrol,6079
bangalore,Maruti Alto K10,2023,454000,2.5K km,2500,KA,manual,petrol,7731
bangalore,Tata Tiago,2016,411000,45K km,45000,KA,manual,petrol,6999
bangalore,Mahindra KUV100,2017,328000,30.5K km,30500,KA,manual,petrol,5585
bangalore,Tata Nexon,2022,1120000,13K km,13000,KA,automatic,petrol,19260
bangalore,Hyundai Creta,2017,971000,62.5K km,62500,KA,automatic,petrol,16535
bangalore,Maruti Baleno,2023,859000,6.5K km,6500,KA,automatic,petrol,14628
bangalore,Maruti Celerio,2019,559000,19K km,19000,KA,automatic,petrol,9519
bangalore,Maruti Alto K10,2015,314000,43.5K km,43500,KA,automatic,petrol,5715
bangalore,Hyundai i20,2011,291000,131K km,131000,KA,manual,diesel,20793
bangalore,Honda City,2021,1078000,89K km,89000,KA,automatic,petrol,18538
bangalore,Hyundai Elite i20,2014,556000,44K km,44000,DL,manual,petrol,11932
bangalore,Hyundai Fluidic Verna 4S,2016,676000,62K km,62000,KA,manual,diesel,11511
bangalore,Hyundai Creta,2019,1149000,23K km,23000,KA,manual,petrol,19760
bangalore,Renault Duster,2021,879000,22.5K km,22500,KA,manual,petrol,14968
bangalore,Renault Duster,2017,677000,116K km,116000,KA,automatic,diesel,11528
bangalore,Hyundai Venue,2021,891000,35K km,35000,KA,manual,petrol,15173
bangalore,Maruti Vitara Brezza,2018,895000,50K km,50000,DL,manual,diesel,15241
bangalore,Hyundai Grand i10,2015,507000,17K km,17000,KA,manual,petrol,9228
bangalore,Nissan Micra,2015,354000,40.5K km,40500,KA,automatic,petrol,6040
bangalore,Maruti Celerio,2016,398000,47.5K km,47500,KA,manual,petrol,6777
bangalore,Ford Figo Aspire,2015,341000,91K km,91000,KA,manual,diesel,5819
bangalore,Hyundai Grand i10,2015,452000,20K km,20000,KA,manual,petrol,8227
bangalore,Tata Altroz,2022,789000,24.5K km,24500,KA,manual,petrol,13436
bangalore,Renault Kwid,2017,367000,14K km,14000,KA,automatic,petrol,6249
bangalore,Hyundai Verna,2017,758000,52K km,52000,KA,automatic,petrol,12908
bangalore,Kia Sonet,2021,1129000,84K km,84000,KA,automatic,diesel,19416
bangalore,Toyota Etios Liva,2012,334000,66.5K km,66500,DL,manual,petrol,11909
hyderabad,Maruti Vitara Brezza,2016,683000,69K km,69000,TG,manual,diesel,11631
hyderabad,Hyundai Creta,2021,992000,25.5K km,25500,TS,manual,petrol,16893
hyderabad,Maruti Swift,2021,592000,30K km,30000,TS,automatic,petrol,10081
hyderabad,Tata Punch,2022,749000,34.5K km,34500,TS,manual,petrol,12755
hyderabad,Hyundai Exter,2023,749000,15.5K km,15500,TS,automatic,petrol,12755
hyderabad,Toyota Innova Crysta,2021,2022000,52.5K km,52500,AP,automatic,diesel,34772
hyderabad,Nissan Magnite,2022,795000,8K km,8000,TS,manual,petrol,13538
hyderabad,Renault Kwid,2016,308000,56.5K km,56500,TS,manual,petrol,5245
hyderabad,Maruti Ciaz,2016,495000,44K km,44000,TS,manual,petrol,9010
hyderabad,Tata Nexon,2022,1059000,37.5K km,37500,TS,automatic,petrol,18212
hyderabad,Ford Figo,2013,261000,111K km,111000,AP,manual,diesel,
hyderabad,Hyundai i10,2012,273000,80.5K km,80500,AP,manual,petrol,10383
hyderabad,Volkswagen Polo,2014,339000,86.5K km,86500,AP,manual,petrol,6820
hyderabad,Nissan Sunny,2012,302000,85K km,85000,AP,manual,petrol,10768
hyderabad,Hyundai i10,2011,296000,62.5K km,62500,AP,automatic,petrol,21150
hyderabad,Kia Seltos,2020,1285000,96.5K km,96500,AP,automatic,diesel,22099
hyderabad,Hyundai Grand i10,2019,460000,62K km,62000,TS,manual,petrol,7833
hyderabad,Ford Figo Aspire,2016,419000,54.5K km,54500,TS,automatic,petrol,7150
hyderabad,Honda Amaze,2015,417000,64K km,64000,TS,manual,petrol,7590
hyderabad,Jeep Compass,2023,2370000,15.5K km,15500,TS,automatic,petrol,40760
hyderabad,Audi A6,2016,2050000,63.5K km,63500,TS,automatic,petrol,35256
hyderabad,Mercedes E-Class,2021,4100000,48.5K km,48500,TS,automatic,diesel,70516
hyderabad,Hyundai Grand i10 Nios,2020,568000,27.5K km,27500,TS,manual,petrol,9672
hyderabad,Tata Nexon,2020,712000,84.5K km,84500,TS,manual,petrol,12124
hyderabad,Hyundai i20,2012,332000,38.5K km,38500,AP,manual,diesel,12627
hyderabad,Renault Kwid,2021,384000,51.5K km,51500,TS,manual,petrol,6539
hyderabad,Hyundai Grand i10 Nios,2024,739000,13.5K km,13500,TS,automatic,petrol,12584
hyderabad,Mahindra Thar,2022,1159000,20K km,20000,TS,manual,petrol,19931
hyderabad,Hyundai Grand i10 Nios,2020,521000,90K km,90000,TS,manual,petrol,8872
hyderabad,Hyundai i20 N Line,2022,997000,4K km,4000,TS,manual,petrol,16978
hyderabad,Ford EcoSport,2021,953000,24K km,24000,TS,manual,diesel,16229
hyderabad,Kia Carens,2022,1278000,18K km,18000,TS,manual,petrol,21978
hyderabad,Maruti Alto 800,2017,268000,53.5K km,53500,TS,manual,petrol,4789
hyderabad,Renault Duster,2022,878000,47.5K km,47500,TS,manual,petrol,14951
hyderabad,Volkswagen Taigun,2022,1233000,44.5K km,44500,TS,manual,petrol,21205
hyderabad,Honda Civic,2019,1219000,115.5K km,115500,TS,manual,diesel,20963
hyderabad,Maruti Ritz,2014,308000,109.5K km,109500,TS,manual,petrol,6197
hyderabad,Honda CR-V,2014,674000,131.5K km,131500,AP,automatic,petrol,14465
hyderabad,Maruti Alto 800,2013,206000,81.5K km,81500,AP,manual,petrol,5712
hyderabad,Maruti Alto K10,2017,296000,41.5K km,41500,TS,manual,petrol,5040
hyderabad,Jaguar XE,2020,2850000,41.5K km,41500,TS,automatic,diesel,49016
hyderabad,BMW X1,2018,2300000,62K km,62000,TS,automatic,diesel,39556
hyderabad,Maruti Baleno,2016,537000,38.5K km,38500,TS,manual,petrol,9144
hyderabad,Renault Duster,2022,849000,25K km,25000,TS,manual,petrol,14457
hyderabad,Hyundai Elite i20,2018,614000,55.5K km,55500,TS,manual,petrol,10456
hyderabad,Maruti Baleno,2016,543000,37.5K km,37500,TS,manual,petrol,9246
hyderabad,Nissan Micra Active,2016,330000,96.5K km,96500,TS,manual,petrol,5619
hyderabad,Maruti Ignis,2021,545000,32K km,32000,TS,manual,petrol,9281
hyderabad,Maruti XL6,2020,977000,61.5K km,61500,TS,automatic,petrol,16637
hyderabad,Renault Kwid,2019,371000,29.5K km,29500,TS,manual,petrol,6317
hyderabad,Maruti Ciaz,2020,759000,88K km,88000,AP,manual,petrol,12925
hyderabad,Renault Kwid,2016,254000,86K km,86000,TS,manual,petrol,4325
hyderabad,Maruti Alto K10,2018,259000,94.5K km,94500,TS,manual,petrol,4410
hyderabad,Maruti Alto 800,2013,216000,51.5K km,51500,AP,manual,petrol,8378
hyderabad,Maruti Swift,2014,427000,68K km,68000,TS,manual,petrol,9164
hyderabad,Hyundai Elite i20,2017,491000,105.5K km,105500,TS,manual,petrol,8361
hyderabad,Maruti Alto K10,2012,219000,25K km,25000,AP,manual,petrol,8329
hyderabad,Maruti Alto 800,2019,304000,92K km,92000,TS,manual,petrol,5433
hyderabad,Maruti Swift,2016,412000,105.5K km,105500,TS,manual,petrol,7499
hyderabad,Hyundai Eon,2017,309000,71K km,71000,TS,manual,petrol,4933
hyderabad,Jeep Compass,2020,1880000,56K km,56000,TS,automatic,diesel,32333
hyderabad,Mercedes GLA,2016,1800000,52.5K km,52500,TS,automatic,diesel,33089
hyderabad,Toyota Rumion,2024,1127000,29.5K km,29500,TS,manual,petrol,19381
hyderabad,Honda Jazz,2016,533000,47.5K km,47500,TS,manual,petrol,8509
hyderabad,Maruti Baleno,2023,926000,17.5K km,17500,TS,automatic,petrol,15769
hyderabad,Maruti Wagon R 1.0,2014,314000,59.5K km,59500,TS,manual,petrol,6991
hyderabad,Nissan Micra Active,2016,331000,76.5K km,76500,TS,manual,petrol,6025
hyderabad,Maruti Alto K10,2018,312000,57.5K km,57500,TS,manual,petrol,5313
hyderabad,Maruti Baleno,2016,539000,66K km,66000,TS,manual,petrol,9178
hyderabad,Maruti S-Presso,2020,421000,25.5K km,25500,TS,manual,petrol,7169
hyderabad,Datsun GO,2018,296000,38.5K km,38500,TS,manual,petrol,6352
hyderabad,Honda Mobilio,2015,408000,57K km,57000,AP,manual,petrol,8209
hyderabad,Honda Jazz,2015,459000,68.5K km,68500,TS,manual,petrol,7832
hyderabad,Kia Sonet,2021,975000,113K km,113000,TS,manual,diesel,16603
hyderabad,Hyundai i10,2012,304000,57.5K km,57500,AP,manual,petrol,11562
hyderabad,Datsun GO,2017,286000,41K km,41000,TS,manual,petrol,6138
hyderabad,Maruti Alto 800,2013,187000,87.5K km,87500,AP,manual,petrol,5185
hyderabad,Renault Kwid,2016,277000,80.5K km,80500,TS,manual,petrol,4717
hyderabad,Maruti Celerio,2014,254000,102.5K km,102500,AP,manual,petrol,5451
hyderabad,Hyundai Eon,2014,247000,69.5K km,69500,AP,manual,petrol,4969
hyderabad,Renault Kwid,2019,308000,44K km,44000,TS,manual,petrol,5245
hyderabad,Audi A4,2015,1450000,57K km,57000,TS,automatic,diesel,26654
hyderabad,Maruti Baleno,2017,590000,40K km,40000,TS,manual,petrol,10047
hyderabad,Hyundai Elite i20,2015,556000,55.5K km,55500,TS,manual,petrol,10120
hyderabad,Hyundai Grand i10,2016,474000,63K km,63000,TS,automatic,petrol,8071
hyderabad,Maruti Wagon R 1.0,2015,351000,44K km,44000,TS,manual,petrol,6680
hyderabad,Maruti Celerio X,2020,461000,41.5K km,41500,TS,manual,petrol,7724
hyderabad,Maruti Alto 800,2016,265000,70.5K km,70500,TS,manual,petrol,4736
hyderabad,Maruti Swift,2017,490000,68.5K km,68500,AP,manual,petrol,8344
hyderabad,Ford Figo Aspire,2019,578000,45K km,45000,TS,manual,petrol,9227
hyderabad,Hyundai Grand i10,2018,498000,40.5K km,40500,AP,manual,petrol,8480
hyderabad,Maruti Wagon R 1.0,2016,349000,60K km,60000,TS,manual,petrol,6237
hyderabad,Maruti Ignis,2018,508000,52K km,52000,AP,automatic,petrol,8650
hyderabad,Hyundai Eon,2018,285000,32.5K km,32500,AP,manual,petrol,4550
hyderabad,Hyundai Grand i10,2019,493000,110K km,110000,TS,manual,petrol,8395
hyderabad,Maruti Alto 800,2021,333000,15K km,15000,AP,manual,petrol,5951
hyderabad,Maruti Wagon R 1.2,2019,435000,51.5K km,51500,TS,manual,petrol,7407
hyderabad,Nissan Micra Active,2018,358000,78K km,78000,TS,manual,petrol,6096
hyderabad,Maruti Alto 800,2014,223000,69K km,69000,TS,manual,petrol,4965
hyderabad,Honda Jazz,2018,478000,100.5K km,100500,TS,manual,petrol,7631
hyderabad,Kia Seltos,2020,1285000,107K km,107000,TS,automatic,petrol,22099
hyderabad,Mercedes CLA,2020,2300000,66.5K km,66500,TS,automatic,diesel,39556
hyderabad,Maruti Alto K10,2019,373000,39K km,39000,TS,manual,petrol,6351
hyderabad,Renault Kiger,2021,759000,28K km,28000,TS,manual,petrol,12925
hyderabad,Maruti Wagon R 1.0,2015,353000,63K km,63000,TS,manual,petrol,6718
hyderabad,Renault Kwid,2020,384000,41K km,41000,TS,manual,petrol,6539
hyderabad,Maruti Swift,2018,552000,73.5K km,73500,TS,automatic,petrol,9400
hyderabad,Maruti Alto K10,2019,396000,8.5K km,8500,TS,manual,petrol,6743
hyderabad,Renault Kwid,2019,343000,33K km,33000,TS,manual,petrol,5841
hyderabad,Renault Duster,2020,897000,45.5K km,45500,AP,manual,petrol,15275
hyderabad,Maruti Ciaz,2021,942000,45K km,45000,TS,automatic,petrol,16041
hyderabad,Maruti Wagon R 1.0,2013,273000,111.5K km,111500,AP,manual,petrol+cng,7358
hyderabad,Maruti Alto 800,2015,237000,105.5K km,105500,TS,manual,petrol,5276
hyderabad,Renault Kwid,2017,305000,47K km,47000,TS,automatic,petrol,5193
hyderabad,Maruti Wagon R 1.2,2023,608000,29K km,29000,TS,manual,petrol,10353
hyderabad,Kia Seltos,2020,1032000,47.5K km,47500,AP,manual,petrol,17748
hyderabad,Hyundai Eon,2013,233000,57.5K km,57500,AP,manual,petrol,5888
hyderabad,Hyundai Grand i10,2015,422000,66K km,66000,TS,automatic,petrol,7681
hyderabad,Hyundai i10,2010,218000,92K km,92000,AP,manual,petrol,
hyderabad,Renault Kwid,2016,242000,61K km,61000,AP,manual,petrol,4121
hyderabad,Renault Kwid,2018,331000,91.5K km,91500,TS,automatic,petrol,5636
hyderabad,Mercedes GLA,2015,1880000,59.5K km,59500,TS,automatic,diesel,34560
hyderabad,Hyundai i10,2016,330000,64.5K km,64500,TS,manual,petrol,6006
hyderabad,Hyundai Eon,2016,260000,34K km,34000,TS,manual,petrol,4150
hyderabad,MG Astor,2023,1349000,25.5K km,25500,AP,automatic,petrol,23199
hyderabad,Ford Figo Aspire,2019,622000,21.5K km,21500,TS,manual,petrol,9930
hyderabad,Mahindra Thar,2022,1275000,42K km,42000,TS,manual,petrol,21926
hyderabad,Hyundai Grand i10,2018,512000,45K km,45000,TS,manual,petrol,8719
hyderabad,Maruti Ciaz,2019,727000,32.5K km,32500,TS,manual,petrol,12380
hyderabad,Renault Kwid,2020,436000,37K km,37000,TS,automatic,petrol,7424
hyderabad,Renault Kwid,2017,278000,30K km,30000,TS,manual,petrol,5060
hyderabad,Maruti Baleno,2021,659000,45.5K km,45500,TS,manual,petrol,11222
hyderabad,Renault Kwid,2019,363000,47K km,47000,TS,manual,petrol,6181
hyderabad,Hyundai i20,2011,298000,67.5K km,67500,AP,manual,petrol,21293
hyderabad,Renault Kwid,2019,370000,97.5K km,97500,TS,automatic,petrol,6300
hyderabad,Hyundai i10,2015,310000,85.5K km,85500,TS,manual,petrol,5642
hyderabad,Hyundai i10,2010,235000,60K km,60000,TS,manual,petrol,
hyderabad,Maruti Wagon R 1.0,2014,278000,96.5K km,96500,TS,manual,petrol,6189
hyderabad,Maruti Swift,2011,319000,64K km,64000,AP,manual,petrol,22793
hyderabad,Hyundai i10,2011,223000,92K km,92000,AP,manual,petrol,15934
hyderabad,Honda Brio,2015,372000,76.5K km,76500,TS,manual,petrol,6348
hyderabad,Maruti Alto K10,2013,220000,40K km,40000,AP,manual,petrol,5930
hyderabad,Kia Sonet,2023,932000,11K km,11000,TS,manual,diesel,15871
hyderabad,Hyundai Grand i10 Nios,2022,689000,20K km,20000,TS,manual,petrol,11733
hyderabad,Maruti Swift,2019,639000,74.5K km,74500,TS,automatic,petrol,10881
hyderabad,Maruti Wagon R 1.0,2017,405000,41.5K km,41500,TS,manual,petrol,7238
hyderabad,Hyundai Grand i10,2018,559000,32.5K km,32500,TS,manual,petrol,9519
hyderabad,Ford Figo Aspire,2019,544000,43.5K km,43500,AP,manual,petrol,8685
hyderabad,Hyundai Grand i10 Nios,2020,529000,43.5K km,43500,TS,manual,petrol,9008
hyderabad,Maruti XL6,2022,1111000,29K km,29000,TS,automatic,petrol,19107
hyderabad,Honda Jazz,2016,542000,78.5K km,78500,TS,automatic,petrol,8653
hyderabad,Maruti Alto K10,2016,312000,63.5K km,63500,TS,automatic,petrol,5313
hyderabad,Hyundai Eon,2014,271000,41.5K km,41500,TS,manual,petrol,5452
hyderabad,Maruti Alto 800,2017,254000,43.5K km,43500,TS,manual,petrol,4539
hyderabad,Maruti Celerio,2017,350000,119.5K km,119500,TS,automatic,petrol,5960
hyderabad,Maruti Wagon R 1.0,2011,249000,65K km,65000,AP,manual,petrol,17979
hyderabad,Maruti Wagon R 1.0,2010,221000,51.5K km,51500,AP,manual,petrol,
hyderabad,Datsun Redi-GO,2020,282000,68K km,68000,TS,manual,petrol,6052
hyderabad,Hyundai i10,2011,221000,85K km,85000,AP,manual,petrol,15791
hyderabad,Maruti Wagon R 1.0,2011,267000,52K km,52000,AP,manual,petrol,19279
hyderabad,Maruti Ciaz,2021,752000,91K km,91000,TS,manual,petrol,12806
hyderabad,Maruti Celerio,2018,372000,80K km,80000,TS,automatic,petrol,6334
hyderabad,Maruti Alto 800,2021,365000,30.5K km,30500,AP,manual,petrol,6523
hyderabad,Renault Duster,2022,937000,24.5K km,24500,AP,manual,petrol,15956
hyderabad,Maruti Baleno,2021,725000,42K km,42000,TS,automatic,petrol,12346
hyderabad,Chevrolet Beat,2017,273000,53.5K km,53500,TS,manual,petrol,19506
hyderabad,Hyundai Grand i10 Nios,2022,663000,16K km,16000,TS,manual,petrol,11290
hyderabad,Hyundai Grand i10 Nios,2019,619000,27.5K km,27500,TS,manual,petrol,10541
hyderabad,Maruti Ignis,2022,609000,15.5K km,15500,TS,manual,petrol,10370
hyderabad,Maruti Alto 800,2017,272000,31K km,31000,TS,manual,petrol,4861
hyderabad,MG Astor,2022,1482000,35.5K km,35500,TS,automatic,petrol,25487
hyderabad,Maruti Wagon R 1.0,2014,305000,33.5K km,33500,TS,manual,petrol,6790
hyderabad,Maruti Swift,2013,406000,69K km,69000,AP,manual,petrol,15441
hyderabad,Hyundai Grand i10,2020,524000,99K km,99000,TS,manual,petrol,8923
hyderabad,Hyundai i10,2011,292000,31K km,31000,AP,manual,petrol,20864
hyderabad,Maruti Ritz,2015,312000,70K km,70000,TS,manual,petrol,6277
hyderabad,Maruti Alto K10,2011,160000,91.5K km,91500,AP,manual,petrol,11432
hyderabad,Hyundai New i20,2020,796000,112K km,112000,TS,manual,diesel,13555
hyderabad,Datsun Redi-GO,2020,282000,28K km,28000,TS,manual,petrol,6052
hyderabad,Maruti Celerio,2016,340000,67.5K km,67500,AP,automatic,petrol,6188
hyderabad,Datsun GO,2016,227000,130K km,130000,TS,manual,petrol,6118
hyderabad,Hyundai i10,2011,248000,66K km,66000,AP,manual,petrol,17720
hyderabad,Renault Kwid,2021,447000,43.5K km,43500,TS,automatic,petrol,7612
hyderabad,Hyundai Elite i20,2016,590000,50K km,50000,TS,manual,petrol,10047
hyderabad,Maruti Wagon R 1.2,2022,525000,23K km,23000,AP,manual,petrol,8940
hyderabad,Kia Sonet,2021,1083000,42K km,42000,TS,manual,diesel,18630
hyderabad,Maruti Vitara Brezza,2021,840000,44K km,44000,AP,manual,petrol,14304
hyderabad,Maruti Vitara Brezza,2022,949000,21.5K km,21500,TS,manual,petrol,16160
hyderabad,Hyundai Grand i10,2017,490000,38K km,38000,TS,manual,petrol,8344
hyderabad,Hyundai Grand i10 Nios,2022,658000,15K km,15000,TS,manual,petrol,11205
hyderabad,Nissan Magnite,2024,997000,4K km,4000,TS,automatic,petrol,16978
hyderabad,Skoda Kushaq,2021,1159000,78.5K km,78500,TS,manual,petrol,19932
hyderabad,Maruti Alto K10,2011,193000,19.5K km,19500,AP,manual,petrol,13790
hyderabad,Hyundai Aura,2022,653000,39K km,39000,TS,manual,petrol,11120
hyderabad,Renault Kwid,2017,304000,34K km,34000,TS,automatic,petrol,5176
hyderabad,Ford Figo,2011,230000,35.5K km,35500,AP,manual,petrol,
hyderabad,Mahindra XUV500,2016,871000,85.5K km,85500,TS,manual,diesel,15566
hyderabad,Tata Altroz,2023,875000,35.5K km,35500,TS,automatic,petrol,14900
hyderabad,Hyundai Grand i10,2016,383000,103K km,103000,TS,manual,petrol,6971
hyderabad,Maruti Swift,2014,412000,105K km,105000,TS,manual,diesel,8842
hyderabad,Hyundai Santro Xing,2011,242000,38.5K km,38500,AP,manual,petrol,16211
hyderabad,Honda Amaze,2016,434000,70.5K km,70500,TS,manual,petrol,7390
hyderabad,Maruti Ignis,2017,553000,24.5K km,24500,TS,automatic,petrol,9417
hyderabad,Maruti Swift,2017,494000,51K km,51000,TS,manual,petrol,8412
hyderabad,Maruti Baleno,2017,640000,29.5K km,29500,TS,automatic,petrol,10898
hyderabad,Maruti Alto 800,2016,264000,81K km,81000,TS,manual,petrol,4718
hyderabad,Maruti Celerio,2018,461000,47K km,47000,TS,automatic,petrol,7850
hyderabad,Hyundai New i20,2022,899000,12K km,12000,TS,manual,petrol,15309
hyderabad,MG Hector Plus,2021,1429000,83K km,83000,TS,manual,diesel,24575
hyderabad,Renault Kiger,2022,829000,17K km,17000,TS,automatic,petrol,14117
hyderabad,Maruti Alto K10,2016,288000,86K km,86000,TS,manual,petrol,4904
hyderabad,Nissan Magnite,2022,855000,52K km,52000,TS,automatic,petrol,14560
hyderabad,Maruti Celerio,2014,321000,55.5K km,55500,TS,automatic,petrol,6889
hyderabad,Maruti Swift,2019,634000,43K km,43000,TS,automatic,petrol,10796
hyderabad,Nissan Micra,2019,412000,45.5K km,45500,TS,automatic,petrol,6577
hyderabad,Maruti Wagon R 1.0,2011,253000,106.5K km,106500,AP,manual,petrol+cng,18077
hyderabad,Hyundai Elite i20,2015,461000,98K km,98000,TS,manual,petrol,8391
hyderabad,Hyundai i10,2013,284000,88K km,88000,TS,manual,petrol,7655
hyderabad,Honda Jazz,2017,512000,112K km,112000,TS,manual,petrol,8174
hyderabad,Renault Triber,2021,598000,50K km,50000,TS,manual,petrol,10183
hyderabad,Hyundai i10,2010,252000,60.5K km,60500,AP,automatic,petrol,
hyderabad,Honda Brio,2012,285000,78.5K km,78500,AP,manual,petrol,10162
hyderabad,Honda Amaze,2022,803000,14K km,14000,TS,manual,petrol,13674
hyderabad,Hyundai Creta,2018,1032000,82K km,82000,TS,automatic,petrol,17746
hyderabad,Maruti Alto 800,2014,243000,67K km,67000,TS,manual,petrol,5410
hyderabad,Maruti Alto 800,2020,351000,11.5K km,11500,TS,manual,petrol,6273
hyderabad,Maruti Swift,2020,685000,36.5K km,36500,TS,automatic,petrol,11665
hyderabad,Maruti S-Cross,2022,749000,76.5K km,76500,TS,manual,petrol,12755
hyderabad,Maruti Swift,2015,443000,53K km,53000,TS,manual,petrol,8063
hyderabad,Maruti Swift,2024,865000,29K km,29000,TS,manual,petrol+cng,14730
hyderabad,Honda City,2018,871000,54.5K km,54500,TS,automatic,petrol,14832
hyderabad,Hyundai Grand i10 Nios,2023,668000,6K km,6000,TS,manual,petrol,11375
hyderabad,Renault Kwid,2017,294000,24.5K km,24500,TS,automatic,petrol,5006
hyderabad,Hyundai i10,2010,201000,101.5K km,101500,AP,manual,petrol,
hyderabad,Chevrolet Spark,2014,198000,16.5K km,16500,AP,manual,petrol,
hyderabad,Maruti Alto 800,2013,233000,45.5K km,45500,AP,manual,petrol,6461
hyderabad,Toyota Etios,2013,419000,27K km,27000,AP,manual,petrol,10588
hyderabad,Maruti Vitara Brezza,2021,907000,38.5K km,38500,TS,automatic,petrol,15445
hyderabad,Hyundai i10,2011,210000,75.5K km,75500,AP,manual,petrol,15005
hyderabad,Hyundai Elite i20,2017,553000,92K km,92000,TS,manual,petrol,9417
hyderabad,Hyundai i10,2010,198000,113.5K km,113500,AP,manual,petrol,
hyderabad,Hyundai Venue,2019,719000,105K km,105000,TS,automatic,petrol,12244
hyderabad,Renault Kwid,2021,445000,21K km,21000,TS,automatic,petrol,7578
hyderabad,Tata Nexon,2021,979000,32K km,32000,AP,automatic,petrol,16671
hyderabad,Hyundai Creta,2018,1117000,36.5K km,36500,TS,manual,petrol,19210
hyderabad,Maruti Ciaz,2019,669000,71.5K km,71500,TS,manual,petrol,11392
hyderabad,Volkswagen Vento,2021,878000,40K km,40000,TS,manual,petrol,14017
hyderabad,Maruti Baleno,2018,712000,27K km,27000,TS,automatic,petrol,12124
hyderabad,Honda City,2016,618000,14K km,14000,AP,manual,petrol,10524
hyderabad,Maruti Baleno,2023,878000,17K km,17000,TS,manual,petrol,14951
hyderabad,Hyundai Verna,2020,1054000,53K km,53000,TS,manual,petrol,18126
hyderabad,Maruti Vitara Brezza,2021,819000,28.5K km,28500,TS,manual,petrol,13947
hyderabad,Maruti Alto K10,2015,252000,109.5K km,109500,TS,manual,petrol,5408
hyderabad,Maruti Alto K10,2013,215000,86.5K km,86500,AP,manual,petrol,5795
hyderabad,Hyundai i20,2013,423000,106.5K km,106500,AP,manual,diesel,11402
hyderabad,Hyundai Grand i10,2016,408000,106K km,106000,AP,manual,petrol,6948
hyderabad,Hyundai i10,2010,221000,99K km,99000,AP,manual,petrol,
hyderabad,Nissan Micra Active,2017,330000,64K km,64000,AP,manual,petrol,6006
hyderabad,Kia Sonet,2021,875000,110K km,110000,TS,automatic,diesel,14900
hyderabad,Maruti Ignis,2017,467000,80.5K km,80500,TS,automatic,diesel,7952
hyderabad,Nissan Micra Active,2014,268000,42.5K km,42500,AP,manual,petrol,7223
hyderabad,Honda City,2012,374000,75K km,75000,AP,manual,petrol,14224
hyderabad,Mahindra XUV700,2023,1678000,19K km,19000,TS,automatic,petrol,28857
hyderabad,Maruti Swift,2014,412000,52.5K km,52500,AP,manual,petrol,8842
hyderabad,Hyundai Grand i10,2019,559000,30K km,30000,TS,manual,petrol,9519
hyderabad,Maruti Alto 800,2021,375000,34K km,34000,TS,manual,petrol,6702
hyderabad,Maruti Baleno,2020,690000,49K km,49000,TS,manual,petrol,11750
hyderabad,Maruti Wagon R 1.0,2018,396000,65.5K km,65500,AP,manual,petrol,7077
hyderabad,Tata Nexon,2021,861000,55.5K km,55500,TS,manual,petrol,14662
hyderabad,Hyundai i20 Active,2018,624000,81.5K km,81500,TS,manual,petrol,10626
hyderabad,Maruti Celerio,2017,423000,10.5K km,10500,TS,manual,petrol,7203
hyderabad,Maruti Wagon R 1.2,2022,599000,32.5K km,32500,TS,manual,petrol,10200
hyderabad,Nissan Micra Active,2014,292000,43K km,43000,AP,manual,petrol,7870
hyderabad,Tata Tigor,2021,579000,90K km,90000,TS,manual,petrol,9860
hyderabad,Hyundai Creta,2016,850000,121K km,121000,TS,automatic,diesel,14475
hyderabad,Hyundai i10,2011,259000,83K km,83000,AP,manual,petrol,18506
hyderabad,Renault Duster,2016,572000,116.5K km,116500,TS,manual,diesel,9740
hyderabad,Maruti Wagon R 1.0,2016,341000,53.5K km,53500,TS,manual,petrol,6094
hyderabad,Maruti Alto K10,2016,247000,94.5K km,94500,TS,manual,petrol,4496
hyderabad,Maruti Alto 800,2018,249000,116K km,116000,TS,manual,petrol,4450
hyderabad,Mahindra XUV500,2020,1095000,94.5K km,94500,TS,manual,diesel,19767
hyderabad,Maruti Alto 800,2014,218000,40K km,40000,AP,manual,petrol,6045
hyderabad,Maruti Wagon R 1.0,2016,373000,74K km,74000,TS,automatic,petrol,7098
hyderabad,Maruti Alto K10,2017,315000,38.5K km,38500,TS,manual,petrol,5364
hyderabad,Maruti Ignis,2019,458000,55K km,55000,TS,automatic,petrol,7799
hyderabad,Maruti Ignis,2017,502000,38K km,38000,TS,automatic,petrol,8548
hyderabad,Maruti S-Presso,2022,429000,28.5K km,28500,TS,manual,petrol,7305
hyderabad,Hyundai Grand i10 Nios,2020,606000,49.5K km,49500,AP,manual,petrol,10319
hyderabad,Nissan Magnite,2021,874000,47.5K km,47500,TS,automatic,petrol,14883
hyderabad,Hyundai Exter,2024,861000,25.5K km,25500,TS,manual,petrol+cng,14662
hyderabad,Kia Seltos,2020,1266000,51K km,51000,AP,manual,petrol,21773
hyderabad,Hyundai Grand i10 Nios,2021,580000,55K km,55000,TS,manual,petrol,9877
hyderabad,Maruti Swift,2014,395000,105K km,105000,TS,manual,petrol,8477
hyderabad,Renault Kwid,2017,326000,46K km,46000,AP,automatic,petrol,5551
hyderabad,Hyundai Grand i10,2019,447000,103K km,103000,TS,manual,petrol,7612
hyderabad,Volkswagen Polo,2020,515000,62K km,62000,TS,manual,petrol,8222
hyderabad,Honda Amaze,2014,368000,83K km,83000,AP,manual,petrol,9919
hyderabad,Honda Brio,2012,273000,63.5K km,63500,AP,manual,petrol,9734
hyderabad,Maruti Alto 800,2019,312000,98.5K km,98500,TS,manual,petrol,5576
hyderabad,Honda City,2014,571000,140K km,140000,TS,manual,petrol,12254
hyderabad,Hyundai Creta,2016,754000,132K km,132000,TS,manual,petrol,12840
hyderabad,Honda City,2016,536000,97K km,97000,TS,automatic,petrol,9127
hyderabad,Honda WR-V,2017,645000,41.5K km,41500,TS,manual,petrol,10983
hyderabad,Tata Altroz,2022,778000,58.5K km,58500,TS,automatic,petrol,13248
hyderabad,Hyundai Aura,2021,668000,55K km,55000,TS,manual,petrol,11375
hyderabad,Renault Triber,2020,583000,53.5K km,53500,TS,manual,petrol,9928
hyderabad,Hyundai Creta,2023,1384000,18.5K km,18500,TS,manual,petrol,23801
hyderabad,Maruti Alto 800,2020,331000,35K km,35000,TS,manual,petrol,5915
hyderabad,Maruti Swift,2015,410000,82K km,82000,AP,manual,petrol,7463
hyderabad,Maruti Swift,2017,473000,54K km,54000,TS,manual,petrol,8054
hyderabad,Renault Kwid,2017,306000,30.5K km,30500,TS,manual,petrol,5211
hyderabad,MG Hector,2020,1285000,40K km,40000,AP,automatic,petrol,22099
hyderabad,Hyundai i10,2016,357000,68K km,68000,TS,manual,petrol,6079
hyderabad,Hyundai Creta,2016,829000,48K km,48000,TS,automatic,petrol,14117
hyderabad,Ford Figo,2010,188000,104.5K km,104500,AP,manual,petrol,
hyderabad,Ford Figo,2010,180000,82.5K km,82500,AP,manual,petrol,
hyderabad,Maruti Alto 800,2012,207000,60K km,60000,AP,manual,petrol,8029
hyderabad,Hyundai i20 Active,2017,578000,103K km,103000,TS,manual,diesel,9843
hyderabad,Nissan Micra,2013,249000,106.5K km,106500,AP,manual,petrol,6292
hyderabad,Honda City,2019,728000,105K km,105000,AP,manual,petrol,12397
hyderabad,Hyundai Grand i10,2014,309000,105K km,105000,AP,manual,petrol,6631
hyderabad,Ford EcoSport,2015,472000,144.5K km,144500,TS,manual,diesel,8591
hyderabad,Maruti Baleno,2021,748000,28.5K km,28500,TS,automatic,petrol,12738
hyderabad,Hyundai i20 Active,2018,596000,53K km,53000,TS,manual,petrol,10149
hyderabad,Hyundai Grand i10,2015,438000,26K km,26000,TS,manual,petrol,7972
hyderabad,Maruti Ciaz,2023,978000,39K km,39000,TS,automatic,petrol,16654
hyderabad,Maruti Swift,2023,839000,25K km,25000,TS,automatic,petrol,14287
hyderabad,Maruti Alto 800,2015,268000,27.5K km,27500,AP,manual,petrol,5100
hyderabad,Hyundai Grand i10,2019,540000,55K km,55000,AP,manual,petrol,9195
hyderabad,Hyundai i20 Active,2018,629000,53K km,53000,TS,manual,petrol,10711
hyderabad,Hyundai Eon,2017,310000,37.5K km,37500,TS,manual,petrol,4949
hyderabad,Skoda Kushaq,2022,1419000,16.5K km,16500,TS,automatic,petrol,24404
hyderabad,Maruti S-Presso,2020,392000,70.5K km,70500,TS,automatic,petrol,6675
hyderabad,Ford EcoSport,2016,612000,131.5K km,131500,TS,automatic,petrol,10422
hyderabad,Ford EcoSport,2016,524000,108K km,108000,TS,manual,diesel,9536
hyderabad,Ford EcoSport,2014,415000,106K km,106000,AP,manual,diesel,11186
hyderabad,Maruti Wagon R 1.0,2015,304000,93.5K km,93500,AP,manual,petrol,5785
hyderabad,Renault Triber,2021,562000,69.5K km,69500,TS,manual,petrol,9570
hyderabad,Ford Figo,2012,242000,102K km,102000,AP,manual,diesel,
hyderabad,Nissan Sunny,2012,312000,126.5K km,126500,AP,manual,diesel,11124
hyderabad,Maruti Alto K10,2018,292000,59.5K km,59500,TS,manual,petrol,4972
hyderabad,Maruti Alto K10,2011,196000,70.5K km,70500,AP,manual,petrol,14004
hyderabad,Kia Sonet,2021,1129000,89.5K km,89500,TS,automatic,diesel,19416
hyderabad,Hyundai Creta,2017,920000,74.5K km,74500,TS,automatic,petrol,15667
hyderabad,Skoda Slavia,2022,1085000,40K km,40000,TS,manual,petrol,18659
hyderabad,Renault Kwid,2022,481000,24.5K km,24500,TS,manual,petrol,8191
hyderabad,Mahindra Thar,2023,1529000,7.5K km,7500,TS,automatic,petrol,26296
hyderabad,Renault Triber,2021,591000,53.5K km,53500,TS,manual,petrol,10064
hyderabad,Tata Nexon,2024,1129000,11.5K km,11500,TS,automatic,petrol,19416
hyderabad,Maruti Alto 800,2016,267000,60.5K km,60500,TS,manual,petrol,4771
hyderabad,Maruti Swift,2017,481000,76K km,76000,TS,manual,petrol,8191
hyderabad,Hyundai i20 Active,2017,648000,59K km,59000,TS,manual,petrol,11035
hyderabad,Maruti Ciaz,2016,547000,130.5K km,130500,TS,manual,diesel,9315
hyderabad,Hyundai i10,2013,292000,79K km,79000,AP,manual,petrol,7870
hyderabad,Maruti Swift Dzire,2014,471000,86.5K km,86500,AP,manual,diesel,12695
hyderabad,Hyundai i10,2013,271000,121.5K km,121500,AP,manual,petrol,7304
hyderabad,Volkswagen Vento,2016,527000,133K km,133000,TS,manual,diesel,8413
hyderabad,Ford EcoSport,2013,446000,65K km,65000,TS,manual,petrol,12022
hyderabad,Maruti Swift Dzire,2014,405000,98K km,98000,AP,manual,petrol,8692
hyderabad,Hyundai i10,2010,187000,96K km,96000,AP,manual,petrol,
hyderabad,Honda Amaze,2015,402000,76.5K km,76500,AP,automatic,petrol,8627
hyderabad,Hyundai i10,2011,220000,71K km,71000,AP,manual,petrol,
hyderabad,Hyundai Creta,2016,795000,79.5K km,79500,TS,manual,petrol,13538
hyderabad,Hyundai Eon,2015,256000,72K km,72000,TS,manual,petrol,4368
hyderabad,Maruti Eeco,2020,454000,47.5K km,47500,TS,manual,petrol,7248
hyderabad,Hyundai Grand i10,2017,521000,39.5K km,39500,TS,manual,petrol,8872
hyderabad,Renault Kwid,2019,316000,44.5K km,44500,TS,manual,petrol,5381
hyderabad,Renault Triber,2022,678000,32K km,32000,TS,manual,petrol,11545
hyderabad,Hyundai New Santro 1.1,2022,582000,14.5K km,14500,TS,automatic,petrol,9291
hyderabad,Maruti Celerio,2022,587000,10.5K km,10500,TS,manual,petrol,9996
hyderabad,Maruti Celerio,2022,524000,15K km,15000,TS,manual,petrol,8923
hyderabad,Maruti Celerio,2017,397000,57.5K km,57500,TS,automatic,petrol,6760
hyderabad,Maruti S-Presso,2021,406000,18K km,18000,TS,manual,petrol,6913
hyderabad,Hyundai i10,2012,284000,47.5K km,47500,AP,manual,petrol,20292
hyderabad,Datsun Redi-GO,2018,255000,42.5K km,42500,TS,manual,petrol,9698
hyderabad,Ford EcoSport,2013,384000,98.5K km,98500,AP,manual,diesel,10350
hyderabad,Hyundai i10,2013,297000,41K km,41000,AP,manual,petrol,11295
hyderabad,Maruti Alto 800,2015,246000,53K km,53000,TS,manual,petrol,4681
hyderabad,Hyundai i10,2011,284000,28.5K km,28500,AP,manual,petrol,20292
hyderabad,Maruti Wagon R 1.0,2012,279000,71K km,71000,AP,manual,petrol+cng,10611
hyderabad,Hyundai Grand i10,2015,342000,136K km,136000,TS,manual,petrol,6225
hyderabad,Maruti S-Presso,2021,432000,20.5K km,20500,TS,manual,petrol,7356
hyderabad,Maruti Eeco,2021,502000,12K km,12000,TS,manual,petrol,8014
hyderabad,Hyundai Grand i10,2019,607000,33.5K km,33500,TS,automatic,petrol,10336
hyderabad,Maruti Alto 800,2018,321000,56.5K km,56500,TS,manual,petrol,5737
hyderabad,Hyundai Grand i10,2016,507000,45.5K km,45500,AP,automatic,petrol,8633
hyderabad,Maruti Celerio,2014,352000,25K km,25000,AP,automatic,petrol,7554
hyderabad,Honda WR-V,2021,928000,62K km,62000,TS,manual,diesel,15803
hyderabad,Maruti S-Presso,2022,512000,16K km,16000,AP,automatic,petrol,8719
hyderabad,Maruti Alto 800,2017,304000,54K km,54000,TS,manual,petrol,5433
hyderabad,Ford EcoSport,2017,673000,59K km,59000,TS,automatic,petrol,11460
hyderabad,Renault Kiger,2022,760000,28K km,28000,TS,automatic,petrol,12942
hyderabad,Maruti Alto K10,2012,191000,67.5K km,67500,AP,manual,petrol,7264
hyderabad,Maruti S-Presso,2021,388000,83K km,83000,AP,automatic,petrol,6607
hyderabad,Hyundai Venue,2019,849000,95K km,95000,TS,manual,diesel,14457
hyderabad,Hyundai i10,2015,335000,94K km,94000,AP,manual,petrol+cng,6097
hyderabad,Maruti Ritz,2014,281000,105.5K km,105500,TS,manual,petrol,5653
hyderabad,Maruti Baleno,2018,563000,100.5K km,100500,TS,manual,petrol,9587
hyderabad,Hyundai Grand i10,2018,512000,50K km,50000,TS,manual,petrol,8719
hyderabad,Hyundai Grand i10,2014,414000,82K km,82000,TS,automatic,petrol,8885
hyderabad,Honda City,2022,937000,32.5K km,32500,TS,manual,petrol,15956
hyderabad,Toyota Etios,2011,316000,70K km,70000,AP,manual,petrol,21168
hyderabad,Maruti Alto 800,2020,372000,18K km,18000,TS,manual,petrol,6648
hyderabad,Tata Tigor,2021,647000,22.5K km,22500,AP,manual,petrol,11018
hyderabad,Mahindra XUV 300,2020,1008000,66.5K km,66500,TS,automatic,diesel,17165
hyderabad,Renault Triber,2022,566000,80.5K km,80500,TS,manual,petrol,9638
hyderabad,Maruti Ciaz,2023,959000,23K km,23000,TS,manual,petrol,16331
hyderabad,Maruti Baleno,2017,602000,37.5K km,37500,TS,manual,petrol,10251
hyderabad,Maruti Dzire,2021,687000,26.5K km,26500,AP,automatic,petrol,11699
hyderabad,Maruti Ertiga,2017,729000,46K km,46000,TS,automatic,petrol,12414
hyderabad,Renault Kwid,2019,320000,55.5K km,55500,TS,manual,petrol,5449
hyderabad,Maruti Baleno,2016,555000,38K km,38000,TS,manual,petrol,9451
hyderabad,Honda WR-V,2018,721000,112K km,112000,TS,manual,diesel,12278
hyderabad,Volkswagen Polo,2015,468000,128.5K km,128500,TS,manual,diesel,7986
hyderabad,Mahindra TUV300,2017,592000,90K km,90000,TS,manual,diesel,10081
hyderabad,Maruti Alto 800,2016,257000,35K km,35000,TS,manual,petrol,4593
hyderabad,Hyundai i10,2010,225000,73K km,73000,AP,manual,petrol,
hyderabad,Maruti Baleno,2017,521000,121K km,121000,AP,manual,petrol,8872
hyderabad,Maruti Alto K10,2016,268000,56.5K km,56500,TS,manual,petrol,4563
hyderabad,Hyundai i10,2010,198000,76.5K km,76500,AP,manual,petrol,
hyderabad,Kia Seltos,2021,1129000,101K km,101000,TS,manual,petrol,19416
hyderabad,Honda WR-V,2017,678000,105K km,105000,AP,manual,diesel,11545
hyderabad,Maruti Alto 800,2018,284000,36K km,36000,TS,manual,petrol,5075
hyderabad,Hyundai Eon,2016,272000,51K km,51000,TS,manual,petrol,4641
hyderabad,Datsun Go Plus,2015,314000,25.5K km,25500,TS,manual,petrol,
hyderabad,Hyundai Grand i10,2018,529000,34.5K km,34500,TS,manual,petrol,9008
hyderabad,Hyundai Grand i10,2018,510000,47K km,47000,TS,manual,petrol,8685
hyderabad,Tata Tiago NRG,2023,695000,13K km,13000,TS,automatic,petrol,11835
hyderabad,Maruti Ignis,2022,575000,38.5K km,38500,TS,manual,petrol,9791
hyderabad,Hyundai Grand i10,2019,559000,26K km,26000,TS,manual,petrol,9519
hyderabad,Hyundai Grand i10,2019,570000,49.5K km,49500,TS,manual,petrol,9706
hyderabad,MG Astor,2024,1519000,11K km,11000,TS,automatic,petrol,26123
hyderabad,Maruti Alto K10,2013,224000,42K km,42000,AP,manual,petrol,8519
hyderabad,Maruti Alto 800,2018,248000,99K km,99000,TS,manual,petrol,4432
hyderabad,Mahindra KUV100,2016,280000,71K km,71000,TS,manual,petrol,4768
hyderabad,Maruti Alto 800,2018,236000,121.5K km,121500,TS,manual,petrol,4217
hyderabad,Maruti Swift,2016,437000,97.5K km,97500,AP,manual,petrol,7441
hyderabad,Maruti Swift,2012,369000,62.5K km,62500,AP,manual,petrol,14034
hyderabad,Honda Amaze,2015,424000,94K km,94000,TS,manual,petrol,7717
hyderabad,Volkswagen Polo,2015,415000,118K km,118000,TS,manual,diesel,7081
hyderabad,Hyundai i10,2012,281000,27.5K km,27500,AP,manual,petrol,10687
hyderabad,Hyundai i20,2014,390000,142.5K km,142500,TS,manual,diesel,8370
hyderabad,Tata Tiago,2021,425000,29K km,29000,AP,manual,petrol,7237
hyderabad,Renault Triber,2020,570000,51K km,51000,TS,manual,petrol,9706
hyderabad,Hyundai Aura,2023,659000,22K km,22000,TS,manual,petrol,11222
hyderabad,Maruti Ignis,2017,498000,75.5K km,75500,TS,manual,petrol,8480
hyderabad,Maruti Eeco,2021,465000,29.5K km,29500,TS,manual,petrol,7423
hyderabad,Honda Amaze,2022,759000,32.5K km,32500,TS,manual,petrol,12925
hyderabad,Hyundai New i20,2023,845000,32K km,32000,TS,automatic,petrol,14389
hyderabad,Maruti Ciaz,2022,964000,26.5K km,26500,TS,manual,petrol,16416
hyderabad,Hyundai Grand i10,2017,446000,30.5K km,30500,AP,manual,petrol,7595
hyderabad,Hyundai i20 Active,2018,652000,41.5K km,41500,TS,manual,petrol,11103
hyderabad,Volkswagen Vento,2016,588000,137K km,137000,AP,automatic,diesel,9387
hyderabad,Hyundai Elite i20,2015,537000,132K km,132000,TS,manual,diesel,9774
hyderabad,Maruti Baleno,2016,503000,64K km,64000,TS,automatic,petrol,8565
hyderabad,Ford EcoSport,2013,438000,119.5K km,119500,AP,manual,diesel,11806
hyderabad,Maruti Alto 800,2013,255000,36K km,36000,AP,manual,petrol,7071
hyderabad,Hyundai Elite i20,2014,533000,136K km,136000,TS,manual,diesel,11439
hyderabad,Renault Kwid,2017,289000,87.5K km,87500,TS,manual,petrol,4921
hyderabad,Hyundai Elite i20,2016,526000,126K km,126000,AP,manual,petrol,8957
hyderabad,Ford EcoSport,2018,707000,121.5K km,121500,TS,manual,diesel,12039
hyderabad,Hyundai Xcent,2014,386000,149.5K km,149500,TS,manual,petrol,7766
hyderabad,Hyundai Elite i20,2017,605000,68.5K km,68500,TS,manual,petrol,10302
hyderabad,Hyundai Xcent,2016,447000,79.5K km,79500,AP,manual,diesel,7136
hyderabad,Maruti Ertiga,2016,749000,81K km,81000,TS,manual,diesel,12755
hyderabad,Maruti Alto 800,2018,331000,17.5K km,17500,TS,manual,petrol,5915
hyderabad,Renault Triber,2020,596000,36.5K km,36500,TS,manual,petrol,10149
hyderabad,Honda City,2021,1059000,68K km,68000,TS,manual,petrol,18212
hyderabad,Tata Tigor,2023,748000,36.5K km,36500,TS,automatic,petrol,12738
hyderabad,Renault Kwid,2019,378000,26.5K km,26500,TS,manual,petrol,6437
hyderabad,Maruti S-Presso,2022,418000,20.5K km,20500,TS,manual,petrol,7118
hyderabad,Hyundai New i20,2021,749000,32K km,32000,AP,manual,petrol,12755
hyderabad,Honda City,2015,646000,107K km,107000,AP,manual,diesel,11758
hyderabad,Hyundai Grand i10,2016,401000,104K km,104000,TS,manual,petrol,6828
hyderabad,Maruti Swift,2011,293000,83.5K km,83500,AP,manual,petrol,20935
hyderabad,Maruti Estilo,2010,170000,103.5K km,103500,AP,manual,petrol,
hyderabad,Hyundai Eon,2017,262000,77.5K km,77500,AP,manual,petrol,4182
hyderabad,Maruti Alto K10,2015,236000,114K km,114000,TS,manual,petrol,4295
hyderabad,Hyundai i10,2012,355000,41K km,41000,AP,automatic,petrol,13501
hyderabad,Hyundai i10,2011,263000,62K km,62000,AP,manual,petrol,18792
hyderabad,Hyundai Creta,2017,874000,91.5K km,91500,TS,automatic,petrol,14883
hyderabad,Toyota Etios,2012,358000,142K km,142000,AP,manual,diesel,12764
hyderabad,Tata Tiago NRG,2023,643000,26.5K km,26500,TS,manual,petrol,10949
hyderabad,Hyundai Grand i10,2019,534000,45K km,45000,TS,manual,petrol,9093
hyderabad,Maruti Dzire,2018,674000,45K km,45000,TS,automatic,diesel,11477
hyderabad,Maruti Wagon R 1.0,2014,307000,64K km,64000,TS,manual,petrol,6835
hyderabad,Tata Nexon,2022,1085000,24K km,24000,TS,automatic,petrol,18660
hyderabad,Tata Tiago,2021,538000,57.5K km,57500,TS,manual,petrol,9161
hyderabad,Hyundai Grand i10,2014,412000,54.5K km,54500,AP,manual,petrol,8842
hyderabad,Maruti Ciaz,2022,784000,38K km,38000,TS,manual,petrol,13351
hyderabad,Honda Amaze,2015,372000,60.5K km,60500,TS,manual,petrol,6771
hyderabad,Honda Jazz,2021,748000,47K km,47000,TS,manual,petrol,11941
hyderabad,Volkswagen Vento,2013,436000,105K km,105000,AP,manual,diesel,11017
hyderabad,Hyundai Creta,2016,798000,138K km,138000,TS,automatic,diesel,14525
hyderabad,Maruti Alto K10,2011,188000,80.5K km,80500,AP,manual,petrol,13433
hyderabad,Hyundai i20,2014,439000,101.5K km,101500,AP,manual,diesel,9421
hyderabad,Tata Altroz,2021,630000,94K km,94000,AP,manual,diesel,10728
hyderabad,Maruti Alto K10,2017,294000,80K km,80000,AP,manual,petrol,5006
hyderabad,Ford EcoSport,2014,435000,100K km,100000,AP,manual,diesel,9335
hyderabad,Hyundai Grand i10,2017,455000,96.5K km,96500,TS,manual,petrol,7748
hyderabad,Maruti Estilo,2011,211000,70.5K km,70500,AP,manual,petrol,15076
hyderabad,Renault Duster,2022,812000,44K km,44000,TS,manual,petrol,13827
hyderabad,Maruti Dzire,2022,735000,17K km,17000,TS,automatic,petrol,12516
hyderabad,Volkswagen Taigun,2022,1359000,42K km,42000,TS,automatic,petrol,23364
hyderabad,Hyundai Venue,2021,873000,36.5K km,36500,TS,manual,petrol,14866
hyderabad,Maruti Alto 800,2018,285000,71.5K km,71500,TS,manual,petrol,5093
hyderabad,Honda Brio,2018,539000,44.5K km,44500,TS,automatic,petrol,8605
hyderabad,Hyundai Venue,2022,1178000,32K km,32000,TS,manual,diesel,20258
hyderabad,Maruti Alto 800,2018,347000,24K km,24000,TS,manual,petrol,6201
hyderabad,Renault Kwid,2023,529000,29K km,29000,TS,automatic,petrol,9008
hyderabad,Maruti Alto 800,2018,336000,29.5K km,29500,AP,manual,petrol,6005
hyderabad,Tata Altroz,2021,618000,43K km,43000,TS,manual,petrol,10524
hyderabad,Maruti Swift Dzire,2013,388000,58K km,58000,AP,automatic,petrol,10458
hyderabad,Hyundai i10,2012,253000,76K km,76000,AP,manual,petrol,9622
hyderabad,Ford EcoSport,2016,544000,66.5K km,66500,TS,automatic,petrol,9902
hyderabad,Maruti S-Cross,2018,726000,103.5K km,103500,TS,manual,diesel,12363
hyderabad,Maruti Celerio,2014,249000,88.5K km,88500,TS,manual,petrol,5344
hyderabad,Maruti Alto 800,2014,231000,67.5K km,67500,AP,manual,petrol,5143
hyderabad,Maruti Alto 800,2017,287000,60.5K km,60500,TS,manual,petrol,5129
hyderabad,Maruti Baleno,2018,583000,105K km,105000,TS,automatic,petrol,9928
hyderabad,Maruti XL6,2023,1039000,95K km,95000,TS,automatic,petrol,17868
hyderabad,Maruti Swift,2011,287000,99K km,99000,AP,manual,petrol,20507
hyderabad,Maruti Swift Dzire,2016,497000,89K km,89000,AP,manual,diesel,9046
hyderabad,Maruti Wagon R 1.0,2016,437000,61.5K km,61500,TS,automatic,petrol,7810
hyderabad,Volkswagen Vento,2021,897000,22K km,22000,AP,manual,petrol,14320
hyderabad,Maruti Ignis,2023,696000,19.5K km,19500,TS,manual,petrol,11852
hyderabad,Kia Seltos,2022,1682000,39K km,39000,TS,automatic,diesel,28928
hyderabad,Maruti S-Presso,2022,453000,32K km,32000,TS,manual,petrol,7918
hyderabad,Maruti Alto 800,2015,269000,35K km,35000,TS,manual,petrol,5119
hyderabad,Ford Figo Aspire,2019,576000,65.5K km,65500,TS,manual,petrol,9195
hyderabad,Tata Nano,2015,174000,12.5K km,12500,TS,manual,petrol,3500
hyderabad,Maruti Celerio X,2019,489000,47K km,47000,TS,automatic,petrol,8193
hyderabad,Hyundai Venue,2021,894000,95K km,95000,TS,automatic,petrol,15224
hyderabad,Tata Nano,2017,164000,55.5K km,55500,TS,manual,petrol,2798
hyderabad,Ford EcoSport,2017,580000,109K km,109000,AP,manual,diesel,9877
hyderabad,Maruti Swift Dzire,2016,541000,45.5K km,45500,TS,manual,petrol,9212
hyderabad,Maruti XL6,2022,1078000,45.5K km,45500,TS,manual,petrol,18538
hyderabad,Renault Triber,2020,529000,61K km,61000,TS,automatic,petrol,9008
hyderabad,Hyundai Venue,2020,821000,110.5K km,110500,TS,automatic,petrol,13981
hyderabad,Maruti S-Cross,2018,795000,63.5K km,63500,TS,manual,diesel,13538
hyderabad,Toyota Etios,2012,305000,108.5K km,108500,AP,manual,petrol,10875
hyderabad,Hyundai i10,2010,226000,45K km,45000,AP,manual,petrol,
hyderabad,Maruti Alto 800,2019,340000,57K km,57000,TS,manual,petrol,6076
hyderabad,Hyundai i20 Active,2018,598000,51K km,51000,TS,manual,petrol,10183
hyderabad,Maruti Alto 800,2017,297000,22K km,22000,TS,manual,petrol,5308
hyderabad,Maruti Fronx,2024,959000,11.5K km,11500,TG,manual,petrol,16331
hyderabad,Maruti Wagon R 1.2,2023,599000,21.5K km,21500,TS,manual,petrol,10200
hyderabad,Maruti Alto 800,2021,352000,14K km,14000,TS,manual,petrol,6291
hyderabad,Kia Seltos,2022,1529000,29.5K km,29500,TS,manual,petrol,26296
hyderabad,Renault Kwid,2019,321000,84.5K km,84500,TS,manual,petrol,5466
hyderabad,Renault Kwid,2018,330000,61.5K km,61500,TS,manual,petrol,5619
hyderabad,Honda Amaze,2022,740000,73K km,73000,TS,automatic,petrol,12601
hyderabad,Hyundai i10,2011,215000,113K km,113000,AP,manual,petrol,15362
hyderabad,Maruti Swift,2014,387000,138.5K km,138500,TS,manual,petrol,8305
hyderabad,Maruti Alto 800,2014,233000,79.5K km,79500,TS,manual,petrol,5187
hyderabad,Kia Seltos,2023,1682000,21K km,21000,TS,manual,diesel,28927
hyderabad,Hyundai i10,2015,342000,30K km,30000,TS,manual,petrol,6225
hyderabad,Hyundai i10,2015,310000,92.5K km,92500,AP,manual,petrol,5642
hyderabad,Maruti Swift,2012,370000,107.5K km,107500,AP,manual,diesel,14072
hyderabad,Maruti Swift,2014,375000,74.5K km,74500,AP,manual,petrol,10108
hyderabad,Hyundai i10,2012,300000,52.5K km,52500,AP,automatic,petrol,11410
hyderabad,Maruti Alto K10,2015,265000,53.5K km,53500,AP,manual,petrol,4823
hyderabad,Maruti Alto 800,2019,290000,63K km,63000,TS,manual,petrol,5183
hyderabad,Tata Altroz,2021,726000,47.5K km,47500,TS,manual,petrol,12363
hyderabad,Hyundai Creta,2018,957000,54K km,54000,TS,manual,petrol,16297
hyderabad,Maruti Swift,2015,499000,44K km,44000,TS,manual,petrol,9083
hyderabad,Maruti Alto 800,2016,273000,43.5K km,43500,TS,manual,petrol,4879
hyderabad,Tata Nexon,2019,719000,56K km,56000,TS,manual,petrol,12244
hyderabad,Maruti Ignis,2019,515000,21K km,21000,AP,automatic,petrol,8770
hyderabad,Hyundai i10,2015,373000,44K km,44000,TS,manual,petrol,6789
hyderabad,Maruti Alto 800,2021,350000,27K km,27000,AP,manual,petrol,6255
hyderabad,Hyundai Grand i10 Nios,2020,622000,30K km,30000,TS,automatic,petrol,10592
hyderabad,Honda Amaze,2014,439000,85K km,85000,TS,automatic,petrol,9421
hyderabad,Maruti Wagon R 1.0,2016,310000,44K km,44000,AP,manual,petrol,5540
hyderabad,Maruti Swift,2013,427000,62.5K km,62500,AP,manual,petrol,11509
hyderabad,Ford Freestyle,2018,528000,113.5K km,113500,TS,manual,diesel,11331
hyderabad,Mahindra Scorpio,2018,935000,87.5K km,87500,TS,manual,diesel,15922
hyderabad,Hyundai i10,2010,227000,67K km,67000,AP,manual,petrol,
hyderabad,Hyundai i10,2012,236000,81.5K km,81500,AP,manual,petrol,16863
hyderabad,Maruti Swift,2013,348000,88K km,88000,AP,manual,petrol,13235
hyderabad,Tata Nexon,2020,765000,88.5K km,88500,TS,automatic,petrol,13027
hyderabad,Ford Figo,2012,234000,79.5K km,79500,AP,manual,diesel,
hyderabad,Maruti S-Presso,2023,461000,18K km,18000,TS,manual,petrol,7850
hyderabad,Tata Nexon,2021,873000,48K km,48000,TS,manual,petrol,14866
hyderabad,Hyundai Elite i20,2017,619000,49.5K km,49500,TS,manual,petrol,10541
hyderabad,Hyundai Aura,2021,719000,28K km,28000,TS,manual,petrol,12244
hyderabad,Ford EcoSport,2017,647000,42K km,42000,TS,automatic,petrol,11018
hyderabad,Hyundai Grand i10 Nios,2022,666000,44.5K km,44500,TS,manual,petrol,11341
hyderabad,Honda WR-V,2019,768000,46K km,46000,TS,manual,petrol+cng,13078
hyderabad,Maruti Alto 800,2017,283000,39.5K km,39500,TS,manual,petrol,5057
hyderabad,Hyundai Venue,2021,853000,44.5K km,44500,TS,manual,petrol,14526
hyderabad,Maruti Alto 800,2017,316000,29.5K km,29500,TS,manual,petrol,5647
hyderabad,Tata Punch,2023,829000,16.5K km,16500,TS,automatic,petrol,14117
hyderabad,Hyundai New i20,2022,791000,36K km,36000,TS,manual,petrol,13470
hyderabad,Hyundai Grand i10,2018,452000,108K km,108000,TS,manual,petrol,7697
hyderabad,Maruti Ritz,2013,314000,72.5K km,72500,TS,manual,petrol,7934
hyderabad,Maruti Swift,2013,360000,77.5K km,77500,AP,manual,petrol,9703
hyderabad,Hyundai i10,2010,230000,45.5K km,45500,AP,manual,petrol,
hyderabad,Renault Duster,2016,614000,109.5K km,109500,TS,manual,diesel,10456
hyderabad,Honda Brio,2013,285000,89K km,89000,AP,manual,petrol,7202
hyderabad,Maruti Ciaz,2015,487000,119K km,119000,TS,manual,petrol,8864
hyderabad,Volkswagen Vento,2013,436000,103K km,103000,AP,manual,diesel,11017
hyderabad,Maruti Alto 800,2021,388000,12K km,12000,TS,manual,petrol,6934
hyderabad,Tata Tiago,2022,658000,28K km,28000,TS,automatic,petrol,11205
hyderabad,Maruti Ciaz,2018,708000,64.5K km,64500,TS,automatic,petrol,12056
hyderabad,Hyundai New Santro 1.1,2020,490000,13K km,13000,AP,manual,petrol,7822
hyderabad,Renault Kwid,2019,339000,80.5K km,80500,TS,manual,petrol,5772
hyderabad,Hyundai Aura,2023,759000,10.5K km,10500,TS,manual,petrol,12925
hyderabad,Renault Kwid,2021,461000,2.5K km,2500,AP,manual,petrol,7850
hyderabad,Renault Triber,2021,587000,41K km,41000,TS,manual,petrol,9996
hyderabad,Tata Altroz,2021,749000,13K km,13000,TS,manual,petrol,12755
hyderabad,Honda Civic,2019,1549000,59.5K km,59500,TS,manual,diesel,26639
hyderabad,Maruti Wagon R 1.0,2015,298000,137K km,137000,TS,manual,petrol,5671
hyderabad,Renault Triber,2021,593000,75.5K km,75500,TS,automatic,petrol,10098
hyderabad,Maruti Wagon R 1.0,2011,272000,53K km,53000,AP,manual,petrol+cng,19435
hyderabad,Hyundai i10,2013,288000,69.5K km,69500,AP,manual,petrol,7763
hyderabad,Toyota Etios,2014,387000,48.5K km,48500,AP,manual,petrol,9779
hyderabad,Hyundai i10,2010,230000,42K km,42000,AP,manual,petrol,
hyderabad,Hyundai i10,2013,264000,65K km,65000,AP,manual,petrol,7116
hyderabad,Hyundai i10,2010,210000,90K km,90000,AP,manual,petrol,
hyderabad,Maruti Ritz,2014,319000,97.5K km,97500,TS,manual,petrol,6418
hyderabad,Maruti Alto K10,2013,207000,82.5K km,82500,AP,manual,petrol,5579
hyderabad,Tata Tiago,2020,534000,41K km,41000,AP,manual,petrol,9093
hyderabad,Hyundai i20,2014,483000,72.5K km,72500,TS,manual,diesel,10366
hyderabad,Mahindra KUV100,2016,378000,29.5K km,29500,TS,manual,petrol,6437
hyderabad,Maruti Baleno,2016,558000,41.5K km,41500,TS,manual,petrol,9502
hyderabad,Hyundai Grand i10,2018,510000,41K km,41000,TS,manual,petrol,8685
hyderabad,Maruti S-Presso,2019,390000,36.5K km,36500,TS,manual,petrol,6641
hyderabad,Honda Amaze,2015,463000,52.5K km,52500,TS,manual,petrol,8427
hyderabad,Hyundai i20 N Line,2021,928000,30.5K km,30500,TS,automatic,petrol,15803
hyderabad,Honda Amaze,2019,731000,86.5K km,86500,TS,automatic,diesel,12448
hyderabad,Honda Brio,2018,459000,42K km,42000,TS,manual,petrol,7327
hyderabad,Ford EcoSport,2016,547000,111.5K km,111500,TS,manual,petrol,9315
hyderabad,Ford Figo,2013,253000,114K km,114000,AP,manual,diesel,
hyderabad,Hyundai Elite i20,2020,759000,81K km,81000,TS,manual,diesel,12925
hyderabad,Hyundai Grand i10,2019,550000,48K km,48000,TS,manual,petrol,9366
hyderabad,Hyundai i20 Active,2015,544000,121K km,121000,AP,manual,diesel,9902
hyderabad,Hyundai Grand i10,2019,456000,89.5K km,89500,TS,manual,petrol,7765
hyderabad,Maruti Dzire,2018,567000,117K km,117000,TS,automatic,petrol,9655
hyderabad,Hyundai i10,2010,235000,52K km,52000,AP,manual,petrol,
hyderabad,Volkswagen Polo,2018,566000,102.5K km,102500,AP,manual,petrol,9036
hyderabad,Honda Jazz,2015,443000,97.5K km,97500,TS,manual,petrol,7559
hyderabad,Maruti Baleno,2016,543000,54K km,54000,AP,manual,petrol,9246
hyderabad,Hyundai Aura,2023,759000,8K km,8000,TS,manual,petrol,12925
hyderabad,Maruti Swift,2017,512000,24.5K km,24500,AP,manual,petrol,8719
hyderabad,Maruti XL6,2023,1136000,51.5K km,51500,TS,automatic,petrol,19532
hyderabad,Maruti Ciaz,2020,809000,68K km,68000,TS,automatic,petrol,13776
hyderabad,Renault Kiger,2022,745000,15.5K km,15500,TS,manual,petrol,12686
hyderabad,Hyundai Venue,2021,886000,25.5K km,25500,TS,manual,petrol,15088
hyderabad,Maruti S-Presso,2019,390000,18.5K km,18500,TS,manual,petrol,6641
hyderabad,Maruti Ciaz,2018,745000,68K km,68000,TS,automatic,petrol,12686
hyderabad,Maruti Baleno,2017,589000,51K km,51000,AP,automatic,petrol,10030
hyderabad,Datsun Redi-GO,2017,231000,53K km,53000,TS,manual,petrol,8785
hyderabad,Volkswagen Polo,2016,438000,143K km,143000,TS,manual,diesel,6992
hyderabad,Hyundai i10,2010,197000,77.5K km,77500,AP,manual,petrol,
hyderabad,Hyundai i10,2011,272000,38.5K km,38500,TS,manual,petrol,19435
hyderabad,Maruti Alto 800,2019,269000,75K km,75000,TS,manual,petrol,4807
hyderabad,Hyundai Elite i20,2015,572000,104.5K km,104500,TS,manual,diesel,10411
hyderabad,Hyundai i20,2014,440000,133.5K km,133500,TS,manual,diesel,9443
hyderabad,Renault Kwid,2016,285000,71.5K km,71500,TS,manual,petrol,4853
hyderabad,Honda Jazz,2017,478000,57K km,57000,TS,manual,petrol,7631
hyderabad,Hyundai Elite i20,2016,484000,101K km,101000,TS,manual,petrol,8809
hyderabad,Maruti Swift,2018,699000,54.5K km,54500,TS,automatic,diesel,11903
hyderabad,Maruti Eeco,2020,478000,28K km,28000,TS,manual,petrol,7631
hyderabad,Renault Kwid,2019,336000,40K km,40000,TS,manual,petrol,5721
hyderabad,Maruti Dzire,2018,597000,49.5K km,49500,TS,automatic,petrol,10166
hyderabad,Maruti Dzire,2022,719000,25.5K km,25500,TS,automatic,petrol,12244
hyderabad,Kia Sonet,2023,1245000,11.5K km,11500,TS,manual,diesel,21405
hyderabad,Maruti Dzire,2019,711000,30.5K km,30500,AP,manual,petrol,12107
hyderabad,Maruti Alto 800,2016,276000,47K km,47000,TS,manual,petrol,4932
hyderabad,Maruti Dzire,2017,737000,63.5K km,63500,TS,automatic,diesel,12550
hyderabad,Maruti Alto 800,2019,329000,25K km,25000,TS,manual,petrol,5880
hyderabad,Renault Kwid,2019,350000,55.5K km,55500,TS,automatic,petrol,5960
hyderabad,Maruti Baleno,2018,530000,123.5K km,123500,TS,automatic,petrol,9025
hyderabad,Kia Seltos,2022,1272000,31K km,31000,TS,manual,petrol,21875
hyderabad,Maruti Swift,2015,390000,124.5K km,124500,TS,manual,petrol,7098
hyderabad,Hyundai Creta,2018,874000,97K km,97000,TS,automatic,petrol,14883
hyderabad,Hyundai i20 Active,2017,557000,61.5K km,61500,TS,manual,diesel,9485
hyderabad,Tata Altroz,2023,817000,14.5K km,14500,TS,manual,petrol,13913
hyderabad,Maruti S-Presso,2021,380000,96.5K km,96500,TS,manual,petrol,6471
hyderabad,Tata Zest,2014,429000,94K km,94000,TS,automatic,diesel,9207
hyderabad,Maruti Alto K10,2023,453000,24.5K km,24500,TS,manual,petrol,7714
hyderabad,Tata Nexon,2021,1032000,68K km,68000,AP,manual,diesel,17747
hyderabad,Hyundai Venue,2021,795000,67K km,67000,TS,manual,petrol,13538
hyderabad,Maruti S-Cross,2016,694000,65K km,65000,TS,manual,diesel,11818
hyderabad,Maruti Baleno,2016,522000,79.5K km,79500,TS,automatic,petrol,8889
hyderabad,Volkswagen Vento,2022,795000,61.5K km,61500,TS,manual,petrol,12692
hyderabad,Maruti Swift,2021,598000,27K km,27000,AP,manual,petrol,10183
hyderabad,Hyundai Grand i10 Nios,2021,614000,30K km,30000,TS,manual,petrol,10456
hyderabad,Tata Tiago,2020,535000,48.5K km,48500,TS,automatic,petrol,9110
hyderabad,Renault Triber,2021,597000,27K km,27000,TS,manual,petrol,10166
hyderabad,Hyundai New i20,2021,878000,62K km,62000,TS,automatic,petrol,14951
hyderabad,Maruti S-Cross,2017,690000,101K km,101000,TS,manual,diesel,11750
hyderabad,Tata Nano,2015,158000,36K km,36000,TS,manual,petrol,3179
hyderabad,Maruti S-Cross,2020,799000,85.5K km,85500,TS,manual,diesel,13606
hyderabad,Maruti Wagon R 1.0,2012,261000,78K km,78000,AP,manual,petrol+cng,9926
hyderabad,Maruti S-Cross,2018,741000,106K km,106000,TS,manual,diesel,12618
hyderabad,Maruti Swift,2021,610000,99.5K km,99500,TS,manual,petrol,10387
hyderabad,Ford EcoSport,2018,590000,107K km,107000,TS,automatic,petrol,10047
hyderabad,Maruti Ciaz,2022,689000,58.5K km,58500,TS,manual,petrol,11733
hyderabad,Maruti Wagon R 1.0,2013,266000,104.5K km,104500,AP,manual,petrol,7376
hyderabad,Honda Brio,2013,277000,78K km,78000,AP,manual,petrol,6999
hyderabad,Hyundai Venue,2022,849000,23.5K km,23500,TS,manual,petrol,14457
hyderabad,Tata Nexon,2021,807000,21K km,21000,AP,manual,petrol,13742
hyderabad,Maruti Swift Dzire,2015,436000,39.5K km,39500,WB,manual,petrol,9357
hyderabad,Renault Kwid,2017,307000,62.5K km,62500,TS,automatic,petrol,5228
hyderabad,Tata Altroz,2022,809000,25K km,25000,TS,automatic,petrol,13776
hyderabad,Renault Kwid,2020,408000,36.5K km,36500,TS,automatic,petrol,6948
hyderabad,Maruti Alto K10,2016,288000,54.5K km,54500,TS,manual,petrol,5242
hyderabad,Maruti S-Presso,2020,397000,29K km,29000,WB,manual,petrol,6760
hyderabad,Hyundai Eon,2014,273000,42.5K km,42500,AP,manual,petrol,5492
hyderabad,Nissan Magnite,2021,803000,10.5K km,10500,TS,manual,petrol,13674
hyderabad,Maruti Dzire,2022,661000,40K km,40000,TS,automatic,petrol,11256
hyderabad,Maruti Swift,2013,352000,132K km,132000,AP,manual,petrol,9488
hyderabad,Maruti Swift,2011,261000,114K km,114000,AP,manual,petrol,18649
hyderabad,Hyundai i10,2012,274000,54K km,54000,AP,manual,petrol,10421
hyderabad,Maruti Dzire,2018,620000,47.5K km,47500,AP,automatic,petrol,10558
hyderabad,Honda City,2014,562000,100.5K km,100500,AP,manual,diesel,12061
hyderabad,Hyundai Elite i20,2016,552000,104K km,104000,TS,manual,diesel,10047
hyderabad,Ford Figo,2013,229000,115.5K km,115500,AP,manual,diesel,
hyderabad,Maruti Vitara Brezza,2017,597000,97.5K km,97500,AP,manual,diesel,10166
hyderabad,Hyundai Verna,2011,423000,128.5K km,128500,AP,automatic,petrol,30224
hyderabad,Maruti Swift,2014,415000,47K km,47000,WB,manual,petrol,8906
hyderabad,Maruti Wagon R 1.0,2013,299000,53.5K km,53500,AP,manual,petrol,8291
hyderabad,Ford Figo,2016,359000,76K km,76000,TS,manual,petrol,9676
hyderabad,Maruti Ritz,2015,360000,52K km,52000,TS,manual,petrol,6135
hyderabad,Maruti Alto 800,2019,279000,42.5K km,42500,TS,manual,petrol,4986
hyderabad,Maruti Alto 800,2021,328000,36.5K km,36500,TS,manual,petrol,5862
hyderabad,Hyundai Elite i20,2018,595000,58.5K km,58500,TS,manual,petrol,10132
hyderabad,Maruti Alto 800,2015,240000,44K km,44000,AP,manual,petrol,5343
hyderabad,Hyundai Grand i10,2015,499000,49.5K km,49500,TS,automatic,petrol,9083
hyderabad,Hyundai Grand i10,2017,469000,52.5K km,52500,TS,manual,petrol,7986
hyderabad,Hyundai New Santro 1.1,2019,459000,46K km,46000,TS,manual,petrol+cng,7327
hyderabad,Honda City,2020,997000,62K km,62000,TS,manual,petrol,16978
hyderabad,Mahindra TUV300,2016,599000,119.5K km,119500,TS,manual,diesel,10200
hyderabad,Toyota Etios,2011,313000,109K km,109000,AP,manual,petrol,20967
hyderabad,Hyundai Aura,2021,649000,108K km,108000,TS,automatic,diesel,11052
hyderabad,Maruti Wagon R 1.0,2012,244000,114K km,114000,AP,manual,petrol+cng,9280
hyderabad,Maruti A-Star,2013,242000,52.5K km,52500,AP,manual,petrol,8628
hyderabad,Maruti Alto 800,2022,339000,37.5K km,37500,TS,manual,petrol,6058
hyderabad,Nissan Sunny,2018,517000,136K km,136000,TS,manual,diesel,8253
hyderabad,Renault Kwid,2022,389000,54K km,54000,TS,manual,petrol,6624
hyderabad,Ford EcoSport,2018,688000,89K km,89000,TS,automatic,petrol,11716
hyderabad,Maruti Alto 800,2022,352000,14.5K km,14500,TS,manual,petrol,6291
hyderabad,Hyundai Venue,2019,825000,63.5K km,63500,AP,automatic,petrol,14049
hyderabad,Maruti Baleno,2016,574000,35.5K km,35500,TS,automatic,petrol,9774
hyderabad,Honda Amaze,2021,733000,31K km,31000,AP,manual,petrol,12482
hyderabad,Maruti Celerio,2016,412000,44.5K km,44500,AP,automatic,petrol,7016
hyderabad,Hyundai Grand i10,2019,531000,62.5K km,62500,AP,manual,petrol,9042
hyderabad,Maruti Alto 800,2018,302000,37K km,37000,TS,manual,petrol,5397
hyderabad,Maruti Eeco,2018,422000,37.5K km,37500,AP,manual,petrol,6737
hyderabad,Maruti Ciaz,2022,874000,52.5K km,52500,TS,manual,petrol,14883
hyderabad,Honda Amaze,2015,476000,54.5K km,54500,TS,manual,petrol,8664
hyderabad,Maruti Vitara Brezza,2019,682000,83K km,83000,AP,manual,diesel,11614
hyderabad,Ford Figo,2012,232000,102.5K km,102500,AP,manual,diesel,
hyderabad,Hyundai i10,2011,232000,39.5K km,39500,AP,manual,petrol,16577
hyderabad,Hyundai Xcent,2015,395000,73.5K km,73500,TS,manual,petrol,6740
hyderabad,Hyundai Verna,2019,778000,79.5K km,79500,TS,manual,diesel,13248
hyderabad,Maruti Vitara Brezza,2017,719000,96K km,96000,AP,manual,diesel,12244
hyderabad,Volkswagen Vento,2020,823000,115K km,115000,TS,automatic,petrol,13139
hyderabad,Maruti S-Cross,2018,740000,119.5K km,119500,TS,manual,diesel,12601
hyderabad,Maruti Alto K10,2018,315000,31K km,31000,TS,manual,petrol,5364
hyderabad,Maruti Baleno,2018,582000,52.5K km,52500,TS,automatic,petrol,9911
hyderabad,Hyundai Venue,2021,972000,49.5K km,49500,AP,manual,diesel,16552
hyderabad,Maruti Ciaz,2018,766000,57.5K km,57500,TS,automatic,petrol,13044
hyderabad,Hyundai New i20,2021,739000,32.5K km,32500,TS,manual,petrol,12584
hyderabad,Maruti Alto 800,2018,290000,58.5K km,58500,TS,manual,petrol,5183
hyderabad,Maruti Celerio,2021,476000,24K km,24000,AP,manual,petrol,8106
hyderabad,Maruti Ciaz,2021,926000,32K km,32000,TS,automatic,petrol,15769
hyderabad,Hyundai Venue,2021,891000,15K km,15000,AP,manual,petrol,15173
hyderabad,Renault Kwid,2019,362000,45K km,45000,WB,manual,petrol,6164
hyderabad,Hyundai Grand i10 Nios,2022,604000,28.5K km,28500,TS,manual,petrol,10285
hyderabad,Volkswagen Taigun,2022,1178000,51.5K km,51500,TS,manual,petrol,20259
hyderabad,Maruti S-Presso,2021,363000,80K km,80000,TS,manual,petrol,6181
hyderabad,Hyundai Grand i10,2015,404000,116.5K km,116500,TS,automatic,petrol,7353
hyderabad,Renault Kwid,2021,406000,39.5K km,39500,TS,manual,petrol,6913
hyderabad,Maruti Swift,2015,479000,119K km,119000,AP,manual,diesel,8718
hyderabad,Nissan Micra Active,2016,337000,74K km,74000,TS,manual,petrol,5738
hyderabad,Hyundai i10,2010,185000,86K km,86000,TS,manual,petrol,
hyderabad,Hyundai Grand i10,2014,308000,140K km,140000,AP,manual,diesel,8302
hyderabad,Hyundai Eon,2018,317000,82K km,82000,TS,manual,petrol,5060
hyderabad,Hyundai Elite i20,2014,482000,145K km,145000,TS,manual,diesel,10344
hyderabad,Toyota Etios Liva,2019,668000,60K km,60000,TS,manual,diesel,10664
hyderabad,Renault Kwid,2023,448000,21.5K km,21500,TS,manual,petrol,7629
hyderabad,Maruti Alto 800,2018,270000,26.5K km,26500,AP,manual,petrol,4825
hyderabad,Renault Kwid,2022,466000,22.5K km,22500,TS,automatic,petrol,7935
hyderabad,Renault Kwid,2022,506000,25.5K km,25500,TS,automatic,petrol,8616
hyderabad,Maruti Swift,2021,742000,21.5K km,21500,TS,automatic,petrol,12635
hyderabad,Hyundai Grand i10,2019,544000,60K km,60000,TS,manual,petrol,9264
hyderabad,Maruti Alto 800,2022,368000,22.5K km,22500,TS,manual,petrol,6577
hyderabad,Honda Amaze,2021,730000,23.5K km,23500,TS,automatic,petrol,12431
hyderabad,Honda WR-V,2018,545000,78K km,78000,TS,manual,petrol,9281
hyderabad,Hyundai New Santro 1.1,2022,557000,37.5K km,37500,TS,manual,petrol+cng,8892
hyderabad,Honda Amaze,2014,384000,115.5K km,115500,AP,manual,petrol,10350
hyderabad,Hyundai Santro Xing,2014,248000,127.5K km,127500,TS,manual,petrol,4989
hyderabad,Maruti Baleno,2021,626000,51.5K km,51500,TS,automatic,petrol,10660
hyderabad,Hyundai Grand i10,2015,361000,141.5K km,141500,AP,manual,diesel,6571
hyderabad,Maruti Alto 800,2021,315000,52K km,52000,AP,manual,petrol,5629
hyderabad,Maruti Alto K10,2012,207000,69K km,69000,AP,manual,petrol,7872
hyderabad,Maruti Ritz,2013,305000,125K km,125000,AP,manual,diesel,7707
hyderabad,Maruti S-Presso,2020,365000,61.5K km,61500,TS,manual,petrol,6215
hyderabad,Maruti S-Cross,2021,815000,54.5K km,54500,AP,automatic,petrol,13878
hyderabad,Maruti Ciaz,2018,849000,70K km,70000,TS,manual,diesel,14457
hyderabad,Mahindra TUV300,2016,699000,73K km,73000,TS,manual,diesel,11903
hyderabad,Hyundai Grand i10,2015,434000,47K km,47000,TS,automatic,petrol,7899
hyderabad,Maruti Alto K10,2016,288000,53.5K km,53500,TS,automatic,petrol,5242
hyderabad,Hyundai Elite i20,2017,626000,47K km,47000,TS,manual,petrol,10660
hyderabad,Maruti Swift Dzire,2015,467000,57K km,57000,AP,manual,petrol,8500
hyderabad,Hyundai New i20,2021,850000,29K km,29000,AP,automatic,petrol,14475
hyderabad,Hyundai Grand i10,2016,423000,47K km,47000,AP,manual,petrol,7203
hyderabad,Hyundai Elite i20,2017,524000,88.5K km,88500,TS,manual,petrol,8923
hyderabad,Hyundai Creta,2018,912000,93K km,93000,AP,manual,diesel,15530
hyderabad,Volkswagen Polo,2015,478000,131K km,131000,TS,manual,diesel,6771
hyderabad,Hyundai Grand i10,2020,610000,40K km,40000,TS,automatic,petrol,10387
hyderabad,Honda Amaze,2022,737000,31.5K km,31500,TS,manual,petrol,12550
hyderabad,Toyota Etios,2012,306000,103.5K km,103500,AP,manual,petrol,10910
hyderabad,Maruti Wagon R 1.0,2011,196000,125.5K km,125500,AP,manual,petrol,14152
hyderabad,Hyundai Creta,2019,1035000,103.5K km,103500,TS,automatic,diesel,17794
hyderabad,Hyundai Elite i20,2015,571000,114.5K km,114500,TS,manual,diesel,10393
hyderabad,Hyundai i10,2014,266000,71K km,71000,TS,manual,petrol,5708
hyderabad,Kia Sonet,2021,990000,101K km,101000,TS,automatic,diesel,16859
hyderabad,Honda City,2016,690000,72K km,72000,TS,automatic,petrol,11750
hyderabad,Ford Figo Aspire,2020,628000,34K km,34000,AP,manual,petrol,10026
hyderabad,Hyundai Creta,2017,939000,87.5K km,87500,TS,manual,diesel,15990
hyderabad,Hyundai Creta,2018,1026000,80.5K km,80500,TS,automatic,diesel,17640
hyderabad,Datsun Redi-GO,2018,291000,19.5K km,19500,TS,automatic,petrol,7843
hyderabad,Skoda Karoq,2020,1869000,46K km,46000,TS,automatic,petrol,32151
hyderabad,Renault Kwid,2022,301000,37.5K km,37500,TS,manual,petrol,5125
hyderabad,Renault Duster,2017,629000,85K km,85000,TS,automatic,diesel,10711
hyderabad,Hyundai Verna,2021,1037000,99.5K km,99500,TS,automatic,petrol,17829
hyderabad,Mahindra Thar,2021,1228000,62.5K km,62500,TS,automatic,diesel,21116
hyderabad,Maruti S-Cross,2016,624000,135.5K km,135500,AP,manual,diesel,10626
hyderabad,Ford EcoSport,2016,609000,59K km,59000,TS,manual,diesel,10370
hyderabad,Maruti Baleno,2016,524000,27.5K km,27500,HR,manual,petrol,8923
hyderabad,Hyundai Creta,2019,885000,47K km,47000,TS,manual,petrol,15071
hyderabad,Maruti Wagon R 1.0,2012,238000,75.5K km,75500,WB,manual,petrol,9231
hyderabad,Toyota Yaris,2019,607000,89.5K km,89500,AP,manual,petrol,9690
hyderabad,Maruti Ritz,2013,278000,82K km,82000,AP,manual,petrol,7025
hyderabad,Ford EcoSport,2018,722000,67K km,67000,AP,manual,diesel,12295
hyderabad,Datsun Redi-GO,2020,273000,71K km,71000,TS,manual,petrol,5859
hyderabad,Maruti S-Presso,2021,364000,81.5K km,81500,TS,manual,petrol,6198
hyderabad,Ford Figo Aspire,2018,441000,106K km,106000,TS,manual,petrol,7040
hyderabad,MG Astor,2022,1452000,21.5K km,21500,TS,automatic,petrol,24965
hyderabad,Maruti Dzire,2018,755000,79K km,79000,TS,automatic,diesel,12857
hyderabad,Maruti Alto 800,2019,317000,58.5K km,58500,TS,manual,petrol,5665
hyderabad,Skoda Rapid,2014,465000,142.5K km,142500,TS,manual,diesel,9356
hyderabad,Honda Amaze,2015,402000,137.5K km,137500,TS,manual,petrol,7317
hyderabad,Tata Altroz,2022,795000,26.5K km,26500,AP,manual,petrol,13538
hyderabad,Maruti Swift,2016,457000,72K km,72000,TS,manual,petrol,7782
hyderabad,Maruti Dzire,2019,676000,99.5K km,99500,TS,automatic,diesel,11511
hyderabad,Honda WR-V,2018,755000,66K km,66000,TS,manual,diesel,12857
hyderabad,Volkswagen Vento,2020,845000,101.5K km,101500,TS,manual,diesel,13490
hyderabad,Hyundai Grand i10,2018,495000,54K km,54000,AP,manual,petrol,8429
hyderabad,Maruti Dzire,2018,644000,96.5K km,96500,TS,automatic,diesel,10966
hyderabad,Mahindra Thar,2021,1251000,32K km,32000,AP,automatic,petrol,21506
hyderabad,Mahindra XUV500,2020,1355000,60.5K km,60500,TS,manual,diesel,24447
hyderabad,Hyundai Xcent,2019,522000,60.5K km,60500,WB,manual,petrol,8333
hyderabad,Maruti Dzire,2018,735000,60.5K km,60500,TS,automatic,diesel,12516
hyderabad,Datsun GO,2017,248000,92.5K km,92500,TS,manual,petrol,5322
hyderabad,Ford Figo Aspire,2020,588000,90.5K km,90500,HR,manual,petrol,9387
hyderabad,Hyundai Grand i10,2018,543000,17K km,17000,AP,manual,petrol,9246
hyderabad,Volkswagen Polo,2020,580000,47K km,47000,TS,manual,petrol,9259
hyderabad,Hyundai Eon,2014,223000,55.5K km,55500,TS,manual,petrol,4486
hyderabad,Hyundai Grand i10 Nios,2020,638000,14.5K km,14500,TS,automatic,petrol,10864
hyderabad,Maruti Wagon R 1.2,2021,489000,46K km,46000,TS,manual,petrol,8327
hyderabad,Kia Sonet,2021,925000,31K km,31000,TS,manual,petrol,15752
hyderabad,Hyundai New Santro 1.1,2019,483000,7.5K km,7500,TS,manual,petrol,7711
hyderabad,Hyundai Creta,2023,1259000,25K km,25000,TS,manual,petrol,21652
hyderabad,MG Hector Plus,2021,1482000,22K km,22000,TS,automatic,petrol,25487
hyderabad,Volkswagen Virtus,2024,1468000,27K km,27000,TS,manual,petrol,25247
hyderabad,Maruti Vitara Brezza,2022,842000,23K km,23000,TS,manual,petrol,14338
hyderabad,Hyundai i20,2013,359000,52K km,52000,AP,manual,petrol,9676
hyderabad,Jeep Compass,2021,2000000,31K km,31000,TS,automatic,diesel,34397
hyderabad,Honda Amaze,2015,382000,66K km,66000,TS,manual,petrol,8198
hyderabad,Mahindra XUV 300,2022,932000,20.5K km,20500,TS,manual,petrol,15871
hyderabad,Hyundai New i20,2021,756000,39.5K km,39500,TS,manual,petrol,12874
hyderabad,Hyundai New i20,2021,759000,33K km,33000,TS,manual,petrol,12925
hyderabad,Mahindra XUV 3XO,2024,1139000,10.5K km,10500,TG,automatic,petrol,19588
hyderabad,Kia Carens,2022,1539000,43K km,43000,TS,automatic,petrol,26467
hyderabad,Renault Kwid,2018,372000,29.5K km,29500,TS,automatic,petrol,6334
hyderabad,Maruti Celerio,2023,598000,21.5K km,21500,TS,manual,petrol,10183
hyderabad,Volkswagen Virtus,2022,1482000,24K km,24000,TS,automatic,petrol,25487
hyderabad,Hyundai Elite i20,2019,710000,64.5K km,64500,TS,automatic,petrol,12090
hyderabad,Ford Figo Aspire,2016,351000,50.5K km,50500,TS,manual,diesel,5989
hyderabad,BMW X1,2020,2600000,35K km,35000,TS,automatic,diesel,44716
hyderabad,Honda Brio,2012,312000,20K km,20000,AP,manual,petrol,11124
hyderabad,Volkswagen Taigun,2021,1032000,86K km,86000,TS,manual,petrol,17747
hyderabad,Maruti XL6,2019,862000,96.5K km,96500,TS,automatic,petrol,14679
hyderabad,Hyundai Eon,2014,224000,57.5K km,57500,AP,manual,petrol,4507
hyderabad,Ford Figo Aspire,2019,479000,58.5K km,58500,TS,manual,petrol,7647
hyderabad,Maruti Dzire,2020,751000,95K km,95000,TS,manual,diesel,12789
hyderabad,Maruti XL6,2020,858000,103.5K km,103500,TS,automatic,petrol,14611
mumbai,Toyota Etios Cross,2015,368000,57K km,57000,MH,manual,petrol,6698
mumbai,Hyundai New Santro 1.1,2021,526000,29.5K km,29500,MH,manual,petrol+cng,8397
mumbai,Honda Jazz,2018,568000,42.5K km,42500,MH,manual,diesel,9068
mumbai,Maruti Dzire,2022,647000,25.5K km,25500,MH,manual,petrol,11018
mumbai,Mahindra Marazzo,2019,859000,29.5K km,29500,MH,manual,diesel,14628
mumbai,Honda Amaze,2018,572000,48.5K km,48500,MH,automatic,petrol,9740
mumbai,Hyundai Elite i20,2017,507000,39K km,39000,MH,manual,petrol,8633
mumbai,Tata Altroz,2021,689000,17K km,17000,MH,manual,petrol,11733
mumbai,Volkswagen Virtus,2023,1039000,7K km,7000,MH,manual,petrol,17868
mumbai,Honda City,2018,831000,46.5K km,46500,MH,automatic,petrol,14151
mumbai,Maruti Ciaz,2020,839000,14K km,14000,MH,manual,petrol,14287
mumbai,Kia Seltos,2019,1285000,43K km,43000,MH,automatic,petrol,22099
mumbai,Honda Amaze,2016,432000,43.5K km,43500,MH,automatic,petrol,7356
mumbai,Tata Altroz,2020,498000,51K km,51000,MH,manual,petrol,8480
mumbai,Volkswagen Vento,2013,331000,29.5K km,29500,MH,manual,petrol,8364
mumbai,Tata Tigor,2018,364000,27.5K km,27500,MH,manual,petrol,6198
mumbai,Maruti S-Cross,2022,996000,20.5K km,20500,MH,automatic,petrol,16961
mumbai,Maruti Ignis,2019,442000,93.5K km,93500,MH,manual,petrol,7527
mumbai,Maruti Wagon R 1.0,2012,250000,16K km,16000,MH,manual,petrol,9697
mumbai,Jeep Compass,2018,975000,33K km,33000,MH,manual,petrol,16603
mumbai,Jeep Compass,2017,900000,45.5K km,45500,MH,manual,diesel,15326
mumbai,BMW 3 Series,2016,1370000,55K km,55000,MH,automatic,diesel,23561
mumbai,Maruti S-Presso,2020,446000,28.5K km,28500,MH,manual,petrol+cng,7595
mumbai,Honda City,2017,648000,33K km,33000,MH,manual,petrol,11035
mumbai,Honda City,2021,1219000,25K km,25000,MH,automatic,petrol,20964
mumbai,Hyundai New Santro 1.1,2019,349000,50K km,50000,MH,manual,petrol,5571
mumbai,Hyundai Aura,2021,612000,49.5K km,49500,MH,manual,petrol+cng,10422
mumbai,Volkswagen Ameo,2019,534000,11.5K km,11500,MH,manual,petrol,8525
mumbai,Hyundai Elite i20,2019,532000,81.5K km,81500,MH,manual,petrol,9059
mumbai,Tata Nexon,2020,862000,60K km,60000,MH,automatic,petrol,14679
mumbai,Hyundai Creta,2019,931000,72.5K km,72500,MH,manual,petrol,15854
mumbai,Tata Nexon,2022,997000,19K km,19000,MH,manual,petrol,16978
mumbai,Tata Altroz,2023,859000,9.5K km,9500,MH,manual,petrol,14628
mumbai,Maruti Baleno,2020,629000,38K km,38000,MH,manual,petrol,10711
mumbai,Maruti Wagon R 1.0,2013,254000,52.5K km,52500,MH,manual,petrol,7043
mumbai,Hyundai Elite i20,2015,412000,95.5K km,95500,MH,manual,petrol,7499
mumbai,Hyundai Xcent,2015,402000,50.5K km,50500,MH,manual,petrol,6860
mumbai,Honda Jazz,2017,442000,56K km,56000,MH,manual,petrol,7056
mumbai,Hyundai Creta,2019,770000,101.5K km,101500,MH,manual,petrol,13112
mumbai,Maruti Wagon R 1.0,2015,287000,79K km,79000,MH,manual,petrol,5462
mumbai,Mercedes GLA,2015,1580000,46.5K km,46500,MH,automatic,petrol,29044
mumbai,BMW X1,2017,1970000,33.5K km,33500,MH,automatic,diesel,33881
mumbai,Hyundai Grand i10 Nios,2023,654000,10K km,10000,MH,manual,petrol,11137
mumbai,Toyota Urban Cruiser,2022,820000,32K km,32000,MH,manual,petrol,13964
mumbai,Maruti Swift,2017,441000,44K km,44000,MH,manual,petrol,7509
mumbai,Hyundai Xcent,2019,538000,25K km,25000,MH,manual,petrol,8589
mumbai,Hyundai Creta,2018,998000,13K km,13000,MH,manual,petrol,16995
mumbai,Hyundai Venue,2020,850000,51K km,51000,MH,automatic,petrol,14475
mumbai,Maruti Wagon R 1.0,2023,571000,4.5K km,4500,MH,manual,petrol,10205
mumbai,Maruti Baleno,2017,527000,22K km,22000,MH,manual,petrol,8974
mumbai,Honda Civic,2019,1229000,26K km,26000,MH,automatic,petrol,21135
mumbai,Hyundai New Santro 1.1,2019,437000,59K km,59000,MH,manual,petrol+cng,6976
mumbai,Maruti Wagon R 1.0,2023,558000,13.5K km,13500,MH,manual,petrol,9972
mumbai,Maruti Baleno,2015,517000,27.5K km,27500,MH,manual,petrol,9410
mumbai,Maruti Dzire,2017,564000,30K km,30000,MH,automatic,petrol,9604
mumbai,Hyundai Elite i20,2018,511000,54K km,54000,MH,manual,petrol,8702
mumbai,Skoda Superb,2018,1249000,23.5K km,23500,MH,automatic,petrol,22542
mumbai,Hyundai Creta,2017,692000,45.5K km,45500,MH,automatic,petrol,11784
mumbai,Honda WR-V,2017,578000,72K km,72000,MH,manual,petrol,9843
mumbai,Toyota Corolla Altis,2014,585000,110K km,110000,MH,automatic,petrol,12555
mumbai,Maruti Wagon R 1.0,2012,254000,36.5K km,36500,MH,manual,petrol,9852
mumbai,BMW 3 Series GT,2018,2700000,42K km,42000,MH,automatic,diesel,46436
mumbai,Hyundai New i20,2021,797000,36.5K km,36500,MH,automatic,petrol,13572
mumbai,Maruti Ciaz,2022,905000,42.5K km,42500,MH,automatic,petrol,15411
mumbai,Maruti Dzire,2019,612000,29.5K km,29500,MH,manual,petrol,10422
mumbai,Maruti Ciaz,2016,543000,42.5K km,42500,MH,manual,petrol,9246
mumbai,Hyundai Grand i10,2015,370000,52.5K km,52500,MH,manual,petrol,6734
mumbai,Kia Seltos,2020,1139000,74.5K km,74500,MH,automatic,petrol,19588
mumbai,Honda Jazz,2017,511000,42K km,42000,MH,automatic,petrol,8158
mumbai,Hyundai Grand i10,2016,408000,47K km,47000,MH,manual,petrol,6948
mumbai,Maruti Baleno,2022,768000,41.5K km,41500,MH,manual,petrol,13078
mumbai,Maruti Dzire,2019,576000,22.5K km,22500,MH,automatic,petrol,9808
mumbai,Maruti Ignis,2017,479000,52K km,52000,MH,automatic,petrol,8157
mumbai,Hyundai New i20,2021,714000,37K km,37000,MH,manual,petrol,12159
mumbai,Tata Altroz,2023,919000,2.5K km,2500,MH,automatic,petrol,15650
mumbai,Renault Kwid,2017,253000,45K km,45000,MH,manual,petrol,4308
mumbai,Honda City,2016,593000,46K km,46000,MH,automatic,petrol,10098
mumbai,Hyundai Verna,2014,455000,65.5K km,65500,MH,manual,petrol,9765
mumbai,Maruti Wagon R 1.0,2011,234000,56.5K km,56500,MH,manual,petrol,16896
mumbai,Honda City,2015,491000,47.5K km,47500,MH,manual,petrol,8937
mumbai,Honda BR-V,2017,632000,92K km,92000,MH,automatic,petrol,10762
mumbai,Mercedes CLA,2018,2050000,45K km,45000,MH,automatic,diesel,35256
mumbai,Tata Altroz,2022,728000,16.5K km,16500,MH,manual,petrol,12397
mumbai,MG Hector,2021,1429000,60K km,60000,MH,automatic,petrol,24575
mumbai,Toyota Glanza,2020,678000,37K km,37000,MH,automatic,petrol,11545
mumbai,Maruti Swift,2016,436000,65K km,65000,MH,manual,petrol,7424
mumbai,Hyundai Grand i10 Nios,2021,702000,15K km,15000,MH,automatic,petrol,11954
mumbai,Honda WR-V,2022,768000,11K km,11000,MH,manual,petrol,13078
mumbai,Honda Amaze,2021,798000,17K km,17000,MH,automatic,petrol,13589
mumbai,Hyundai Verna,2021,1229000,44K km,44000,MH,automatic,petrol,21136
mumbai,Mahindra Bolero Neo,2022,1037000,10.5K km,10500,MH,manual,diesel,17834
mumbai,Hyundai New Santro 1.1,2020,503000,21K km,21000,MH,manual,petrol+cng,8030
mumbai,Hyundai Grand i10,2016,366000,27K km,27000,MH,manual,petrol,6232
mumbai,Tata Nexon,2021,971000,2K km,2000,MH,manual,petrol,16535
mumbai,Maruti Baleno,2016,533000,34K km,34000,MH,manual,petrol,9076
mumbai,Honda Brio,2013,259000,30K km,30000,MH,automatic,petrol,6545
mumbai,Honda City,2017,582000,62.5K km,62500,MH,manual,petrol,9911
mumbai,Renault Duster,2018,598000,97.5K km,97500,MH,automatic,petrol,10183
mumbai,Honda City,2015,558000,60.5K km,60500,MH,automatic,petrol,10156
mumbai,Maruti Ciaz,2016,528000,96K km,96000,MH,automatic,petrol,8991
mumbai,Hyundai Elite i20,2015,384000,68.5K km,68500,MH,manual,petrol,6989
mumbai,Maruti Celerio,2014,281000,66K km,66000,MH,manual,petrol,6030
mumbai,Honda WR-V,2018,651000,61K km,61000,MH,manual,petrol,11086
mumbai,Maruti Swift Dzire,2016,473000,34.5K km,34500,MH,manual,petrol,8054
mumbai,Volkswagen Polo,2016,440000,70K km,70000,MH,manual,petrol,7024
mumbai,Hyundai New Santro 1.1,2019,460000,24.5K km,24500,MH,manual,petrol+cng,7343
mumbai,Maruti Wagon R 1.0,2014,307000,67.5K km,67500,MH,manual,petrol+cng,6588
mumbai,Hyundai New Santro 1.1,2021,524000,42K km,42000,MH,manual,petrol+cng,8365
mumbai,Hyundai Verna,2019,797000,57K km,57000,MH,automatic,petrol,13572
mumbai,Toyota Camry,2014,798000,71.5K km,71500,MH,automatic,petrol,17126
mumbai,Maruti Dzire,2019,602000,25.5K km,25500,MH,automatic,petrol,10251
mumbai,Renault Kwid,2017,298000,48.5K km,48500,MH,manual,petrol,5074
mumbai,Maruti XL6,2022,1139000,35.5K km,35500,MH,automatic,petrol,19588
mumbai,Mahindra XUV 300,2023,875000,18.5K km,18500,MH,manual,petrol,14900
mumbai,Hyundai New Santro 1.1,2019,432000,53K km,53000,MH,manual,petrol+cng,6896
mumbai,Honda Amaze,2015,418000,28.5K km,28500,MH,manual,petrol,7608
mumbai,Maruti S-Presso,2022,444000,60.5K km,60500,MH,manual,petrol+cng,7561
mumbai,Skoda Kushaq,2021,1259000,43.5K km,43500,MH,automatic,petrol,21652
mumbai,Hyundai Creta,2018,864000,98.5K km,98500,MH,manual,petrol,14713
mumbai,Kia Sonet,2021,1006000,36.5K km,36500,MH,automatic,diesel,17132
mumbai,Hyundai Grand i10 Nios,2020,545000,95.5K km,95500,MH,manual,petrol+cng,9281
mumbai,Renault Kwid,2018,299000,26.5K km,26500,MH,manual,petrol,5091
mumbai,Hyundai Creta,2020,1085000,35K km,35000,MH,automatic,petrol,18660
mumbai,Maruti Celerio,2020,497000,12.5K km,12500,MH,automatic,petrol,8463
mumbai,Hyundai Elite i20,2016,452000,50.5K km,50500,MH,manual,petrol,7697
mumbai,Maruti Celerio,2020,480000,37K km,37000,MH,automatic,petrol,8174
mumbai,Volkswagen Tiguan,2018,1549000,64K km,64000,MH,automatic,diesel,26640
mumbai,Maruti Celerio,2022,542000,23.5K km,23500,MH,manual,petrol+cng,9229
mumbai,Mahindra XUV700,2022,1629000,13K km,13000,MH,manual,petrol,28016
mumbai,Hyundai New i20,2020,678000,34K km,34000,MH,manual,petrol,11545
mumbai,Honda City,2018,848000,40.5K km,40500,MH,automatic,petrol,14440
mumbai,Volkswagen Vento,2021,967000,29.5K km,29500,MH,automatic,petrol,15438
mumbai,Maruti Swift,2021,622000,13K km,13000,MH,manual,petrol,10592
mumbai,Maruti S-Cross,2021,878000,42.5K km,42500,MH,automatic,petrol,14951
mumbai,Kia Seltos,2021,1265000,13K km,13000,MH,manual,petrol,21755
mumbai,Maruti Dzire,2023,719000,13K km,13000,MH,manual,petrol,12244
mumbai,Renault Kwid,2016,235000,20.5K km,20500,MH,manual,petrol,4001
mumbai,Honda City,2016,573000,62K km,62000,MH,automatic,petrol,9757
mumbai,Tata Nexon,2021,846000,72K km,72000,MH,automatic,petrol,14406
mumbai,Toyota Corolla Altis,2015,589000,74K km,74000,MH,manual,petrol,10721
mumbai,Maruti Baleno,2018,464000,34.5K km,34500,MH,automatic,petrol,7901
mumbai,Maruti Wagon R 1.0,2011,215000,44.5K km,44500,MH,manual,petrol,15524
mumbai,Maruti Swift,2023,712000,15K km,15000,MH,automatic,petrol,12124
mumbai,Maruti Brezza,2022,1032000,14.5K km,14500,MH,manual,petrol,17747
mumbai,Honda City,2022,1195000,15K km,15000,MH,manual,petrol,20551
mumbai,Honda Jazz,2020,799000,31K km,31000,MH,automatic,petrol,12756
mumbai,Honda Amaze,2019,656000,36K km,36000,MH,automatic,petrol,11171
mumbai,Hyundai Grand i10,2018,459000,76.5K km,76500,MH,manual,diesel,7816
mumbai,Honda City,2021,1078000,9K km,9000,MH,manual,petrol,18538
mumbai,Honda Amaze,2021,792000,12K km,12000,MH,automatic,petrol,13487
mumbai,Nissan Magnite,2022,634000,24.5K km,24500,MH,manual,petrol,10796
mumbai,Hyundai Grand i10,2018,553000,13.5K km,13500,MH,automatic,petrol,9417
mumbai,Hyundai Creta,2017,712000,54K km,54000,MH,manual,petrol,12124
mumbai,Maruti Dzire,2018,564000,28K km,28000,MH,manual,petrol,9604
mumbai,Maruti Baleno,2018,584000,33K km,33000,MH,automatic,petrol,9945
mumbai,Maruti Dzire,2021,634000,44.5K km,44500,MH,automatic,petrol,10796
mumbai,Maruti Ciaz,2015,472000,108K km,108000,MH,automatic,petrol,8591
mumbai,Maruti Baleno,2021,642000,33K km,33000,MH,manual,petrol,10932
mumbai,Maruti Baleno,2018,521000,107K km,107000,MH,manual,petrol,8872
mumbai,Tata Harrier,2021,1378000,93K km,93000,MH,automatic,diesel,23697
mumbai,Ford EcoSport,2015,380000,38K km,38000,MH,manual,diesel,8155
mumbai,Toyota Etios Liva,2013,296000,34.5K km,34500,MH,manual,petrol,7480
mumbai,Tata Nexon,2021,856000,44K km,44000,MH,manual,petrol,14577
mumbai,Renault Triber,2020,598000,49K km,49000,MH,automatic,petrol,10183
mumbai,Hyundai Venue,2020,895000,36.5K km,36500,MH,manual,petrol,15241
mumbai,Hyundai Venue,2021,759000,25K km,25000,MH,manual,petrol,12925
mumbai,Maruti Alto 800,2021,372000,22K km,22000,MH,manual,petrol,6648
mumbai,Maruti Celerio,2022,582000,5.5K km,5500,MH,manual,petrol+cng,9911
mumbai,Maruti Alto K10,2017,312000,19K km,19000,MH,manual,petrol,5313
mumbai,Volkswagen Vento,2016,463000,74K km,74000,MH,manual,petrol,7391
mumbai,Toyota Glanza,2023,837000,8.5K km,8500,MH,automatic,petrol,14253
mumbai,Renault Duster,2018,697000,33K km,33000,MH,automatic,petrol,11869
mumbai,Honda City,2015,612000,38.5K km,38500,MH,automatic,petrol,11139
mumbai,Hyundai Aura,2023,768000,15.5K km,15500,MH,automatic,petrol,13078
mumbai,Honda City,2020,1129000,31K km,31000,MH,automatic,petrol,19416
mumbai,Hyundai Grand i10,2018,464000,40K km,40000,MH,automatic,petrol,7901
mumbai,Maruti Ignis,2017,469000,42.5K km,42500,MH,automatic,petrol,7986
mumbai,Skoda Rapid New,2017,498000,64K km,64000,MH,automatic,petrol,8480
mumbai,Hyundai i20,2011,215000,44.5K km,44500,MH,manual,petrol,15362
mumbai,Hyundai Grand i10,2018,418000,29.5K km,29500,MH,manual,petrol,7118
mumbai,Hyundai Xcent,2020,454000,68.5K km,68500,MH,manual,petrol,7248
mumbai,Volkswagen Ameo,2017,389000,95.5K km,95500,MH,manual,petrol,6210
mumbai,Maruti Alto 800,2019,327000,49K km,49000,MH,manual,petrol,5844
mumbai,Maruti Ignis,2019,511000,48.5K km,48500,MH,automatic,petrol,8702
mumbai,Maruti Baleno,2017,588000,43.5K km,43500,MH,manual,diesel,10013
mumbai,Hyundai New i20,2020,812000,63.5K km,63500,MH,automatic,petrol,13827
mumbai,Hyundai Grand i10,2015,334000,72.5K km,72500,MH,manual,petrol,6079
mumbai,Renault Kwid,2019,310000,68.5K km,68500,MH,manual,petrol,5279
mumbai,Hyundai Grand i10,2018,464000,36.5K km,36500,MH,manual,petrol,7901
mumbai,Toyota Glanza,2020,658000,30K km,30000,MH,automatic,petrol,11205
mumbai,Maruti Wagon R 1.2,2024,681000,0.5K km,500,MH,manual,petrol,11597
mumbai,Honda City,2019,897000,41K km,41000,MH,automatic,petrol,15275
mumbai,Maruti Baleno,2019,573000,44K km,44000,MH,manual,petrol,9757
mumbai,Tata Harrier,2019,1229000,27K km,27000,MH,manual,diesel,21135
mumbai,Honda BR-V,2017,658000,61.5K km,61500,MH,automatic,petrol,11205
mumbai,Maruti Swift,2021,712000,30.5K km,30500,MH,manual,petrol,12124
mumbai,Maruti Ciaz,2018,668000,34K km,34000,MH,automatic,petrol,11375
mumbai,Hyundai i20 Active,2016,431000,105K km,105000,MH,manual,petrol,7339
mumbai,Hyundai Grand i10,2018,450000,48.5K km,48500,MH,automatic,petrol,7663
mumbai,Nissan Magnite,2021,485000,14K km,14000,MH,manual,petrol,8259
mumbai,Honda City,2016,474000,82K km,82000,MH,manual,petrol,8071
mumbai,Hyundai Elite i20,2014,373000,51.5K km,51500,MH,manual,petrol,8005
mumbai,Hyundai Grand i10 Nios,2020,559000,23K km,23000,MH,manual,petrol,9519
mumbai,Maruti S-Presso,2020,398000,38.5K km,38500,MH,manual,petrol,6777
mumbai,Renault Triber,2021,641000,21K km,21000,MH,manual,petrol,10915
mumbai,Maruti Baleno,2017,523000,34.5K km,34500,MH,manual,petrol,8906
mumbai,Maruti Dzire,2017,543000,19K km,19000,MH,automatic,petrol,9246
mumbai,Tata Tigor,2021,571000,20.5K km,20500,MH,automatic,petrol,9723
mumbai,MG Astor,2022,1205000,35K km,35000,MH,manual,petrol,20724
mumbai,Hyundai Grand i10,2018,509000,27.5K km,27500,MH,manual,petrol,8667
mumbai,Hyundai Elite i20,2018,628000,17K km,17000,MH,automatic,petrol,10694
mumbai,Honda City,2020,997000,19K km,19000,MH,automatic,petrol,16978
mumbai,Toyota Glanza,2022,819000,19.5K km,19500,MH,manual,petrol,13947
mumbai,Hyundai Creta,2019,1059000,85.5K km,85500,MH,automatic,diesel,18212
mumbai,Maruti Celerio,2020,511000,16K km,16000,MH,automatic,petrol,8702
mumbai,Hyundai New Santro 1.1,2019,421000,74.5K km,74500,MH,manual,petrol+cng,6721
mumbai,Hyundai i10,2011,225000,45K km,45000,MH,manual,petrol,16077
mumbai,Hyundai Grand i10,2013,318000,51.5K km,51500,MH,manual,petrol,8571
mumbai,Hyundai i10,2013,221000,77K km,77000,MH,manual,petrol,5957
mumbai,Maruti Baleno,2021,656000,68K km,68000,MH,automatic,petrol,11171
mumbai,Renault Kwid,2017,302000,24.5K km,24500,MH,automatic,petrol,5142
mumbai,Hyundai i20,2011,225000,55.5K km,55500,MH,manual,petrol,16077
mumbai,Renault Triber,2022,612000,39K km,39000,MH,manual,petrol,10422
mumbai,Volkswagen Vento,2016,499000,75K km,75000,MH,manual,petrol,7966
mumbai,Tata Nexon,2022,795000,29.5K km,29500,MH,manual,petrol,13538
mumbai,Maruti Alto 800,2022,389000,9.5K km,9500,MH,manual,petrol,6952
mumbai,Hyundai Grand i10,2018,445000,25.5K km,25500,MH,manual,petrol,7578
mumbai,Maruti Ignis,2018,423000,7.5K km,7500,MH,manual,petrol,7203
mumbai,Honda Amaze,2020,753000,13.5K km,13500,MH,automatic,petrol,12823
mumbai,Tata Harrier,2022,1729000,25.5K km,25500,MH,manual,diesel,29734
mumbai,Skoda Kushaq,2021,1159000,29.5K km,29500,MH,automatic,petrol,19932
mumbai,Maruti Ciaz,2018,649000,51.5K km,51500,MH,automatic,petrol,11052
mumbai,Maruti Alto 800,2021,380000,30.5K km,30500,MH,manual,petrol,6791
mumbai,Maruti Alto 800,2018,294000,30K km,30000,MH,manual,petrol,5254
mumbai,Maruti Alto 800,2022,377000,12.5K km,12500,MH,manual,petrol,6737
mumbai,Maruti Alto 800,2017,268000,42.5K km,42500,MH,manual,petrol,4789
mumbai,Volkswagen Polo,2015,375000,36K km,36000,MH,manual,petrol,6399
mumbai,Maruti Alto K10,2015,248000,37K km,37000,MH,manual,petrol,4514
mumbai,Honda Amaze,2013,334000,56K km,56000,MH,manual,petrol,9003
mumbai,Skoda Fabia,2013,248000,83K km,83000,MH,manual,petrol,6267
mumbai,Maruti S-Cross,2015,509000,96.5K km,96500,MH,manual,diesel,9265
mumbai,Hyundai Verna,2012,366000,66K km,66000,MH,manual,petrol,13920
mumbai,Hyundai Elite i20,2016,489000,31K km,31000,MH,manual,petrol,8327
mumbai,Mahindra XUV500,2021,1168000,55K km,55000,MH,manual,diesel,21082
mumbai,Hyundai Venue,2021,866000,29.5K km,29500,MH,manual,petrol,14747
mumbai,Maruti Alto K10,2023,528000,5.5K km,5500,MH,automatic,petrol,8991
mumbai,Maruti S-Presso,2020,446000,8K km,8000,MH,automatic,petrol,7595
mumbai,Toyota Glanza,2019,653000,42K km,42000,MH,automatic,petrol,11120
mumbai,Hyundai Grand i10 Nios,2020,538000,44.5K km,44500,MH,manual,petrol,9161
mumbai,Maruti Swift,2020,598000,19.5K km,19500,MH,automatic,petrol,10183
mumbai,Hyundai Creta,2015,755000,73.5K km,73500,MH,manual,diesel,13742
mumbai,Hyundai Creta,2018,910000,65.5K km,65500,MH,automatic,petrol,15496
mumbai,Maruti Swift,2020,597000,15.5K km,15500,MH,automatic,petrol,10166
mumbai,Maruti Alto 800,2020,342000,67K km,67000,MH,manual,petrol+cng,6118
mumbai,Maruti Alto 800,2022,411000,3K km,3000,MH,manual,petrol,7345
mumbai,Hyundai Venue,2021,917000,47.5K km,47500,MH,manual,petrol,15615
mumbai,Ford Fiesta,2012,277000,26.5K km,26500,MH,manual,petrol,18702
mumbai,Hyundai New i20,2021,762000,66K km,66000,MH,automatic,petrol,12976
mumbai,Mahindra Thar,2022,1349000,33K km,33000,MH,automatic,petrol,23200
mumbai,Hyundai Xcent,2014,299000,78K km,78000,MH,manual,petrol,6016
mumbai,Hyundai Grand i10,2013,321000,68K km,68000,MH,manual,petrol,8652
mumbai,Renault Kwid,2016,244000,27.5K km,27500,MH,manual,petrol,4155
mumbai,Honda Amaze,2022,839000,22.5K km,22500,MH,automatic,petrol,14287
mumbai,Nissan Magnite,2021,546000,28K km,28000,MH,manual,petrol,9298
mumbai,Maruti S-Presso,2022,494000,25K km,25000,MH,manual,petrol+cng,8412
mumbai,Hyundai New Santro 1.1,2019,425000,47.5K km,47500,MH,manual,petrol+cng,6785
mumbai,Maruti Swift,2023,667000,12.5K km,12500,MH,manual,petrol,11358
mumbai,Toyota Camry,2017,1459000,50.5K km,50500,MH,automatic,petrol,25091
mumbai,Maruti Baleno,2016,436000,51.5K km,51500,MH,manual,petrol,7424
mumbai,Hyundai New Santro 1.1,2022,538000,34.5K km,34500,MH,automatic,petrol,8589
mumbai,Renault Kwid,2022,464000,32.5K km,32500,MH,manual,petrol,7901
mumbai,Maruti Ciaz,2017,604000,74.5K km,74500,MH,automatic,petrol,10285
mumbai,Maruti Alto 800,2019,319000,35.5K km,35500,MH,manual,petrol+cng,5701
mumbai,Maruti S-Presso,2021,459000,4K km,4000,MH,automatic,petrol,7816
mumbai,Renault Kwid,2019,371000,6K km,6000,MH,automatic,petrol,6317
mumbai,Maruti Ciaz,2022,938000,10.5K km,10500,MH,manual,petrol,15973
mumbai,Hyundai Verna,2014,452000,108.5K km,108500,MH,automatic,petrol,9700
mumbai,Hyundai Creta,2016,712000,82K km,82000,MH,manual,petrol,12124
mumbai,Ford Figo,2012,215000,58K km,58000,MH,manual,petrol,
mumbai,Hyundai Grand i10,2018,412000,51.5K km,51500,MH,manual,petrol,7016
mumbai,Tata Nexon,2019,766000,35.5K km,35500,MH,automatic,petrol,13044
mumbai,Volkswagen Ameo,2017,524000,116K km,116000,MH,automatic,diesel,8365
mumbai,Skoda Kushaq,2021,1369000,35K km,35000,MH,manual,petrol,23550
mumbai,Maruti Ciaz,2018,627000,53.5K km,53500,MH,automatic,petrol,10677
mumbai,Maruti Celerio,2019,437000,76K km,76000,MH,automatic,petrol,7441
mumbai,Maruti Alto 800,2014,237000,23.5K km,23500,MH,manual,petrol,5276
mumbai,Honda City,2019,741000,32.5K km,32500,MH,manual,petrol,12618
mumbai,Maruti S-Presso,2021,385000,22.5K km,22500,MH,manual,petrol,6556
mumbai,Honda City,2017,632000,50.5K km,50500,MH,manual,petrol,10762
mumbai,Datsun Redi-GO,2018,229000,14K km,14000,MH,manual,petrol,6172
mumbai,Maruti Ciaz,2018,719000,51K km,51000,MH,automatic,petrol,12244
mumbai,Ford EcoSport,2016,529000,55.5K km,55500,MH,manual,petrol,9008
mumbai,Tata Nexon,2021,975000,22K km,22000,MH,manual,petrol+cng,16603
mumbai,Tata Nexon,2021,995000,41K km,41000,MH,manual,diesel,16944
mumbai,Maruti S-Cross,2016,514000,85.5K km,85500,MH,manual,diesel,8753
mumbai,Maruti Celerio,2023,561000,7.5K km,7500,MH,manual,petrol,9553
mumbai,Toyota Etios Liva,2012,274000,51.5K km,51500,MH,manual,petrol,9769
mumbai,Honda City,2013,357000,58.5K km,58500,MH,automatic,petrol,9622
mumbai,Hyundai Creta,2016,743000,116.5K km,116500,MH,automatic,petrol,12652
mumbai,Volkswagen Polo,2015,419000,106.5K km,106500,MH,manual,diesel,7150
mumbai,Toyota Etios,2011,254000,32K km,32000,MH,manual,petrol,17014
mumbai,Hyundai Venue,2019,814000,42.5K km,42500,MH,automatic,petrol,13861
mumbai,Hyundai Venue,2022,899000,35.5K km,35500,MH,manual,petrol,15309
mumbai,Hyundai Elite i20,2018,502000,46K km,46000,MH,manual,petrol,8548
mumbai,Maruti Baleno,2019,565000,74.5K km,74500,MH,automatic,petrol,9621
mumbai,Toyota Urban Cruiser,2022,912000,10K km,10000,MH,automatic,petrol,15530
mumbai,Honda City,2015,552000,64K km,64000,MH,automatic,petrol,10047
mumbai,Renault Kiger,2022,669000,37K km,37000,MH,manual,petrol,11392
mumbai,Hyundai New Santro 1.1,2019,433000,8.5K km,8500,MH,manual,petrol,6912
mumbai,Hyundai Grand i10,2017,512000,26.5K km,26500,MH,automatic,petrol,8719
mumbai,Volkswagen Ameo,2017,607000,39K km,39000,MH,automatic,diesel,9690
mumbai,Hyundai Creta,2015,768000,68.5K km,68500,MH,manual,diesel,13979
mumbai,Hyundai Grand i10 Nios,2020,535000,41.5K km,41500,MH,manual,petrol,9110
mumbai,Maruti Alto 800,2021,341000,14K km,14000,MH,manual,petrol,6094
mumbai,Hyundai New Santro 1.1,2020,421000,84.5K km,84500,MH,manual,petrol+cng,6721
mumbai,Hyundai New Santro 1.1,2021,513000,36K km,36000,MH,manual,petrol+cng,8190
mumbai,Skoda Octavia,2015,795000,54.5K km,54500,MH,automatic,petrol,14470
mumbai,Skoda Rapid,2016,494000,74K km,74000,MH,automatic,diesel,7886
mumbai,Hyundai Elite i20,2016,383000,40K km,40000,MH,manual,petrol,6522
mumbai,Maruti Alto K10,2015,239000,101.5K km,101500,MH,manual,petrol,4350
mumbai,Maruti Ciaz,2017,559000,96K km,96000,MH,automatic,petrol,9519
mumbai,Maruti Celerio,2014,298000,56K km,56000,MH,automatic,petrol,6395
mumbai,Tata Nexon,2019,736000,70.5K km,70500,MH,automatic,petrol,12533
mumbai,Volkswagen Ameo,2016,519000,72K km,72000,MH,automatic,diesel,8285
mumbai,Skoda Rapid New,2019,680000,35.5K km,35500,MH,automatic,petrol,11580
mumbai,Maruti Ignis,2017,479000,31.5K km,31500,MH,manual,petrol,8157
mumbai,Maruti Wagon R 1.0,2022,532000,7K km,7000,MH,manual,petrol,9508
mumbai,Volkswagen Ameo,2016,412000,33K km,33000,MH,manual,petrol,6577
mumbai,Maruti XL6,2022,1159000,28.5K km,28500,MH,manual,petrol,19932
mumbai,Hyundai Aura,2020,668000,32K km,32000,MH,automatic,petrol,11375
mumbai,Hyundai Grand i10,2015,364000,76K km,76000,MH,manual,petrol,6625
mumbai,Maruti Ertiga,2017,832000,29.5K km,29500,MH,manual,petrol,14168
mumbai,Tata Tigor,2022,729000,16.5K km,16500,MH,manual,petrol+cng,12414
mumbai,Tata Tiago,2022,675000,27.5K km,27500,MH,manual,petrol+cng,11494
mumbai,Tata Tiago NRG,2022,651000,6K km,6000,MH,automatic,petrol,11086
mumbai,Tata Nexon,2019,732000,72K km,72000,MH,automatic,petrol,12465
mumbai,Toyota Etios,2011,228000,68.5K km,68500,MH,manual,petrol,15273
mumbai,Hyundai Grand i10,2019,461000,35K km,35000,MH,automatic,petrol,7850
mumbai,Maruti Swift,2012,352000,41K km,41000,MH,manual,petrol,13387
mumbai,Ford Figo,2012,218000,44K km,44000,MH,manual,petrol,
mumbai,Toyota Etios Liva,2011,247000,27.5K km,27500,MH,manual,petrol,16546
mumbai,Renault Duster,2020,712000,94K km,94000,MH,manual,petrol,12124
mumbai,Renault Kwid,2023,441000,6.5K km,6500,MH,manual,petrol,7509
mumbai,Hyundai Grand i10 Nios,2020,537000,44.5K km,44500,MH,manual,petrol,9144
mumbai,Hyundai New Santro 1.1,2021,508000,18.5K km,18500,MH,manual,petrol+cng,8110
mumbai,Renault Kwid,2024,454000,10K km,10000,MH,manual,petrol,7731
mumbai,Hyundai Creta,2018,826000,70.5K km,70500,MH,manual,petrol,14066
mumbai,Hyundai New i20,2021,738000,19.5K km,19500,MH,manual,petrol,12567
mumbai,Honda Civic,2020,1259000,16K km,16000,MH,automatic,petrol,21651
mumbai,Hyundai Venue,2020,825000,9K km,9000,MH,manual,petrol,14049
mumbai,Maruti Baleno,2018,623000,40.5K km,40500,MH,automatic,petrol,10609
mumbai,Honda WR-V,2021,675000,26.5K km,26500,MH,manual,petrol,11494
mumbai,Hyundai Creta,2021,1032000,44K km,44000,MH,manual,petrol,17747
mumbai,MG Astor,2022,1473000,13.5K km,13500,MH,automatic,petrol,25339
mumbai,Honda City,2017,690000,75K km,75000,MH,automatic,petrol,11750
mumbai,Hyundai New Santro 1.1,2019,436000,43K km,43000,MH,automatic,petrol,6960
mumbai,Volkswagen Polo,2015,368000,65.5K km,65500,MH,manual,petrol,6279
mumbai,Honda Amaze,2014,298000,92K km,92000,MH,manual,petrol,6395
mumbai,Volkswagen Vento,2017,553000,108.5K km,108500,MH,automatic,petrol,8828
mumbai,Maruti Swift Dzire,2015,340000,79K km,79000,MH,manual,petrol,6188
mumbai,Toyota Corolla Altis,2014,549000,98K km,98000,MH,automatic,petrol,11782
mumbai,Volkswagen Vento,2016,498000,58K km,58000,MH,automatic,petrol,7950
mumbai,Hyundai Grand i10,2018,512000,24.5K km,24500,MH,manual,petrol,8719
mumbai,Hyundai Venue,2021,957000,47K km,47000,MH,automatic,petrol,16722
mumbai,Maruti Alto K10,2024,517000,1.5K km,1500,MH,manual,petrol,8804
mumbai,Honda Amaze,2022,842000,17.5K km,17500,MH,automatic,petrol,14338
mumbai,Toyota Corolla Altis,2016,789000,39K km,39000,MH,automatic,petrol,13436
mumbai,Hyundai Aura,2020,599000,30K km,30000,MH,manual,petrol,10200
mumbai,Maruti Baleno,2017,518000,38.5K km,38500,MH,manual,petrol,8821
mumbai,Honda City,2019,733000,84K km,84000,MH,automatic,petrol,12482
mumbai,Hyundai Grand i10,2016,402000,36.5K km,36500,MH,manual,petrol,7317
mumbai,Hyundai Xcent,2014,389000,32.5K km,32500,MH,manual,petrol,7826
mumbai,Renault Triber,2021,635000,13.5K km,13500,MH,manual,petrol,10813
mumbai,Hyundai Grand i10,2014,345000,60.5K km,60500,MH,manual,petrol,7404
mumbai,Hyundai Aura,2023,819000,3.5K km,3500,MH,automatic,petrol,13947
mumbai,Mahindra XUV 300,2021,868000,25K km,25000,MH,manual,petrol,14781
mumbai,Hyundai Xcent,2015,424000,57K km,57000,MH,automatic,petrol,7235
mumbai,Maruti Wagon R 1.0,2017,344000,48.5K km,48500,MH,manual,petrol+cng,5858
mumbai,Renault Triber,2019,489000,106.5K km,106500,MH,manual,petrol,8327
mumbai,Hyundai i10,2013,222000,27K km,27000,MH,manual,petrol,5984
mumbai,Renault Kwid,2018,305000,46.5K km,46500,MH,automatic,petrol,5193
mumbai,Maruti Celerio,2016,317000,40K km,40000,MH,manual,petrol,5398
mumbai,Renault Triber,2020,613000,18.5K km,18500,MH,automatic,petrol,10439
mumbai,Tata Tiago,2022,681000,27K km,27000,MH,manual,petrol+cng,11597
mumbai,Honda Amaze,2024,973000,4K km,4000,MH,automatic,petrol,16569
mumbai,Hyundai i20 Active,2017,524000,51K km,51000,MH,manual,petrol,8923
mumbai,Maruti Celerio,2015,345000,35.5K km,35500,MH,automatic,petrol,6279
mumbai,Maruti Baleno,2018,563000,63K km,63000,MH,automatic,petrol,9587
mumbai,Tata Nexon,2018,682000,36.5K km,36500,MH,manual,petrol,11614
mumbai,Kia Sonet,2022,1319000,18K km,18000,MH,automatic,diesel,22684
mumbai,Maruti Swift,2018,488000,82K km,82000,MH,automatic,petrol,8310
mumbai,Hyundai Grand i10,2017,440000,41.5K km,41500,MH,manual,petrol,7492
mumbai,Maruti Ciaz,2016,528000,74.5K km,74500,MH,automatic,petrol,8991
mumbai,Hyundai i20 Active,2016,485000,40K km,40000,MH,manual,petrol,8259
mumbai,Renault Triber,2020,527000,80K km,80000,MH,manual,petrol,8974
mumbai,Hyundai Grand i10,2017,433000,43K km,43000,MH,automatic,petrol,7373
mumbai,Hyundai Grand i10,2016,364000,45K km,45000,MH,manual,petrol,6198
mumbai,Toyota Etios,2011,232000,67K km,67000,MH,manual,petrol,15541
mumbai,Maruti Baleno,2017,498000,34K km,34000,MH,manual,petrol,8480
mumbai,Honda Mobilio,2015,435000,70.5K km,70500,MH,manual,petrol,7423
mumbai,Maruti Ciaz,2018,524000,102.5K km,102500,MH,manual,petrol,8923
mumbai,Maruti Wagon R 1.0,2015,302000,94.5K km,94500,MH,manual,petrol+cng,5497
mumbai,Renault Kwid,2023,475000,14K km,14000,MH,manual,petrol,8088
mumbai,Maruti Baleno,2017,527000,20.5K km,20500,MH,manual,petrol,8974
mumbai,Maruti Celerio,2022,489000,22.5K km,22500,MH,manual,petrol,8327
mumbai,Nissan Magnite,2021,568000,54K km,54000,MH,manual,petrol,9672
mumbai,Hyundai New Santro 1.1,2019,432000,77K km,77000,MH,manual,petrol+cng,6896
mumbai,Hyundai Grand i10 Nios,2021,627000,22.5K km,22500,MH,automatic,petrol,10677
mumbai,Renault Triber,2019,537000,35.5K km,35500,MH,manual,petrol,9144
mumbai,Kia Sonet,2021,997000,34.5K km,34500,MH,manual,petrol,16978
mumbai,Renault Kiger,2022,767000,14.5K km,14500,MH,manual,petrol,13061
mumbai,Tata Tiago NRG,2023,632000,13K km,13000,MH,manual,petrol,10762
mumbai,Maruti Ignis,2018,489000,54.5K km,54500,MH,automatic,petrol,8327
mumbai,Hyundai Creta,2018,859000,54.5K km,54500,MH,manual,petrol,14628
mumbai,Maruti Ciaz,2016,525000,74.5K km,74500,MH,automatic,petrol,8940
mumbai,Hyundai Aura,2021,691000,27K km,27000,MH,manual,petrol,11767
mumbai,Maruti Ciaz,2018,628000,63K km,63000,MH,automatic,petrol,10694
mumbai,Hyundai Grand i10,2017,443000,35K km,35000,MH,manual,petrol,7544
mumbai,Hyundai Venue,2022,1059000,62K km,62000,MH,manual,diesel,18212
mumbai,Hyundai Venue,2019,716000,105.5K km,105500,MH,automatic,petrol,12193
mumbai,Chevrolet Beat,2012,204000,29.5K km,29500,MH,manual,petrol,
mumbai,Hyundai Xcent,2015,375000,32K km,32000,MH,manual,petrol,6399
mumbai,Maruti Wagon R 1.0,2018,435000,32.5K km,32500,MH,automatic,petrol,7774
mumbai,Honda Jazz,2019,576000,42K km,42000,MH,manual,petrol,9195
mumbai,Hyundai Grand i10,2018,446000,38K km,38000,MH,manual,petrol+cng,7595
mumbai,Hyundai Grand i10,2015,339000,47.5K km,47500,MH,manual,petrol,6170
mumbai,Maruti Dzire,2017,520000,62.5K km,62500,MH,automatic,petrol,8855
mumbai,Hyundai Creta,2017,816000,66K km,66000,MH,automatic,petrol,13896
mumbai,Tata Tiago,2019,433000,53K km,53000,MH,manual,petrol,7373
mumbai,Hyundai Elite i20,2018,490000,57.5K km,57500,MH,manual,petrol,8344
mumbai,Honda Amaze,2021,794000,20.5K km,20500,MH,automatic,petrol,13521
mumbai,Hyundai Creta,2021,1619000,34K km,34000,MH,automatic,diesel,27843
mumbai,Nissan Magnite,2021,875000,14K km,14000,MH,automatic,petrol,14900
mumbai,Renault Kwid,2021,425000,19.5K km,19500,MH,manual,petrol,7237
mumbai,Maruti Dzire,2019,568000,47K km,47000,MH,manual,petrol,9672
mumbai,Honda Amaze,2020,650000,25.5K km,25500,MH,manual,petrol,11069
mumbai,Honda City,2019,726000,39K km,39000,MH,automatic,petrol,12363
mumbai,Volkswagen Polo,2011,214000,86K km,86000,MH,manual,petrol,14335
mumbai,Hyundai Grand i10,2017,418000,39.5K km,39500,MH,manual,petrol,7118
mumbai,Honda Amaze,2021,615000,24K km,24000,MH,manual,petrol,10473
mumbai,Maruti Celerio,2014,302000,72K km,72000,MH,automatic,petrol,6481
mumbai,Volkswagen Ameo,2016,361000,44K km,44000,MH,manual,petrol,5763
mumbai,Renault Triber,2023,618000,21.5K km,21500,MH,automatic,petrol,10524
mumbai,Honda City,2017,731000,43K km,43000,MH,automatic,petrol,12448
mumbai,Nissan Magnite,2021,568000,52.5K km,52500,MH,manual,petrol,9672
mumbai,Mahindra XUV 300,2022,891000,29.5K km,29500,MH,manual,petrol,15173
mumbai,Hyundai Elite i20,2015,531000,86.5K km,86500,MH,manual,diesel,9670
mumbai,Hyundai Xcent,2018,495000,47.5K km,47500,MH,manual,petrol,7902
mumbai,Skoda Kushaq,2021,929000,35K km,35000,MH,manual,petrol,15820
mumbai,Volkswagen Polo,2014,378000,30.5K km,30500,MH,manual,petrol,7605
mumbai,Toyota Glanza,2021,776000,22K km,22000,MH,automatic,petrol,13214
mumbai,Maruti Baleno,2017,500000,40.5K km,40500,MH,manual,petrol,8514
mumbai,Nissan Magnite,2021,659000,38.5K km,38500,MH,automatic,petrol,11222
mumbai,Renault Triber,2024,840000,6.5K km,6500,MH,automatic,petrol,14304
mumbai,Hyundai Grand i10,2015,382000,24.5K km,24500,MH,manual,petrol,6953
mumbai,Maruti Celerio,2016,347000,59K km,59000,MH,manual,petrol,5909
mumbai,Tata Nexon,2020,792000,101.5K km,101500,MH,manual,diesel,13487
mumbai,Hyundai Grand i10,2017,391000,95.5K km,95500,MH,automatic,petrol,6658
mumbai,Volkswagen Polo,2014,389000,106.5K km,106500,MH,manual,diesel,7826
mumbai,Hyundai Venue,2020,772000,66.5K km,66500,MH,manual,petrol,13146
mumbai,Renault Triber,2022,655000,14K km,14000,MH,automatic,petrol,11154
mumbai,Maruti Wagon R 1.0,2012,239000,32.5K km,32500,MH,manual,petrol,9270
mumbai,Renault Kwid,2020,411000,39K km,39000,MH,automatic,petrol,6999
mumbai,Maruti Ciaz,2021,870000,50K km,50000,MH,automatic,petrol,14815
mumbai,Maruti Baleno,2018,534000,28.5K km,28500,MH,manual,petrol,9093
mumbai,Honda Amaze,2018,565000,23.5K km,23500,MH,manual,petrol,9621
mumbai,Honda Amaze,2022,829000,15K km,15000,MH,automatic,petrol,14117
mumbai,Tata Nexon,2023,1071000,12K km,12000,MH,automatic,petrol,18425
mumbai,Hyundai Grand i10 Nios,2022,670000,18K km,18000,MH,manual,petrol+cng,11409
mumbai,Tata Tiago NRG,2021,608000,30.5K km,30500,MH,automatic,petrol,10353
mumbai,Hyundai Creta,2016,787000,60K km,60000,MH,automatic,petrol,13402
mumbai,Hyundai Grand i10 Nios,2020,535000,80.5K km,80500,MH,manual,petrol+cng,9110
mumbai,Hyundai Venue,2022,1026000,14.5K km,14500,MH,manual,petrol,17642
mumbai,Maruti Alto K10,2017,332000,33K km,33000,MH,automatic,petrol,5653
mumbai,Mahindra KUV100,2016,319000,52K km,52000,MH,manual,petrol,5432
mumbai,Maruti S-Presso,2021,455000,26K km,26000,MH,manual,petrol+cng,7748
mumbai,Mahindra KUV100 NXT,2019,424000,37K km,37000,MH,manual,petrol,7220
mumbai,Hyundai Xcent,2019,506000,84.5K km,84500,MH,manual,petrol+cng,8616
mumbai,Nissan Terrano,2015,389000,50.5K km,50500,MH,manual,petrol,6638
mumbai,Renault Kwid,2016,254000,28K km,28000,MH,manual,petrol,4325
mumbai,Volkswagen Vento,2013,365000,90.5K km,90500,MH,manual,diesel,9223
mumbai,Maruti Ciaz,2017,577000,85.5K km,85500,MH,manual,diesel,9825
mumbai,Hyundai Grand i10,2019,482000,20.5K km,20500,MH,manual,petrol,8208
mumbai,Hyundai Creta,2019,956000,29K km,29000,MH,manual,petrol,16280
mumbai,Renault Kwid,2018,303000,63.5K km,63500,MH,manual,petrol,5159
mumbai,Maruti Baleno,2017,506000,33.5K km,33500,MH,manual,petrol,8616
mumbai,Volkswagen Taigun,2022,1239000,27K km,27000,MH,manual,petrol,21303
mumbai,Maruti S-Presso,2021,437000,45.5K km,45500,MH,manual,petrol+cng,7441
mumbai,Honda City,2019,734000,43.5K km,43500,MH,automatic,petrol,12499
mumbai,Maruti Ciaz,2018,636000,65K km,65000,MH,manual,petrol,10830
mumbai,Hyundai Grand i10,2015,372000,24K km,24000,MH,manual,petrol,6771
mumbai,Honda Amaze,2019,573000,51K km,51000,MH,manual,petrol,9757
mumbai,Kia Sonet,2021,885000,30.5K km,30500,MH,manual,petrol,15071
mumbai,Maruti Alto 800,2022,402000,23K km,23000,MH,manual,petrol,7184
mumbai,Tata Tiago NRG,2023,635000,21K km,21000,MH,manual,petrol+cng,10813
mumbai,Hyundai i10,2016,323000,17K km,17000,MH,manual,petrol,5500
mumbai,Toyota Corolla Altis,2015,549000,104K km,104000,MH,manual,petrol,9993
mumbai,Volkswagen Polo,2011,268000,41.5K km,41500,MH,manual,petrol,17952
mumbai,Renault Kwid,2016,230000,66.5K km,66500,MH,manual,petrol,3916
mumbai,Honda Amaze,2015,389000,50.5K km,50500,MH,automatic,petrol,7080
mumbai,Hyundai Grand i10,2017,397000,30K km,30000,MH,manual,petrol,6760
mumbai,Honda City,2019,686000,44K km,44000,MH,automatic,petrol,11682
mumbai,Ford Freestyle,2021,622000,34K km,34000,MH,manual,petrol,10592
mumbai,Ford EcoSport,2019,697000,30K km,30000,MH,manual,petrol,11869
mumbai,Hyundai Creta,2019,1078000,35K km,35000,MH,automatic,diesel,18537
mumbai,Maruti Alto 800,2021,366000,6.5K km,6500,MH,manual,petrol,6541
mumbai,Honda BR-V,2016,623000,68.5K km,68500,MH,automatic,petrol,10609
mumbai,Maruti Ignis,2017,397000,51K km,51000,MH,manual,petrol,6760
mumbai,Honda Jazz,2022,852000,14K km,14000,MH,automatic,petrol,13602
mumbai,Hyundai Grand i10,2014,343000,58.5K km,58500,MH,manual,petrol,7361
mumbai,Volkswagen Taigun,2022,1236000,24.5K km,24500,MH,manual,petrol,21252
mumbai,Hyundai Grand i10,2019,460000,68K km,68000,MH,manual,petrol+cng,7833
mumbai,Ford Fiesta,2012,313000,72.5K km,72500,MH,automatic,petrol,11326
mumbai,Kia Sonet,2022,1092000,14K km,14000,MH,manual,petrol,18782
mumbai,Hyundai Venue,2019,689000,15K km,15000,MH,manual,petrol,11733
mumbai,Hyundai Grand i10,2018,427000,35.5K km,35500,MH,manual,petrol,7271
mumbai,Hyundai Verna,2017,619000,52K km,52000,MH,manual,petrol,10541
mumbai,Maruti Swift Dzire,2013,364000,34K km,34000,MH,manual,petrol,9811
mumbai,Maruti Swift Dzire,2011,246000,96.5K km,96500,MH,manual,petrol,17577
mumbai,Honda Mobilio,2015,421000,69K km,69000,MH,manual,petrol,7184
mumbai,Honda WR-V,2017,581000,26.5K km,26500,MH,manual,petrol,9894
mumbai,Maruti Alto 800,2014,211000,61K km,61000,MH,manual,petrol,4697
mumbai,Hyundai New i20,2020,678000,18.5K km,18500,MH,manual,petrol,11545
mumbai,Kia Seltos,2020,1124000,45.5K km,45500,MH,manual,petrol,19328
mumbai,Hyundai Grand i10,2017,393000,68K km,68000,MH,manual,petrol,6692
mumbai,Skoda Octavia,2018,1117000,82K km,82000,MH,automatic,petrol,19207
mumbai,Maruti Baleno,2016,529000,84.5K km,84500,MH,manual,diesel,9008
mumbai,Maruti Swift,2019,567000,46.5K km,46500,MH,manual,petrol,9655
mumbai,Toyota Etios Liva,2015,409000,85K km,85000,MH,manual,diesel,6979
mumbai,Tata Tiago,2023,615000,18.5K km,18500,MH,manual,petrol,10473
mumbai,Hyundai Elite i20,2015,454000,24K km,24000,MH,manual,petrol,8263
mumbai,Hyundai New Santro 1.1,2022,546000,28.5K km,28500,MH,manual,petrol+cng,8716
mumbai,Honda City,2022,1119000,25.5K km,25500,MH,automatic,petrol,19244
mumbai,Hyundai Grand i10,2020,467000,26K km,26000,MH,manual,petrol,7952
mumbai,Nissan Magnite,2021,619000,60.5K km,60500,MH,manual,petrol,10541
mumbai,Hyundai Aura,2020,673000,27.5K km,27500,MH,manual,petrol,11460
mumbai,Maruti Ciaz,2018,498000,60.5K km,60500,MH,manual,petrol,8480
mumbai,Maruti Alto K10,2018,305000,50K km,50000,MH,manual,petrol+cng,5193
mumbai,Hyundai Xcent,2014,383000,60.5K km,60500,MH,automatic,petrol,7706
mumbai,Maruti Ciaz,2016,439000,99.5K km,99500,MH,manual,petrol,7475
mumbai,Ford EcoSport,2016,554000,86K km,86000,MH,manual,diesel,9434
mumbai,Maruti Swift Dzire,2012,326000,27.5K km,27500,MH,manual,petrol,12398
mumbai,Maruti S-Presso,2021,405000,62.5K km,62500,MH,manual,petrol+cng,6896
mumbai,Renault Triber,2019,545000,33.5K km,33500,MH,manual,petrol,9281
mumbai,Tata Nexon,2022,979000,52.5K km,52500,MH,manual,diesel,16671
mumbai,Hyundai Grand i10,2016,410000,16K km,16000,MH,automatic,petrol,6982
mumbai,Maruti Ciaz,2023,932000,9K km,9000,MH,manual,petrol,15871
mumbai,Maruti S-Presso,2022,447000,10.5K km,10500,MH,manual,petrol,7612
mumbai,MG Astor,2023,954000,10.5K km,10500,MH,manual,petrol,16246
mumbai,Mahindra XUV500,2017,940000,67K km,67000,MH,automatic,diesel,16800
mumbai,Skoda Slavia,2022,1499000,25K km,25000,MH,automatic,petrol,25782
mumbai,Maruti Ciaz,2020,696000,120K km,120000,MH,manual,petrol,11852
mumbai,Maruti Ciaz,2016,499000,60K km,60000,MH,automatic,petrol,8497
mumbai,Renault Kiger,2021,804000,31.5K km,31500,MH,automatic,petrol,13691
mumbai,Maruti Swift Dzire,2014,372000,77.5K km,77500,MH,manual,petrol,7983
mumbai,Hyundai Creta,2018,791000,92K km,92000,MH,automatic,petrol,13470
mumbai,Tata Nexon,2022,914000,65.5K km,65500,MH,manual,diesel,15564
mumbai,Honda Jazz,2021,837000,28K km,28000,MH,automatic,petrol,13362
mumbai,Maruti Dzire,2018,619000,26K km,26000,MH,automatic,petrol,10541
mumbai,Maruti Wagon R 1.0,2016,370000,33K km,33000,MH,manual,petrol+cng,6300
mumbai,Maruti Swift Dzire,2013,366000,52.5K km,52500,MH,manual,petrol,9865
mumbai,Tata Tiago,2022,602000,67.5K km,67500,MH,manual,petrol+cng,10251
mumbai,Maruti Alto K10,2023,538000,0.5K km,500,MH,automatic,petrol,9161
mumbai,Maruti Alto 800,2017,282000,22.5K km,22500,MH,manual,petrol,5040
mumbai,Tata Tiago,2022,661000,24K km,24000,MH,manual,petrol+cng,11256
mumbai,Maruti Ciaz,2019,704000,37.5K km,37500,MH,manual,petrol,11988
mumbai,Mahindra XUV500,2021,1161000,53.5K km,53500,MH,manual,diesel,20946
mumbai,Kia Seltos,2022,1449000,43.5K km,43500,MH,manual,diesel,24919
mumbai,Hyundai Tucson,2017,1118000,80K km,80000,MH,automatic,diesel,19226
mumbai,Tata Nexon,2022,912000,13K km,13000,MH,manual,petrol,15530
mumbai,Honda City,2017,663000,61K km,61000,MH,automatic,petrol,11290
mumbai,Hyundai Grand i10,2014,329000,88.5K km,88500,MH,manual,petrol,7275
mumbai,Tata Tigor,2022,597000,34K km,34000,MH,manual,petrol+cng,10166
mumbai,Hyundai Creta,2017,808000,69K km,69000,MH,automatic,petrol,13759
mumbai,Hyundai New i20,2021,922000,17K km,17000,MH,automatic,petrol,15701
mumbai,Maruti Celerio,2019,416000,97.5K km,97500,MH,automatic,petrol,7084
mumbai,Mahindra XUV 300,2023,1159000,11K km,11000,MH,automatic,petrol,19924
mumbai,Ford Fiesta,2012,270000,123.5K km,123500,MH,automatic,petrol,9770
mumbai,Maruti Swift Dzire,2012,289000,113.5K km,113500,MH,manual,petrol,10991
mumbai,Honda Amaze,2013,359000,61.5K km,61500,MH,automatic,petrol,9676
mumbai,Renault Kiger,2021,769000,31.5K km,31500,MH,automatic,petrol,13095
mumbai,Volkswagen Vento,2015,553000,88K km,88000,MH,automatic,diesel,9436
mumbai,Toyota Corolla Altis,2019,1110000,50K km,50000,MH,automatic,petrol,19089
mumbai,Hyundai Creta,2016,787000,57K km,57000,MH,automatic,petrol,13402
mumbai,Honda Amaze,2018,654000,46.5K km,46500,MH,automatic,diesel,11137
mumbai,Tata Nexon,2023,841000,22K km,22000,MH,manual,petrol,14321
mumbai,Maruti Alto 800,2020,308000,42K km,42000,MH,manual,petrol+cng,5504
mumbai,Hyundai Grand i10,2019,533000,33K km,33000,MH,automatic,petrol,9076
mumbai,Kia Seltos,2020,979000,40.5K km,40500,MH,manual,petrol,16671
mumbai,Hyundai New i20,2021,893000,33.5K km,33500,MH,automatic,petrol,15207
mumbai,Tata Nexon,2022,871000,70.5K km,70500,MH,automatic,diesel,14832
mumbai,Maruti Ritz,2013,259000,57K km,57000,MH,manual,petrol,6545
mumbai,Hyundai i10,2015,261000,97.5K km,97500,MH,manual,petrol,4750
mumbai,Maruti Ciaz,2015,462000,113K km,113000,MH,automatic,petrol,8409
mumbai,Mahindra Marazzo,2019,799000,75.5K km,75500,MH,manual,diesel,13606
mumbai,Honda Jazz,2022,811000,18.5K km,18500,MH,automatic,petrol,12947
mumbai,Maruti Ertiga,2014,505000,101.5K km,101500,MH,manual,petrol,10838
mumbai,Nissan Terrano,2018,793000,77.5K km,77500,MH,automatic,diesel,12660
mumbai,Mahindra Thar,2022,1204000,35K km,35000,MH,manual,petrol,20707
mumbai,Hyundai Grand i10 Nios,2022,693000,9K km,9000,MH,manual,petrol+cng,11801
mumbai,Honda City,2019,866000,16K km,16000,MH,automatic,petrol,14747
mumbai,Hyundai Grand i10,2019,469000,21.5K km,21500,MH,manual,petrol,7986
mumbai,BMW X1,2018,2370000,65K km,65000,MH,automatic,diesel,40760
mumbai,Maruti New Ertiga,2023,1149000,2.5K km,2500,MH,manual,petrol+cng,19760
mumbai,Maruti Brezza,2022,868000,29K km,29000,MH,manual,petrol,14781
mumbai,Maruti Wagon R 1.2,2020,525000,22.5K km,22500,MH,automatic,petrol,8940
mumbai,Tata Punch,2022,612000,21.5K km,21500,MH,manual,petrol,10422
mumbai,Hyundai Elite i20,2015,469000,28.5K km,28500,MH,manual,petrol,8536
mumbai,Maruti Vitara Brezza,2020,859000,26K km,26000,MH,automatic,petrol,14628
mumbai,Toyota Etios Cross,2016,367000,52K km,52000,MH,manual,petrol+cng,6249
mumbai,Skoda Kodiaq,2020,1959000,47.5K km,47500,MH,automatic,diesel,33690
mumbai,Mahindra XUV700,2022,1319000,36K km,36000,MH,manual,diesel,22683
mumbai,Maruti New Ertiga,2023,1110000,7.5K km,7500,MH,manual,petrol,19089
mumbai,Tata Tiago,2022,606000,20K km,20000,MH,automatic,petrol,10314
mumbai,Tata Altroz,2020,618000,30K km,30000,MH,manual,petrol,10524
mumbai,MG Hector,2019,1032000,38.5K km,38500,MH,automatic,petrol,17747
mumbai,Maruti Baleno,2020,625000,35K km,35000,MH,automatic,petrol,10643
mumbai,Maruti Ignis,2018,397000,16.5K km,16500,MH,manual,petrol,6760
mumbai,Mahindra KUV100 NXT,2018,349000,30.5K km,30500,MH,manual,diesel,5943
mumbai,Hyundai i20,2013,270000,56K km,56000,MH,manual,petrol,7277
mumbai,Maruti Swift,2013,322000,45.5K km,45500,MH,manual,petrol,8679
mumbai,BMW X1,2021,2970000,20.5K km,20500,MH,automatic,petrol,51080
mumbai,Toyota Glanza,2023,778000,33K km,33000,MH,manual,petrol+cng,13248
mumbai,Hyundai Venue,2019,719000,37.5K km,37500,MH,manual,petrol,12244
mumbai,Maruti Swift,2019,536000,27K km,27000,MH,manual,petrol,9127
mumbai,MG Astor,2021,1149000,22K km,22000,MH,manual,petrol,19760
mumbai,Maruti S-Cross,2022,1112000,7K km,7000,MH,automatic,petrol,19124
mumbai,Honda Jazz,2022,932000,19K km,19000,MH,automatic,petrol,14879
mumbai,Tata Tiago,2019,534000,31.5K km,31500,MH,automatic,petrol,9093
mumbai,Hyundai Xcent,2017,359000,62K km,62000,MH,manual,petrol,5731
mumbai,Hyundai Aura,2022,697000,12K km,12000,MH,manual,petrol,11869
mumbai,Honda Amaze,2020,668000,38.5K km,38500,MH,automatic,petrol,11375
mumbai,Hyundai Verna,2019,975000,66.5K km,66500,MH,automatic,diesel,16603
mumbai,Toyota Glanza,2021,693000,40.5K km,40500,MH,automatic,petrol,11801
mumbai,Tata Nexon,2022,997000,35.5K km,35500,MH,automatic,petrol,16978
mumbai,Hyundai Grand i10 Nios,2022,595000,16K km,16000,MH,manual,petrol,10132
mumbai,Maruti Swift,2020,608000,37K km,37000,MH,manual,petrol,10353
mumbai,Hyundai New Santro 1.1,2019,372000,88K km,88000,MH,manual,petrol+cng,5939
mumbai,Ford Figo,2015,235000,78.5K km,78500,MH,manual,petrol,8937
mumbai,Hyundai i20 Active,2016,499000,50.5K km,50500,MH,manual,petrol,8497
mumbai,Maruti Celerio,2014,302000,54K km,54000,MH,automatic,petrol,6481
mumbai,Tata Altroz,2022,635000,10K km,10000,MH,manual,petrol,10813
mumbai,Maruti Vitara Brezza,2021,625000,30.5K km,30500,MH,manual,petrol,10643
mumbai,Honda City,2017,662000,31K km,31000,MH,automatic,petrol,11273
mumbai,Nissan Magnite,2021,605000,25.5K km,25500,MH,manual,petrol,10302
mumbai,Maruti Swift,2019,617000,38.5K km,38500,MH,automatic,petrol,10507
mumbai,Honda Brio,2014,350000,35K km,35000,MH,automatic,petrol,7042
mumbai,Hyundai Elite i20,2019,692000,25.5K km,25500,MH,automatic,petrol,11784
mumbai,Hyundai Grand i10,2018,537000,29K km,29000,MH,automatic,petrol,9144
mumbai,Hyundai Elite i20,2020,535000,31.5K km,31500,MH,manual,petrol,9110
mumbai,Honda Amaze,2022,849000,11K km,11000,MH,automatic,petrol,14457
mumbai,Hyundai Venue,2020,785000,55K km,55000,MH,manual,petrol,13368
mumbai,Hyundai Grand i10,2015,398000,37.5K km,37500,MH,automatic,petrol,8541
mumbai,Toyota Urban Cruiser,2022,835000,25K km,25000,MH,automatic,petrol,14219
mumbai,Hyundai Elite i20,2015,463000,32.5K km,32500,MH,manual,petrol,8427
mumbai,Ford EcoSport,2017,532000,72K km,72000,MH,manual,petrol,9059
mumbai,Datsun GO,2019,242000,48.5K km,48500,MH,manual,petrol,4404
mumbai,Honda Amaze,2014,314000,84.5K km,84500,MH,manual,petrol,6739
mumbai,Maruti S-Presso,2020,380000,34.5K km,34500,MH,automatic,petrol,6471
mumbai,Volkswagen Vento,2014,296000,79K km,79000,MH,manual,petrol,5955
mumbai,Hyundai Xcent,2017,489000,50K km,50000,MH,automatic,petrol,7806
mumbai,Maruti Dzire,2018,675000,44K km,44000,MH,manual,diesel,11494
mumbai,Honda City,2018,863000,30.5K km,30500,MH,automatic,petrol,14696
mumbai,Toyota Urban Cruiser,2021,796000,23K km,23000,MH,automatic,petrol,13555
mumbai,Maruti Ertiga,2018,730000,45K km,45000,MH,manual,petrol,12431
mumbai,Maruti Celerio,2017,373000,73.5K km,73500,MH,manual,petrol+cng,6351
mumbai,Maruti Baleno,2021,672000,42.5K km,42500,MH,manual,petrol,11443
mumbai,Honda Amaze,2019,529000,16.5K km,16500,MH,manual,petrol,9008
mumbai,Maruti Wagon R 1.0,2021,498000,56K km,56000,MH,manual,petrol+cng,8480
mumbai,Maruti Swift,2022,668000,23K km,23000,MH,automatic,petrol,11375
mumbai,Maruti Baleno,2022,697000,19K km,19000,MH,automatic,petrol,11869
mumbai,Hyundai Elite i20,2017,488000,22K km,22000,MH,manual,petrol,8310
mumbai,Tata Tigor,2021,659000,6K km,6000,MH,automatic,petrol,11222
mumbai,Ford EcoSport,2015,389000,72.5K km,72500,MH,manual,petrol,7080
mumbai,Maruti Baleno,2018,573000,56K km,56000,MH,manual,petrol,9757
mumbai,Maruti Baleno,2018,615000,19.5K km,19500,MH,automatic,petrol,10473
mumbai,Volkswagen Vento,2013,365000,91K km,91000,MH,manual,diesel,9223
mumbai,Hyundai Eon,2013,223000,25K km,25000,MH,manual,petrol,16077
mumbai,Mahindra XUV500,2018,781000,60K km,60000,MH,manual,diesel,13958
mumbai,Honda Amaze,2020,675000,37K km,37000,MH,automatic,petrol,11494
mumbai,Mahindra KUV100 NXT,2018,449000,36.5K km,36500,MH,manual,petrol,7646
mumbai,Ford Figo Aspire,2019,589000,32.5K km,32500,MH,manual,diesel,9403
mumbai,Maruti Baleno,2017,516000,53.5K km,53500,MH,manual,petrol,8787
mumbai,Hyundai Grand i10 Nios,2021,589000,32.5K km,32500,MH,manual,petrol+cng,10030
mumbai,Honda City,2015,470000,72.5K km,72500,MH,automatic,petrol,8555
mumbai,Tata Punch,2022,659000,25.5K km,25500,MH,automatic,petrol,11222
mumbai,Maruti XL6,2023,1078000,54.5K km,54500,MH,manual,petrol,18538
mumbai,Hyundai Grand i10,2019,461000,24.5K km,24500,MH,manual,petrol,7850
mumbai,Maruti Wagon R 1.0,2021,529000,35K km,35000,MH,manual,petrol+cng,9008
mumbai,Maruti Wagon R 1.0,2016,377000,25K km,25000,MH,automatic,petrol,6737
mumbai,Hyundai Grand i10,2017,451000,46K km,46000,MH,automatic,petrol,7680
mumbai,Maruti Ciaz,2016,465000,62.5K km,62500,MH,manual,petrol,8464
mumbai,Maruti Ignis,2018,512000,28K km,28000,MH,automatic,petrol,8719
mumbai,Hyundai Elite i20,2018,574000,28.5K km,28500,MH,manual,petrol,9774
mumbai,Volkswagen Ameo,2017,412000,30.5K km,30500,MH,manual,petrol,6577
mumbai,Maruti Baleno,2017,553000,36.5K km,36500,MH,manual,diesel,9417
mumbai,Ford EcoSport,2019,795000,23.5K km,23500,MH,automatic,petrol,13538
mumbai,Maruti S-Presso,2021,412000,69K km,69000,MH,manual,petrol+cng,7016
mumbai,Maruti Alto 800,2022,412000,4.5K km,4500,MH,manual,petrol,7363
mumbai,Kia Seltos,2020,1478000,40.5K km,40500,MH,automatic,diesel,25418
mumbai,Maruti S-Presso,2021,447000,19.5K km,19500,MH,automatic,petrol,7612
mumbai,Tata Tigor,2022,578000,9K km,9000,MH,manual,petrol,9843
mumbai,Maruti Swift,2022,768000,19.5K km,19500,MH,automatic,petrol,13078
mumbai,Maruti Baleno,2018,525000,18.5K km,18500,MH,manual,petrol,8940
mumbai,Tata Altroz,2023,736000,5.5K km,5500,MH,manual,petrol,12533
mumbai,Kia Sonet,2022,1050000,36.5K km,36500,MH,manual,petrol,18050
mumbai,Hyundai New Santro 1.1,2022,543000,30.5K km,30500,MH,manual,petrol+cng,8669
mumbai,Tata Tiago,2022,619000,3.5K km,3500,MH,manual,petrol,10541
mumbai,Maruti Ciaz,2016,440000,79K km,79000,MH,manual,petrol,7492
mumbai,Maruti Baleno,2016,400000,73.5K km,73500,MH,manual,petrol,6811
mumbai,Tata Nexon,2019,764000,51.5K km,51500,MH,automatic,petrol,13010
mumbai,Tata Hexa,2017,891000,71K km,71000,MH,automatic,diesel,14224
mumbai,Maruti S-Presso,2021,455000,21K km,21000,MH,manual,petrol+cng,7748
mumbai,Ford EcoSport,2017,569000,54K km,54000,MH,manual,diesel,9689
mumbai,Volkswagen Ameo,2019,439000,35K km,35000,MH,manual,petrol,7008
mumbai,Maruti Baleno,2016,456000,47K km,47000,MH,manual,petrol,7765
mumbai,Maruti Ciaz,2015,430000,70K km,70000,MH,manual,petrol,7827
mumbai,Hyundai New i20,2021,826000,24.5K km,24500,MH,automatic,petrol,14066
mumbai,Hyundai Grand i10,2016,363000,60.5K km,60500,MH,manual,petrol,6607
mumbai,MG Hector,2019,1214000,41.5K km,41500,MH,automatic,petrol,20878
mumbai,Renault Triber,2021,593000,28K km,28000,MH,manual,petrol,10098
mumbai,Honda City,2018,720000,59K km,59000,MH,automatic,petrol,12261
mumbai,Hyundai Creta,2020,1482000,45.5K km,45500,MH,automatic,diesel,25488
mumbai,Hyundai Grand i10,2014,355000,55.5K km,55500,MH,manual,petrol,7619
mumbai,Tata Safari,2021,1578000,32.5K km,32500,MH,manual,diesel,27137
mumbai,Maruti Ertiga,2016,618000,82K km,82000,MH,manual,petrol,11249
mumbai,Hyundai Grand i10,2015,345000,68.5K km,68500,MH,manual,petrol,6279
mumbai,Tata Nexon,2020,884000,29K km,29000,MH,automatic,petrol,15615
mumbai,Renault Kwid,2018,314000,34.5K km,34500,MH,automatic,petrol,5347
mumbai,Hyundai New i20,2023,925000,5.5K km,5500,MH,manual,petrol,15752
mumbai,Renault Triber,2022,590000,48.5K km,48500,MH,manual,petrol,10047
mumbai,Hyundai Venue,2020,799000,64K km,64000,MH,automatic,petrol,13606
mumbai,Maruti S-Presso,2021,454000,27.5K km,27500,MH,manual,petrol+cng,7731
mumbai,Maruti Alto K10,2015,242000,43K km,43000,MH,manual,petrol,4404
mumbai,Maruti Ciaz,2018,678000,39K km,39000,MH,automatic,petrol,11545
mumbai,Maruti Ciaz,2016,491000,75K km,75000,MH,manual,petrol,8361
mumbai,Hyundai Venue,2022,1059000,35K km,35000,MH,manual,diesel,18212
mumbai,Nissan Magnite,2021,546000,20K km,20000,MH,manual,petrol,9298
mumbai,Hyundai Venue,2022,925000,12K km,12000,MH,manual,petrol,15752
mumbai,Tata Tiago,2019,490000,60.5K km,60500,MH,manual,petrol,8344
mumbai,Volkswagen Polo,2017,487000,108K km,108000,MH,manual,petrol,7774
mumbai,Tata Nexon,2020,749000,63.5K km,63500,MH,automatic,diesel,12755
mumbai,Volkswagen Polo,2016,449000,88.5K km,88500,MH,manual,petrol,7168
mumbai,Maruti Celerio,2015,359000,99.5K km,99500,MH,automatic,petrol,6534
mumbai,Tata Nexon,2018,575000,39K km,39000,MH,manual,petrol,9791
mumbai,Maruti Baleno,2017,560000,37.5K km,37500,MH,manual,petrol,9536
mumbai,Toyota Etios Liva,2012,338000,110.5K km,110500,MH,manual,diesel,12051
mumbai,Maruti Ignis,2023,626000,20.5K km,20500,MH,manual,petrol,10660
mumbai,Hyundai New Santro 1.1,2021,434000,42.5K km,42500,MH,manual,petrol,6928
mumbai,Renault Kwid,2022,479000,23.5K km,23500,MH,automatic,petrol,8157
mumbai,Renault Triber,2021,531000,41K km,41000,MH,manual,petrol,9042
mumbai,Maruti Alto 800,2022,409000,1.5K km,1500,MH,manual,petrol,7309
mumbai,Tata Tigor,2020,588000,37.5K km,37500,MH,manual,petrol,10013
mumbai,Tata Nexon,2019,723000,85.5K km,85500,MH,automatic,petrol,12312
mumbai,Kia Sonet,2022,1111000,21.5K km,21500,MH,manual,petrol,19107
mumbai,Maruti Ignis,2022,560000,16.5K km,16500,MH,manual,petrol,9536
mumbai,Maruti Ignis,2022,484000,35.5K km,35500,MH,manual,petrol,8242
mumbai,Maruti Ciaz,2021,935000,32K km,32000,MH,automatic,petrol,15922
mumbai,Renault Kwid,2021,413000,41.5K km,41500,MH,automatic,petrol,7033
mumbai,Toyota Urban Cruiser Hyryder,2023,1454000,49K km,49000,MH,manual,petrol,24999
mumbai,Honda City,2023,1224000,9.5K km,9500,MH,manual,petrol,21048
mumbai,Maruti Swift,2022,616000,14.5K km,14500,MH,manual,petrol,10490
mumbai,Maruti Ignis,2022,575000,30.5K km,30500,MH,manual,petrol,9791
mumbai,Renault Kwid,2021,381000,25.5K km,25500,MH,manual,petrol,6488
mumbai,Tata Punch,2024,699000,2.5K km,2500,MH,manual,petrol+cng,11903
mumbai,Maruti Ignis,2022,629000,31K km,31000,MH,automatic,petrol,10711
mumbai,Honda Elevate,2023,1423000,32.5K km,32500,MH,automatic,petrol,24470
mumbai,Honda Amaze,2019,555000,61.5K km,61500,MH,manual,petrol,9451
mumbai,Tata Tiago,2019,442000,46K km,46000,MH,manual,petrol,7527
mumbai,Maruti Alto 800,2022,370000,23.5K km,23500,MH,manual,petrol,6612
mumbai,Kia Sonet,2022,1122000,14K km,14000,MH,manual,petrol,19294
mumbai,Tata Tigor,2022,633000,43K km,43000,MH,manual,petrol+cng,10779
mumbai,Hyundai Grand i10 Nios,2022,604000,10K km,10000,MH,manual,petrol,10285
mumbai,Maruti Ciaz,2021,839000,50.5K km,50500,MH,manual,petrol,14287
mumbai,Maruti Baleno,2022,840000,8K km,8000,MH,manual,petrol,14304
mumbai,Maruti Wagon R 1.2,2022,595000,10.5K km,10500,MH,automatic,petrol,10132
mumbai,Nissan Magnite,2021,470000,30.5K km,30500,MH,manual,petrol,8003
mumbai,Maruti Dzire,2022,827000,11.5K km,11500,MH,automatic,petrol,14083
mumbai,Renault Triber,2023,589000,24K km,24000,MH,automatic,petrol,10030
mumbai,Toyota Urban Cruiser Hyryder,2023,1454000,49K km,49000,MH,manual,petrol,24999
mumbai,Honda City,2023,1224000,9.5K km,9500,MH,manual,petrol,21048
mumbai,Maruti Swift,2022,616000,14.5K km,14500,MH,manual,petrol,10490
mumbai,Maruti Ignis,2022,575000,30.5K km,30500,MH,manual,petrol,9791
mumbai,Renault Kwid,2021,381000,25.5K km,25500,MH,manual,petrol,6488
mumbai,Tata Punch,2024,699000,2.5K km,2500,MH,manual,petrol+cng,11903
mumbai,Maruti Ignis,2022,629000,31K km,31000,MH,automatic,petrol,10711
mumbai,Honda Elevate,2023,1423000,32.5K km,32500,MH,automatic,petrol,24470
mumbai,Honda Amaze,2019,555000,61.5K km,61500,MH,manual,petrol,9451
mumbai,Tata Tiago,2019,442000,46K km,46000,MH,manual,petrol,7527
mumbai,Maruti Alto 800,2022,370000,23.5K km,23500,MH,manual,petrol,6612
mumbai,Kia Sonet,2022,1122000,14K km,14000,MH,manual,petrol,19294
mumbai,Tata Tigor,2022,633000,43K km,43000,MH,manual,petrol+cng,10779
mumbai,Hyundai Grand i10 Nios,2022,604000,10K km,10000,MH,manual,petrol,10285
mumbai,Maruti Ciaz,2021,839000,50.5K km,50500,MH,manual,petrol,14287
mumbai,Maruti Baleno,2022,840000,8K km,8000,MH,manual,petrol,14304
mumbai,Maruti Wagon R 1.2,2022,595000,10.5K km,10500,MH,automatic,petrol,10132
mumbai,Nissan Magnite,2021,470000,30.5K km,30500,MH,manual,petrol,8003
mumbai,Maruti Dzire,2022,827000,11.5K km,11500,MH,automatic,petrol,14083
mumbai,Renault Triber,2023,589000,24K km,24000,MH,automatic,petrol,10030
mumbai,Renault Triber,2020,518000,52.5K km,52500,MH,manual,petrol,8821
mumbai,Hyundai Xcent,2014,375000,74.5K km,74500,MH,manual,petrol,7545
mumbai,Hyundai Verna,2024,1530000,16K km,16000,MH,automatic,petrol,26310
mumbai,Hyundai Grand i10,2019,449000,49.5K km,49500,MH,manual,petrol,7646
mumbai,Renault Triber,2023,684000,9K km,9000,MH,manual,petrol,11648
mumbai,Mahindra Scorpio N,2022,1896000,49.5K km,49500,MH,automatic,diesel,32611
mumbai,Maruti S-Presso,2022,394000,50K km,50000,MH,manual,petrol,6709
mumbai,Renault Kwid,2023,467000,7K km,7000,MH,manual,petrol,7952
mumbai,Maruti Alto K10,2013,240000,15K km,15000,MH,manual,petrol,6469
mumbai,Hyundai Venue,2023,1004000,12.5K km,12500,MH,manual,petrol,17098
mumbai,Renault Triber,2020,558000,47K km,47000,MH,manual,petrol,9502
mumbai,Hyundai Grand i10,2016,399000,36.5K km,36500,MH,manual,petrol,6794
mumbai,Maruti Swift Dzire,2014,412000,52K km,52000,MH,manual,petrol,8842
mumbai,Tata Tigor,2022,713000,29.5K km,29500,MH,manual,petrol+cng,12141
mumbai,Tata Punch,2024,940000,3.5K km,3500,MH,automatic,petrol,16007
mumbai,Honda Brio,2013,243000,115K km,115000,MH,manual,petrol,6140
mumbai,Maruti Brezza,2023,1142000,25.5K km,25500,MH,automatic,petrol,19640
mumbai,Volkswagen Polo,2012,333000,55.5K km,55500,MH,manual,petrol,11873
mumbai,Volkswagen Polo,2016,298000,134K km,134000,MH,manual,petrol,4757
mumbai,Tata Harrier,2022,1729000,23K km,23000,MH,automatic,diesel,29734
mumbai,Toyota Urban Cruiser,2021,999000,20.5K km,20500,MH,automatic,petrol,17012
mumbai,Tata Altroz,2022,758000,10K km,10000,MH,manual,petrol,12908
mumbai,Hyundai Eon,2012,225000,57K km,57000,MH,manual,petrol,8022
mumbai,Maruti Estilo,2011,165000,59.5K km,59500,MH,manual,petrol,11789
mumbai,Maruti Celerio,2017,418000,76.5K km,76500,MH,manual,petrol+cng,7118
mumbai,Hyundai i20 Active,2015,498000,42.5K km,42500,MH,manual,petrol,9064
mumbai,Maruti Alto 800,2012,208000,45.5K km,45500,MH,manual,petrol,8068
mumbai,Hyundai Venue,2024,1085000,3K km,3000,MH,manual,petrol,18659
mumbai,Maruti Baleno,2016,465000,29K km,29000,MH,manual,petrol,7918
mumbai,Ford Figo Aspire,2017,428000,48.5K km,48500,MH,manual,petrol,6833
mumbai,Hyundai i20,2013,358000,55K km,55000,MH,manual,petrol,9649
mumbai,Hyundai Grand i10,2017,397000,59.5K km,59500,MH,manual,petrol,6760
mumbai,Kia Sonet,2022,974000,35.5K km,35500,MH,manual,petrol,16586
mumbai,Maruti Wagon R 1.0,2014,305000,52.5K km,52500,MH,manual,petrol,6790
mumbai,Maruti Ciaz,2019,789000,26K km,26000,MH,manual,petrol,13436
mumbai,Toyota Innova Crysta,2018,1770000,74K km,74000,MH,manual,diesel,30444
mumbai,Hyundai i10,2012,256000,57.5K km,57500,MH,manual,petrol,9736
mumbai,Maruti Celerio,2014,329000,123K km,123000,MH,automatic,petrol,7060
mumbai,Nissan Magnite,2021,875000,21.5K km,21500,MH,automatic,petrol,14900
mumbai,Tata Altroz,2021,645000,15.5K km,15500,MH,manual,petrol,10983
mumbai,Volkswagen Polo,2015,458000,93K km,93000,MH,manual,petrol,7815
mumbai,Hyundai Verna,2018,819000,56K km,56000,MH,manual,petrol,13947
mumbai,Maruti S-Presso,2022,443000,22K km,22000,MH,manual,petrol,7544
mumbai,Tata Altroz,2021,743000,39K km,39000,MH,manual,petrol,12652
mumbai,Hyundai Eon,2015,231000,67.5K km,67500,MH,manual,petrol,3941
mumbai,Hyundai New Santro 1.1,2021,473000,15.5K km,15500,MH,manual,petrol,7551
mumbai,Maruti Ertiga,2016,754000,13.5K km,13500,MH,manual,petrol,12840
mumbai,Maruti Celerio,2015,387000,58.5K km,58500,MH,automatic,petrol,7044
mumbai,Tata Tiago,2021,504000,65.5K km,65500,MH,manual,petrol,8582
mumbai,Honda Amaze,2016,511000,59.5K km,59500,MH,automatic,petrol,8702
mumbai,Maruti Dzire,2018,619000,57.5K km,57500,MH,automatic,petrol,10541
mumbai,Maruti Baleno,2016,537000,53.5K km,53500,MH,manual,petrol,9144
mumbai,Hyundai Venue,2022,997000,36.5K km,36500,MH,manual,petrol,16978
mumbai,Hyundai i20,2010,268000,61.5K km,61500,MH,manual,petrol,
mumbai,Maruti Swift Dzire,2010,254000,80.5K km,80500,MH,manual,petrol,
mumbai,Volkswagen Polo,2010,250000,74.5K km,74500,MH,manual,petrol,
mumbai,Ford Figo,2011,184000,50K km,50000,MH,manual,petrol,
mumbai,Maruti Wagon R 1.0,2010,210000,77.5K km,77500,MH,manual,petrol,
mumbai,Ford Figo,2010,187000,63.5K km,63500,MH,manual,petrol,
mumbai,Maruti Wagon R 1.0,2010,215000,22K km,22000,MH,manual,petrol,
mumbai,Maruti Alto K10,2016,310000,26.5K km,26500,MH,manual,petrol,5279
mumbai,Maruti Alto K10,2015,261000,56.5K km,56500,MH,manual,petrol,4750
mumbai,Mahindra KUV100 NXT,2017,359000,121K km,121000,MH,manual,petrol,6113
mumbai,Maruti Celerio,2019,474000,104K km,104000,MH,automatic,petrol,8071
mumbai,Volkswagen Polo,2013,310000,92.5K km,92500,MH,manual,petrol,7833
mumbai,Hyundai Xcent,2015,401000,90K km,90000,MH,manual,petrol,6842
mumbai,Tata Nano,2014,145000,41.5K km,41500,MH,manual,petrol,2917
mumbai,Maruti Alto 800,2019,317000,77.5K km,77500,MH,manual,petrol,5665
mumbai,Tata Punch,2023,863000,4.5K km,4500,MH,manual,petrol+cng,14696
mumbai,Hyundai i20,2012,256000,82.5K km,82500,MH,manual,petrol,18292
mumbai,Hyundai Xcent,2015,459000,56.5K km,56500,MH,manual,petrol,7832
mumbai,Hyundai Elite i20,2015,590000,101.5K km,101500,MH,manual,diesel,10739
mumbai,Hyundai Elite i20,2017,598000,53K km,53000,MH,manual,petrol,10183
mumbai,Maruti Ciaz,2021,859000,30.5K km,30500,MH,manual,petrol,14628
mumbai,Ford Figo,2012,224000,50K km,50000,MH,manual,petrol,
mumbai,Hyundai Grand i10,2016,385000,122K km,122000,MH,manual,petrol,6556
mumbai,Tata Altroz,2023,768000,27K km,27000,MH,manual,petrol,13078
mumbai,Maruti Ignis,2022,589000,35.5K km,35500,MH,manual,petrol,10030
mumbai,Maruti Celerio,2019,480000,59K km,59000,MH,manual,petrol+cng,8174
mumbai,Maruti Celerio,2022,589000,19.5K km,19500,MH,manual,petrol,10030
mumbai,Honda City,2012,348000,76.5K km,76500,MH,manual,petrol,13235
mumbai,Honda Brio,2012,242000,58.5K km,58500,MH,manual,petrol,8628
mumbai,Hyundai i10,2012,190000,112K km,112000,MH,manual,petrol,13576
mumbai,Tata Tiago,2018,512000,26.5K km,26500,MH,automatic,petrol,8719
mumbai,Maruti Alto 800,2013,210000,74K km,74000,MH,manual,petrol,5823
mumbai,Hyundai Grand i10,2017,424000,123.5K km,123500,MH,manual,diesel,7220
mumbai,Hyundai i20 Active,2015,477000,33K km,33000,MH,manual,petrol,8682
mumbai,Honda Amaze,2014,362000,43.5K km,43500,MH,manual,petrol,7769
mumbai,Maruti Swift,2016,417000,37K km,37000,MH,manual,petrol,7101
mumbai,Hyundai Aura,2023,790000,22.5K km,22500,MH,manual,petrol+cng,13453
mumbai,Tata Punch,2022,862000,6.5K km,6500,MH,automatic,petrol,14679
mumbai,Ford EcoSport,2013,492000,108K km,108000,MH,manual,diesel,13261
mumbai,Volkswagen Ameo,2018,544000,55.5K km,55500,MH,manual,petrol,8685
mumbai,Hyundai Grand i10,2018,408000,49.5K km,49500,MH,manual,petrol,6948
mumbai,Maruti Alto 800,2016,229000,87.5K km,87500,MH,manual,petrol,4092
mumbai,Hyundai Verna,2011,322000,97K km,97000,MH,manual,petrol,23008
mumbai,Maruti Swift,2012,358000,82.5K km,82500,MH,manual,petrol,13615
mumbai,Hyundai i10,2015,333000,26.5K km,26500,MH,manual,petrol,6061
mumbai,Maruti Swift,2017,453000,69K km,69000,MH,manual,petrol,7714
mumbai,Ford Freestyle,2018,526000,41K km,41000,MH,manual,petrol,9574
mumbai,Hyundai Creta,2021,921000,14.5K km,14500,MH,manual,petrol,15684
mumbai,Hyundai Creta,2019,1149000,75.5K km,75500,MH,automatic,diesel,19759
mumbai,Maruti Ciaz,2018,656000,78.5K km,78500,MH,manual,petrol,11171
mumbai,Maruti Ciaz,2016,610000,14.5K km,14500,MH,manual,petrol,10387
mumbai,Hyundai Venue,2021,1049000,20K km,20000,MH,automatic,petrol,18040
mumbai,Hyundai i10,2016,336000,53K km,53000,MH,manual,petrol,6116
mumbai,Honda WR-V,2019,735000,17K km,17000,MH,manual,petrol,12516
mumbai,Honda Jazz,2016,546000,40.5K km,40500,MH,automatic,petrol,8716
mumbai,Renault Kiger,2022,732000,34K km,34000,MH,manual,petrol,12465
mumbai,Maruti Alto 800,2018,284000,35K km,35000,MH,manual,petrol,5075
mumbai,Maruti Ciaz,2018,599000,71.5K km,71500,MH,manual,petrol,10200
mumbai,Hyundai Elite i20,2015,502000,67.5K km,67500,MH,manual,petrol,9137
mumbai,Hyundai Eon,2013,192000,90K km,90000,MH,manual,petrol,6846
mumbai,Hyundai New i20,2025,825000,2.5K km,2500,MH,manual,petrol,14049
mumbai,Maruti Celerio,2017,412000,58.5K km,58500,MH,manual,petrol+cng,7016
mumbai,Honda City,2019,868000,93K km,93000,MH,automatic,petrol,14781
mumbai,Maruti XL6,2022,1078000,31K km,31000,MH,manual,petrol,18538
mumbai,Toyota Glanza,2021,759000,50K km,50000,MH,automatic,petrol,12925
mumbai,Maruti Wagon R 1.0,2013,272000,70K km,70000,MH,manual,petrol,7543
mumbai,Hyundai Elite i20,2016,559000,43.5K km,43500,MH,manual,petrol,9519
mumbai,Ford EcoSport,2019,744000,66K km,66000,MH,manual,petrol,12669
mumbai,Maruti Baleno,2024,939000,9K km,9000,MH,manual,petrol,15990
mumbai,Hyundai Eon,2014,251000,26.5K km,26500,MH,manual,petrol,5050
mumbai,Hyundai Grand i10,2019,507000,33.5K km,33500,MH,manual,petrol,8633
mumbai,Tata Nano,2013,125000,42.5K km,42500,MH,manual,petrol,4457
mumbai,Maruti Baleno,2017,526000,42K km,42000,MH,manual,petrol,8957
mumbai,Honda Jazz,2016,431000,82K km,82000,MH,automatic,petrol,6880
mumbai,Maruti Alto 800,2013,230000,38.5K km,38500,MH,manual,petrol,6378
mumbai,Honda Amaze,2016,507000,38.5K km,38500,MH,manual,petrol,8633
mumbai,Honda City,2015,498000,60K km,60000,MH,manual,petrol,9064
mumbai,Honda City,2015,472000,141.5K km,141500,MH,manual,petrol,8591
mumbai,Hyundai New Santro 1.1,2021,479000,111.5K km,111500,MH,manual,petrol+cng,7647
mumbai,Tata Zest,2020,419000,24.5K km,24500,MH,manual,petrol,7135
mumbai,Maruti Alto 800,2019,274000,80K km,80000,MH,manual,petrol,4897
mumbai,Maruti Celerio,2017,418000,65.5K km,65500,MH,automatic,petrol,7118
mumbai,Honda City,2019,813000,38.5K km,38500,MH,automatic,petrol,13844
mumbai,Hyundai Elite i20,2017,545000,23K km,23000,MH,manual,petrol,9281
mumbai,Maruti Ciaz,2016,604000,49.5K km,49500,MH,automatic,petrol,10285
mumbai,Hyundai Creta,2017,782000,77.5K km,77500,MH,automatic,petrol,11324
mumbai,Hyundai i10,2012,247000,92.5K km,92500,MH,automatic,petrol,9394
mumbai,Hyundai Eon,2018,309000,26.5K km,26500,MH,manual,petrol,4933
mumbai,Honda Jazz,2015,471000,69K km,69000,MH,automatic,petrol,8037
mumbai,Honda Amaze,2014,332000,78K km,78000,MH,manual,petrol,7125
mumbai,Tata Tiago,2019,493000,25.5K km,25500,MH,manual,petrol,8395
mumbai,Honda Amaze,2016,402000,108K km,108000,MH,manual,petrol,6845
mumbai,Maruti Celerio,2017,403000,50.5K km,50500,MH,automatic,petrol,6862
mumbai,Tata Nexon,2018,694000,79K km,79000,MH,manual,diesel,11818
mumbai,Maruti Wagon R 1.0,2016,390000,27.5K km,27500,MH,automatic,petrol,6970
mumbai,Hyundai i10,2012,219000,42.5K km,42500,MH,manual,petrol,8329
mumbai,Tata Nexon,2019,728000,48.5K km,48500,MH,manual,petrol,12397
mumbai,Maruti Ciaz,2018,733000,14K km,14000,MH,manual,petrol,12482
mumbai,Hyundai Elite i20,2017,574000,44K km,44000,MH,manual,petrol,9774
mumbai,Maruti Celerio,2019,462000,37.5K km,37500,MH,manual,petrol,7867
mumbai,Tata Punch,2022,753000,18.5K km,18500,MH,manual,petrol,12823
mumbai,Maruti Swift,2012,331000,70.5K km,70500,MH,manual,petrol,12589
mumbai,Maruti Vitara Brezza,2017,688000,114K km,114000,MH,manual,diesel,11716
mumbai,Hyundai Venue,2021,998000,31.5K km,31500,MH,automatic,petrol,16995
mumbai,Maruti Alto K10,2017,301000,78.5K km,78500,MH,automatic,petrol,5125
mumbai,Tata Tigor,2021,642000,38.5K km,38500,MH,automatic,petrol,10932
mumbai,Tata Punch,2023,895000,24K km,24000,MH,manual,petrol+cng,15241
mumbai,Volkswagen Ameo,2017,439000,120K km,120000,MH,manual,petrol,7008
mumbai,Tata Nexon,2022,997000,36.5K km,36500,MH,automatic,petrol,16978
mumbai,Maruti Alto 800,2022,411000,1K km,1000,MH,manual,petrol,7345
mumbai,Maruti Baleno,2021,754000,45.5K km,45500,MH,automatic,petrol,12840
mumbai,Renault Triber,2021,645000,24K km,24000,MH,manual,petrol,10983
mumbai,Hyundai i10,2013,292000,74K km,74000,MH,automatic,petrol,7870
mumbai,Maruti Baleno,2023,915000,14.5K km,14500,MH,automatic,petrol,15581
mumbai,Maruti Baleno,2021,697000,7K km,7000,MH,manual,petrol,11869
mumbai,Hyundai Elite i20,2016,562000,16.5K km,16500,MH,manual,petrol,9570
mumbai,Tata Tiago,2017,449000,37.5K km,37500,MH,automatic,petrol,7646
mumbai,Hyundai i20,2011,263000,118K km,118000,MH,manual,petrol,18792
mumbai,Maruti Alto K10,2017,376000,10K km,10000,MH,automatic,petrol,6403
mumbai,Maruti Celerio,2016,408000,34.5K km,34500,MH,automatic,petrol,7426
mumbai,Honda City,2015,470000,136K km,136000,MH,manual,petrol,8555
mumbai,Maruti Alto 800,2022,407000,24K km,24000,MH,manual,petrol,7274
mumbai,Hyundai Grand i10,2020,585000,7K km,7000,MH,manual,petrol,9962
mumbai,Hyundai Grand i10,2018,465000,50K km,50000,MH,manual,petrol+cng,7918
mumbai,Honda BR-V,2016,698000,62K km,62000,MH,automatic,petrol,11886
mumbai,Volkswagen Polo,2014,420000,60.5K km,60500,MH,manual,diesel,8450
mumbai,Hyundai i20 N Line,2023,1129000,6.5K km,6500,MH,automatic,petrol,19416
mumbai,Hyundai Venue,2021,997000,16.5K km,16500,MH,manual,petrol,16978
mumbai,Volkswagen Polo,2014,309000,116.5K km,116500,MH,manual,petrol,6217
mumbai,Maruti Ritz,2015,290000,58.5K km,58500,MH,manual,petrol,4948
mumbai,Tata Nexon,2018,658000,103.5K km,103500,MH,manual,diesel,11205
mumbai,Maruti Wagon R 1.0,2012,274000,43K km,43000,MH,manual,petrol,10628
mumbai,Hyundai Verna,2011,345000,103.5K km,103500,MH,automatic,petrol,24651
mumbai,Maruti Swift,2018,511000,41.5K km,41500,MH,manual,petrol,8702
mumbai,Maruti Wagon R 1.0,2010,198000,58.5K km,58500,MH,manual,petrol+cng,
mumbai,Hyundai Verna,2018,732000,95.5K km,95500,MH,manual,petrol,12465
mumbai,Renault Kwid,2017,273000,71.5K km,71500,MH,automatic,petrol,4649
mumbai,Tata Altroz,2022,830000,10.5K km,10500,MH,manual,petrol,14134
mumbai,Skoda Rapid New,2021,719000,27K km,27000,MH,manual,petrol,12244
mumbai,Hyundai Tucson,2017,1249000,87K km,87000,MH,automatic,diesel,21479
mumbai,Honda Brio,2013,263000,65K km,65000,MH,manual,petrol,6646
mumbai,Hyundai i20 Active,2018,519000,72K km,72000,MH,manual,petrol,8838
mumbai,Kia Seltos,2021,1219000,93K km,93000,MH,manual,diesel,20964
mumbai,Honda City,2023,1124000,13K km,13000,MH,manual,petrol,19330
mumbai,Tata Tiago,2018,450000,43K km,43000,MH,manual,petrol+cng,7663
mumbai,Honda City,2020,978000,54K km,54000,MH,automatic,petrol,16654
mumbai,Tata Tiago,2017,455000,34.5K km,34500,MH,manual,petrol,7748
mumbai,Renault Kwid,2016,281000,34K km,34000,MH,manual,petrol,4785
mumbai,Maruti Alto 800,2017,285000,46.5K km,46500,MH,manual,petrol,5093
mumbai,Maruti Ciaz,2020,822000,37K km,37000,MH,manual,petrol,13998
mumbai,Maruti Wagon R 1.0,2016,329000,96K km,96000,MH,automatic,petrol,5880
mumbai,Maruti Ignis,2024,619000,2.5K km,2500,MH,manual,petrol,10541
mumbai,Maruti Baleno,2017,589000,43.5K km,43500,MH,manual,petrol,10030
mumbai,Maruti Alto 800,2014,254000,14K km,14000,MH,manual,petrol,5655
mumbai,Tata Nexon,2021,895000,45.5K km,45500,MH,manual,petrol,15241
mumbai,Hyundai Elite i20,2015,521000,43K km,43000,MH,manual,petrol,9483
mumbai,MG Gloster,2021,2877000,47K km,47000,MH,automatic,diesel,49487
mumbai,Renault Kwid,2018,385000,12K km,12000,MH,automatic,petrol,6556
mumbai,Hyundai Xcent,2014,387000,78.5K km,78500,MH,manual,petrol,7786
mumbai,Ford EcoSport,2015,458000,86.5K km,86500,MH,manual,petrol,8336
mumbai,Kia Seltos,2022,1198000,23K km,23000,MH,manual,petrol,20605
mumbai,Honda Amaze,2022,712000,13K km,13000,MH,automatic,petrol,12124
mumbai,Renault Kwid,2018,352000,30K km,30000,MH,automatic,petrol,5994
mumbai,Maruti XL6,2022,1165000,47.5K km,47500,MH,automatic,petrol,20035
mumbai,Maruti Celerio,2017,455000,37.5K km,37500,MH,automatic,petrol,7748
mumbai,Maruti Baleno,2019,554000,108.5K km,108500,MH,automatic,petrol,9434
mumbai,Tata Altroz,2021,587000,81K km,81000,MH,manual,petrol,9996
mumbai,Hyundai Eon,2013,233000,87.5K km,87500,MH,manual,petrol,5888
mumbai,Tata Punch,2022,768000,20.5K km,20500,MH,manual,petrol,13078
mumbai,Ford Figo,2012,230000,61K km,61000,MH,manual,diesel,
mumbai,Hyundai i10,2011,230000,63K km,63000,MH,manual,petrol,16434
mumbai,Volkswagen Polo,2016,458000,38K km,38000,MH,manual,petrol,7312
mumbai,Hyundai Eon,2015,250000,47.5K km,47500,MH,manual,petrol,4266
mumbai,Maruti Celerio,2017,422000,106.5K km,106500,MH,automatic,petrol,7186
mumbai,Tata Nexon,2023,1032000,10.5K km,10500,MH,manual,petrol,17747
mumbai,Hyundai Elite i20,2017,567000,37.5K km,37500,MH,manual,petrol,9655
mumbai,Tata Tiago,2018,478000,41.5K km,41500,MH,automatic,petrol,8140
mumbai,Volkswagen Polo,2013,321000,102K km,102000,MH,manual,petrol,8111
mumbai,Maruti Baleno,2017,507000,43.5K km,43500,MH,manual,petrol,8633
mumbai,Hyundai i10,2011,204000,89.5K km,89500,MH,manual,petrol,14576
mumbai,Maruti Ritz,2014,248000,87K km,87000,MH,manual,petrol,4989
mumbai,Hyundai Eon,2011,197000,56K km,56000,MH,manual,petrol,13196
mumbai,Maruti Swift,2015,438000,60.5K km,60500,MH,manual,petrol,7972
mumbai,Maruti Alto K10,2024,602000,1.5K km,1500,MH,automatic,petrol,10251
mumbai,Ford EcoSport,2015,539000,58K km,58000,MH,automatic,petrol,9811
mumbai,Hyundai Elite i20,2018,526000,58.5K km,58500,MH,manual,petrol,8957
mumbai,Hyundai Xcent,2015,383000,51K km,51000,MH,manual,petrol,6535
mumbai,Volkswagen Ameo,2017,547000,118.5K km,118500,MH,automatic,diesel,8732
mumbai,Volkswagen Polo,2015,442000,94.5K km,94500,MH,manual,petrol,7542
mumbai,Maruti Vitara Brezza,2021,761000,27K km,27000,MH,manual,petrol,12959
mumbai,Hyundai Grand i10,2018,425000,51K km,51000,MH,manual,petrol,7237
mumbai,Maruti Wagon R 1.0,2012,281000,41.5K km,41500,MH,manual,petrol,10899
mumbai,Volkswagen Polo,2011,275000,40.5K km,40500,MH,manual,petrol,18421
mumbai,Honda Jazz,2016,498000,59K km,59000,MH,manual,petrol,7950
mumbai,Honda Jazz,2019,566000,65.5K km,65500,MH,manual,petrol,9036
mumbai,Hyundai New Santro 1.1,2019,489000,46K km,46000,MH,manual,petrol+cng,7806
mumbai,Hyundai Grand i10,2015,406000,20K km,20000,MH,manual,petrol,7390
mumbai,Hyundai Grand i10,2016,439000,56K km,56000,MH,manual,petrol,7475
mumbai,Hyundai i10,2013,261000,48K km,48000,MH,manual,petrol,7035
mumbai,Hyundai Grand i10,2016,441000,49.5K km,49500,MH,manual,petrol,7509
mumbai,Maruti Baleno,2017,554000,48.5K km,48500,MH,manual,petrol,9434
mumbai,Honda Amaze,2015,361000,81.5K km,81500,MH,manual,petrol,6571
mumbai,Maruti Wagon R 1.0,2013,259000,95.5K km,95500,MH,manual,petrol,7182
mumbai,Renault Kwid,2017,282000,45K km,45000,MH,manual,petrol,4802
mumbai,Tata Nexon,2019,728000,73K km,73000,MH,manual,diesel,12397
mumbai,Honda Amaze,2013,343000,71K km,71000,MH,manual,petrol,9245
mumbai,Tata Nexon,2019,627000,46.5K km,46500,MH,manual,petrol,10677
mumbai,Maruti Vitara Brezza,2018,782000,58.5K km,58500,MH,manual,diesel,13317
mumbai,Hyundai New Santro 1.1,2020,461000,34K km,34000,MH,manual,petrol,7359
mumbai,Maruti Vitara Brezza,2017,675000,54K km,54000,MH,manual,diesel,11494
mumbai,Hyundai Elite i20,2019,578000,64K km,64000,MH,manual,petrol,9843
mumbai,Renault Kwid,2019,382000,33.5K km,33500,MH,automatic,petrol,6505
mumbai,Maruti Wagon R 1.0,2024,565000,3K km,3000,MH,manual,petrol,10097
mumbai,Maruti Swift,2015,350000,66K km,66000,MH,manual,petrol,6370
mumbai,Maruti S-Cross,2018,831000,62.5K km,62500,MH,manual,diesel,14151
mumbai,Hyundai i20 Active,2015,472000,59.5K km,59500,MH,manual,petrol,8591
mumbai,Maruti Wagon R 1.0,2012,271000,72.5K km,72500,MH,manual,petrol,10511
mumbai,Honda City,2015,575000,66.5K km,66500,MH,automatic,petrol,10466
mumbai,Honda Jazz,2017,492000,95K km,95000,MH,automatic,petrol,7854
mumbai,Hyundai Grand i10,2015,393000,30.5K km,30500,MH,manual,petrol,7153
mumbai,Ford Figo,2011,198000,71K km,71000,MH,manual,diesel,
mumbai,Maruti Baleno,2016,503000,38.5K km,38500,MH,manual,petrol,8565
mumbai,Honda City,2017,629000,35.5K km,35500,MH,manual,petrol,10711
mumbai,Hyundai Grand i10,2016,437000,14K km,14000,MH,manual,petrol,7441
mumbai,Maruti Swift,2011,285000,54.5K km,54500,MH,manual,petrol,20364
mumbai,Kia Seltos,2020,1372000,46.5K km,46500,MH,automatic,petrol,23596
mumbai,Honda Amaze,2023,761000,43K km,43000,MH,manual,petrol,12959
mumbai,Ford Figo,2011,188000,53K km,53000,MH,manual,petrol,
mumbai,Maruti Wagon R 1.0,2014,357000,47K km,47000,MH,manual,petrol+cng,7661
mumbai,Hyundai New Santro 1.1,2021,426000,44K km,44000,MH,manual,petrol,6801
mumbai,Hyundai Grand i10 Nios,2022,719000,8K km,8000,MH,manual,petrol+cng,12244
mumbai,Maruti Wagon R 1.0,2013,298000,116K km,116000,MH,manual,petrol+cng,8032
mumbai,Honda Amaze,2021,736000,93K km,93000,MH,automatic,diesel,12533
mumbai,Tata Zest,2015,346000,53K km,53000,MH,manual,petrol,6298
mumbai,Renault Kwid,2021,389000,31K km,31000,MH,manual,petrol,6624
mumbai,Hyundai i10,2013,265000,64.5K km,64500,MH,manual,petrol,7143
mumbai,Maruti Alto 800,2014,215000,57K km,57000,MH,manual,petrol,4786
mumbai,Maruti Wagon R 1.0,2017,392000,41.5K km,41500,MH,automatic,petrol,7006
mumbai,Maruti Ciaz,2016,582000,62.5K km,62500,MH,manual,petrol,9911
mumbai,Maruti Ciaz,2020,843000,9K km,9000,MH,manual,petrol,14355
mumbai,Tata Nexon,2019,809000,52K km,52000,MH,manual,diesel,13776
mumbai,Maruti Alto 800,2013,202000,64.5K km,64500,MH,manual,petrol,7835
mumbai,Maruti Alto K10,2023,486000,9.5K km,9500,MH,manual,petrol,8276
mumbai,Maruti Dzire,2019,710000,48.5K km,48500,MH,automatic,petrol,12090
mumbai,Maruti Alto 800,2022,386000,8.5K km,8500,MH,manual,petrol,6898
mumbai,Hyundai Venue,2020,918000,54K km,54000,MH,automatic,petrol,15633
mumbai,Renault Kwid,2019,386000,14K km,14000,MH,automatic,petrol,6573
mumbai,Hyundai New Santro 1.1,2019,422000,41K km,41000,MH,manual,petrol,6737
mumbai,Maruti Wagon R 1.0,2023,604000,12.5K km,12500,MH,manual,petrol+cng,10285
mumbai,Hyundai Creta,2017,916000,38K km,38000,MH,automatic,petrol,15598
mumbai,Honda Amaze,2013,332000,92.5K km,92500,MH,manual,petrol,8949
mumbai,Honda Amaze,2014,331000,132.5K km,132500,MH,manual,petrol,7103
mumbai,Renault Triber,2022,558000,31.5K km,31500,MH,manual,petrol,9502
mumbai,Tata Tiago NRG,2021,520000,91.5K km,91500,MH,manual,petrol,8855
mumbai,Hyundai Grand i10,2019,511000,32.5K km,32500,MH,manual,petrol,7901
mumbai,Tata Tiago,2022,709000,19.5K km,19500,MH,manual,petrol+cng,12073
mumbai,Maruti Celerio,2016,385000,67K km,67000,MH,automatic,petrol,6556
mumbai,Maruti Baleno,2017,551000,57.5K km,57500,MH,manual,petrol,9383
mumbai,Hyundai i20,2011,267000,83.5K km,83500,MH,manual,petrol,19078
mumbai,Hyundai Grand i10,2019,468000,39.5K km,39500,MH,manual,petrol,7969
mumbai,Hyundai Elite i20,2016,516000,42.5K km,42500,MH,manual,petrol,8787
mumbai,Hyundai Elite i20,2016,542000,63.5K km,63500,MH,manual,petrol,9229
mumbai,Maruti Swift Dzire,2012,352000,86K km,86000,MH,manual,petrol,13387
mumbai,Ford EcoSport,2013,479000,132K km,132000,MH,manual,diesel,12911
mumbai,Nissan Micra,2017,417000,44K km,44000,MH,automatic,petrol,6657
mumbai,Hyundai Venue,2021,948000,45.5K km,45500,MH,manual,petrol,16143
mumbai,Renault Kiger,2021,753000,23K km,23000,MH,manual,petrol,12823
mumbai,Honda City,2014,538000,101.5K km,101500,MH,automatic,petrol,11546
mumbai,Ford Figo,2012,212000,100.5K km,100500,MH,manual,diesel,
mumbai,Tata Tiago,2018,437000,19K km,19000,MH,automatic,petrol,7441
mumbai,Renault Kwid,2016,240000,54.5K km,54500,MH,manual,petrol,4087
mumbai,Volkswagen Vento,2017,659000,86.5K km,86500,MH,manual,diesel,10520
mumbai,Hyundai Grand i10,2014,392000,61.5K km,61500,MH,manual,petrol,8413
mumbai,Maruti Baleno,2018,589000,44K km,44000,MH,manual,petrol,10030
mumbai,Chevrolet Beat,2014,205000,88K km,88000,MH,manual,petrol,
mumbai,Maruti Wagon R 1.0,2016,368000,51.5K km,51500,MH,automatic,petrol,6577
mumbai,Maruti Swift,2014,390000,34K km,34000,MH,manual,petrol,8370
mumbai,Maruti Ignis,2017,412000,64K km,64000,MH,manual,petrol,7016
mumbai,Hyundai Grand i10,2016,323000,60K km,60000,MH,manual,petrol,5500
mumbai,Maruti Celerio,2015,338000,75.5K km,75500,MH,manual,petrol,7254
mumbai,Renault Kwid,2017,289000,63K km,63000,MH,automatic,petrol,4921
mumbai,Hyundai Grand i10,2015,399000,59K km,59000,MH,manual,petrol,7262
mumbai,Hyundai Creta,2019,946000,41K km,41000,MH,manual,petrol,16109
mumbai,Maruti Celerio,2015,392000,37K km,37000,MH,automatic,petrol,7135
mumbai,Nissan Magnite,2023,935000,30.5K km,30500,MH,automatic,petrol,15922
mumbai,Honda City,2014,469000,66.5K km,66500,MH,automatic,petrol,10065
mumbai,Kia Seltos,2020,1239000,46.5K km,46500,MH,automatic,petrol,21308
mumbai,Maruti Alto K10,2013,230000,58K km,58000,MH,manual,petrol,6199
mumbai,Hyundai i20,2011,229000,65K km,65000,MH,manual,petrol,16362
mumbai,Hyundai Grand i10,2017,445000,25.5K km,25500,MH,manual,petrol,7578
mumbai,Honda City,2021,978000,27.5K km,27500,MH,automatic,petrol,16654
mumbai,Maruti Wagon R 1.0,2016,354000,79.5K km,79500,MH,automatic,petrol,6326
mumbai,Maruti Celerio,2016,394000,122K km,122000,MH,manual,petrol+cng,6709
mumbai,Ford Freestyle,2019,466000,104K km,104000,MH,manual,petrol,7935
mumbai,Hyundai i20 Active,2016,568000,48K km,48000,MH,manual,petrol,9672
mumbai,Hyundai Grand i10,2019,457000,53.5K km,53500,MH,manual,petrol,7782
mumbai,Maruti Alto 800,2020,348000,43K km,43000,MH,manual,petrol,6219
mumbai,Maruti Alto K10,2017,315000,39.5K km,39500,MH,manual,petrol,5364
mumbai,Mahindra Thar,2021,1329000,16.5K km,16500,MH,automatic,petrol,22855
mumbai,Tata Tiago,2019,524000,42K km,42000,MH,manual,petrol,8923
mumbai,Tata Tiago,2019,470000,40K km,40000,MH,manual,petrol,8003
mumbai,Renault Kwid,2022,498000,17K km,17000,MH,automatic,petrol,8480
mumbai,Hyundai New Santro 1.1,2020,523000,28.5K km,28500,MH,manual,petrol+cng,8349
mumbai,Hyundai Xcent,2014,452000,81K km,81000,MH,automatic,petrol,9094
mumbai,Skoda Rapid New,2021,744000,79K km,79000,MH,manual,petrol,12669
mumbai,Maruti Alto K10,2012,215000,21K km,21000,MH,manual,petrol,8177
mumbai,Hyundai Eon,2013,220000,33.5K km,33500,MH,manual,petrol,5559
mumbai,Tata Nexon,2023,968000,30.5K km,30500,MH,manual,petrol,16484
mumbai,Maruti Ciaz,2017,729000,100K km,100000,MH,manual,diesel,12414
mumbai,Hyundai i20,2014,437000,88.5K km,88500,MH,manual,petrol,9378
mumbai,Hyundai Eon,2015,279000,56K km,56000,MH,manual,petrol,4761
mumbai,Hyundai Santro Xing,2012,187000,55K km,55000,MH,manual,petrol,6667
mumbai,Volkswagen Vento,2013,356000,138K km,138000,MH,manual,petrol,8996
mumbai,Hyundai Eon,2015,263000,47K km,47000,MH,manual,petrol,4488
mumbai,Hyundai i10,2013,273000,40K km,40000,MH,manual,petrol,7358
mumbai,Honda City,2014,492000,67.5K km,67500,MH,manual,petrol,10559
mumbai,Maruti Celerio,2022,557000,12.5K km,12500,MH,manual,petrol,9485
mumbai,Maruti Ignis,2017,459000,50K km,50000,MH,automatic,petrol,7816
mumbai,Maruti Vitara Brezza,2016,719000,87.5K km,87500,MH,manual,diesel,12244
mumbai,Honda Jazz,2017,547000,52.5K km,52500,MH,automatic,petrol,8732
mumbai,Maruti Swift,2012,357000,70.5K km,70500,MH,manual,petrol,13577
mumbai,Renault Triber,2020,531000,41K km,41000,MH,manual,petrol,9042
mumbai,Hyundai Eon,2017,280000,41.5K km,41500,MH,manual,petrol,4470
mumbai,Maruti Celerio,2022,488000,20K km,20000,MH,manual,petrol,8310
mumbai,Renault Triber,2021,644000,41K km,41000,MH,automatic,petrol,10030
mumbai,Maruti Ignis,2019,482000,50K km,50000,MH,automatic,petrol,8208
mumbai,Maruti Celerio,2015,349000,125.5K km,125500,MH,automatic,petrol,6352
mumbai,Hyundai Eon,2018,355000,28.5K km,28500,MH,manual,petrol,5667
mumbai,Hyundai i10,2012,245000,62.5K km,62500,MH,manual,petrol,9318
mumbai,Honda City,2017,791000,62.5K km,62500,MH,automatic,petrol,13470
mumbai,Hyundai Elite i20,2017,530000,43.5K km,43500,MH,manual,petrol,9025
mumbai,Hyundai Grand i10,2017,409000,124K km,124000,MH,automatic,petrol,6965
mumbai,Maruti Baleno,2016,518000,55.5K km,55500,MH,manual,petrol,8821
mumbai,Maruti Wagon R 1.0,2016,346000,39.5K km,39500,MH,automatic,petrol,6183
mumbai,Hyundai Grand i10,2017,459000,24K km,24000,MH,manual,petrol,7816
mumbai,Tata Nexon,2020,824000,28K km,28000,MH,manual,petrol,14032
mumbai,Honda Jazz,2016,439000,55K km,55000,MH,manual,petrol,7008
mumbai,Maruti Swift,2016,498000,52.5K km,52500,MH,manual,petrol,8480
mumbai,Tata Tiago NRG,2023,719000,8.5K km,8500,MH,automatic,petrol,12244
mumbai,Hyundai i20,2011,302000,59K km,59000,MH,manual,petrol,21579
mumbai,Honda City,2014,426000,55.5K km,55500,MH,manual,petrol,9142
mumbai,Honda City,2015,470000,121.5K km,121500,MH,manual,petrol,8555
mumbai,Renault Kiger,2022,720000,21K km,21000,MH,manual,petrol,12261
mumbai,Maruti Dzire,2017,640000,44.5K km,44500,MH,automatic,petrol,10898
mumbai,Maruti Wagon R 1.0,2012,245000,54.5K km,54500,MH,manual,petrol,9503
mumbai,Maruti Ignis,2022,468000,43K km,43000,MH,manual,petrol,7969
mumbai,Maruti Wagon R 1.0,2016,342000,105.5K km,105500,MH,manual,petrol+cng,5824
mumbai,Hyundai Xcent,2016,498000,74K km,74000,MH,automatic,petrol,7950
mumbai,Maruti Wagon R 1.0,2015,329000,42K km,42000,MH,manual,petrol,6261
mumbai,Ford EcoSport,2014,490000,100.5K km,100500,MH,manual,diesel,10516
mumbai,Maruti Baleno,2018,588000,92.5K km,92500,MH,automatic,petrol,10013
mumbai,Renault Kwid,2022,475000,13K km,13000,MH,automatic,petrol,8088
mumbai,Maruti Baleno,2017,497000,103K km,103000,MH,manual,petrol,8463
mumbai,Hyundai Elite i20,2015,463000,103K km,103000,MH,manual,petrol,8427
mumbai,Maruti Ciaz,2016,509000,36K km,36000,MH,manual,petrol,8667
mumbai,Hyundai Grand i10,2013,370000,24.5K km,24500,MH,manual,petrol,9973
mumbai,Hyundai Elite i20,2015,458000,147K km,147000,MH,manual,petrol,8336
mumbai,Hyundai Elite i20,2016,493000,75K km,75000,MH,manual,petrol,8395
mumbai,Renault Kwid,2022,477000,39K km,39000,MH,automatic,petrol,8123
mumbai,Maruti Baleno,2018,574000,59K km,59000,MH,manual,petrol,9774
mumbai,Maruti S-Presso,2021,415000,32.5K km,32500,MH,manual,petrol,7067
mumbai,Volkswagen Ameo,2018,529000,45.5K km,45500,MH,manual,petrol,8445
mumbai,Maruti Alto 800,2015,265000,15K km,15000,MH,manual,petrol,5043
mumbai,Hyundai Grand i10,2016,398000,45.5K km,45500,MH,manual,petrol,7244
mumbai,Hyundai Grand i10,2019,512000,52K km,52000,MH,manual,petrol,8719
mumbai,Hyundai Grand i10,2016,429000,63.5K km,63500,MH,manual,petrol,7305
mumbai,Maruti Alto 800,2014,253000,16K km,16000,MH,manual,petrol,5632
mumbai,Honda WR-V,2018,729000,81K km,81000,MH,manual,diesel,12414
mumbai,Hyundai Grand i10,2016,385000,85K km,85000,MH,automatic,petrol,6556
mumbai,Maruti Ciaz,2015,566000,88.5K km,88500,MH,automatic,petrol,10302
mumbai,Toyota Etios,2011,299000,72K km,72000,MH,manual,petrol,20029
mumbai,Maruti Ciaz,2017,481000,62K km,62000,MH,manual,petrol,8191
mumbai,Volkswagen Vento,2014,478000,64.5K km,64500,MH,manual,diesel,9617
mumbai,Hyundai Grand i10,2015,459000,113K km,113000,MH,manual,petrol,8354
mumbai,Toyota Etios,2016,407000,120K km,120000,MH,manual,petrol,6497
mumbai,Hyundai New Santro 1.1,2021,506000,23.5K km,23500,MH,manual,petrol,8078
mumbai,MG Hector,2021,1478000,44.5K km,44500,MH,automatic,petrol,25418
mumbai,Hyundai Grand i10,2019,494000,88.5K km,88500,MH,manual,petrol+cng,8412
mumbai,Maruti Wagon R 1.0,2016,392000,39.5K km,39500,MH,automatic,petrol,7006
mumbai,Maruti Wagon R 1.0,2015,361000,73K km,73000,MH,manual,petrol+cng,6571
mumbai,Maruti Alto 800,2012,195000,89K km,89000,MH,manual,petrol,7563
mumbai,Maruti Wagon R Stingray,2014,294000,74K km,74000,MH,manual,petrol,6309
mumbai,Honda Amaze,2014,451000,72.5K km,72500,MH,manual,diesel,9679
mumbai,Mahindra XUV500,2021,1578000,24K km,24000,MH,manual,diesel,28481
mumbai,Hyundai Elite i20,2017,491000,69.5K km,69500,MH,manual,petrol,8361
mumbai,Maruti Ciaz,2017,589000,117.5K km,117500,MH,automatic,petrol,10030
mumbai,Hyundai Elite i20,2017,517000,57K km,57000,MH,manual,petrol,8804
mumbai,Volkswagen T-Roc,2021,1782000,63K km,63000,MH,automatic,petrol,30648
mumbai,Maruti Swift Dzire,2015,424000,58.5K km,58500,MH,manual,petrol,7717
mumbai,Volkswagen Polo,2016,471000,104K km,104000,MH,manual,petrol,7519
mumbai,Hyundai Eon,2013,230000,34K km,34000,MH,manual,petrol,5812
mumbai,Honda City,2013,429000,73.5K km,73500,MH,automatic,petrol,11563
mumbai,Volkswagen Polo,2016,517000,50K km,50000,MH,manual,diesel,8253
mumbai,Renault Kwid,2021,418000,20K km,20000,MH,automatic,petrol,7118
mumbai,Toyota Etios Liva,2011,237000,117.5K km,117500,MH,manual,petrol,15876
mumbai,Maruti Wagon R 1.0,2016,358000,69K km,69000,MH,manual,petrol+cng,6096
mumbai,Tata Tiago,2022,695000,24K km,24000,MH,manual,petrol+cng,11835
mumbai,Renault Kwid,2019,365000,30K km,30000,MH,manual,petrol,6215
mumbai,Renault Kwid,2022,441000,0.5K km,500,MH,manual,petrol,7509
mumbai,Hyundai i10,2016,324000,58.5K km,58500,MH,manual,petrol,5517
mumbai,Renault Kiger,2022,894000,21.5K km,21500,MH,automatic,petrol,15224
mumbai,Maruti Celerio,2020,468000,14.5K km,14500,MH,manual,petrol,7969
mumbai,Maruti Baleno,2019,644000,53K km,53000,MH,automatic,petrol,10966
mumbai,Hyundai Xcent,2014,367000,55.5K km,55500,MH,manual,petrol,7384
mumbai,Tata Tigor,2017,439000,47K km,47000,MH,manual,petrol,7475
mumbai,Nissan Micra,2017,319000,137K km,137000,MH,manual,petrol,5092
mumbai,Ford EcoSport,2018,687000,115.5K km,115500,MH,manual,diesel,11699
mumbai,Honda Amaze,2014,463000,57.5K km,57500,MH,automatic,petrol,9936
mumbai,Maruti Celerio,2017,429000,28K km,28000,MH,automatic,petrol,7305
mumbai,Volkswagen Vento,2013,374000,54K km,54000,MH,manual,petrol,9451
mumbai,Renault Triber,2022,608000,27K km,27000,MH,manual,petrol,10353
mumbai,Maruti Ciaz,2023,1032000,1K km,1000,MH,automatic,petrol,17747
mumbai,Hyundai i10,2013,251000,64.5K km,64500,MH,manual,petrol,6765
mumbai,Maruti S-Presso,2023,497000,17K km,17000,MH,manual,petrol,8463
mumbai,Hyundai Grand i10,2020,528000,43K km,43000,MH,manual,petrol,8991
mumbai,Hyundai Elite i20,2017,532000,83K km,83000,MH,manual,petrol,9059
mumbai,Maruti Alto 800,2013,208000,107.5K km,107500,MH,manual,petrol,5768
mumbai,Hyundai i10,2014,273000,95.5K km,95500,MH,manual,petrol,7358
mumbai,Maruti Wagon R 1.0,2023,594000,20.5K km,20500,MH,manual,petrol+cng,10115
mumbai,Hyundai Grand i10,2017,466000,69K km,69000,MH,manual,petrol,7935
mumbai,Hyundai Grand i10,2017,419000,58K km,58000,MH,manual,petrol,7135
mumbai,Hyundai Grand i10,2017,461000,16.5K km,16500,MH,manual,petrol,7850
mumbai,Maruti Baleno,2018,629000,39K km,39000,MH,automatic,petrol,10711
mumbai,Hyundai Grand i10,2017,428000,59K km,59000,MH,manual,petrol,7288
mumbai,Renault Kiger,2023,950000,21K km,21000,MH,automatic,petrol,16177
mumbai,Nissan Magnite,2021,741000,23K km,23000,MH,manual,petrol,12618
mumbai,Maruti Vitara Brezza,2016,727000,84K km,84000,MH,manual,diesel,12380
mumbai,Hyundai Grand i10,2014,432000,53.5K km,53500,MH,automatic,petrol,9271
mumbai,Hyundai i10,2013,215000,79.5K km,79500,MH,manual,petrol,5795
mumbai,Maruti Alto K10,2017,312000,23K km,23000,MH,manual,petrol,5313
mumbai,Maruti Swift Dzire,2014,378000,52.5K km,52500,MH,manual,petrol,8112
mumbai,Maruti Wagon R 1.0,2015,317000,88.5K km,88500,MH,manual,petrol,6033
mumbai,Renault Kwid,2016,279000,39K km,39000,MH,manual,petrol,4751
mumbai,Tata Nano,2014,149000,50.5K km,50500,MH,manual,petrol,2997
mumbai,Maruti Swift,2015,437000,31.5K km,31500,MH,manual,petrol,7954
mumbai,Hyundai Grand i10,2015,379000,84K km,84000,MH,manual,petrol,6898
mumbai,Maruti Alto 800,2016,266000,39.5K km,39500,MH,manual,petrol,4754
mumbai,Maruti Swift Dzire,2015,444000,63.5K km,63500,MH,manual,petrol,8081
mumbai,Hyundai Elite i20,2016,469000,118K km,118000,MH,manual,petrol,7986
mumbai,Tata Tiago,2019,539000,22.5K km,22500,MH,manual,petrol,9178
mumbai,Maruti Wagon R Stingray,2016,319000,144K km,144000,MH,manual,petrol,5432
mumbai,Tata Altroz,2021,743000,13.5K km,13500,MH,manual,petrol,12652
mumbai,Hyundai Grand i10,2016,431000,38K km,38000,MH,manual,petrol,7339
mumbai,Hyundai Grand i10,2015,396000,85.5K km,85500,MH,manual,petrol,7208
mumbai,Tata Altroz,2022,893000,27.5K km,27500,MH,manual,diesel,15207
mumbai,Toyota Etios Liva,2011,294000,45K km,45000,MH,manual,petrol,19694
mumbai,Toyota Urban Cruiser,2022,856000,30.5K km,30500,MH,manual,petrol,14577
mumbai,Maruti Baleno,2017,499000,83K km,83000,MH,manual,petrol,8497
mumbai,Honda City,2017,847000,27.5K km,27500,MH,automatic,petrol,14423
mumbai,Nissan Magnite,2023,805000,31K km,31000,MH,manual,petrol,13708
mumbai,Maruti Celerio,2022,568000,40K km,40000,MH,manual,petrol,9672
mumbai,Tata Nexon,2020,978000,41.5K km,41500,MH,manual,diesel,16654
mumbai,Maruti Alto 800,2013,205000,76.5K km,76500,MH,manual,petrol,5685
mumbai,Hyundai New Santro 1.1,2021,532000,34K km,34000,MH,manual,petrol+cng,8493
mumbai,Toyota Etios Liva,2011,244000,97.5K km,97500,MH,manual,petrol,16345
mumbai,Hyundai Grand i10,2016,472000,33.5K km,33500,MH,manual,petrol,8037
mumbai,Maruti Swift,2014,339000,57.5K km,57500,MH,manual,petrol,7275
mumbai,Ford EcoSport,2015,481000,112.5K km,112500,MH,automatic,petrol,8755
mumbai,Tata Tiago NRG,2023,649000,20.5K km,20500,MH,manual,petrol,11052
mumbai,Hyundai Grand i10,2019,517000,22K km,22000,MH,manual,petrol,8804
mumbai,Maruti Wagon R 1.0,2018,474000,9.5K km,9500,MH,automatic,petrol,8471
mumbai,Hyundai Eon,2018,339000,27.5K km,27500,MH,manual,petrol,5412
mumbai,Maruti Swift,2013,349000,112K km,112000,MH,manual,petrol,9407
mumbai,Renault Triber,2022,728000,27.5K km,27500,MH,automatic,petrol,12397
mumbai,Honda WR-V,2018,576000,49.5K km,49500,MH,manual,petrol,9808
mumbai,Maruti Baleno,2018,571000,109.5K km,109500,MH,automatic,petrol,9723
mumbai,Maruti Swift,2011,296000,74K km,74000,MH,manual,petrol,21150
mumbai,Hyundai Grand i10,2019,478000,40.5K km,40500,MH,manual,petrol,8140
mumbai,Volkswagen Ameo,2017,429000,63K km,63000,MH,manual,petrol,6849
mumbai,Hyundai Grand i10,2019,532000,29.5K km,29500,MH,manual,petrol+cng,9059
mumbai,Maruti Swift,2013,373000,48.5K km,48500,MH,manual,petrol,10054
mumbai,Renault Kwid,2022,473000,11.5K km,11500,MH,automatic,petrol,8054
mumbai,Hyundai i10,2011,242000,60K km,60000,MH,manual,petrol,17291
mumbai,Nissan Micra Active,2014,268000,39.5K km,39500,MH,manual,petrol,5751
mumbai,Honda City,2021,1079000,42K km,42000,MH,manual,petrol,18556
mumbai,Ford EcoSport,2017,574000,66.5K km,66500,MH,manual,diesel,9774
mumbai,Ford Figo,2011,197000,63K km,63000,MH,manual,petrol,
mumbai,Tata Tigor,2022,649000,17.5K km,17500,MH,manual,petrol+cng,11052
mumbai,Hyundai Elite i20,2018,539000,66.5K km,66500,MH,manual,petrol,9178
mumbai,Honda City,2017,786000,89.5K km,89500,MH,automatic,petrol,13385
mumbai,Hyundai Elite i20,2018,498000,66.5K km,66500,MH,manual,petrol,8480
mumbai,Volkswagen Polo,2017,509000,70K km,70000,MH,manual,petrol,8126
mumbai,Volkswagen Tiguan,2018,1529000,106.5K km,106500,MH,automatic,diesel,26296
mumbai,Hyundai Grand i10,2016,385000,62.5K km,62500,MH,manual,petrol,6556
mumbai,Hyundai Grand i10,2016,345000,43.5K km,43500,MH,manual,petrol,6279
mumbai,Kia Sonet,2022,1078000,77K km,77000,MH,automatic,petrol,18539
mumbai,Maruti Alto 800,2015,227000,70K km,70000,MH,manual,petrol,4320
mumbai,Maruti Celerio,2016,405000,46.5K km,46500,MH,manual,petrol+cng,6896
mumbai,Toyota Etios Liva,2012,332000,91.5K km,91500,MH,manual,diesel,11837
mumbai,Hyundai Grand i10,2016,458000,59.5K km,59500,MH,automatic,petrol,7799
mumbai,Hyundai Grand i10,2019,491000,52K km,52000,MH,manual,petrol,8361
mumbai,Hyundai Venue,2022,761000,30K km,30000,MH,manual,petrol,12959
mumbai,Renault Triber,2021,673000,19K km,19000,MH,automatic,petrol,11460
mumbai,Maruti Baleno,2018,531000,62.5K km,62500,MH,manual,petrol,9042
mumbai,Honda Amaze,2024,949000,13.5K km,13500,MH,automatic,petrol,16160
mumbai,Hyundai Grand i10,2019,524000,15K km,15000,MH,manual,petrol,8923
mumbai,Renault Triber,2023,757000,9K km,9000,MH,automatic,petrol,12891
mumbai,Maruti Alto K10,2012,185000,77K km,77000,MH,manual,petrol,7036
mumbai,Tata Nexon,2021,1034000,57.5K km,57500,MH,automatic,diesel,17782
mumbai,Maruti Baleno,2018,622000,31K km,31000,MH,manual,petrol,10592
mumbai,Tata Nexon,2022,964000,12K km,12000,MH,manual,petrol,16416
mumbai,Tata Nexon,2023,1178000,33K km,33000,MH,manual,diesel,20258
mumbai,Honda Brio,2013,239000,110K km,110000,MH,manual,petrol,6039
mumbai,Maruti Swift Dzire,2012,339000,116K km,116000,MH,manual,petrol,12893
mumbai,Maruti Celerio,2014,329000,57.5K km,57500,MH,automatic,petrol,7060
mumbai,Maruti Alto 800,2013,224000,54.5K km,54500,MH,manual,petrol,6212
mumbai,Maruti Swift,2016,447000,127.5K km,127500,MH,manual,petrol,7612
mumbai,Hyundai New Santro 1.1,2021,494000,26K km,26000,MH,manual,petrol,7886
mumbai,Hyundai New Santro 1.1,2021,545000,31.5K km,31500,MH,manual,petrol+cng,8700
mumbai,Nissan Magnite,2021,839000,25K km,25000,MH,automatic,petrol,14287
mumbai,Hyundai Eon,2016,248000,66K km,66000,MH,manual,petrol,3959
mumbai,Honda City,2015,512000,105K km,105000,MH,manual,petrol,9319
mumbai,Maruti Swift Dzire,2017,512000,34K km,34000,MH,manual,petrol,8719
mumbai,Maruti Ciaz,2017,669000,65.5K km,65500,MH,automatic,petrol,11392
mumbai,Hyundai Grand i10,2014,350000,106K km,106000,MH,manual,petrol,7511
mumbai,Renault Kwid,2022,454000,15.5K km,15500,MH,automatic,petrol,7731
mumbai,Maruti Brezza,2023,1166000,26K km,26000,MH,manual,petrol,20060
mumbai,Renault Kiger,2021,678000,50.5K km,50500,MH,manual,petrol,11545
mumbai,Maruti Swift,2015,405000,46K km,46000,MH,manual,petrol,7371
mumbai,Hyundai Venue,2020,855000,20K km,20000,MH,manual,petrol,14560
mumbai,Tata Zest,2014,332000,60K km,60000,MH,manual,petrol,7125
mumbai,Maruti Wagon R 1.0,2017,436000,39.5K km,39500,MH,manual,petrol+cng,7424
mumbai,Volkswagen Ameo,2017,441000,95K km,95000,MH,manual,petrol,7040
mumbai,Ford Figo,2011,198000,99.5K km,99500,MH,manual,petrol,
mumbai,Datsun Redi-GO,2017,242000,19.5K km,19500,MH,manual,petrol,9204
mumbai,Hyundai Eon,2015,252000,50.5K km,50500,MH,manual,petrol,5070
mumbai,Maruti Baleno,2017,527000,36.5K km,36500,MH,manual,petrol,8974
mumbai,Hyundai Elite i20,2015,503000,73.5K km,73500,MH,manual,petrol,9155
mumbai,Maruti Alto 800,2013,249000,23.5K km,23500,MH,manual,petrol,6905
mumbai,Maruti Celerio,2015,370000,77.5K km,77500,MH,automatic,petrol,6734
mumbai,Volkswagen Vento,2021,925000,21K km,21000,MH,manual,petrol,14767
mumbai,Maruti Ciaz,2017,646000,51.5K km,51500,MH,automatic,petrol,11001
mumbai,Volkswagen Vento,2021,793000,56K km,56000,MH,automatic,petrol,12660
mumbai,Maruti Wagon R 1.0,2013,244000,112.5K km,112500,MH,manual,petrol,6766
mumbai,Maruti Celerio,2015,394000,37K km,37000,MH,automatic,petrol,7171
mumbai,Chevrolet Spark,2013,189000,33K km,33000,MH,manual,petrol,
mumbai,Maruti Alto 800,2022,456000,8K km,8000,MH,manual,petrol+cng,8149
mumbai,Hyundai i10,2016,327000,54.5K km,54500,MH,manual,petrol,5568
mumbai,Nissan Micra,2012,223000,59K km,59000,MH,manual,petrol,7951
mumbai,Volkswagen Polo,2016,422000,64.5K km,64500,MH,manual,petrol,6737
mumbai,Tata Nexon,2022,972000,24K km,24000,MH,manual,diesel,16552
mumbai,Hyundai Eon,2014,239000,44K km,44000,MH,manual,petrol,4808
mumbai,Maruti Alto 800,2013,195000,74.5K km,74500,MH,manual,petrol,5407
mumbai,Maruti Swift,2015,439000,37K km,37000,MH,manual,petrol,7990
mumbai,Hyundai Eon,2015,268000,42.5K km,42500,MH,manual,petrol,4573
mumbai,Maruti Ciaz,2022,892000,18K km,18000,MH,manual,petrol,15190
mumbai,Hyundai i20 N Line,2022,949000,17.5K km,17500,MH,manual,petrol,16160
mumbai,Nissan Magnite,2021,863000,25.5K km,25500,MH,automatic,petrol,14696
mumbai,Ford EcoSport,2014,492000,126K km,126000,MH,manual,diesel,10559
mumbai,Ford Figo,2012,232000,30.5K km,30500,MH,manual,petrol,
mumbai,Hyundai Xcent,2017,449000,103.5K km,103500,MH,manual,petrol,7168
mumbai,Maruti Celerio,2015,337000,91.5K km,91500,MH,automatic,petrol,6134
mumbai,Mahindra Thar,2022,1233000,35.5K km,35500,MH,manual,diesel,21201
mumbai,Hyundai Eon,2014,246000,45.5K km,45500,MH,manual,petrol,6216
mumbai,Maruti Alto 800,2021,362000,25K km,25000,MH,manual,petrol,6469
mumbai,Maruti Ciaz,2018,725000,41K km,41000,MH,automatic,petrol,12346
mumbai,Maruti Baleno,2016,512000,79K km,79000,MH,manual,petrol,8719
mumbai,Hyundai Venue,2022,843000,19K km,19000,MH,manual,petrol,14355
mumbai,Maruti Swift,2016,463000,32.5K km,32500,MH,manual,petrol,7884
mumbai,Maruti Swift Dzire,2012,377000,62.5K km,62500,MH,manual,petrol,14338
mumbai,Hyundai Grand i10,2019,484000,87K km,87000,MH,manual,petrol,8242
mumbai,Maruti S-Cross,2016,571000,141K km,141000,MH,manual,diesel,10393
mumbai,Tata Altroz,2021,765000,31.5K km,31500,MH,manual,diesel,13027
mumbai,Mahindra XUV500,2017,896000,85.5K km,85500,MH,automatic,diesel,16013
mumbai,Maruti Swift Dzire,2012,396000,78.5K km,78500,MH,manual,petrol,15061
mumbai,Renault Triber,2023,641000,33.5K km,33500,MH,automatic,petrol,10915
mumbai,Maruti Wagon R 1.0,2012,275000,62K km,62000,MH,manual,petrol,10667
mumbai,Skoda Kushaq,2023,1139000,11K km,11000,MH,manual,petrol,19588
mumbai,Maruti Alto K10,2017,295000,39K km,39000,MH,manual,petrol,5023
mumbai,Hyundai Verna,2013,557000,86K km,86000,MH,automatic,diesel,15014
mumbai,Honda Amaze,2016,412000,81K km,81000,MH,manual,petrol,7016
mumbai,Datsun Redi-GO,2019,225000,51K km,51000,MH,manual,petrol,6064
mumbai,Maruti Ciaz,2017,578000,109.5K km,109500,MH,automatic,petrol,9843
mumbai,Volkswagen Polo,2015,412000,66.5K km,66500,MH,manual,petrol,7030
mumbai,Nissan Sunny,2016,552000,111.5K km,111500,MH,manual,diesel,8812
mumbai,Maruti Alto 800,2014,223000,50.5K km,50500,MH,manual,petrol,4965
mumbai,Maruti Celerio,2022,565000,20.5K km,20500,MH,manual,petrol,9621
mumbai,Hyundai Grand i10,2019,497000,23.5K km,23500,MH,manual,petrol,8463
pune,Volkswagen Polo,2016,449000,88.5K km,88500,MH,manual,petrol,7168
pune,Maruti Baleno,2017,560000,37.5K km,37500,MH,manual,petrol,9536
pune,Maruti Alto 800,2016,275000,34.5K km,34500,MH,manual,petrol,4914
pune,Maruti Ignis,2022,552000,18K km,18000,MH,manual,petrol,9400
pune,Toyota Etios Liva,2015,343000,51K km,51000,MH,manual,petrol,5853
pune,Maruti Swift Dzire,2014,412000,52K km,52000,MH,manual,petrol,8842
pune,Tata Punch,2024,940000,3.5K km,3500,MH,automatic,petrol,16007
pune,Maruti Brezza,2023,1142000,25.5K km,25500,MH,automatic,petrol,19640
pune,Tata Altroz,2022,758000,10K km,10000,MH,manual,petrol,12908
pune,Maruti Celerio,2017,418000,76.5K km,76500,MH,manual,petrol+cng,7118
pune,Hyundai i20 Active,2015,498000,42.5K km,42500,MH,manual,petrol,9064
pune,Hyundai Venue,2024,1085000,3K km,3000,MH,manual,petrol,18659
pune,Tata Tiago,2019,490000,60.5K km,60500,MH,manual,petrol,8344
pune,Maruti Swift,2012,410000,99K km,99000,MH,manual,diesel,15593
pune,Maruti Alto K10,2013,240000,15K km,15000,MH,manual,petrol,6469
pune,Honda Brio,2013,243000,115K km,115000,MH,manual,petrol,6140
pune,Volkswagen Polo,2012,333000,55.5K km,55500,MH,manual,petrol,11873
pune,Volkswagen Polo,2016,298000,134K km,134000,MH,manual,petrol,4757
pune,Hyundai Eon,2012,225000,57K km,57000,MH,manual,petrol,8022
pune,Maruti Estilo,2011,165000,59.5K km,59500,MH,manual,petrol,11789
pune,Audi Q3,2018,2020000,42K km,42000,MH,automatic,petrol,34741
pune,Jaguar XF,2015,1800000,69K km,69000,MH,automatic,diesel,33089
pune,Maruti Baleno,2016,465000,29K km,29000,MH,manual,petrol,7918
pune,Ford Figo Aspire,2017,428000,48.5K km,48500,MH,manual,petrol,6833
pune,Kia Sonet,2022,974000,35.5K km,35500,MH,manual,petrol,16586
pune,Maruti Wagon R 1.0,2014,305000,52.5K km,52500,MH,manual,petrol,6790
pune,Maruti Ciaz,2019,789000,26K km,26000,MH,manual,petrol,13436
pune,Toyota Innova Crysta,2018,1770000,74K km,74000,MH,manual,diesel,30444
pune,Maruti Alto 800,2012,208000,45.5K km,45500,MH,manual,petrol,8068
pune,Maruti Celerio,2015,338000,75.5K km,75500,MH,manual,petrol,7254
pune,Hyundai Creta,2021,921000,14.5K km,14500,MH,manual,petrol,15684
pune,Kia Seltos,2020,1372000,46.5K km,46500,MH,automatic,petrol,23596
pune,Mahindra KUV100 NXT,2017,359000,121K km,121000,MH,manual,petrol,6113
pune,Maruti Ciaz,2018,599000,71.5K km,71500,MH,manual,petrol,10200
pune,Hyundai i10,2012,256000,57.5K km,57500,MH,manual,petrol,9736
pune,Maruti Wagon R Stingray,2014,294000,74K km,74000,MH,manual,petrol,6309
pune,Maruti Alto K10,2017,315000,39.5K km,39500,MH,manual,petrol,5364
pune,Hyundai i10,2013,261000,48K km,48000,MH,manual,petrol,7035
pune,Hyundai Elite i20,2015,463000,103K km,103000,MH,manual,petrol,8427
pune,Honda City,2014,426000,55.5K km,55500,MH,manual,petrol,9142
pune,Maruti Alto K10,2015,261000,56.5K km,56500,MH,manual,petrol,4750
pune,Mercedes A-Class,2015,1350000,66K km,66000,MH,automatic,diesel,29260
pune,Maruti Wagon R 1.0,2015,329000,42K km,42000,MH,manual,petrol,6261
pune,Maruti Wagon R 1.0,2024,565000,3K km,3000,MH,manual,petrol,10097
pune,Tata Altroz,2022,893000,27.5K km,27500,MH,manual,diesel,15207
pune,Maruti Wagon R 1.0,2014,357000,47K km,47000,MH,manual,petrol+cng,7661
pune,Hyundai New i20,2025,825000,2.5K km,2500,MH,manual,petrol,14049
pune,Hyundai Grand i10,2016,472000,33.5K km,33500,MH,manual,petrol,8037
pune,Tata Altroz,2021,587000,81K km,81000,MH,manual,petrol,9996
pune,Maruti Wagon R 1.0,2018,474000,9.5K km,9500,MH,automatic,petrol,8471
pune,Tata Altroz,2021,743000,13.5K km,13500,MH,manual,petrol,12652
pune,Maruti Baleno,2019,644000,53K km,53000,MH,automatic,petrol,10966
pune,Hyundai Grand i10,2016,385000,62.5K km,62500,MH,manual,petrol,6556
pune,Maruti Celerio,2017,412000,58.5K km,58500,MH,manual,petrol+cng,7016
pune,Maruti Ciaz,2017,481000,62K km,62000,MH,manual,petrol,8191
pune,Chevrolet Spark,2013,189000,33K km,33000,MH,manual,petrol,
pune,Tata Nexon,2020,978000,41.5K km,41500,MH,manual,diesel,16654
pune,Maruti Wagon R 1.0,2016,329000,96K km,96000,MH,automatic,petrol,5880
pune,Hyundai i20,2013,358000,55K km,55000,MH,manual,petrol,9649
pune,Hyundai i20,2014,437000,88.5K km,88500,MH,manual,petrol,9378
pune,Tata Tiago,2019,470000,40K km,40000,MH,manual,petrol,8003
pune,Jeep Compass,2021,1870000,29K km,29000,MH,automatic,petrol,32161
pune,Hyundai New Santro 1.1,2021,506000,23.5K km,23500,MH,manual,petrol,8078
pune,Hyundai Venue,2021,948000,45.5K km,45500,MH,manual,petrol,16143
pune,Hyundai Grand i10,2017,428000,59K km,59000,MH,manual,petrol,7288
pune,Maruti Wagon R 1.0,2016,390000,27.5K km,27500,MH,automatic,petrol,6970
pune,Honda Jazz,2016,498000,59K km,59000,MH,manual,petrol,7950
pune,Maruti Swift,2018,511000,41.5K km,41500,MH,manual,petrol,8702
pune,Hyundai Elite i20,2016,542000,63.5K km,63500,MH,manual,petrol,9229
pune,Tata Punch,2024,699000,2.5K km,2500,MH,manual,petrol+cng,11903
pune,Maruti Baleno,2017,589000,43.5K km,43500,MH,manual,petrol,10030
pune,Maruti Celerio,2019,480000,59K km,59000,MH,manual,petrol+cng,8174
pune,Maruti Ignis,2017,412000,64K km,64000,MH,manual,petrol,7016
pune,Maruti Wagon R 1.0,2016,358000,69K km,69000,MH,manual,petrol+cng,6096
pune,Renault Kwid,2016,240000,54.5K km,54500,MH,manual,petrol,4087
pune,Renault Kwid,2016,279000,39K km,39000,MH,manual,petrol,4751
pune,Maruti Wagon R 1.0,2016,342000,105.5K km,105500,MH,manual,petrol+cng,5824
pune,Honda Brio,2013,239000,110K km,110000,MH,manual,petrol,6039
pune,Hyundai Xcent,2016,498000,74K km,74000,MH,automatic,petrol,7950
pune,Honda Jazz,2017,492000,95K km,95000,MH,automatic,petrol,7854
pune,Toyota Etios,2016,407000,120K km,120000,MH,manual,petrol,6497
pune,Hyundai Grand i10,2017,419000,58K km,58000,MH,manual,petrol,7135
pune,Maruti Ciaz,2021,839000,50.5K km,50500,MH,manual,petrol,14287
pune,Tata Tiago,2017,455000,34.5K km,34500,MH,manual,petrol,7748
pune,Hyundai Grand i10,2019,517000,22K km,22000,MH,manual,petrol,8804
pune,Hyundai Grand i10,2015,399000,59K km,59000,MH,manual,petrol,7262
pune,Tata Altroz,2021,645000,15.5K km,15500,MH,manual,petrol,10983
pune,Hyundai i20 Active,2016,568000,48K km,48000,MH,manual,petrol,9672
pune,Toyota Urban Cruiser,2021,999000,20.5K km,20500,MH,automatic,petrol,17012
pune,Tata Nexon,2023,968000,30.5K km,30500,MH,manual,petrol,16484
pune,Maruti Celerio,2015,387000,58.5K km,58500,MH,automatic,petrol,7044
pune,Hyundai Venue,2022,843000,19K km,19000,MH,manual,petrol,14355
pune,Hyundai Grand i10,2017,461000,16.5K km,16500,MH,manual,petrol,7850
pune,Maruti Wagon R 1.0,2013,272000,70K km,70000,MH,manual,petrol,7543
pune,Hyundai Eon,2015,252000,50.5K km,50500,MH,manual,petrol,5070
pune,Honda BR-V,2016,698000,62K km,62000,MH,automatic,petrol,11886
pune,Kia Sonet,2022,1111000,21.5K km,21500,MH,manual,petrol,19107
pune,Maruti Wagon R 1.0,2013,244000,112.5K km,112500,MH,manual,petrol,6766
pune,Maruti Wagon R 1.0,2013,298000,116K km,116000,MH,manual,petrol+cng,8032
pune,Hyundai i10,2013,251000,64.5K km,64500,MH,manual,petrol,6765
pune,Maruti Alto 800,2013,249000,23.5K km,23500,MH,manual,petrol,6905
pune,Maruti Swift,2015,405000,46K km,46000,MH,manual,petrol,7371
pune,Honda Amaze,2016,507000,38.5K km,38500,MH,manual,petrol,8633
pune,Maruti Celerio,2022,488000,20K km,20000,MH,manual,petrol,8310
pune,Hyundai Elite i20,2016,562000,16.5K km,16500,MH,manual,petrol,9570
pune,Hyundai New Santro 1.1,2021,473000,15.5K km,15500,MH,manual,petrol,7551
pune,Renault Kwid,2022,441000,0.5K km,500,MH,manual,petrol,7509
pune,Honda Amaze,2023,761000,43K km,43000,MH,manual,petrol,12959
pune,Maruti Baleno,2022,840000,8K km,8000,MH,manual,petrol,14304
pune,Maruti XL6,2022,1078000,31K km,31000,MH,manual,petrol,18538
pune,Hyundai i20 Active,2015,472000,59.5K km,59500,MH,manual,petrol,8591
pune,Hyundai Grand i10,2014,432000,53.5K km,53500,MH,automatic,petrol,9271
pune,Maruti Celerio,2015,392000,37K km,37000,MH,automatic,petrol,7135
pune,Maruti Wagon R 1.0,2017,392000,41.5K km,41500,MH,automatic,petrol,7006
pune,Hyundai Elite i20,2019,578000,64K km,64000,MH,manual,petrol,9843
pune,Hyundai i10,2014,273000,95.5K km,95500,MH,manual,petrol,7358
pune,Maruti Baleno,2018,571000,109.5K km,109500,MH,automatic,petrol,9723
pune,Ford EcoSport,2015,458000,86.5K km,86500,MH,manual,petrol,8336
pune,Kia Sonet,2022,1078000,77K km,77000,MH,automatic,petrol,18539
pune,Maruti Wagon R 1.0,2012,274000,43K km,43000,MH,manual,petrol,10628
pune,Hyundai i10,2011,230000,63K km,63000,MH,manual,petrol,16434
pune,Honda Jazz,2016,431000,82K km,82000,MH,automatic,petrol,6880
pune,Maruti Swift Dzire,2017,512000,34K km,34000,MH,manual,petrol,8719
pune,Tata Nexon,2023,1032000,10.5K km,10500,MH,manual,petrol,17747
pune,Hyundai Grand i10,2019,457000,53.5K km,53500,MH,manual,petrol,7782
pune,Hyundai Elite i20,2016,559000,43.5K km,43500,MH,manual,petrol,9519
pune,Maruti Baleno,2023,915000,14.5K km,14500,MH,automatic,petrol,15581
pune,Maruti Ignis,2024,619000,2.5K km,2500,MH,manual,petrol,10541
pune,Honda Jazz,2016,546000,40.5K km,40500,MH,automatic,petrol,8716
pune,Hyundai New Santro 1.1,2021,426000,44K km,44000,MH,manual,petrol,6801
pune,Renault Kiger,2022,894000,21.5K km,21500,MH,automatic,petrol,15224
pune,Tata Nexon,2022,997000,36.5K km,36500,MH,automatic,petrol,16978
pune,Tata Punch,2023,895000,24K km,24000,MH,manual,petrol+cng,15241
pune,Honda City,2014,492000,67.5K km,67500,MH,manual,petrol,10559
pune,Hyundai Santro Xing,2012,187000,55K km,55000,MH,manual,petrol,6667
pune,Maruti Celerio,2015,359000,99.5K km,99500,MH,automatic,petrol,6534
pune,Hyundai i10,2013,292000,74K km,74000,MH,automatic,petrol,7870
pune,Hyundai i10,2011,204000,89.5K km,89500,MH,manual,petrol,14576
pune,Maruti Swift,2013,349000,112K km,112000,MH,manual,petrol,9407
pune,Renault Kwid,2017,289000,63K km,63000,MH,automatic,petrol,4921
pune,Hyundai Grand i10,2016,385000,85K km,85000,MH,automatic,petrol,6556
pune,Hyundai i10,2013,265000,64.5K km,64500,MH,manual,petrol,7143
pune,Maruti Baleno,2024,939000,9K km,9000,MH,manual,petrol,15990
pune,Maruti Celerio,2022,589000,19.5K km,19500,MH,manual,petrol,10030
pune,Hyundai Eon,2018,339000,27.5K km,27500,MH,manual,petrol,5412
pune,Kia Sonet,2022,1122000,14K km,14000,MH,manual,petrol,19294
pune,Hyundai New Santro 1.1,2021,434000,42.5K km,42500,MH,manual,petrol,6928
pune,Maruti Swift,2014,390000,34K km,34000,MH,manual,petrol,8370
pune,Mahindra Thar,2021,1329000,16.5K km,16500,MH,automatic,petrol,22855
pune,Maruti Dzire,2022,700000,35.5K km,35500,MH,manual,petrol,12312
pune,Renault Triber,2022,728000,27.5K km,27500,MH,automatic,petrol,12397
pune,Maruti Ignis,2022,629000,31K km,31000,MH,automatic,petrol,10711
pune,Chevrolet Beat,2014,205000,88K km,88000,MH,manual,petrol,
pune,Maruti Alto 800,2013,224000,54.5K km,54500,MH,manual,petrol,6212
pune,Maruti Alto 800,2013,210000,74K km,74000,MH,manual,petrol,5823
pune,Hyundai i20,2010,268000,61.5K km,61500,MH,manual,petrol,
pune,Honda City,2013,429000,73.5K km,73500,MH,automatic,petrol,11563
pune,Honda Brio,2012,242000,58.5K km,58500,MH,manual,petrol,8628
pune,Tata Nexon,2018,575000,39K km,39000,MH,manual,petrol,9791
pune,Volkswagen Vento,2021,793000,56K km,56000,MH,automatic,petrol,12660
pune,Tata Tiago,2018,437000,19K km,19000,MH,automatic,petrol,7441
pune,Maruti Swift,2015,350000,66K km,66000,MH,manual,petrol,6370
pune,Maruti Celerio,2016,408000,34.5K km,34500,MH,automatic,petrol,7426
pune,Hyundai Venue,2022,761000,30K km,30000,MH,manual,petrol,12959
pune,Renault Kiger,2022,720000,21K km,21000,MH,manual,petrol,12261
pune,Honda Amaze,2022,712000,13K km,13000,MH,automatic,petrol,12124
pune,Maruti Ciaz,2015,566000,88.5K km,88500,MH,automatic,petrol,10302
pune,Tata Nexon,2020,824000,28K km,28000,MH,manual,petrol,14032
pune,Hyundai New Santro 1.1,2020,461000,34K km,34000,MH,manual,petrol,7359
pune,Maruti Wagon R 1.0,2016,368000,51.5K km,51500,MH,automatic,petrol,6577
pune,Maruti Ciaz,2023,1032000,1K km,1000,MH,automatic,petrol,17747
pune,Hyundai New Santro 1.1,2019,489000,46K km,46000,MH,manual,petrol+cng,7806
pune,Tata Punch,2022,862000,6.5K km,6500,MH,automatic,petrol,14679
pune,Honda City,2015,470000,136K km,136000,MH,manual,petrol,8555
pune,Renault Kwid,2017,273000,71.5K km,71500,MH,automatic,petrol,4649
pune,Hyundai Eon,2013,220000,33.5K km,33500,MH,manual,petrol,5559
pune,Tata Tiago,2019,442000,46K km,46000,MH,manual,petrol,7527
pune,Maruti Celerio,2016,394000,122K km,122000,MH,manual,petrol+cng,6709
pune,Hyundai Grand i10,2015,393000,30.5K km,30500,MH,manual,petrol,7153
pune,Hyundai i20,2011,263000,118K km,118000,MH,manual,petrol,18792
pune,Maruti Swift,2012,358000,82.5K km,82500,MH,manual,petrol,13615
pune,Maruti Baleno,2019,554000,108.5K km,108500,MH,automatic,petrol,9434
pune,Hyundai Eon,2015,231000,67.5K km,67500,MH,manual,petrol,3941
pune,Renault Triber,2021,645000,24K km,24000,MH,manual,petrol,10983
pune,Hyundai i10,2016,336000,53K km,53000,MH,manual,petrol,6116
pune,Hyundai Venue,2021,1049000,20K km,20000,MH,automatic,petrol,18040
pune,Maruti Baleno,2021,697000,7K km,7000,MH,manual,petrol,11869
pune,Tata Nexon,2022,964000,12K km,12000,MH,manual,petrol,16416
pune,Hyundai i10,2015,333000,26.5K km,26500,MH,manual,petrol,6061
pune,Renault Kiger,2022,732000,34K km,34000,MH,manual,petrol,12465
pune,Renault Kwid,2021,418000,20K km,20000,MH,automatic,petrol,7118
pune,Maruti Baleno,2017,526000,42K km,42000,MH,manual,petrol,8957
pune,Maruti XL6,2022,1165000,47.5K km,47500,MH,automatic,petrol,20035
pune,Renault Triber,2020,558000,47K km,47000,MH,manual,petrol,9502
pune,Maruti Alto K10,2013,230000,58K km,58000,MH,manual,petrol,6199
pune,Honda Amaze,2014,331000,132.5K km,132500,MH,manual,petrol,7103
pune,Tata Zest,2014,332000,60K km,60000,MH,manual,petrol,7125
pune,Honda Amaze,2015,361000,81.5K km,81500,MH,manual,petrol,6571
pune,Ford EcoSport,2014,490000,100.5K km,100500,MH,manual,diesel,10516
pune,Ford Figo,2011,197000,63K km,63000,MH,manual,petrol,
pune,Hyundai Eon,2013,230000,34K km,34000,MH,manual,petrol,5812
pune,Tata Tiago,2018,450000,43K km,43000,MH,manual,petrol+cng,7663
pune,Hyundai Elite i20,2015,502000,67.5K km,67500,MH,manual,petrol,9137
pune,Maruti Celerio,2017,418000,65.5K km,65500,MH,automatic,petrol,7118
pune,Toyota Glanza,2021,759000,50K km,50000,MH,automatic,petrol,12925
pune,Hyundai Grand i10 Nios,2022,604000,10K km,10000,MH,manual,petrol,10285
pune,MG Hector,2021,1478000,44.5K km,44500,MH,automatic,petrol,25418
pune,Hyundai New Santro 1.1,2021,532000,34K km,34000,MH,manual,petrol+cng,8493
pune,Tata Tiago,2018,512000,26.5K km,26500,MH,automatic,petrol,8719
pune,Renault Kwid,2019,365000,30K km,30000,MH,manual,petrol,6215
pune,Ford EcoSport,2019,744000,66K km,66000,MH,manual,petrol,12669
pune,Maruti Alto 800,2018,284000,35K km,35000,MH,manual,petrol,5075
pune,Maruti Alto 800,2022,407000,24K km,24000,MH,manual,petrol,7274
pune,Honda Amaze,2013,343000,71K km,71000,MH,manual,petrol,9245
pune,Renault Kwid,2019,382000,33.5K km,33500,MH,automatic,petrol,6505
pune,Maruti Alto K10,2012,215000,21K km,21000,MH,manual,petrol,8177
pune,Maruti Wagon R 1.0,2010,198000,58.5K km,58500,MH,manual,petrol+cng,
pune,Honda City,2014,538000,101.5K km,101500,MH,automatic,petrol,11546
pune,Volkswagen Polo,2016,422000,64.5K km,64500,MH,manual,petrol,6737
pune,Maruti Swift Dzire,2012,352000,86K km,86000,MH,manual,petrol,13387
pune,Hyundai Eon,2015,250000,47.5K km,47500,MH,manual,petrol,4266
pune,Hyundai New Santro 1.1,2021,479000,111.5K km,111500,MH,manual,petrol+cng,7647
pune,Renault Kiger,2021,753000,23K km,23000,MH,manual,petrol,12823
pune,Maruti Alto 800,2022,370000,23.5K km,23500,MH,manual,petrol,6612
pune,Maruti Celerio,2015,394000,37K km,37000,MH,automatic,petrol,7171
pune,Hyundai Venue,2020,855000,20K km,20000,MH,manual,petrol,14560
pune,Hyundai New Santro 1.1,2020,523000,28.5K km,28500,MH,manual,petrol+cng,8349
pune,Maruti Baleno,2016,518000,55.5K km,55500,MH,manual,petrol,8821
pune,Maruti Alto 800,2022,411000,1K km,1000,MH,manual,petrol,7345
pune,Maruti Celerio,2017,455000,37.5K km,37500,MH,automatic,petrol,7748
pune,Hyundai Elite i20,2017,574000,44K km,44000,MH,manual,petrol,9774
pune,Maruti Alto 800,2017,285000,46.5K km,46500,MH,manual,petrol,5093
pune,Honda City,2015,498000,60K km,60000,MH,manual,petrol,9064
pune,Hyundai i20,2011,229000,65K km,65000,MH,manual,petrol,16362
pune,Volkswagen Polo,2013,310000,92.5K km,92500,MH,manual,petrol,7833
pune,Maruti Swift Dzire,2010,254000,80.5K km,80500,MH,manual,petrol,
pune,Honda Amaze,2013,332000,92.5K km,92500,MH,manual,petrol,8949
pune,Maruti Alto 800,2013,230000,38.5K km,38500,MH,manual,petrol,6378
pune,Hyundai Eon,2011,197000,56K km,56000,MH,manual,petrol,13196
pune,Hyundai i10,2013,273000,40K km,40000,MH,manual,petrol,7358
pune,Maruti Wagon R 1.0,2012,271000,72.5K km,72500,MH,manual,petrol,10511
pune,Hyundai Grand i10,2018,465000,50K km,50000,MH,manual,petrol+cng,7918
pune,Maruti S-Presso,2022,394000,50K km,50000,MH,manual,petrol,6709
pune,Honda Jazz,2016,439000,55K km,55000,MH,manual,petrol,7008
pune,Tata Tiago,2017,449000,37.5K km,37500,MH,automatic,petrol,7646
pune,Tata Nexon,2019,728000,48.5K km,48500,MH,manual,petrol,12397
pune,Maruti Swift,2015,437000,31.5K km,31500,MH,manual,petrol,7954
pune,Tata Nexon,2019,627000,46.5K km,46500,MH,manual,petrol,10677
pune,Maruti Alto K10,2017,376000,10K km,10000,MH,automatic,petrol,6403
pune,Renault Triber,2023,589000,24K km,24000,MH,automatic,petrol,10030
pune,Hyundai Grand i10,2019,491000,52K km,52000,MH,manual,petrol,8361
pune,Maruti Wagon R 1.2,2022,595000,10.5K km,10500,MH,automatic,petrol,10132
pune,Maruti Ciaz,2022,892000,18K km,18000,MH,manual,petrol,15190
pune,Renault Kwid,2018,352000,30K km,30000,MH,automatic,petrol,5994
pune,Hyundai Grand i10,2015,459000,113K km,113000,MH,manual,petrol,8354
pune,Maruti Ritz,2015,290000,58.5K km,58500,MH,manual,petrol,4948
pune,Hyundai Eon,2013,233000,87.5K km,87500,MH,manual,petrol,5888
pune,Hyundai i10,2012,190000,112K km,112000,MH,manual,petrol,13576
pune,Ford Figo,2011,188000,53K km,53000,MH,manual,petrol,
pune,Hyundai Grand i10,2018,408000,49.5K km,49500,MH,manual,petrol,6948
pune,Hyundai Eon,2013,192000,90K km,90000,MH,manual,petrol,6846
pune,Hyundai Eon,2014,239000,44K km,44000,MH,manual,petrol,4808
pune,Hyundai Tucson,2017,1249000,87K km,87000,MH,automatic,diesel,21479
pune,Honda City,2017,786000,89.5K km,89500,MH,automatic,petrol,13385
pune,Ford EcoSport,2015,539000,58K km,58000,MH,automatic,petrol,9811
pune,Renault Kwid,2018,385000,12K km,12000,MH,automatic,petrol,6556
pune,Maruti Dzire,2019,710000,48.5K km,48500,MH,automatic,petrol,12090
pune,Renault Kwid,2021,389000,31K km,31000,MH,manual,petrol,6624
pune,Renault Kwid,2016,281000,34K km,34000,MH,manual,petrol,4785
pune,Maruti Alto 800,2019,274000,80K km,80000,MH,manual,petrol,4897
pune,Skoda Rapid New,2021,744000,79K km,79000,MH,manual,petrol,12669
pune,Maruti Ignis,2022,468000,43K km,43000,MH,manual,petrol,7969
pune,Maruti Swift,2016,463000,32.5K km,32500,MH,manual,petrol,7884
pune,Ford Freestyle,2018,526000,41K km,41000,MH,manual,petrol,9574
pune,Maruti Ciaz,2017,729000,100K km,100000,MH,manual,diesel,12414
pune,Honda City,2012,348000,76.5K km,76500,MH,manual,petrol,13235
pune,Maruti Celerio,2014,329000,123K km,123000,MH,automatic,petrol,7060
pune,Volkswagen Polo,2016,471000,104K km,104000,MH,manual,petrol,7519
pune,Maruti Celerio,2019,474000,104K km,104000,MH,automatic,petrol,8071
pune,Hyundai i20,2012,256000,82.5K km,82500,MH,manual,petrol,18292
pune,Hyundai i20 Active,2015,477000,33K km,33000,MH,manual,petrol,8682
pune,Maruti Alto 800,2016,229000,87.5K km,87500,MH,manual,petrol,4092
pune,Renault Kwid,2022,479000,23.5K km,23500,MH,automatic,petrol,8157
pune,Maruti Ciaz,2020,822000,37K km,37000,MH,manual,petrol,13998
pune,Honda City,2021,978000,27.5K km,27500,MH,automatic,petrol,16654
pune,Hyundai Grand i10,2014,392000,61.5K km,61500,MH,manual,petrol,8413
pune,Hyundai Venue,2022,997000,36.5K km,36500,MH,manual,petrol,16978
pune,Maruti Vitara Brezza,2021,761000,27K km,27000,MH,manual,petrol,12959
pune,Hyundai Grand i10,2013,370000,24.5K km,24500,MH,manual,petrol,9973
pune,Maruti Alto 800,2014,253000,16K km,16000,MH,manual,petrol,5632
pune,Volkswagen Vento,2017,659000,86.5K km,86500,MH,manual,diesel,10520
pune,Maruti Alto K10,2017,312000,23K km,23000,MH,manual,petrol,5313
pune,Tata Punch,2022,768000,20.5K km,20500,MH,manual,petrol,13078
pune,Renault Triber,2021,644000,41K km,41000,MH,automatic,petrol,10030
pune,Ford EcoSport,2015,481000,112.5K km,112500,MH,automatic,petrol,8755
pune,Maruti Ciaz,2016,610000,14.5K km,14500,MH,manual,petrol,10387
pune,Maruti Ignis,2023,626000,20.5K km,20500,MH,manual,petrol,10660
pune,Volkswagen Ameo,2017,439000,120K km,120000,MH,manual,petrol,7008
pune,Volkswagen Ameo,2017,441000,95K km,95000,MH,manual,petrol,7040
pune,Toyota Etios Liva,2011,294000,45K km,45000,MH,manual,petrol,19694
pune,Honda City,2014,469000,66.5K km,66500,MH,automatic,petrol,10065
pune,Hyundai Grand i10,2016,323000,60K km,60000,MH,manual,petrol,5500
pune,Hyundai Xcent,2014,387000,78.5K km,78500,MH,manual,petrol,7786
pune,Tata Altroz,2022,722000,28.5K km,28500,MH,manual,petrol,12295
pune,Honda City,2019,813000,38.5K km,38500,MH,automatic,petrol,13844
pune,Maruti Swift,2015,439000,37K km,37000,MH,manual,petrol,7990
pune,Honda WR-V,2019,735000,17K km,17000,MH,manual,petrol,12516
pune,Renault Kwid,2021,381000,25.5K km,25500,MH,manual,petrol,6488
pune,Volkswagen Polo,2015,458000,93K km,93000,MH,manual,petrol,7815
pune,Hyundai Eon,2015,263000,47K km,47000,MH,manual,petrol,4488
pune,Hyundai i20,2011,267000,83.5K km,83500,MH,manual,petrol,19078
pune,Hyundai Grand i10,2016,439000,56K km,56000,MH,manual,petrol,7475
pune,Honda City,2015,512000,105K km,105000,MH,manual,petrol,9319
pune,Maruti Vitara Brezza,2016,727000,84K km,84000,MH,manual,diesel,12380
pune,Tata Zest,2020,419000,24.5K km,24500,MH,manual,petrol,7135
pune,Hyundai Verna,2024,1530000,16K km,16000,MH,automatic,petrol,26310
pune,Volkswagen Vento,2021,925000,21K km,21000,MH,manual,petrol,14767
pune,Hyundai Grand i10,2019,507000,33.5K km,33500,MH,manual,petrol,8633
pune,Maruti Celerio,2017,422000,106.5K km,106500,MH,automatic,petrol,7186
pune,Hyundai Eon,2017,280000,41.5K km,41500,MH,manual,petrol,4470
pune,Hyundai Elite i20,2017,530000,43.5K km,43500,MH,manual,petrol,9025
pune,Tata Tiago NRG,2021,520000,91.5K km,91500,MH,manual,petrol,8855
pune,Hyundai Grand i10,2019,484000,87K km,87000,MH,manual,petrol,8242
pune,Maruti Ciaz,2021,935000,32K km,32000,MH,automatic,petrol,15922
pune,Honda City,2017,629000,35.5K km,35500,MH,manual,petrol,10711
pune,Tata Tiago NRG,2023,719000,8.5K km,8500,MH,automatic,petrol,12244
pune,Maruti Swift,2013,373000,48.5K km,48500,MH,manual,petrol,10054
pune,Maruti Celerio,2017,403000,50.5K km,50500,MH,automatic,petrol,6862
pune,Honda Amaze,2014,362000,43.5K km,43500,MH,manual,petrol,7769
pune,Ford Figo,2011,184000,50K km,50000,MH,manual,petrol,
pune,Honda Brio,2013,263000,65K km,65000,MH,manual,petrol,6646
pune,Hyundai Eon,2014,251000,26.5K km,26500,MH,manual,petrol,5050
pune,Honda Amaze,2016,412000,81K km,81000,MH,manual,petrol,7016
pune,Kia Seltos,2022,1198000,23K km,23000,MH,manual,petrol,20605
pune,Ford Freestyle,2019,466000,104K km,104000,MH,manual,petrol,7935
pune,Maruti Wagon R 1.0,2016,346000,39.5K km,39500,MH,automatic,petrol,6183
pune,Maruti Baleno,2021,754000,45.5K km,45500,MH,automatic,petrol,12840
pune,Maruti Alto 800,2022,409000,1.5K km,1500,MH,manual,petrol,7309
pune,Nissan Micra,2017,319000,137K km,137000,MH,manual,petrol,5092
pune,Maruti Baleno,2016,537000,53.5K km,53500,MH,manual,petrol,9144
pune,Hyundai Elite i20,2017,517000,57K km,57000,MH,manual,petrol,8804
pune,Maruti Baleno,2017,551000,57.5K km,57500,MH,manual,petrol,9383
pune,Maruti Vitara Brezza,2017,675000,54K km,54000,MH,manual,diesel,11494
pune,Renault Kiger,2021,549000,30K km,30000,MH,manual,petrol,9349
pune,Hyundai Grand i10,2015,396000,85.5K km,85500,MH,manual,petrol,7208
pune,Ford Figo,2010,187000,63.5K km,63500,MH,manual,petrol,
pune,Honda City,2023,1124000,13K km,13000,MH,manual,petrol,19330
pune,Maruti Baleno,2017,527000,36.5K km,36500,MH,manual,petrol,8974
pune,Hyundai Grand i10,2017,397000,59.5K km,59500,MH,manual,petrol,6760
pune,Volkswagen Ameo,2018,544000,55.5K km,55500,MH,manual,petrol,8685
pune,Maruti Alto K10,2023,486000,9.5K km,9500,MH,manual,petrol,8276
pune,Hyundai Eon,2015,279000,56K km,56000,MH,manual,petrol,4761
pune,Toyota Urban Cruiser,2022,856000,30.5K km,30500,MH,manual,petrol,14577
pune,Ford Figo,2012,224000,50K km,50000,MH,manual,petrol,
pune,Honda City,2015,575000,66.5K km,66500,MH,automatic,petrol,10466
pune,Hyundai Grand i10,2015,406000,20K km,20000,MH,manual,petrol,7390
pune,Hyundai Venue,2021,997000,16.5K km,16500,MH,manual,petrol,16978
pune,Hyundai Grand i10,2016,385000,122K km,122000,MH,manual,petrol,6556
pune,Hyundai Grand i10,2016,441000,49.5K km,49500,MH,manual,petrol,7509
pune,Hyundai i10,2013,215000,79.5K km,79500,MH,manual,petrol,5795
pune,Hyundai Verna,2011,322000,97K km,97000,MH,manual,petrol,23008
pune,Honda City,2020,978000,54K km,54000,MH,automatic,petrol,16654
pune,Hyundai Aura,2023,790000,22.5K km,22500,MH,manual,petrol+cng,13453
pune,Tata Tiago,2019,524000,42K km,42000,MH,manual,petrol,8923
pune,Mahindra XUV500,2021,1578000,24K km,24000,MH,manual,diesel,28481
pune,Maruti Baleno,2018,589000,44K km,44000,MH,manual,petrol,10030
pune,Maruti Ignis,2022,513000,101K km,101000,MH,manual,petrol,8736
pune,Renault Kwid,2023,467000,7K km,7000,MH,manual,petrol,7952
pune,Hyundai i10,2016,324000,58.5K km,58500,MH,manual,petrol,5517
pune,Maruti Baleno,2017,499000,83K km,83000,MH,manual,petrol,8497
pune,Renault Kwid,2021,413000,41.5K km,41500,MH,automatic,petrol,7033
pune,Tata Punch,2023,863000,4.5K km,4500,MH,manual,petrol+cng,14696
pune,Hyundai Xcent,2015,459000,56.5K km,56500,MH,manual,petrol,7832
pune,Hyundai Venue,2020,918000,54K km,54000,MH,automatic,petrol,15633
pune,Hyundai Elite i20,2018,539000,66.5K km,66500,MH,manual,petrol,9178
pune,Hyundai Grand i10 Nios,2022,719000,8K km,8000,MH,manual,petrol+cng,12244
pune,Ford EcoSport,2013,479000,132K km,132000,MH,manual,diesel,12911
pune,Honda City,2015,472000,141.5K km,141500,MH,manual,petrol,8591
pune,Tata Tigor,2022,713000,29.5K km,29500,MH,manual,petrol+cng,12141
pune,Volkswagen Polo,2016,458000,38K km,38000,MH,manual,petrol,7312
pune,Tata Nano,2014,145000,41.5K km,41500,MH,manual,petrol,2917
pune,Renault Kwid,2022,473000,11.5K km,11500,MH,automatic,petrol,8054
pune,Ford Figo,2011,198000,71K km,71000,MH,manual,diesel,
pune,Hyundai Elite i20,2015,503000,73.5K km,73500,MH,manual,petrol,9155
pune,Honda Amaze,2021,736000,93K km,93000,MH,automatic,diesel,12533
pune,Maruti Ignis,2022,589000,35.5K km,35500,MH,manual,petrol,10030
pune,Maruti S-Presso,2023,497000,17K km,17000,MH,manual,petrol,8463
pune,Maruti Swift,2016,417000,37K km,37000,MH,manual,petrol,7101
pune,Hyundai Grand i10,2017,466000,69K km,69000,MH,manual,petrol,7935
pune,Honda City,2019,868000,93K km,93000,MH,automatic,petrol,14781
pune,Tata Tiago,2021,504000,65.5K km,65500,MH,manual,petrol,8582
pune,Maruti Alto K10,2016,310000,26.5K km,26500,MH,manual,petrol,5279
pune,Tata Nexon,2018,658000,103.5K km,103500,MH,manual,diesel,11205
pune,Volkswagen Polo,2013,321000,102K km,102000,MH,manual,petrol,8111
pune,Hyundai Eon,2015,268000,42.5K km,42500,MH,manual,petrol,4573
pune,Kia Seltos,2021,1219000,93K km,93000,MH,manual,diesel,20964
pune,Maruti Ignis,2022,560000,16.5K km,16500,MH,manual,petrol,9536
pune,Tata Tigor,2022,633000,43K km,43000,MH,manual,petrol+cng,10779
pune,Tata Tiago,2022,695000,24K km,24000,MH,manual,petrol+cng,11835
pune,Tata Nexon,2021,895000,45.5K km,45500,MH,manual,petrol,15241
pune,Tata Tiago NRG,2023,649000,20.5K km,20500,MH,manual,petrol,11052
pune,Renault Kiger,2021,678000,50.5K km,50500,MH,manual,petrol,11545
pune,Hyundai Verna,2018,732000,95.5K km,95500,MH,manual,petrol,12465
pune,Volkswagen Polo,2015,412000,66.5K km,66500,MH,manual,petrol,7030
pune,Maruti Swift Dzire,2012,339000,116K km,116000,MH,manual,petrol,12893
pune,Tata Nano,2013,125000,42.5K km,42500,MH,manual,petrol,4457
pune,Tata Zest,2015,346000,53K km,53000,MH,manual,petrol,6298
pune,Volkswagen Vento,2013,374000,54K km,54000,MH,manual,petrol,9451
pune,Maruti Wagon R 1.0,2016,392000,39.5K km,39500,MH,automatic,petrol,7006
pune,Tata Altroz,2023,768000,27K km,27000,MH,manual,petrol,13078
pune,Maruti Wagon R 1.0,2012,245000,54.5K km,54500,MH,manual,petrol,9503
pune,Renault Kwid,2017,282000,45K km,45000,MH,manual,petrol,4802
pune,Hyundai Creta,2019,946000,41K km,41000,MH,manual,petrol,16109
pune,Maruti Baleno,2018,629000,39K km,39000,MH,automatic,petrol,10711
pune,Renault Kiger,2023,950000,21K km,21000,MH,automatic,petrol,16177
pune,Maruti Alto 800,2020,348000,43K km,43000,MH,manual,petrol,6219
pune,Renault Kwid,2022,454000,15.5K km,15500,MH,automatic,petrol,7731
pune,Maruti Alto 800,2019,317000,77.5K km,77500,MH,manual,petrol,5665
pune,Volkswagen Virtus,2023,1243000,16K km,16000,MH,automatic,petrol,21371
pune,Renault Kwid,2022,498000,17K km,17000,MH,automatic,petrol,8480
pune,Maruti Celerio,2022,568000,40K km,40000,MH,manual,petrol,9672
pune,Maruti Ignis,2022,484000,35.5K km,35500,MH,manual,petrol,8242
pune,Ford Figo,2012,212000,100.5K km,100500,MH,manual,diesel,
pune,Maruti Celerio,2014,329000,57.5K km,57500,MH,automatic,petrol,7060
pune,Honda Amaze,2016,402000,108K km,108000,MH,manual,petrol,6845
pune,Maruti Vitara Brezza,2017,688000,114K km,114000,MH,manual,diesel,11716
pune,Tata Nano,2014,149000,50.5K km,50500,MH,manual,petrol,2997
pune,Hyundai Grand i10,2014,350000,106K km,106000,MH,manual,petrol,7511
pune,Hyundai Verna,2018,819000,56K km,56000,MH,manual,petrol,13947
pune,Maruti Wagon R 1.0,2010,210000,77.5K km,77500,MH,manual,petrol,
pune,Maruti Wagon R 1.0,2015,317000,88.5K km,88500,MH,manual,petrol,6033
pune,Tata Tigor,2020,588000,37.5K km,37500,MH,manual,petrol,10013
pune,Ford EcoSport,2014,492000,126K km,126000,MH,manual,diesel,10559
pune,Hyundai Elite i20,2017,567000,37.5K km,37500,MH,manual,petrol,9655
pune,Volkswagen T-Roc,2021,1782000,63K km,63000,MH,automatic,petrol,30648
pune,Hyundai Creta,2019,1149000,75.5K km,75500,MH,automatic,diesel,19759
pune,Tata Nexon,2018,694000,79K km,79000,MH,manual,diesel,11818
pune,Maruti Ciaz,2020,843000,9K km,9000,MH,manual,petrol,14355
pune,Tata Altroz,2022,830000,10.5K km,10500,MH,manual,petrol,14134
pune,Maruti Baleno,2018,622000,31K km,31000,MH,manual,petrol,10592
pune,Maruti Alto 800,2021,362000,25K km,25000,MH,manual,petrol,6469
pune,Maruti Baleno,2017,554000,48.5K km,48500,MH,manual,petrol,9434
pune,Ford EcoSport,2013,492000,108K km,108000,MH,manual,diesel,13261
pune,Hyundai i20 Active,2018,519000,72K km,72000,MH,manual,petrol,8838
pune,Tata Nexon,2023,1178000,33K km,33000,MH,manual,diesel,20258
pune,Hyundai Elite i20,2017,491000,69.5K km,69500,MH,manual,petrol,8361
pune,Hyundai Grand i10,2016,458000,59.5K km,59500,MH,automatic,petrol,7799
pune,Hyundai i20,2011,302000,59K km,59000,MH,manual,petrol,21579
pune,Maruti Wagon R 1.0,2013,259000,95.5K km,95500,MH,manual,petrol,7182
pune,Nissan Magnite,2021,470000,30.5K km,30500,MH,manual,petrol,8003
pune,Maruti Baleno,2018,574000,59K km,59000,MH,manual,petrol,9774
pune,Maruti Celerio,2017,429000,28K km,28000,MH,automatic,petrol,7305
pune,Hyundai New Santro 1.1,2019,422000,41K km,41000,MH,manual,petrol,6737
pune,Toyota Etios,2011,299000,72K km,72000,MH,manual,petrol,20029
pune,Maruti Ertiga,2016,754000,13.5K km,13500,MH,manual,petrol,12840
pune,Ford Figo,2012,230000,61K km,61000,MH,manual,diesel,
pune,Toyota Etios Liva,2012,338000,110.5K km,110500,MH,manual,diesel,12051
pune,Maruti Dzire,2018,619000,57.5K km,57500,MH,automatic,petrol,10541
pune,Renault Kiger,2021,646000,21K km,21000,MH,manual,petrol,11001
pune,Nissan Micra,2017,417000,44K km,44000,MH,automatic,petrol,6657
pune,Hyundai Grand i10,2019,524000,15K km,15000,MH,manual,petrol,8923
pune,Maruti Baleno,2018,531000,62.5K km,62500,MH,manual,petrol,9042
pune,Maruti Wagon R 1.0,2010,215000,22K km,22000,MH,manual,petrol,
pune,Maruti Swift,2017,453000,69K km,69000,MH,manual,petrol,7714
pune,Honda Amaze,2014,463000,57.5K km,57500,MH,automatic,petrol,9936
pune,Maruti Wagon R 1.0,2015,361000,73K km,73000,MH,manual,petrol+cng,6571
pune,Maruti Baleno,2017,497000,103K km,103000,MH,manual,petrol,8463
pune,Maruti Celerio,2015,370000,77.5K km,77500,MH,automatic,petrol,6734
pune,Maruti Ciaz,2016,582000,62.5K km,62500,MH,manual,petrol,9911
pune,Nissan Magnite,2023,805000,31K km,31000,MH,manual,petrol,13708
pune,Volkswagen Ameo,2017,547000,118.5K km,118500,MH,automatic,diesel,8732
pune,Kia Seltos,2020,1239000,46.5K km,46500,MH,automatic,petrol,21308
pune,Hyundai Xcent,2014,367000,55.5K km,55500,MH,manual,petrol,7384
pune,Hyundai Elite i20,2016,516000,42.5K km,42500,MH,manual,petrol,8787
pune,Honda Amaze,2016,511000,59.5K km,59500,MH,automatic,petrol,8702
pune,Maruti Wagon R 1.0,2012,275000,62K km,62000,MH,manual,petrol,10667
pune,Hyundai Xcent,2014,452000,81K km,81000,MH,automatic,petrol,9094
pune,Hyundai Elite i20,2017,598000,53K km,53000,MH,manual,petrol,10183
pune,Maruti Ignis,2023,639000,3.5K km,3500,MH,manual,petrol,10881
pune,Maruti Swift,2016,447000,127.5K km,127500,MH,manual,petrol,7612
pune,Maruti Ritz,2014,248000,87K km,87000,MH,manual,petrol,4989
pune,Hyundai i10,2011,242000,60K km,60000,MH,manual,petrol,17291
pune,Maruti Ciaz,2018,656000,78.5K km,78500,MH,manual,petrol,11171
pune,Volkswagen Polo,2010,250000,74.5K km,74500,MH,manual,petrol,
pune,Maruti S-Presso,2022,443000,22K km,22000,MH,manual,petrol,7544
pune,Maruti Wagon R 1.0,2023,594000,20.5K km,20500,MH,manual,petrol+cng,10115
pune,Hyundai Grand i10,2016,431000,38K km,38000,MH,manual,petrol,7339
pune,Maruti Swift,2012,357000,70.5K km,70500,MH,manual,petrol,13577
pune,Hyundai i10,2012,247000,92.5K km,92500,MH,automatic,petrol,9394
pune,Tata Altroz,2021,743000,39K km,39000,MH,manual,petrol,12652
pune,Hyundai New Santro 1.1,2021,494000,26K km,26000,MH,manual,petrol,7886
pune,Maruti Swift Dzire,2012,377000,62.5K km,62500,MH,manual,petrol,14338
pune,Maruti Alto 800,2013,208000,107.5K km,107500,MH,manual,petrol,5768
pune,Nissan Micra,2012,223000,59K km,59000,MH,manual,petrol,7951
pune,Hyundai Grand i10,2017,409000,124K km,124000,MH,automatic,petrol,6965
pune,Honda Jazz,2019,566000,65.5K km,65500,MH,manual,petrol,9036
pune,Honda Amaze,2014,451000,72.5K km,72500,MH,manual,diesel,9679
pune,Hyundai Elite i20,2016,469000,118K km,118000,MH,manual,petrol,7986
pune,Honda Amaze,2019,555000,61.5K km,61500,MH,manual,petrol,9451
pune,Hyundai Grand i10,2017,459000,24K km,24000,MH,manual,petrol,7816
pune,Nissan Magnite,2021,741000,23K km,23000,MH,manual,petrol,12618
pune,Tata Altroz,2022,779000,16K km,16000,MH,manual,petrol,13265
pune,Maruti Wagon R 1.0,2016,354000,79.5K km,79500,MH,automatic,petrol,6326
pune,Tata Tigor,2022,649000,17.5K km,17500,MH,manual,petrol+cng,11052
pune,Tata Tiago,2018,478000,41.5K km,41500,MH,automatic,petrol,8140
pune,Hyundai Grand i10,2019,511000,32.5K km,32500,MH,manual,petrol,7901
pune,Maruti Wagon R 1.0,2017,436000,39.5K km,39500,MH,manual,petrol+cng,7424
pune,Mahindra XUV500,2017,896000,85.5K km,85500,MH,automatic,diesel,16013
pune,Hyundai Elite i20,2015,590000,101.5K km,101500,MH,manual,diesel,10739
pune,Tata Tiago,2019,493000,25.5K km,25500,MH,manual,petrol,8395
pune,Maruti Ciaz,2017,646000,51.5K km,51500,MH,automatic,petrol,11001
pune,Tata Nexon,2020,749000,63.5K km,63500,MH,automatic,diesel,12755
pune,Volkswagen Tiguan,2018,1529000,106.5K km,106500,MH,automatic,diesel,26296
pune,Hyundai Grand i10 Nios,2021,682000,41.5K km,41500,MH,automatic,petrol,11614
pune,Maruti Swift,2011,296000,74K km,74000,MH,manual,petrol,21150
pune,Maruti Celerio,2022,557000,12.5K km,12500,MH,manual,petrol,9485
pune,Maruti Celerio,2019,462000,37.5K km,37500,MH,manual,petrol,7867
pune,Renault Triber,2020,531000,41K km,41000,MH,manual,petrol,9042
pune,Hyundai Eon,2014,246000,45.5K km,45500,MH,manual,petrol,6216
pune,Maruti Baleno,2016,503000,38.5K km,38500,MH,manual,petrol,8565
pune,Maruti Ciaz,2021,859000,30.5K km,30500,MH,manual,petrol,14628
pune,Hyundai Grand i10,2016,429000,63.5K km,63500,MH,manual,petrol,7305
pune,Ford Figo,2011,198000,99.5K km,99500,MH,manual,petrol,
pune,Maruti Alto K10,2012,185000,77K km,77000,MH,manual,petrol,7036
pune,Maruti Wagon R Stingray,2016,319000,144K km,144000,MH,manual,petrol,5432
pune,Hyundai Xcent,2017,449000,103.5K km,103500,MH,manual,petrol,7168
pune,Hyundai Grand i10,2016,345000,43.5K km,43500,MH,manual,petrol,6279
pune,Honda Jazz,2017,547000,52.5K km,52500,MH,automatic,petrol,8732
pune,Hyundai Elite i20,2017,545000,23K km,23000,MH,manual,petrol,9281
pune,Volkswagen Polo,2017,509000,70K km,70000,MH,manual,petrol,8126
pune,Maruti Ciaz,2017,589000,117.5K km,117500,MH,automatic,petrol,10030
pune,Tata Nexon,2022,972000,24K km,24000,MH,manual,diesel,16552
pune,Hyundai Grand i10,2020,585000,7K km,7000,MH,manual,petrol,9962
pune,Honda Amaze,2024,949000,13.5K km,13500,MH,automatic,petrol,16160
pune,Renault Kwid,2019,386000,14K km,14000,MH,automatic,petrol,6573
pune,Hyundai i20 N Line,2022,949000,17.5K km,17500,MH,manual,petrol,16160
pune,Hyundai Elite i20,2017,532000,83K km,83000,MH,manual,petrol,9059
pune,Renault Kwid,2023,492000,11K km,11000,MH,manual,petrol,8378
pune,Maruti Celerio,2022,565000,20.5K km,20500,MH,manual,petrol,9621
pune,Maruti Wagon R 1.0,2012,281000,41.5K km,41500,MH,manual,petrol,10899
pune,Nissan Magnite,2021,875000,21.5K km,21500,MH,automatic,petrol,14900
pune,Hyundai Grand i10,2020,528000,43K km,43000,MH,manual,petrol,8991
pune,Nissan Micra Active,2014,268000,39.5K km,39500,MH,manual,petrol,5751
pune,Hyundai Xcent,2014,375000,74.5K km,74500,MH,manual,petrol,7545
pune,Renault Kiger,2021,570000,87.5K km,87500,MH,manual,petrol,9706
pune,Maruti S-Presso,2021,415000,32.5K km,32500,MH,manual,petrol,7067
pune,Toyota Etios Liva,2011,244000,97.5K km,97500,MH,manual,petrol,16345
pune,Datsun Redi-GO,2017,242000,19.5K km,19500,MH,manual,petrol,9204
pune,Ford Figo,2012,232000,30.5K km,30500,MH,manual,petrol,
pune,Maruti Alto 800,2015,265000,15K km,15000,MH,manual,petrol,5043
pune,Volkswagen Vento,2013,356000,138K km,138000,MH,manual,petrol,8996
pune,Honda Elevate,2023,1423000,32.5K km,32500,MH,automatic,petrol,24470
pune,Maruti S-Cross,2018,831000,62.5K km,62500,MH,manual,diesel,14151
pune,Hyundai Elite i20,2016,493000,75K km,75000,MH,manual,petrol,8395
pune,Renault Triber,2023,684000,9K km,9000,MH,manual,petrol,11648
pune,Maruti Baleno,2018,588000,92.5K km,92500,MH,automatic,petrol,10013
pune,Renault Triber,2021,531000,41K km,41000,MH,manual,petrol,9042
pune,Maruti Celerio,2015,349000,125.5K km,125500,MH,automatic,petrol,6352
pune,Maruti Dzire,2017,640000,44.5K km,44500,MH,automatic,petrol,10898
pune,Renault Triber,2020,518000,52.5K km,52500,MH,manual,petrol,8821
pune,Maruti Alto 800,2022,386000,8.5K km,8500,MH,manual,petrol,6898
pune,Tata Punch,2022,753000,18.5K km,18500,MH,manual,petrol,12823
pune,Hyundai Xcent,2015,401000,90K km,90000,MH,manual,petrol,6842
pune,Maruti Celerio,2020,468000,14.5K km,14500,MH,manual,petrol,7969
pune,Hyundai i10,2016,327000,54.5K km,54500,MH,manual,petrol,5568
pune,Hyundai Elite i20,2018,526000,58.5K km,58500,MH,manual,petrol,8957
pune,Tata Tigor,2021,642000,38.5K km,38500,MH,automatic,petrol,10932
pune,Renault Kwid,2022,475000,13K km,13000,MH,automatic,petrol,8088
pune,Maruti Alto K10,2017,301000,78.5K km,78500,MH,automatic,petrol,5125
pune,Maruti Alto 800,2014,254000,14K km,14000,MH,manual,petrol,5655
pune,Hyundai Elite i20,2015,470000,45K km,45000,MH,manual,petrol,8555
pune,Hyundai Creta,2017,916000,38K km,38000,MH,automatic,petrol,15598
pune,Tata Altroz,2021,765000,31.5K km,31500,MH,manual,diesel,13027
pune,Maruti Dzire,2022,827000,11.5K km,11500,MH,automatic,petrol,14083
pune,Datsun Redi-GO,2019,225000,51K km,51000,MH,manual,petrol,6064
pune,Maruti Alto 800,2022,456000,8K km,8000,MH,manual,petrol+cng,8149
pune,Hyundai Eon,2018,309000,26.5K km,26500,MH,manual,petrol,4933
pune,Honda City,2017,791000,62.5K km,62500,MH,automatic,petrol,13470
pune,Honda City,2017,847000,27.5K km,27500,MH,automatic,petrol,14423
pune,Tata Nexon,2021,1034000,57.5K km,57500,MH,automatic,diesel,17782
pune,Hyundai i10,2012,245000,62.5K km,62500,MH,manual,petrol,9318
pune,Maruti Ciaz,2017,578000,109.5K km,109500,MH,automatic,petrol,9843
pune,Hyundai New Santro 1.1,2021,545000,31.5K km,31500,MH,manual,petrol+cng,8700
pune,Hyundai Eon,2018,355000,28.5K km,28500,MH,manual,petrol,5667
pune,Nissan Magnite,2021,863000,25.5K km,25500,MH,automatic,petrol,14696
pune,Hyundai Elite i20,2018,498000,66.5K km,66500,MH,manual,petrol,8480
pune,Maruti Ignis,2019,482000,50K km,50000,MH,automatic,petrol,8208
pune,Tata Tigor,2017,439000,47K km,47000,MH,manual,petrol,7475
pune,Honda City,2021,1079000,42K km,42000,MH,manual,petrol,18556
pune,Maruti Alto 800,2013,205000,76.5K km,76500,MH,manual,petrol,5685
pune,Maruti Alto K10,2024,602000,1.5K km,1500,MH,automatic,petrol,10251
pune,Maruti Alto 800,2013,202000,64.5K km,64500,MH,manual,petrol,7835
pune,Honda WR-V,2018,729000,81K km,81000,MH,manual,diesel,12414
pune,Maruti Baleno,2016,512000,79K km,79000,MH,manual,petrol,8719
pune,Maruti Swift,2012,331000,70.5K km,70500,MH,manual,petrol,12589
pune,Toyota Etios Liva,2011,237000,117.5K km,117500,MH,manual,petrol,15876
pune,Honda Amaze,2014,332000,78K km,78000,MH,manual,petrol,7125
pune,Maruti Alto K10,2017,295000,39K km,39000,MH,manual,petrol,5023
pune,Maruti Alto 800,2014,223000,50.5K km,50500,MH,manual,petrol,4965
pune,Tata Nexon,2019,809000,52K km,52000,MH,manual,diesel,13776
pune,Tata Tiago,2019,539000,22.5K km,22500,MH,manual,petrol,9178
pune,Tata Nexon,2019,728000,73K km,73000,MH,manual,diesel,12397
pune,Maruti Alto 800,2015,227000,70K km,70000,MH,manual,petrol,4320
pune,Maruti Swift,2022,616000,14.5K km,14500,MH,manual,petrol,10490
pune,Maruti Baleno,2017,507000,43.5K km,43500,MH,manual,petrol,8633
pune,Maruti Celerio,2016,405000,46.5K km,46500,MH,manual,petrol+cng,6896
pune,Maruti Vitara Brezza,2021,964000,32K km,32000,MH,automatic,petrol,16416
pune,Hyundai Grand i10,2019,449000,49.5K km,49500,MH,manual,petrol,7646
pune,Nissan Sunny,2016,552000,111.5K km,111500,MH,manual,diesel,8812
pune,Hyundai Verna,2011,345000,103.5K km,103500,MH,automatic,petrol,24651
pune,Maruti Alto 800,2016,266000,39.5K km,39500,MH,manual,petrol,4754
pune,Hyundai Venue,2023,1004000,12.5K km,12500,MH,manual,petrol,17098
pune,Maruti S-Cross,2016,571000,141K km,141000,MH,manual,diesel,10393
pune,Maruti Ciaz,2018,733000,14K km,14000,MH,manual,petrol,12482
pune,Hyundai Grand i10,2018,425000,51K km,51000,MH,manual,petrol,7237
pune,Volkswagen Polo,2011,275000,40.5K km,40500,MH,manual,petrol,18421
pune,Renault Kwid,2022,477000,39K km,39000,MH,automatic,petrol,8123
pune,Kia Seltos,2021,963000,22K km,22000,MH,manual,petrol,16399
pune,Maruti Wagon R 1.0,2023,604000,12.5K km,12500,MH,manual,petrol+cng,10285
pune,Skoda Rapid New,2021,719000,27K km,27000,MH,manual,petrol,12244
pune,Renault Triber,2021,673000,19K km,19000,MH,automatic,petrol,11460
pune,Toyota Urban Cruiser Hyryder,2023,1454000,49K km,49000,MH,manual,petrol,24999
pune,Hyundai Grand i10,2019,497000,23.5K km,23500,MH,manual,petrol,8463
pune,Maruti Alto 800,2014,215000,57K km,57000,MH,manual,petrol,4786
pune,Maruti Swift,2014,339000,57.5K km,57500,MH,manual,petrol,7275
pune,Volkswagen Polo,2017,487000,108K km,108000,MH,manual,petrol,7774
pune,Maruti Alto 800,2013,195000,74.5K km,74500,MH,manual,petrol,5407
pune,Ford EcoSport,2018,687000,115.5K km,115500,MH,manual,diesel,11699
pune,Ford EcoSport,2017,574000,66.5K km,66500,MH,manual,diesel,9774
pune,Toyota Etios Liva,2012,332000,91.5K km,91500,MH,manual,diesel,11837
pune,Hyundai Grand i10,2019,512000,52K km,52000,MH,manual,petrol,8719
pune,Maruti Ciaz,2016,509000,36K km,36000,MH,manual,petrol,8667
pune,Hyundai Elite i20,2015,521000,43K km,43000,MH,manual,petrol,9483
pune,Hyundai i20 N Line,2023,1129000,6.5K km,6500,MH,automatic,petrol,19416
pune,Maruti Ciaz,2017,669000,65.5K km,65500,MH,automatic,petrol,11392
pune,Honda City,2023,1224000,9.5K km,9500,MH,manual,petrol,21048
pune,Volkswagen Ameo,2018,529000,45.5K km,45500,MH,manual,petrol,8445
pune,Renault Triber,2023,757000,9K km,9000,MH,automatic,petrol,12891
pune,Maruti Swift Dzire,2015,424000,58.5K km,58500,MH,manual,petrol,7717
pune,Maruti Brezza,2023,1166000,26K km,26000,MH,manual,petrol,20060
pune,Maruti Ignis,2022,575000,30.5K km,30500,MH,manual,petrol,9791
pune,Maruti Ciaz,2018,725000,41K km,41000,MH,automatic,petrol,12346
pune,Hyundai i10,2012,219000,42.5K km,42500,MH,manual,petrol,8329
pune,Maruti Celerio,2015,337000,91.5K km,91500,MH,automatic,petrol,6134
pune,Maruti Ciaz,2016,604000,49.5K km,49500,MH,automatic,petrol,10285
pune,Maruti Ignis,2017,459000,50K km,50000,MH,automatic,petrol,7816
pune,Maruti Swift,2015,438000,60.5K km,60500,MH,manual,petrol,7972
pune,Renault Triber,2022,608000,27K km,27000,MH,manual,petrol,10353
pune,Hyundai Venue,2021,998000,31.5K km,31500,MH,automatic,petrol,16995
pune,Maruti Swift Dzire,2012,396000,78.5K km,78500,MH,manual,petrol,15061
pune,Honda City,2015,470000,121.5K km,121500,MH,manual,petrol,8555
pune,Hyundai Grand i10,2016,399000,36.5K km,36500,MH,manual,petrol,6794
pune,Hyundai Grand i10,2019,468000,39.5K km,39500,MH,manual,petrol,7969
pune,Skoda Kushaq,2023,1195000,27.5K km,27500,MH,manual,petrol,20554
pune,Renault Triber,2022,558000,31.5K km,31500,MH,manual,petrol,9502
pune,Maruti Vitara Brezza,2016,719000,87.5K km,87500,MH,manual,diesel,12244
pune,Hyundai Elite i20,2015,458000,147K km,147000,MH,manual,petrol,8336
pune,Hyundai Xcent,2015,383000,51K km,51000,MH,manual,petrol,6535
pune,Hyundai Grand i10,2016,437000,14K km,14000,MH,manual,petrol,7441
pune,Volkswagen Polo,2014,309000,116.5K km,116500,MH,manual,petrol,6217
pune,Hyundai Creta,2017,782000,77.5K km,77500,MH,automatic,petrol,11324
pune,Volkswagen Ameo,2017,429000,63K km,63000,MH,manual,petrol,6849
pune,Honda Jazz,2015,471000,69K km,69000,MH,automatic,petrol,8037
pune,Maruti Swift Dzire,2015,444000,63.5K km,63500,MH,manual,petrol,8081
pune,Maruti Alto 800,2012,195000,89K km,89000,MH,manual,petrol,7563
pune,Renault Triber,2023,641000,33.5K km,33500,MH,automatic,petrol,10915
pune,Hyundai Grand i10,2019,494000,88.5K km,88500,MH,manual,petrol+cng,8412
pune,Tata Harrier,2022,1729000,23K km,23000,MH,automatic,diesel,29734
pune,Maruti Swift,2016,498000,52.5K km,52500,MH,manual,petrol,8480
pune,Hyundai Grand i10,2019,478000,40.5K km,40500,MH,manual,petrol,8140
pune,Hyundai Grand i10,2015,379000,84K km,84000,MH,manual,petrol,6898
pune,Volkswagen Vento,2014,478000,64.5K km,64500,MH,manual,diesel,9617
pune,Nissan Magnite,2023,935000,30.5K km,30500,MH,automatic,petrol,15922
pune,Maruti Baleno,2020,571000,38K km,38000,MH,manual,petrol,9723
pune,Hyundai Grand i10,2019,532000,29.5K km,29500,MH,manual,petrol+cng,9059
pune,Skoda Kushaq,2023,1139000,11K km,11000,MH,manual,petrol,19588
pune,Mahindra Scorpio N,2022,1896000,49.5K km,49500,MH,automatic,diesel,32611
pune,Maruti Swift,2011,285000,54.5K km,54500,MH,manual,petrol,20364
pune,Hyundai Grand i10,2016,398000,45.5K km,45500,MH,manual,petrol,7244
pune,Mahindra Thar,2022,1233000,35.5K km,35500,MH,manual,diesel,21201
pune,Volkswagen Polo,2014,420000,60.5K km,60500,MH,manual,diesel,8450
pune,Hyundai Verna,2013,557000,86K km,86000,MH,automatic,diesel,15014
pune,Volkswagen Polo,2016,517000,50K km,50000,MH,manual,diesel,8253
pune,Hyundai Grand i10,2017,424000,123.5K km,123500,MH,manual,diesel,7220
pune,Tata Nexon,2019,723000,85.5K km,85500,MH,automatic,petrol,12312
pune,MG Gloster,2021,2877000,47K km,47000,MH,automatic,diesel,49487
pune,Honda WR-V,2018,576000,49.5K km,49500,MH,manual,petrol,9808
pune,Maruti Swift Dzire,2014,378000,52.5K km,52500,MH,manual,petrol,8112
pune,Nissan Magnite,2021,839000,25K km,25000,MH,automatic,petrol,14287
pune,Tata Tiago,2022,709000,19.5K km,19500,MH,manual,petrol+cng,12073
pune,Volkswagen Polo,2015,442000,94.5K km,94500,MH,manual,petrol,7542
pune,Hyundai Eon,2016,248000,66K km,66000,MH,manual,petrol,3959
pune,Maruti Celerio,2016,385000,67K km,67000,MH,automatic,petrol,6556
pune,Maruti Vitara Brezza,2018,782000,58.5K km,58500,MH,manual,diesel,13317
pune,Hyundai Grand i10,2017,445000,25.5K km,25500,MH,manual,petrol,7578
pune,Hyundai Venue,2020,824000,37.5K km,37500,MH,manual,diesel,14032
pune,Mahindra XUV500,2016,895000,58K km,58000,MH,manual,diesel,15995
pune,Ford Figo Aspire,2016,348000,64K km,64000,MH,automatic,petrol,5938
pune,Maruti Baleno,2016,491000,19.5K km,19500,MH,manual,petrol,8361
pune,Tata Altroz,2021,715000,33.5K km,33500,MH,manual,petrol,12176
pune,Tata Tiago,2017,393000,55.5K km,55500,MH,manual,petrol,6692
pune,Hyundai Elite i20,2014,456000,24.5K km,24500,MH,manual,petrol,9786
pune,Honda City,2017,629000,57.5K km,57500,MH,manual,petrol,10711
pune,Maruti Swift,2020,668000,40.5K km,40500,MH,manual,petrol,11375
pune,Maruti Baleno,2019,656000,41K km,41000,MH,automatic,petrol,11171
pune,Maruti Wagon R 1.2,2022,579000,30K km,30000,MH,manual,petrol,9860
pune,Maruti Baleno,2020,598000,26.5K km,26500,MH,manual,petrol,10183
pune,Volkswagen Polo,2012,323000,66.5K km,66500,MH,manual,petrol,11517
pune,Maruti Celerio,2016,392000,73.5K km,73500,MH,manual,petrol+cng,6675
pune,Maruti Swift,2014,379000,56.5K km,56500,MH,manual,petrol,8134
pune,Tata Nexon,2018,697000,68K km,68000,MH,manual,petrol,11869
pune,Maruti Baleno,2020,568000,54.5K km,54500,MH,manual,petrol,9672
pune,Hyundai Elite i20,2020,649000,24K km,24000,MH,manual,petrol,11052
pune,Maruti Baleno,2018,598000,57K km,57000,MH,manual,petrol,10183
pune,Maruti Alto K10,2012,221000,20.5K km,20500,MH,manual,petrol,8405
pune,Honda Jazz,2017,498000,45.5K km,45500,MH,automatic,petrol,7950
pune,Hyundai Grand i10,2019,522000,52K km,52000,MH,manual,petrol,8889
pune,Tata Tiago,2020,492000,37K km,37000,MH,manual,petrol,8378
pune,Toyota Glanza,2022,668000,31.5K km,31500,MH,manual,petrol,11375
pune,Hyundai Verna,2021,1085000,44.5K km,44500,MH,manual,diesel,18660
pune,Kia Sonet,2021,899000,40K km,40000,MH,manual,petrol,15309
pune,Maruti Ritz,2013,274000,60.5K km,60500,MH,manual,petrol,6924
pune,Maruti Wagon R 1.0,2012,262000,69K km,69000,MH,manual,petrol,10162
pune,Maruti Celerio,2019,407000,49K km,49000,MH,manual,petrol,6930
pune,Tata Tiago,2016,412000,32K km,32000,MH,manual,petrol,7016
pune,Hyundai Verna,2018,805000,47.5K km,47500,MH,manual,petrol,13708
pune,Honda BR-V,2018,795000,56K km,56000,MH,automatic,petrol,13538
pune,Hyundai Creta,2021,1249000,20.5K km,20500,MH,manual,petrol,21480
pune,Maruti Swift,2013,320000,51K km,51000,MH,manual,petrol,8625
pune,Hyundai Grand i10,2018,457000,77.5K km,77500,MH,manual,petrol,7782
pune,Tata Tiago,2021,527000,25.5K km,25500,MH,manual,petrol,8974
pune,Hyundai Venue,2021,897000,12.5K km,12500,MH,manual,petrol,15275
pune,Hyundai New i20,2021,712000,3K km,3000,MH,manual,petrol,12124
pune,Maruti Celerio,2017,415000,64.5K km,64500,MH,manual,petrol+cng,7067
pune,Toyota Glanza,2023,778000,28K km,28000,MH,manual,petrol+cng,13248
pune,Hyundai Grand i10,2014,390000,28.5K km,28500,MH,manual,petrol,10512
pune,Renault Kwid,2018,298000,25.5K km,25500,MH,manual,petrol,5074
pune,Hyundai Elite i20,2019,640000,68K km,68000,MH,manual,petrol,10898
pune,Tata Altroz,2022,689000,44K km,44000,MH,manual,petrol,11733
pune,Toyota Glanza,2021,668000,43.5K km,43500,MH,manual,petrol,11375
pune,Tata Tiago,2017,480000,8K km,8000,MH,automatic,petrol,8174
pune,Hyundai Venue,2021,829000,52K km,52000,MH,manual,petrol,14117
pune,Volkswagen Polo,2017,450000,46.5K km,46500,MH,manual,petrol,7184
pune,Renault Kwid,2017,281000,48.5K km,48500,MH,manual,petrol,4785
pune,Maruti Wagon R 1.0,2014,355000,51K km,51000,MH,manual,petrol+cng,7619
pune,Hyundai Elite i20,2019,599000,61.5K km,61500,MH,manual,petrol,10200
pune,Hyundai New Santro 1.1,2020,477000,17.5K km,17500,MH,manual,petrol,7615
pune,Hyundai Elite i20,2020,629000,47K km,47000,MH,manual,petrol,10711
pune,Maruti Alto 800,2017,282000,25.5K km,25500,MH,manual,petrol,5040
pune,Renault Triber,2021,519000,30K km,30000,MH,manual,petrol,8838
pune,Hyundai Grand i10 Nios,2023,594000,31K km,31000,MH,manual,petrol+cng,10115
pune,Volkswagen Vento,2022,997000,24K km,24000,MH,automatic,petrol,15917
pune,Maruti Ciaz,2018,690000,57K km,57000,MH,manual,petrol,11750
pune,Tata Altroz,2020,598000,44K km,44000,MH,manual,petrol,10183
pune,Hyundai New Santro 1.1,2019,364000,67K km,67000,MH,automatic,petrol,5811
pune,Renault Kwid,2021,444000,8.5K km,8500,MH,automatic,petrol,7561
pune,Renault Kwid,2018,303000,32K km,32000,MH,manual,petrol,5159
pune,Hyundai Eon,2012,206000,15.5K km,15500,MH,manual,petrol,13799
pune,Hyundai Eon,2017,295000,50.5K km,50500,MH,manual,petrol,4709
pune,Toyota Glanza,2022,795000,33K km,33000,MH,manual,petrol,13538
pune,Maruti Dzire,2017,599000,42.5K km,42500,MH,automatic,petrol,10200
pune,Volkswagen Virtus,2022,1239000,37.5K km,37500,MH,manual,petrol,21308
pune,Maruti Ertiga,2014,593000,65.5K km,65500,MH,manual,petrol,12726
pune,Maruti Ertiga,2013,483000,141K km,141000,MH,manual,petrol+cng,13019
pune,Ford EcoSport,2017,539000,81.5K km,81500,MH,manual,diesel,9178
pune,Skoda Slavia,2022,1549000,15.5K km,15500,MH,automatic,petrol,26640
pune,Mahindra Thar,2022,1339000,29.5K km,29500,MH,manual,diesel,23028
pune,Maruti Wagon R 1.0,2015,347000,49K km,49000,MH,manual,petrol+cng,6316
pune,Tata Nexon,2021,1122000,21K km,21000,MH,automatic,diesel,19295
pune,Tata Tiago,2016,415000,46.5K km,46500,MH,manual,petrol,7067
pune,Honda Brio,2013,244000,64K km,64000,MH,manual,petrol,6165
pune,Hyundai Grand i10,2013,323000,94K km,94000,MH,manual,petrol,8706
pune,Tata Nexon,2022,915000,19K km,19000,MH,manual,petrol,15581
pune,Maruti Baleno,2017,514000,41.5K km,41500,MH,manual,petrol,8753
pune,Maruti Alto 800,2019,309000,34K km,34000,MH,manual,petrol,5522
pune,Tata Altroz,2024,902000,5K km,5000,MH,manual,petrol,15360
pune,Renault Kiger,2022,609000,30K km,30000,MH,automatic,petrol,10370
pune,Ford Figo,2020,459000,75.5K km,75500,MH,manual,diesel,8354
pune,Hyundai i10,2013,267000,20.5K km,20500,MH,manual,petrol,7197
pune,Hyundai Elite i20,2015,507000,70.5K km,70500,MH,manual,petrol,9228
pune,Hyundai Elite i20,2018,640000,36.5K km,36500,MH,manual,petrol,10898
pune,Maruti Ignis,2019,443000,73.5K km,73500,MH,manual,petrol,7544
pune,Maruti Baleno,2024,868000,20K km,20000,MH,manual,petrol+cng,14781
pune,Tata Punch,2022,644000,22K km,22000,MH,manual,petrol,10966
pune,Hyundai Eon,2014,243000,50.5K km,50500,MH,manual,petrol,6140
pune,Hyundai Grand i10,2017,444000,26.5K km,26500,MH,automatic,petrol,7561
pune,Hyundai Grand i10,2018,518000,42.5K km,42500,MH,automatic,petrol,8821
pune,Hyundai New Santro 1.1,2020,508000,55K km,55000,MH,manual,petrol+cng,8110
pune,Renault Kwid,2022,499000,13.5K km,13500,MH,automatic,petrol,8497
pune,Hyundai Venue,2019,765000,44.5K km,44500,MH,manual,petrol,13027
pune,Tata Tigor,2017,392000,89K km,89000,MH,manual,petrol,6675
pune,Hyundai Creta,2016,689000,126K km,126000,MH,manual,petrol,11733
pune,Honda Amaze,2018,531000,44.5K km,44500,MH,manual,petrol+cng,9042
pune,Honda Amaze,2015,412000,2.5K km,2500,MH,manual,petrol,7499
pune,Honda Amaze,2022,795000,10.5K km,10500,MH,manual,petrol,13538
pune,Maruti Ciaz,2016,580000,86.5K km,86500,MH,manual,petrol,9877
pune,Hyundai Xcent,2016,399000,62K km,62000,MH,manual,petrol,6808
pune,Tata Tiago,2016,412000,51K km,51000,MH,manual,petrol+cng,7016
pune,Tata Zest,2016,352000,59K km,59000,MH,manual,petrol,5994
pune,Hyundai i10,2013,281000,26.5K km,26500,MH,manual,petrol,7574
pune,Hyundai New Santro 1.1,2019,462000,73K km,73000,MH,manual,petrol+cng,7375
pune,Maruti Ciaz,2017,604000,79.5K km,79500,MH,automatic,petrol,10285
pune,Maruti Dzire,2017,579000,48.5K km,48500,MH,automatic,petrol,9860
pune,Maruti Baleno,2022,847000,8K km,8000,MH,manual,petrol,14423
pune,Maruti Vitara Brezza,2020,878000,46.5K km,46500,MH,automatic,diesel,14951
pune,Maruti Wagon R 1.0,2010,168000,32.5K km,32500,MH,manual,petrol,
pune,Hyundai Grand i10,2013,339000,76.5K km,76500,MH,manual,petrol,9137
pune,Hyundai Grand i10,2014,371000,80K km,80000,MH,manual,petrol,7962
pune,Honda City,2016,593000,70.5K km,70500,MH,automatic,petrol,10098
pune,Hyundai Grand i10,2015,411000,44K km,44000,MH,manual,petrol,7481
pune,Tata Punch,2021,718000,26.5K km,26500,MH,automatic,petrol,12227
pune,Hyundai New Santro 1.1,2019,407000,9.5K km,9500,MH,manual,petrol,6497
pune,Tata Tigor,2017,354000,72K km,72000,MH,manual,petrol,6028
pune,Maruti Vitara Brezza,2016,698000,72K km,72000,MH,manual,diesel,11886
pune,Maruti Swift,2019,618000,31K km,31000,MH,automatic,petrol,10524
pune,Maruti Baleno,2018,543000,59.5K km,59500,MH,manual,petrol,9246
pune,Volkswagen Vento,2013,351000,97K km,97000,MH,manual,petrol,8869
pune,Toyota Etios,2012,242000,92K km,92000,MH,manual,petrol,16211
pune,Maruti Wagon R 1.0,2014,298000,85K km,85000,MH,manual,petrol+cng,6395
pune,Hyundai Venue,2020,862000,12.5K km,12500,MH,manual,petrol,14679
pune,Tata Punch,2022,759000,31.5K km,31500,MH,manual,petrol,12925
pune,Maruti Celerio,2015,367000,24.5K km,24500,MH,automatic,petrol,6680
pune,Renault Kiger,2022,614000,21.5K km,21500,MH,manual,petrol,10456
pune,Renault Kiger,2022,598000,41K km,41000,MH,manual,petrol,10183
pune,Mahindra XUV500,2016,718000,54K km,54000,MH,manual,diesel,12832
pune,MG Hector,2021,1429000,52.5K km,52500,MH,automatic,petrol,24575
pune,Volkswagen Polo,2014,349000,86K km,86000,MH,manual,diesel,8819
pune,Volkswagen Polo,2016,475000,112.5K km,112500,MH,manual,diesel,7583
pune,Maruti Ciaz,2015,486000,70K km,70000,MH,manual,petrol,8846
pune,Maruti Baleno,2017,512000,49.5K km,49500,MH,manual,petrol,8719
pune,Hyundai Verna,2023,1139000,19.5K km,19500,MH,manual,petrol,19583
pune,Hyundai Creta,2020,1459000,26.5K km,26500,MH,manual,diesel,25092
pune,Tata Nano,2015,155000,57.5K km,57500,MH,manual,petrol,3118
pune,Honda City,2014,480000,87K km,87000,MH,manual,diesel,10301
pune,Toyota Corolla Altis,2015,612000,56K km,56000,MH,manual,petrol,11139
pune,Renault Kiger,2022,773000,43.5K km,43500,MH,manual,petrol,13161
pune,Tata Punch,2023,661000,19K km,19000,MH,manual,petrol,11256
pune,Hyundai Elite i20,2016,512000,62.5K km,62500,MH,manual,petrol,8719
pune,Maruti Celerio,2020,468000,46.5K km,46500,MH,manual,petrol,7969
pune,Tata Tiago,2022,608000,17K km,17000,MH,manual,petrol,10353
pune,Maruti Estilo,2012,177000,30.5K km,30500,MH,manual,petrol,12647
pune,Skoda Rapid,2014,366000,98K km,98000,MH,manual,petrol,7364
pune,Hyundai Grand i10,2016,419000,27K km,27000,MH,manual,petrol,7626
pune,Renault Kiger,2021,606000,10.5K km,10500,MH,automatic,petrol,10319
pune,Honda City,2014,601000,51.5K km,51500,MH,automatic,petrol,12898
pune,Datsun GO,2014,195000,50.5K km,50500,MH,manual,petrol,13933
pune,Honda City,2015,575000,54.5K km,54500,MH,manual,petrol,10466
pune,Hyundai Verna,2014,428000,102K km,102000,MH,manual,diesel,9185
pune,Ford Figo,2012,220000,47K km,47000,MH,manual,petrol,
pune,Kia Sonet,2022,1178000,32.5K km,32500,MH,manual,diesel,20259
pune,Renault Kwid,2019,330000,53.5K km,53500,MH,manual,petrol,5619
pune,Tata Tiago,2022,651000,52K km,52000,MH,manual,petrol+cng,11086
pune,Maruti Wagon R 1.0,2016,383000,26K km,26000,MH,automatic,petrol,7289
pune,Tata Punch,2022,722000,35.5K km,35500,MH,automatic,petrol,12295
pune,Maruti Alto K10,2015,242000,56.5K km,56500,MH,manual,petrol,4404
pune,Honda City,2014,490000,79K km,79000,MH,manual,petrol,10516
pune,Maruti Alto K10,2016,298000,55.5K km,55500,MH,automatic,petrol,5074
pune,Hyundai Eon,2015,242000,39.5K km,39500,MH,manual,petrol,4129
pune,Maruti Brezza,2023,1193000,15K km,15000,MH,manual,petrol,20520
pune,Honda Amaze,2023,897000,9.5K km,9500,MH,automatic,petrol,15275
pune,Hyundai Venue,2023,849000,16K km,16000,MH,manual,petrol,14457
pune,Volkswagen Ameo,2016,376000,60.5K km,60500,MH,manual,petrol,6002
pune,Volkswagen Vento,2014,319000,73K km,73000,MH,manual,petrol,8061
pune,Tata Tiago,2016,381000,47.5K km,47500,MH,manual,petrol,6488
pune,Maruti Swift Dzire,2016,526000,40.5K km,40500,MH,manual,petrol,8957
pune,Hyundai Elite i20,2020,590000,53.5K km,53500,MH,manual,petrol,10047
pune,Maruti Dzire,2024,768000,4.5K km,4500,MH,manual,petrol,13078
pune,Tata Nexon,2022,954000,16.5K km,16500,MH,manual,petrol,16241
pune,Maruti Ritz,2014,295000,48K km,48000,MH,manual,petrol,5935
pune,Hyundai Xcent,2017,440000,72.5K km,72500,MH,manual,petrol,7024
pune,Tata Nexon,2023,1134000,9K km,9000,MH,automatic,petrol,19498
pune,Maruti Baleno,2024,835000,5K km,5000,MH,manual,petrol,14219
pune,Ford Freestyle,2021,598000,76.5K km,76500,MH,manual,diesel,10183
pune,Tata Nexon,2022,997000,20.5K km,20500,MH,manual,petrol,16978
pune,Renault Kiger,2023,710000,8.5K km,8500,MH,manual,petrol,12090
pune,Renault Kwid,2016,252000,69K km,69000,MH,manual,petrol,4587
pune,Hyundai i10,2013,267000,58.5K km,58500,MH,manual,petrol,7197
pune,Hyundai Grand i10 Nios,2020,568000,68K km,68000,MH,manual,petrol+cng,9672
pune,Maruti Swift,2014,395000,58.5K km,58500,MH,manual,petrol,8477
pune,Hyundai Elite i20,2016,529000,39.5K km,39500,MH,manual,petrol,9008
pune,Tata Zest,2015,349000,81K km,81000,MH,manual,petrol,6352
pune,Maruti Alto K10,2019,389000,28K km,28000,MH,automatic,petrol,6624
pune,Tata Tiago,2017,356000,76.5K km,76500,MH,manual,petrol,6062
pune,Hyundai i20 Active,2017,489000,58K km,58000,MH,manual,petrol,8327
pune,Maruti Baleno,2016,477000,46.5K km,46500,MH,manual,petrol,8123
pune,Kia Seltos,2020,1418000,30.5K km,30500,MH,automatic,petrol,24387
pune,Hyundai Grand i10 Nios,2022,632000,31.5K km,31500,MH,manual,petrol+cng,10762
pune,Hyundai Aura,2023,794000,23K km,23000,MH,manual,petrol+cng,13521
pune,Hyundai Grand i10,2017,439000,66K km,66000,MH,manual,petrol,7475
pune,Renault Duster,2020,732000,79K km,79000,MH,manual,diesel,12465
pune,Tata Zest,2015,334000,119K km,119000,MH,manual,petrol,6079
pune,Mahindra TUV300,2016,619000,75.5K km,75500,MH,manual,diesel,10541
pune,Volkswagen Vento,2016,688000,78K km,78000,MH,automatic,diesel,10983
pune,Tata Punch,2022,716000,7K km,7000,MH,manual,petrol,12193
pune,Maruti Alto K10,2017,339000,24K km,24000,MH,manual,petrol,5772
pune,Kia Seltos,2021,1239000,24.5K km,24500,MH,manual,petrol,21308
pune,Mahindra XUV500,2020,929000,118K km,118000,MH,manual,diesel,16603
pune,Hyundai Eon,2018,273000,77.5K km,77500,MH,manual,petrol,4358
pune,Tata Punch,2023,656000,16K km,16000,MH,manual,petrol,11171
pune,Maruti Dzire,2018,581000,42K km,42000,MH,automatic,petrol,9894
pune,Maruti Baleno,2017,504000,44K km,44000,MH,manual,petrol,8582
pune,Maruti Baleno,2017,570000,28K km,28000,MH,manual,petrol,9706
pune,Hyundai New Santro 1.1,2019,412000,78.5K km,78500,MH,manual,petrol+cng,6577
pune,Hyundai Verna,2023,1278000,26K km,26000,MH,manual,petrol,21978
pune,Maruti Ertiga,2014,522000,104.5K km,104500,MH,manual,petrol,11203
pune,Tata Nexon,2018,649000,43.5K km,43500,MH,manual,petrol,11052
pune,Maruti Swift,2022,771000,22K km,22000,MH,automatic,petrol,13129
pune,Hyundai Xcent,2015,394000,74.5K km,74500,MH,manual,petrol,6723
pune,Maruti Alto K10,2017,287000,41.5K km,41500,MH,manual,petrol,4887
pune,Toyota Corolla Altis,2019,1017000,45.5K km,45500,MH,automatic,petrol,17318
pune,Maruti Alto K10,2019,384000,19K km,19000,MH,manual,petrol,6539
pune,Maruti Ciaz,2015,408000,97.5K km,97500,MH,manual,petrol,7426
pune,Maruti Celerio,2018,413000,62.5K km,62500,MH,manual,petrol,7033
pune,Maruti Baleno,2020,579000,22K km,22000,MH,manual,petrol,9860
pune,Renault Kwid,2022,444000,17.5K km,17500,MH,manual,petrol,7561
pune,Maruti Celerio,2018,467000,22.5K km,22500,MH,automatic,petrol,7952
pune,Maruti Alto 800,2016,289000,47.5K km,47500,MH,manual,petrol+cng,5165
pune,Volkswagen Vento,2016,678000,79K km,79000,MH,manual,diesel,10824
pune,Volkswagen Polo,2015,406000,64.5K km,64500,MH,manual,petrol,6928
pune,Tata Nexon,2023,895000,15.5K km,15500,MH,manual,petrol,15241
pune,Nissan Magnite,2022,549000,8.5K km,8500,MH,manual,petrol,9349
pune,Kia Sonet,2020,1001000,22K km,22000,MH,manual,petrol,17046
pune,Renault Triber,2022,588000,43K km,43000,MH,manual,petrol,10013
pune,Tata Nexon,2024,1068000,5K km,5000,MH,manual,petrol,18374
pune,Maruti Brezza,2023,1205000,0.5K km,500,MH,manual,petrol,20724
pune,Maruti Vitara Brezza,2016,698000,90.5K km,90500,MH,manual,diesel,11886
pune,Hyundai Verna,2018,897000,54K km,54000,MH,manual,diesel,15275
pune,Maruti Ciaz,2018,741000,51.5K km,51500,MH,automatic,petrol,12618
pune,Renault Triber,2021,606000,37.5K km,37500,MH,manual,petrol,10319
pune,Tata Tiago,2023,728000,24K km,24000,MH,manual,petrol+cng,12397
pune,Renault Triber,2023,756000,17K km,17000,MH,automatic,petrol,12874
pune,Honda Amaze,2019,631000,39K km,39000,MH,manual,petrol,10745
pune,Hyundai Grand i10,2015,353000,73.5K km,73500,MH,manual,petrol,7576
pune,Tata Nexon,2019,650000,97K km,97000,MH,manual,diesel,11069
pune,Maruti Celerio,2017,466000,26K km,26000,MH,automatic,petrol,7935
pune,Hyundai Grand i10,2019,558000,9.5K km,9500,MH,manual,petrol+cng,9502
pune,Mahindra Thar,2020,1085000,30.5K km,30500,MH,manual,diesel,18664
pune,Maruti Brezza,2023,1205000,12K km,12000,MH,automatic,petrol,20724
pune,Maruti Ciaz,2019,758000,68.5K km,68500,MH,automatic,petrol,12908
pune,Hyundai i20 N Line,2021,945000,39.5K km,39500,MH,automatic,petrol,16092
delhi,Ford Figo Aspire,2016,387000,29K km,29000,DL,manual,petrol,6178
delhi,Kia Seltos,2021,1049000,89K km,89000,DL,manual,petrol,18040
delhi,Hyundai Grand i10,2018,509000,40.5K km,40500,UP,automatic,petrol,8667
delhi,Hyundai Elite i20,2018,537000,15.5K km,15500,DL,manual,petrol,9144
delhi,Hyundai Verna,2019,937000,47.5K km,47500,DL,automatic,petrol,15956
delhi,Tata Punch,2023,828000,11K km,11000,DL,automatic,petrol,14100
delhi,Tata Nexon,2019,668000,29.5K km,29500,DL,automatic,petrol,11375
delhi,Maruti Baleno,2021,718000,31K km,31000,UP,automatic,petrol,12227
delhi,Tata Punch,2021,627000,25.5K km,25500,DL,manual,petrol,10677
delhi,Maruti Baleno,2018,528000,28K km,28000,DL,manual,petrol,8991
delhi,Datsun Redi-GO,2019,197000,39.5K km,39500,DL,manual,petrol,4228
delhi,Toyota Yaris,2020,614000,48K km,48000,DL,manual,petrol,9802
delhi,Honda Amaze,2013,295000,97K km,97000,DL,automatic,petrol,7951
delhi,Hyundai Creta,2017,693000,108K km,108000,DL,automatic,petrol,11801
delhi,Maruti Swift Dzire,2013,302000,39.5K km,39500,DL,manual,petrol,8140
delhi,Honda Amaze,2014,358000,51K km,51000,DL,manual,petrol,7683
delhi,Tata Tiago,2018,418000,35K km,35000,UP,manual,petrol,7118
delhi,Honda City,2015,580000,33K km,33000,UP,automatic,petrol,10557
delhi,Maruti Ignis,2022,597000,23.5K km,23500,UP,automatic,petrol,10166
delhi,Volvo V40 Cross Country,2016,1180000,50K km,50000,UP,automatic,petrol,20293
delhi,Mercedes GLC,2017,3150000,61K km,61000,DL,automatic,petrol,54176
delhi,Mercedes GLA,2017,1970000,40K km,40000,HR,automatic,petrol,33881
delhi,Maruti Swift Dzire,2016,412000,46K km,46000,DL,manual,petrol,7016
delhi,Maruti Wagon R 1.0,2020,477000,24K km,24000,DL,manual,petrol+cng,8123
delhi,Maruti S-Cross,2021,723000,22K km,22000,UP,manual,petrol,12312
delhi,Maruti Celerio X,2019,460000,27K km,27000,DL,manual,petrol,7707
delhi,Kia Sonet,2022,920000,45K km,45000,DL,manual,petrol,15667
delhi,Tata Nexon,2021,754000,10.5K km,10500,DL,manual,petrol,12840
delhi,Honda WR-V,2019,698000,38K km,38000,DL,manual,petrol,11886
delhi,Kia Sonet,2021,854000,50.5K km,50500,DL,manual,petrol,14543
delhi,Hyundai Aura,2022,602000,32K km,32000,UP,manual,petrol,10251
delhi,Honda City,2014,418000,115K km,115000,UP,manual,petrol,8971
delhi,Tata Nexon,2020,895000,45.5K km,45500,DL,automatic,diesel,15241
delhi,Maruti Alto,2012,165000,93K km,93000,DL,manual,petrol,6275
delhi,Tata Tiago,2019,432000,68K km,68000,DL,manual,diesel,7356
delhi,Hyundai Creta,2019,897000,85.5K km,85500,DL,automatic,diesel,15275
delhi,Honda City,2021,1168000,40K km,40000,DL,automatic,petrol,20087
delhi,Honda Jazz,2016,434000,77K km,77000,DL,manual,petrol,6928
delhi,Maruti Ciaz,2017,519000,87.5K km,87500,DL,manual,petrol,8838
delhi,Mercedes GLA,2019,2300000,50K km,50000,DL,automatic,petrol,39556
delhi,BMW X1,2020,2950000,21K km,21000,HR,automatic,petrol,50736
delhi,Mercedes C-Class,2017,2500000,63K km,63000,HR,automatic,petrol,42996
delhi,Volkswagen Polo,2019,624000,42K km,42000,DL,manual,petrol,9962
delhi,Kia Sonet,2021,896000,24.5K km,24500,UP,manual,petrol,15258
delhi,Kia Sonet,2022,978000,12K km,12000,DL,manual,petrol,16654
delhi,Kia Sonet,2020,907000,48.5K km,48500,DL,manual,petrol,15445
delhi,Hyundai Venue,2022,931000,3K km,3000,DL,manual,petrol,15854
delhi,Hyundai New i20,2023,830000,28K km,28000,DL,manual,petrol,14134
delhi,Honda Jazz,2022,875000,22.5K km,22500,DL,automatic,petrol,13969
delhi,Maruti Baleno,2018,494000,46K km,46000,DL,manual,petrol,8412
delhi,Hyundai Venue,2021,946000,52.5K km,52500,DL,automatic,petrol,16109
delhi,Hyundai Elite i20,2018,557000,35K km,35000,DL,manual,petrol,9485
delhi,Hyundai i20 N Line,2021,829000,69K km,69000,DL,automatic,petrol,14117
delhi,Kia Sonet,2020,968000,94K km,94000,UP,automatic,diesel,16484
delhi,Maruti Ciaz,2020,793000,82K km,82000,DL,automatic,petrol,13504
delhi,Hyundai Verna,2013,410000,47K km,47000,DL,manual,petrol,11051
delhi,Hyundai Elite i20,2016,447000,109K km,109000,DL,manual,petrol,7612
delhi,Hyundai New i20,2020,712000,89K km,89000,DL,automatic,petrol,12124
delhi,Tata Tiago,2017,402000,33.5K km,33500,DL,manual,petrol,6845
delhi,Tata Nexon,2019,674000,45K km,45000,DL,manual,petrol,11477
delhi,Mercedes GLA,2016,1800000,57K km,57000,DL,automatic,petrol,30957
delhi,BMW 3 Series GT,2018,2650000,56.5K km,56500,HR,automatic,petrol,45576
delhi,Tata Nexon,2020,875000,43K km,43000,DL,automatic,petrol,14900
delhi,Hyundai Elite i20,2018,544000,50.5K km,50500,DL,manual,petrol,9264
delhi,Tata Tigor,2024,809000,10K km,10000,DL,manual,petrol+cng,13776
delhi,Hyundai Venue,2022,857000,37K km,37000,DL,manual,petrol,14594
delhi,Maruti Vitara Brezza,2022,871000,23.5K km,23500,DL,manual,petrol,14832
delhi,Hyundai Creta,2019,998000,55K km,55000,DL,automatic,petrol,16995
delhi,Skoda Slavia,2022,1378000,44.5K km,44500,UP,automatic,petrol,23699
delhi,Maruti Ciaz,2016,551000,71.5K km,71500,DL,manual,petrol,9383
delhi,Maruti Ciaz,2016,563000,60K km,60000,DL,manual,petrol,9587
delhi,Hyundai Venue,2023,978000,20K km,20000,DL,manual,petrol,16654
delhi,Ford EcoSport,2021,765000,56K km,56000,UP,manual,petrol,13027
delhi,Hyundai Elite i20,2017,475000,55K km,55000,DL,manual,petrol,8088
delhi,Hyundai Creta,2016,644000,67K km,67000,DL,manual,petrol,10966
delhi,Kia Seltos,2020,1185000,67K km,67000,UP,automatic,diesel,20379
delhi,Honda Amaze,2015,326000,95K km,95000,DL,manual,petrol,5934
delhi,Kia Seltos,2020,1138000,79K km,79000,DL,manual,petrol,19571
delhi,Hyundai Verna,2021,1109000,64.5K km,64500,DL,automatic,petrol,19072
delhi,Hyundai Elite i20,2015,421000,97.5K km,97500,UP,manual,petrol,7663
delhi,Kia Carnival,2020,2428000,50K km,50000,DL,automatic,diesel,41756
delhi,Audi Q3,2018,1970000,66.5K km,66500,UP,automatic,petrol,33881
delhi,Maruti Baleno,2021,519000,37K km,37000,DL,manual,petrol,8838
delhi,Kia Seltos,2021,1059000,26K km,26000,DL,manual,petrol,18212
delhi,Kia Seltos,2019,1177000,16K km,16000,DL,automatic,petrol,20242
delhi,Ford EcoSport,2018,624000,39K km,39000,DL,automatic,petrol,10626
delhi,Hyundai Creta,2020,1239000,77.5K km,77500,DL,automatic,petrol,21308
delhi,Maruti Baleno,2018,478000,61K km,61000,DL,manual,petrol,8140
delhi,Hyundai Aura,2021,639000,17.5K km,17500,DL,manual,petrol,10881
delhi,Maruti Ciaz,2022,949000,29K km,29000,DL,automatic,petrol,16160
delhi,Maruti Vitara Brezza,2021,814000,39K km,39000,DL,manual,petrol,13861
delhi,Toyota Etios Liva,2019,478000,69.5K km,69500,DL,manual,petrol,7631
delhi,Honda City,2015,460000,60.5K km,60500,DL,manual,petrol,8373
delhi,Honda Jazz,2017,409000,88.5K km,88500,UP,manual,petrol,6529
delhi,Hyundai Verna,2013,445000,40.5K km,40500,DL,manual,petrol,11995
delhi,Maruti Swift,2013,284000,66.5K km,66500,DL,manual,petrol,7655
delhi,Maruti S-Cross,2020,790000,83K km,83000,DL,automatic,petrol,13453
delhi,Honda Amaze,2017,426000,57K km,57000,DL,manual,petrol,7254
delhi,Maruti Wagon R 1.0,2013,243000,35.5K km,35500,DL,manual,petrol,6738
delhi,Hyundai New Santro 1.1,2019,420000,85K km,85000,DL,manual,petrol+cng,6705
delhi,Honda City,2014,453000,62.5K km,62500,DL,manual,petrol,9722
delhi,Audi A3,2019,1950000,62K km,62000,DL,automatic,petrol,33537
delhi,Hyundai Venue,2022,1039000,24K km,24000,UP,automatic,petrol,17868
delhi,Hyundai Venue,2022,1032000,33K km,33000,UP,manual,petrol,17748
delhi,Hyundai Venue,2021,973000,23.5K km,23500,UP,manual,petrol,16569
delhi,Maruti Baleno,2016,460000,18K km,18000,DL,manual,petrol,7833
delhi,Hyundai Grand i10,2015,420000,16K km,16000,UP,manual,petrol,7645
delhi,Maruti Ciaz,2020,779000,39.5K km,39500,DL,automatic,petrol,13265
delhi,Renault Triber,2020,530000,45K km,45000,UP,automatic,petrol,9025
delhi,Hyundai New i20,2022,768000,17K km,17000,DL,manual,petrol,13078
delhi,Hyundai Grand i10,2014,367000,44.5K km,44500,DL,manual,petrol,7876
delhi,Tata Tiago NRG,2019,440000,20.5K km,20500,DL,manual,petrol,7492
delhi,Maruti Wagon R 1.0,2012,228000,17.5K km,17500,DL,manual,petrol,8843
delhi,Hyundai Creta,2018,839000,95K km,95000,UP,manual,petrol,14287
delhi,Hyundai Venue,2022,872000,49K km,49000,DL,manual,petrol,14849
delhi,Tata Punch,2022,668000,37.5K km,37500,DL,manual,petrol,11375
delhi,Maruti Ertiga,2013,492000,44K km,44000,DL,manual,petrol+cng,13261
delhi,Hyundai Venue,2021,833000,98K km,98000,DL,automatic,petrol,14185
delhi,Honda City,2017,630000,92.5K km,92500,DL,automatic,petrol,10728
delhi,Hyundai Xcent,2014,316000,102.5K km,102500,DL,manual,petrol,6358
delhi,Maruti Swift,2020,611000,64K km,64000,DL,automatic,petrol,10404
delhi,Mercedes C-Class,2020,3450000,33K km,33000,DL,automatic,petrol,59336
delhi,Ford EcoSport,2018,604000,90K km,90000,DL,manual,petrol,10285
delhi,Maruti Baleno,2018,619000,50K km,50000,DL,automatic,petrol,10541
delhi,Hyundai Creta,2016,697000,88.5K km,88500,UP,manual,petrol,11869
delhi,Hyundai New i20,2022,960000,20.5K km,20500,UP,automatic,petrol,16348
delhi,Hyundai Elite i20,2020,722000,15.5K km,15500,DL,automatic,petrol,12295
delhi,Hyundai New Santro 1.1,2018,397000,33.5K km,33500,DL,manual,petrol,6338
delhi,Hyundai New Santro 1.1,2021,476000,24.5K km,24500,DL,manual,petrol,7599
delhi,Hyundai New Santro 1.1,2019,462000,56.5K km,56500,DL,manual,petrol+cng,7375
delhi,Nissan Magnite,2021,825000,24K km,24000,DL,automatic,petrol,14049
delhi,Hyundai Creta,2018,924000,54.5K km,54500,DL,automatic,petrol,15735
delhi,Maruti Ertiga,2014,475000,95K km,95000,DL,manual,petrol+cng,10194
delhi,Hyundai Grand i10,2017,498000,31K km,31000,DL,automatic,petrol,8480
delhi,Maruti Celerio,2015,272000,55.5K km,55500,DL,manual,petrol,4951
delhi,Honda City,2013,359000,41K km,41000,DL,manual,petrol,9676
delhi,Maruti Celerio,2018,352000,101K km,101000,DL,manual,petrol,5994
delhi,Hyundai New Santro 1.1,2020,511000,30.5K km,30500,DL,manual,petrol+cng,8158
delhi,Maruti Baleno,2016,453000,40K km,40000,DL,manual,petrol,7714
delhi,Volkswagen Polo,2013,334000,96.5K km,96500,DL,manual,petrol,8440
delhi,Hyundai Grand i10 Nios,2021,570000,21.5K km,21500,DL,manual,petrol,9706
delhi,Ford EcoSport,2014,425000,112K km,112000,DL,automatic,petrol,9121
delhi,Maruti Ciaz,2018,631000,67K km,67000,UP,manual,petrol,10745
delhi,Renault Triber,2020,479000,28.5K km,28500,DL,manual,petrol,8157
delhi,Ford EcoSport,2016,488000,57K km,57000,DL,manual,petrol,8310
delhi,Mahindra Thar,2020,1102000,52.5K km,52500,UP,manual,diesel,18952
delhi,Tata Altroz,2021,639000,43K km,43000,UP,manual,petrol,10881
delhi,Maruti Ciaz,2016,579000,48K km,48000,UP,manual,petrol,9860
delhi,Tata Nexon,2021,917000,31.5K km,31500,DL,automatic,petrol,15615
delhi,Hyundai Elite i20,2015,418000,53.5K km,53500,DL,manual,petrol,7608
delhi,Tata Tiago,2021,561000,35K km,35000,DL,automatic,petrol,9553
delhi,Tata Nexon,2022,789000,56K km,56000,DL,automatic,petrol,13436
delhi,Maruti Wagon R 1.0,2013,229000,84K km,84000,DL,manual,petrol,6350
delhi,Hyundai i10,2013,204000,75K km,75000,DL,manual,petrol,5498
delhi,Hyundai Verna,2013,390000,71.5K km,71500,DL,manual,petrol,10512
delhi,Maruti Swift,2014,338000,73.5K km,73500,DL,manual,petrol,7254
delhi,Honda City,2016,597000,114K km,114000,DL,automatic,petrol,10166
delhi,Hyundai Elite i20,2017,490000,111K km,111000,UP,manual,petrol,8344
delhi,Renault Duster,2019,578000,61K km,61000,DL,manual,diesel,9843
delhi,Toyota Glanza,2021,612000,21K km,21000,DL,manual,petrol,10422
delhi,Hyundai i10,2011,201000,56.5K km,56500,DL,manual,petrol,14362
delhi,Ford Figo,2012,201000,84K km,84000,DL,manual,petrol,
delhi,Tata Tiago,2019,541000,25.5K km,25500,UP,automatic,petrol,9212
delhi,Tata Altroz,2023,726000,12.5K km,12500,UP,automatic,petrol,12363
delhi,Renault Kiger,2022,895000,7.5K km,7500,DL,automatic,petrol,15241
delhi,Tata Altroz,2022,668000,29K km,29000,DL,manual,petrol+cng,11375
delhi,Kia Sonet,2021,846000,55.5K km,55500,DL,manual,petrol,14406
delhi,Tata Nexon,2022,925000,46K km,46000,DL,manual,petrol,15752
delhi,Honda City,2019,696000,52.5K km,52500,UP,manual,petrol,11852
delhi,Nissan Magnite,2021,795000,31K km,31000,DL,automatic,petrol,13538
delhi,Maruti Alto 800,2021,349000,13.5K km,13500,DL,manual,petrol,6237
delhi,Mahindra Thar,2021,1127000,62.5K km,62500,UP,automatic,petrol,19382
delhi,Honda Amaze,2022,688000,27K km,27000,UP,automatic,petrol,11716
delhi,Honda City,2015,450000,75.5K km,75500,DL,manual,petrol,8191
delhi,Maruti Baleno,2016,404000,73.5K km,73500,DL,manual,petrol,6879
delhi,Volkswagen Polo,2013,336000,39K km,39000,DL,manual,petrol,8490
delhi,Maruti Wagon R 1.0,2014,229000,61.5K km,61500,UP,manual,petrol,5098
delhi,Renault Kwid,2022,358000,17.5K km,17500,DL,manual,petrol,6096
delhi,Maruti Celerio,2017,303000,107K km,107000,DL,manual,petrol,5159
delhi,Volkswagen Polo,2016,430000,54K km,54000,DL,manual,petrol+cng,7322
delhi,Honda Amaze,2014,321000,53.5K km,53500,DL,manual,petrol,6889
delhi,Hyundai i20 Active,2015,441000,57.5K km,57500,DL,manual,petrol,8027
delhi,Renault Kiger,2022,630000,9K km,9000,DL,manual,petrol,10728
delhi,Tata Nexon,2021,825000,32K km,32000,UP,manual,petrol,14049
delhi,Hyundai Elite i20,2018,624000,35.5K km,35500,UP,manual,petrol,10626
delhi,Maruti Baleno,2018,554000,51.5K km,51500,DL,manual,petrol,9434
delhi,Mahindra XUV700,2022,2059000,26K km,26000,UP,automatic,petrol,35410
delhi,Maruti Baleno,2018,483000,49.5K km,49500,DL,manual,petrol,8225
delhi,Tata Tigor,2022,633000,70.5K km,70500,DL,manual,petrol+cng,10779
delhi,Hyundai Elite i20,2015,409000,67K km,67000,DL,manual,petrol,7444
delhi,Renault Triber,2021,598000,65K km,65000,UP,automatic,petrol,10183
delhi,Honda BR-V,2016,571000,86K km,86000,DL,manual,petrol,9723
delhi,Tata Tigor,2022,640000,59.5K km,59500,DL,manual,petrol+cng,10898
delhi,Maruti Celerio,2017,376000,95.5K km,95500,DL,automatic,petrol,6403
delhi,Maruti Swift Dzire,2013,344000,26K km,26000,DL,manual,petrol,9272
delhi,Hyundai Verna,2019,840000,89K km,89000,UP,automatic,petrol,14304
delhi,Maruti Wagon R Stingray,2013,244000,28.5K km,28500,DL,manual,petrol,6577
delhi,Hyundai i20,2011,207000,43.5K km,43500,DL,manual,petrol,14790
delhi,Hyundai i10,2012,202000,68.5K km,68500,DL,manual,petrol,7682
delhi,Hyundai Creta,2016,633000,113K km,113000,DL,manual,petrol,10779
delhi,Honda City,2013,315000,76K km,76000,DL,manual,petrol,8490
delhi,Toyota Glanza,2022,740000,41K km,41000,DL,manual,petrol,12601
delhi,Maruti Swift,2020,468000,33K km,33000,DL,manual,petrol,7969
delhi,Honda Amaze,2022,732000,55K km,55000,UP,automatic,petrol,12465
delhi,Tata Nexon,2023,919000,34.5K km,34500,DL,manual,petrol,15650
delhi,Maruti Ciaz,2016,541000,65K km,65000,UP,manual,petrol,9212
delhi,Hyundai Creta,2016,720000,67.5K km,67500,UP,automatic,petrol,12261
delhi,Hyundai Venue,2021,829000,22.5K km,22500,UP,manual,petrol,14117
delhi,Maruti Baleno,2018,501000,38K km,38000,DL,manual,petrol,8531
delhi,Honda City,2016,575000,79K km,79000,DL,automatic,petrol,9791
delhi,Hyundai Creta,2016,747000,44K km,44000,DL,automatic,petrol,12720
delhi,Renault Kwid,2021,412000,11.5K km,11500,DL,manual,petrol,7016
delhi,Hyundai Eon,2012,224000,22.5K km,22500,DL,manual,petrol,7987
delhi,Maruti Celerio,2016,367000,45K km,45000,UP,automatic,petrol,6249
delhi,Hyundai Eon,2012,201000,54K km,54000,DL,manual,petrol,7166
delhi,Hyundai Grand i10,2013,298000,87.5K km,87500,DL,manual,petrol,8032
delhi,Maruti Wagon R 1.0,2012,214000,24K km,24000,DL,manual,petrol,8300
delhi,Nissan Sunny,2012,249000,54K km,54000,DL,manual,petrol,8878
delhi,Honda Amaze,2016,401000,124.5K km,124500,UP,manual,petrol,6828
delhi,Honda Brio,2012,216000,71K km,71000,DL,manual,petrol,7701
delhi,Volkswagen Polo,2012,289000,107.5K km,107500,DL,manual,petrol,10304
delhi,Maruti Wagon R 1.0,2012,176000,94.5K km,94500,DL,manual,petrol,6826
delhi,Maruti Baleno,2016,421000,80.5K km,80500,DL,manual,petrol,7169
delhi,Hyundai Venue,2022,880000,24.5K km,24500,DL,manual,petrol,14985
delhi,Kia Seltos,2020,1268000,55.5K km,55500,DL,manual,petrol,21807
delhi,Hyundai Elite i20,2015,457000,73K km,73000,DL,manual,petrol,8315
delhi,Renault Kwid,2021,395000,55.5K km,55500,DL,automatic,petrol,6726
delhi,Maruti Celerio,2021,549000,33.5K km,33500,UP,automatic,petrol,9349
delhi,Renault Kwid,2019,302000,37K km,37000,DL,manual,petrol,5142
delhi,Hyundai Creta,2016,690000,81K km,81000,UP,manual,petrol,11750
delhi,Maruti Vitara Brezza,2019,645000,67K km,67000,DL,automatic,diesel,10983
delhi,Hyundai Verna,2018,799000,38.5K km,38500,DL,manual,petrol,13606
delhi,Maruti Wagon R 1.0,2021,475000,77.5K km,77500,DL,manual,petrol+cng,8088
delhi,Honda City,2017,758000,88.5K km,88500,DL,automatic,petrol,12908
delhi,Hyundai i20,2012,201000,57K km,57000,DL,manual,petrol,7644
delhi,Renault Kwid,2020,349000,33K km,33000,UP,manual,petrol,5943
delhi,Maruti Wagon R 1.0,2016,344000,32K km,32000,DL,automatic,petrol,6546
delhi,Kia Carnival,2022,2688000,99.5K km,99500,UP,automatic,diesel,46234
delhi,Honda Brio,2011,207000,35K km,35000,DL,manual,petrol,13866
delhi,Ford EcoSport,2021,875000,33K km,33000,DL,manual,petrol,14900
delhi,Maruti Swift,2012,286000,33K km,33000,DL,manual,petrol,10877
delhi,Maruti Swift,2017,383000,58.5K km,58500,DL,manual,petrol,6522
delhi,Toyota Glanza,2020,646000,47.5K km,47500,DL,automatic,petrol,11001
delhi,Honda City,2022,1126000,12K km,12000,DL,manual,petrol,19364
delhi,Renault Triber,2019,523000,12.5K km,12500,DL,manual,petrol,8906
delhi,Honda WR-V,2019,698000,41K km,41000,DL,manual,petrol,11886
delhi,Maruti Baleno,2015,423000,44.5K km,44500,DL,manual,petrol,7699
delhi,Hyundai Creta,2015,668000,39K km,39000,DL,manual,petrol,12159
delhi,Honda Amaze,2023,798000,12K km,12000,DL,automatic,petrol,13589
delhi,Hyundai Elite i20,2015,464000,61K km,61000,DL,manual,petrol,8445
delhi,Hyundai Grand i10,2018,459000,27.5K km,27500,DL,manual,petrol,7816
delhi,Renault Kwid,2023,458000,12K km,12000,UP,manual,petrol,7799
delhi,Datsun Redi-GO,2020,267000,25K km,25000,UP,manual,petrol,5730
delhi,Ford Figo,2012,199000,43.5K km,43500,DL,manual,petrol,
delhi,Maruti Swift Dzire,2014,309000,97K km,97000,DL,manual,petrol,6631
delhi,Maruti Swift Dzire,2015,351000,97K km,97000,DL,manual,petrol,6389
delhi,Honda City,2017,768000,59.5K km,59500,DL,automatic,petrol,13078
delhi,Renault Triber,2021,558000,54.5K km,54500,DL,manual,petrol,9502
delhi,Volkswagen Polo,2012,294000,73K km,73000,DL,manual,petrol,10482
delhi,Honda Amaze,2015,370000,100.5K km,100500,DL,manual,petrol,6734
delhi,Maruti Alto 800,2013,212000,28K km,28000,DL,manual,petrol,5879
delhi,Maruti Swift,2018,565000,67.5K km,67500,DL,manual,petrol,9621
delhi,Maruti Ciaz,2017,602000,78K km,78000,DL,automatic,petrol,10251
delhi,Maruti Alto 800,2017,275000,38K km,38000,DL,manual,petrol,4914
delhi,Hyundai Grand i10,2014,341000,56K km,56000,DL,manual,petrol,7318
delhi,Hyundai Elite i20,2015,439000,60.5K km,60500,DL,manual,petrol,7990
delhi,Tata Nexon,2021,710000,13.5K km,13500,DL,manual,petrol,12090
delhi,Renault Kwid,2021,389000,18K km,18000,DL,manual,petrol,6624
delhi,Hyundai Creta,2019,897000,26K km,26000,DL,manual,petrol,15275
delhi,Ford EcoSport,2014,433000,71.5K km,71500,DL,manual,petrol,9293
delhi,Ford EcoSport,2014,465000,43.5K km,43500,DL,manual,petrol,9979
delhi,Maruti Swift,2023,640000,8.5K km,8500,DL,manual,petrol,10898
delhi,Maruti Baleno,2019,598000,61K km,61000,DL,automatic,petrol,10183
delhi,Maruti Ciaz,2018,619000,111.5K km,111500,UP,manual,petrol,10541
delhi,Honda Brio,2013,246000,74.5K km,74500,DL,manual,petrol,6216
delhi,Honda City,2015,472000,104.5K km,104500,DL,manual,petrol,8591
delhi,Maruti Baleno,2016,432000,94K km,94000,DL,manual,petrol,7356
delhi,Maruti S-Cross,2021,831000,90.5K km,90500,UP,automatic,petrol,14151
delhi,Hyundai Verna,2012,328000,68K km,68000,DL,manual,petrol,12474
delhi,Maruti Swift,2011,218000,54.5K km,54500,DL,manual,petrol,15576
delhi,Maruti Wagon R 1.0,2013,247000,101K km,101000,DL,manual,petrol+cng,6657
delhi,Maruti Baleno,2019,468000,52.5K km,52500,DL,manual,petrol+cng,7969
delhi,Kia Sonet,2021,879000,31K km,31000,DL,manual,petrol,14968
delhi,Hyundai Grand i10,2020,475000,54.5K km,54500,DL,manual,petrol,8088
delhi,Renault Kwid,2020,372000,25.5K km,25500,DL,automatic,petrol,6334
delhi,Renault Kwid,2021,441000,12.5K km,12500,DL,manual,petrol,7509
delhi,Hyundai Creta,2016,769000,57.5K km,57500,DL,automatic,petrol,13095
delhi,Hyundai New Santro 1.1,2019,446000,69.5K km,69500,DL,manual,petrol+cng,7120
delhi,Tata Altroz,2023,749000,25K km,25000,DL,automatic,petrol,12755
delhi,Maruti S-Presso,2020,354000,14.5K km,14500,DL,manual,petrol,6028
delhi,Honda Jazz,2016,434000,40.5K km,40500,DL,manual,petrol,6928
delhi,Tata Nexon,2020,712000,71.5K km,71500,UP,automatic,petrol,12124
delhi,Renault Kwid,2022,414000,10.5K km,10500,UP,manual,petrol,7050
delhi,Hyundai Grand i10,2014,318000,61K km,61000,DL,manual,petrol,6824
delhi,Hyundai i10,2012,216000,46.5K km,46500,DL,manual,petrol,8219
delhi,Maruti Baleno,2016,405000,39K km,39000,HR,manual,petrol,6896
delhi,Honda City,2012,279000,94K km,94000,DL,manual,petrol,10611
delhi,Honda Jazz,2015,399000,122K km,122000,DL,automatic,petrol,6808
delhi,Hyundai i10,2011,198000,59.5K km,59500,DL,manual,petrol,14147
delhi,Maruti Baleno,2016,436000,45.5K km,45500,DL,manual,petrol,7424
delhi,Maruti Dzire,2017,507000,49K km,49000,UP,automatic,petrol,8633
delhi,Maruti Baleno,2018,489000,37K km,37000,DL,manual,petrol,8327
delhi,Renault Kwid,2022,467000,15.5K km,15500,DL,automatic,petrol,7952
delhi,Maruti Swift,2023,648000,15.5K km,15500,DL,manual,petrol,11035
delhi,Tata Nexon,2019,625000,50.5K km,50500,DL,automatic,diesel,10643
delhi,Honda City,2019,754000,47K km,47000,DL,manual,petrol,12840
delhi,Hyundai Venue,2022,818000,58.5K km,58500,DL,manual,petrol,13930
delhi,Hyundai Venue,2021,831000,22K km,22000,DL,manual,petrol,14151
delhi,Maruti Wagon R 1.0,2021,482000,11.5K km,11500,DL,manual,petrol,8614
delhi,Honda City,2016,512000,76K km,76000,DL,manual,petrol,8719
delhi,Maruti Swift,2017,419000,27K km,27000,UP,manual,petrol,7135
delhi,Hyundai Venue,2022,773000,84.5K km,84500,UP,manual,petrol,13163
delhi,Renault Kwid,2021,378000,14K km,14000,UP,manual,petrol,6437
delhi,Hyundai i10,2011,205000,32.5K km,32500,DL,manual,petrol,14648
delhi,Maruti Swift Dzire,2011,236000,41K km,41000,DL,manual,petrol,16863
delhi,Hyundai Grand i10,2017,417000,55.5K km,55500,DL,manual,petrol+cng,7101
delhi,Tata Nexon,2018,553000,103K km,103000,DL,manual,petrol,9417
delhi,Honda Amaze,2018,498000,38K km,38000,DL,manual,petrol,8480
delhi,Maruti Swift Dzire,2013,276000,72K km,72000,DL,manual,petrol,7439
delhi,Hyundai Verna,2011,346000,84K km,84000,DL,manual,petrol,24723
delhi,Hyundai Elite i20,2015,431000,70.5K km,70500,DL,manual,petrol,7845
delhi,Maruti Baleno,2016,429000,38K km,38000,DL,manual,petrol,7305
delhi,Hyundai Venue,2019,732000,33K km,33000,DL,automatic,petrol,12465
delhi,Maruti Swift,2020,698000,8.5K km,8500,DL,automatic,petrol,11886
delhi,Maruti Swift Dzire,2016,384000,65.5K km,65500,DL,manual,petrol,6539
delhi,Honda City,2023,1171000,17K km,17000,DL,manual,petrol,20145
delhi,Hyundai Tucson,2017,1170000,17K km,17000,DL,manual,petrol,20111
delhi,Maruti Baleno,2017,504000,19K km,19000,DL,manual,petrol,8582
delhi,Hyundai Grand i10,2015,398000,36.5K km,36500,DL,manual,petrol,7244
delhi,Hyundai Grand i10 Nios,2020,591000,45K km,45000,DL,manual,petrol+cng,10064
delhi,Honda WR-V,2017,632000,41K km,41000,DL,manual,petrol,10762
delhi,Maruti New Ertiga,2019,878000,41.5K km,41500,DL,automatic,petrol,14951
delhi,Maruti Baleno,2017,516000,37K km,37000,DL,manual,petrol,8787
delhi,Maruti Baleno,2016,403000,99.5K km,99500,DL,manual,petrol,6862
delhi,Maruti Wagon R 1.0,2012,222000,91K km,91000,DL,manual,petrol+cng,8443
delhi,Maruti Swift,2015,385000,80.5K km,80500,DL,manual,petrol,7007
delhi,Hyundai Creta,2016,632000,102K km,102000,DL,manual,petrol,10762
delhi,Volkswagen Polo,2012,284000,102.5K km,102500,DL,manual,petrol,10126
delhi,Honda City,2012,298000,86K km,86000,DL,manual,petrol,11333
delhi,Maruti Baleno,2016,442000,66K km,66000,DL,manual,petrol,7527
delhi,Ford EcoSport,2019,732000,77.5K km,77500,DL,automatic,petrol,12465
delhi,Volkswagen Polo,2012,285000,32.5K km,32500,DL,manual,petrol,19091
delhi,Maruti Swift,2016,374000,35.5K km,35500,DL,manual,petrol,6369
delhi,Hyundai Venue,2021,811000,40.5K km,40500,UP,manual,petrol,13810
delhi,Maruti Wagon R 1.0,2022,468000,4.5K km,4500,DL,manual,petrol,8364
delhi,Nissan Micra,2017,399000,31.5K km,31500,DL,automatic,petrol,6370
delhi,Hyundai New i20,2021,697000,65.5K km,65500,UP,manual,petrol,11869
delhi,Maruti Wagon R 1.0,2014,273000,43.5K km,43500,DL,manual,petrol,6078
delhi,Maruti Ciaz,2019,725000,6.5K km,6500,DL,automatic,petrol,12346
delhi,Maruti Baleno,2018,479000,64.5K km,64500,DL,manual,petrol,8157
delhi,MG Hector,2020,1170000,58.5K km,58500,DL,automatic,petrol,20122
delhi,Maruti Baleno,2019,609000,24.5K km,24500,DL,manual,petrol,10370
delhi,Renault Kwid,2019,392000,32K km,32000,DL,automatic,petrol,6675
delhi,Hyundai Creta,2019,932000,84K km,84000,DL,manual,petrol,15871
delhi,Ford EcoSport,2013,410000,62K km,62000,DL,manual,petrol,11051
delhi,Maruti Ritz,2014,266000,41K km,41000,DL,manual,petrol,5352
delhi,Honda Amaze,2014,326000,42K km,42000,DL,manual,petrol,6996
delhi,Hyundai Verna,2012,319000,110K km,110000,DL,manual,petrol,12132
delhi,Honda City,2016,566000,57K km,57000,DL,manual,petrol,9638
delhi,Hyundai Grand i10,2015,392000,32K km,32000,DL,manual,petrol,7135
delhi,Tata Nexon,2019,622000,51.5K km,51500,DL,manual,petrol,10592
delhi,Renault Kwid,2020,309000,25K km,25000,DL,manual,petrol,5262
delhi,Hyundai Verna,2023,1459000,18.5K km,18500,DL,automatic,petrol,25091
delhi,Hyundai Venue,2021,839000,30.5K km,30500,DL,manual,petrol,14287
delhi,Hyundai Xcent,2014,330000,61K km,61000,DL,manual,petrol,6639
delhi,Hyundai Elite i20,2015,455000,42.5K km,42500,DL,manual,petrol,8282
delhi,Maruti Baleno,2017,454000,62.5K km,62500,DL,manual,petrol,7731
delhi,Maruti Ciaz,2017,645000,44.5K km,44500,DL,manual,Petrol,
delhi,Renault Kwid,2020,386000,20K km,20000,DL,manual,petrol,6573
delhi,Maruti Dzire,2019,587000,27K km,27000,UP,automatic,petrol,9996
delhi,Maruti Baleno,2017,464000,61.5K km,61500,DL,manual,petrol,7901
delhi,Hyundai Elite i20,2018,618000,53K km,53000,DL,automatic,petrol,10524
delhi,Hyundai New Santro 1.1,2019,420000,55K km,55000,DL,manual,petrol,6705
delhi,Hyundai Grand i10,2016,393000,33K km,33000,DL,manual,petrol,6692
delhi,Hyundai Elite i20,2015,432000,81K km,81000,DL,manual,petrol,7863
delhi,Maruti Wagon R 1.0,2012,234000,82K km,82000,DL,manual,petrol+cng,8899
delhi,Hyundai Grand i10,2016,391000,107K km,107000,DL,automatic,petrol,6658
delhi,Maruti Swift Dzire,2013,317000,59.5K km,59500,DL,manual,petrol,8544
delhi,Ford EcoSport,2014,454000,62.5K km,62500,DL,manual,petrol,9743
delhi,Hyundai i10,2011,176000,91.5K km,91500,DL,manual,petrol,12575
delhi,Hyundai Grand i10,2018,391000,121.5K km,121500,DL,manual,petrol,6658
delhi,Tata Tiago,2023,568000,38.5K km,38500,UP,manual,petrol+cng,9672
delhi,Hyundai Elite i20,2016,474000,55K km,55000,DL,manual,petrol,8071
delhi,Hyundai Creta,2016,774000,52K km,52000,DL,automatic,petrol,13180
delhi,Hyundai Venue,2021,807000,38.5K km,38500,UP,manual,petrol,13742
delhi,Maruti Ciaz,2015,537000,53.5K km,53500,DL,manual,petrol,9774
delhi,Hyundai Tucson,2017,1069000,70.5K km,70500,DL,manual,petrol,18374
delhi,MG Astor,2022,1329000,24.5K km,24500,UP,automatic,petrol,22856
delhi,Tata Nexon,2019,618000,49K km,49000,UP,automatic,diesel,10524
delhi,Honda City,2016,541000,74.5K km,74500,DL,manual,petrol,9212
delhi,Maruti XL6,2021,939000,43K km,43000,DL,manual,petrol,15990
delhi,Maruti S-Cross,2021,975000,16.5K km,16500,UP,automatic,petrol,16603
delhi,Maruti Baleno,2018,580000,26K km,26000,DL,manual,petrol,9877
delhi,Hyundai Venue,2021,807000,87K km,87000,DL,manual,diesel,13742
delhi,Hyundai Grand i10,2019,512000,65.5K km,65500,DL,manual,petrol+cng,8719
delhi,Maruti Baleno,2016,419000,68.5K km,68500,DL,manual,petrol,7135
delhi,Maruti Ciaz,2015,443000,57.5K km,57500,DL,automatic,petrol,8063
delhi,Honda City,2017,749000,90.5K km,90500,DL,automatic,petrol,12755
delhi,Honda Amaze,2017,409000,60K km,60000,UP,manual,petrol,6965
delhi,Hyundai Creta,2017,736000,94.5K km,94500,DL,automatic,petrol,12533
delhi,Renault Triber,2024,584000,4.5K km,4500,DL,manual,petrol,9945
delhi,Hyundai i20,2012,271000,33.5K km,33500,DL,manual,petrol,10307
delhi,Hyundai Elite i20,2015,436000,68K km,68000,DL,manual,petrol,7936
delhi,Honda City,2014,495000,35.5K km,35500,DL,manual,petrol,10623
delhi,Hyundai New i20,2021,770000,39K km,39000,DL,manual,petrol,13112
delhi,Renault Kiger,2021,603000,43K km,43000,DL,manual,petrol,10268
delhi,Tata Tigor,2021,549000,49K km,49000,DL,manual,petrol+cng,9349
delhi,Ford EcoSport,2016,471000,61K km,61000,UP,manual,petrol,8020
delhi,Hyundai Verna,2018,869000,36.5K km,36500,DL,manual,petrol+cng,14798
delhi,Maruti Wagon R 1.0,2024,565000,6K km,6000,DL,manual,petrol,10097
delhi,Tata Tiago,2019,468000,22K km,22000,DL,manual,petrol,7969
delhi,Hyundai Creta,2018,789000,64K km,64000,DL,manual,petrol,13436
delhi,Maruti Ciaz,2017,607000,67.5K km,67500,UP,automatic,petrol,10336
delhi,Maruti Baleno,2019,524000,63K km,63000,DL,manual,petrol,8923
delhi,Honda Amaze,2013,263000,95.5K km,95500,DL,manual,petrol,7089
delhi,Tata Tiago,2019,428000,38.5K km,38500,DL,manual,petrol,7288
delhi,Chevrolet Beat,2010,152000,33.5K km,33500,DL,manual,petrol,
delhi,Hyundai Creta,2018,772000,110.5K km,110500,DL,automatic,petrol,13146
delhi,Nissan Micra,2019,459000,81.5K km,81500,UP,automatic,petrol,7327
delhi,Toyota Glanza,2021,616000,55K km,55000,DL,manual,petrol,10490
delhi,Ford EcoSport,2017,492000,78K km,78000,DL,manual,petrol,8378
delhi,Volkswagen Polo,2012,269000,98K km,98000,DL,manual,petrol,9591
delhi,Hyundai Verna,2017,765000,52K km,52000,DL,automatic,petrol,13027
delhi,Hyundai Creta,2018,848000,83K km,83000,DL,automatic,petrol,14440
delhi,Mahindra XUV 300,2020,859000,65K km,65000,UP,automatic,diesel,14628
delhi,Maruti Baleno,2018,484000,54.5K km,54500,DL,manual,petrol,8242
delhi,Renault Kwid,2021,372000,26K km,26000,UP,manual,petrol,6334
delhi,Tata Nexon,2022,920000,22K km,22000,DL,manual,petrol,15667
delhi,Hyundai New Santro 1.1,2021,498000,62.5K km,62500,DL,manual,petrol+cng,7950
delhi,Hyundai Verna,2014,458000,79K km,79000,DL,automatic,petrol,9829
delhi,Hyundai Elite i20,2016,513000,47.5K km,47500,DL,manual,petrol,8736
delhi,Hyundai Venue,2022,811000,19K km,19000,DL,manual,petrol,13810
delhi,Renault Kiger,2021,618000,24K km,24000,UP,manual,petrol,10524
delhi,Hyundai Verna,2012,342000,95K km,95000,DL,manual,petrol+cng,13007
delhi,Maruti Baleno,2017,404000,123K km,123000,DL,manual,petrol,6879
delhi,Renault Duster,2013,327000,79.5K km,79500,DL,manual,petrol,8814
delhi,Renault Kwid,2022,363000,41K km,41000,UP,manual,petrol,6181
delhi,Hyundai Grand i10,2013,330000,49.5K km,49500,DL,manual,petrol,8895
delhi,Honda Jazz,2016,348000,123.5K km,123500,DL,manual,petrol,5938
delhi,Maruti Baleno,2017,398000,111K km,111000,DL,manual,petrol,6777
delhi,Hyundai Grand i10 Nios,2021,645000,29.5K km,29500,DL,manual,petrol+cng,10983
delhi,Hyundai i10,2011,182000,25.5K km,25500,DL,manual,petrol,13004
delhi,Kia Sonet,2020,839000,87K km,87000,DL,manual,petrol,14287
delhi,Hyundai i20 Active,2015,498000,25K km,25000,DL,manual,petrol,9064
delhi,Maruti Baleno,2018,480000,57K km,57000,DL,manual,petrol,8174
delhi,Ford EcoSport,2018,518000,46.5K km,46500,DL,manual,petrol,8821
delhi,Skoda Kushaq,2022,1098000,13K km,13000,DL,manual,petrol,18885
delhi,Tata Altroz,2023,825000,17.5K km,17500,DL,automatic,petrol,14049
delhi,Hyundai Xcent,2014,356000,26.5K km,26500,DL,manual,petrol,7162
delhi,Toyota Glanza,2021,679000,32K km,32000,DL,manual,petrol,11562
delhi,Tata Tiago,2023,556000,11K km,11000,DL,manual,petrol,9468
delhi,Maruti Ciaz,2017,570000,68.5K km,68500,DL,automatic,petrol,9706
delhi,Hyundai Creta,2017,759000,54.5K km,54500,DL,manual,petrol,12925
delhi,Hyundai Grand i10,2016,366000,61.5K km,61500,DL,manual,petrol,6232
delhi,Tata Nexon,2021,795000,88.5K km,88500,UP,manual,petrol,13538
delhi,Hyundai i10,2012,206000,56.5K km,56500,DL,manual,petrol,7834
delhi,Volkswagen Polo,2018,457000,107.5K km,107500,UP,manual,petrol,7296
delhi,Maruti Baleno,2021,649000,64.5K km,64500,DL,automatic,petrol,11052
delhi,Maruti Baleno,2016,435000,70.5K km,70500,DL,manual,petrol,7407
delhi,Maruti Wagon R 1.0,2014,257000,63.5K km,63500,DL,manual,petrol,5722
delhi,Hyundai Grand i10,2014,339000,109K km,109000,DL,automatic,petrol,7275
delhi,Maruti Swift,2014,292000,122.5K km,122500,DL,manual,petrol,6266
delhi,Renault Kwid,2022,413000,11K km,11000,DL,manual,petrol,7033
delhi,Maruti Baleno,2022,632000,21K km,21000,UP,manual,petrol,10762
delhi,Maruti Ciaz,2018,649000,61K km,61000,UP,manual,Petrol,
delhi,Maruti Baleno,2017,535000,18.5K km,18500,DL,manual,petrol,9110
delhi,MG Hector Plus,2020,1329000,63.5K km,63500,UP,automatic,petrol,22855
delhi,Ford EcoSport,2015,497000,80.5K km,80500,DL,automatic,petrol,9046
delhi,Maruti Swift,2019,576000,67K km,67000,DL,automatic,petrol,9808
delhi,Maruti Swift,2018,575000,53K km,53000,DL,automatic,petrol,9791
delhi,Maruti Ciaz,2015,502000,62.5K km,62500,DL,manual,petrol,9137
delhi,Tata Nexon,2019,678000,72K km,72000,DL,automatic,petrol,11545
delhi,Hyundai Grand i10,2015,367000,64K km,64000,DL,manual,petrol,6680
delhi,Maruti Swift,2011,207000,76.5K km,76500,DL,manual,petrol,14790
delhi,Renault Kiger,2023,673000,29.5K km,29500,UP,automatic,petrol,11460
delhi,Volkswagen Ameo,2016,347000,118.5K km,118500,UP,manual,petrol,5539
delhi,Honda City,2014,470000,63.5K km,63500,DL,manual,petrol,10087
delhi,Maruti Swift,2012,256000,71.5K km,71500,DL,manual,petrol,9736
delhi,Toyota Etios,2011,226000,50.5K km,50500,DL,manual,petrol,15139
delhi,Tata Tiago,2019,488000,25.5K km,25500,DL,manual,petrol,8310
delhi,Hyundai i10,2011,190000,15K km,15000,DL,manual,petrol,13576
delhi,Chevrolet Beat,2011,180000,24.5K km,24500,DL,manual,petrol,
delhi,Kia Seltos,2019,1071000,66.5K km,66500,DL,manual,petrol,18425
delhi,Renault Kiger,2022,704000,24.5K km,24500,DL,automatic,petrol,11988
delhi,Renault Kwid,2022,394000,13.5K km,13500,HR,manual,petrol,6709
delhi,Ford Figo,2020,509000,54.5K km,54500,UP,manual,petrol,8667
delhi,Hyundai Elite i20,2017,480000,34K km,34000,DL,manual,petrol,8174
delhi,Renault Kwid,2021,393000,17.5K km,17500,DL,manual,petrol,6692
delhi,Hyundai Grand i10,2018,456000,42K km,42000,DL,manual,petrol,7765
delhi,Hyundai Grand i10,2017,398000,58.5K km,58500,DL,manual,petrol,6777
delhi,Honda Amaze,2015,365000,26.5K km,26500,DL,manual,petrol,6643
delhi,Maruti Baleno,2016,460000,76.5K km,76500,DL,manual,petrol,7833
delhi,Maruti Ciaz,2016,505000,70K km,70000,DL,manual,petrol,8599
delhi,Maruti Ciaz,2018,616000,115.5K km,115500,DL,manual,petrol,10490
delhi,Maruti Swift Dzire,2015,355000,72.5K km,72500,DL,manual,petrol,6461
delhi,Ford EcoSport,2014,440000,72K km,72000,DL,automatic,petrol,9443
delhi,Maruti Alto,2011,138000,73.5K km,73500,DL,manual,petrol,9860
delhi,Hyundai i20 Active,2016,459000,55K km,55000,DL,manual,petrol,7816
delhi,Honda City,2014,411000,110K km,110000,DL,manual,petrol,8820
delhi,Maruti Baleno,2016,420000,95.5K km,95500,DL,manual,petrol,7152
delhi,Maruti Ciaz,2016,554000,49K km,49000,UP,automatic,petrol,9434
delhi,Honda City,2013,325000,48.5K km,48500,DL,manual,petrol,8760
delhi,Kia Seltos,2019,1079000,33K km,33000,DL,manual,diesel,18556
delhi,Renault Kiger,2022,717000,22K km,22000,DL,automatic,petrol,12210
delhi,Honda Amaze,2018,588000,40K km,40000,DL,manual,petrol,10013
delhi,Tata Altroz,2021,707000,25K km,25000,DL,manual,petrol,12039
delhi,Hyundai Creta,2017,771000,90K km,90000,DL,automatic,petrol,13129
delhi,Kia Seltos,2023,1486000,12K km,12000,DL,manual,petrol,25561
delhi,Tata Nexon,2023,838000,18K km,18000,DL,manual,petrol,14270
delhi,Hyundai Elite i20,2018,583000,33.5K km,33500,DL,manual,petrol,9928
delhi,Maruti Alto 800,2022,367000,10.5K km,10500,DL,manual,petrol,6559
delhi,Volkswagen Polo,2013,352000,71K km,71000,DL,manual,petrol,8895
delhi,Tata Punch,2022,680000,25.5K km,25500,DL,manual,petrol,11580
delhi,Honda Jazz,2012,236000,72K km,72000,DL,manual,petrol,8414
delhi,Hyundai i20,2012,342000,21K km,21000,DL,manual,petrol,13007
delhi,Maruti Swift Dzire,2013,265000,89K km,89000,DL,manual,petrol,7143
delhi,Maruti Swift Dzire,2012,280000,37.5K km,37500,DL,manual,petrol,10649
delhi,Honda Jazz,2016,478000,28.5K km,28500,DL,automatic,petrol,7631
delhi,Maruti Wagon R 1.0,2014,289000,30K km,30000,DL,manual,petrol,6434
delhi,Honda Amaze,2014,346000,58.5K km,58500,DL,automatic,petrol,7425
delhi,Maruti Ertiga,2015,515000,97K km,97000,UP,manual,petrol,9374
delhi,Maruti Wagon R 1.0,2013,253000,91K km,91000,DL,manual,petrol+cng,6819
delhi,Honda Amaze,2019,601000,50K km,50000,DL,automatic,petrol,10234
delhi,Kia Carens,2022,1478000,37.5K km,37500,DL,automatic,diesel,25419
delhi,Hyundai New Santro 1.1,2020,490000,38.5K km,38500,DL,manual,petrol+cng,7822
delhi,Kia Sonet,2021,973000,50K km,50000,DL,manual,petrol,16569
delhi,Nissan Magnite,2022,685000,17.5K km,17500,DL,manual,petrol,11665
delhi,Kia Sonet,2021,966000,18.5K km,18500,DL,manual,diesel,16450
delhi,Maruti Baleno,2019,604000,48.5K km,48500,UP,automatic,petrol,10285
delhi,Maruti Baleno,2018,572000,38.5K km,38500,DL,manual,petrol,9740
delhi,Maruti Ciaz,2016,561000,63K km,63000,DL,manual,petrol,9553
delhi,Toyota Innova Crysta,2017,1286000,63K km,63000,UP,manual,petrol,22121
delhi,Hyundai Creta,2020,1049000,59K km,59000,DL,automatic,diesel,18034
delhi,Honda Amaze,2014,310000,60K km,60000,DL,manual,petrol,6653
delhi,Hyundai Grand i10,2014,320000,45K km,45000,DL,manual,petrol,6867
delhi,Honda Brio,2013,248000,73.5K km,73500,DL,manual,petrol,6267
delhi,Maruti Ciaz,2016,492000,99.5K km,99500,DL,manual,petrol,8378
delhi,Hyundai Verna,2012,396000,27K km,27000,DL,automatic,petrol,15061
delhi,Maruti S-Cross,2021,815000,23K km,23000,DL,manual,petrol,13878
delhi,Renault Kwid,2017,274000,57K km,57000,DL,manual,petrol,4666
delhi,Maruti Swift Dzire,2014,336000,101K km,101000,DL,manual,petrol,7211
delhi,Maruti Swift,2014,296000,86K km,86000,DL,manual,petrol,6352
delhi,Renault Triber,2021,592000,33.5K km,33500,DL,manual,petrol,10081
delhi,Hyundai Grand i10,2017,424000,48.5K km,48500,DL,manual,petrol,7220
delhi,Renault Kiger,2022,787000,47.5K km,47500,UP,automatic,petrol,13368
delhi,Maruti Baleno,2016,430000,56.5K km,56500,DL,manual,petrol,7578
delhi,Renault Duster,2017,564000,26.5K km,26500,DL,manual,petrol,9604
delhi,Hyundai Venue,2021,926000,26.5K km,26500,DL,manual,petrol,15769
delhi,Renault Triber,2020,535000,24.5K km,24500,DL,manual,petrol,9110
delhi,Maruti Baleno,2018,491000,72.5K km,72500,DL,manual,petrol,6879
delhi,Nissan Kicks,2019,697000,38.5K km,38500,UP,manual,diesel,11869
delhi,MG Hector Plus,2021,1578000,27.5K km,27500,DL,manual,diesel,27137
delhi,Maruti Baleno,2017,474000,29.5K km,29500,DL,manual,petrol,8071
delhi,Hyundai Eon,2013,202000,29K km,29000,DL,manual,petrol,5104
delhi,Toyota Etios Liva,2011,195000,48K km,48000,DL,manual,petrol,13062
delhi,Maruti Ciaz,2014,429000,104K km,104000,DL,manual,petrol,9207
delhi,Ford EcoSport,2015,460000,85K km,85000,DL,automatic,petrol,8373
delhi,Honda Brio,2013,197000,95K km,95000,DL,manual,petrol,4978
delhi,Tata Tiago,2019,472000,47K km,47000,DL,manual,petrol,8037
delhi,Maruti Ciaz,2015,450000,51.5K km,51500,DL,manual,petrol,8191
delhi,Hyundai Elite i20,2016,445000,101.5K km,101500,DL,manual,petrol,7578
delhi,Hyundai Xcent,2015,353000,57K km,57000,DL,manual,petrol,6023
delhi,Hyundai Elite i20,2015,465000,63.5K km,63500,UP,manual,petrol,8464
delhi,Maruti Swift,2015,343000,56K km,56000,DL,manual,petrol,6243
delhi,Renault Kiger,2022,649000,36K km,36000,UP,manual,petrol,11052
delhi,Maruti Baleno,2021,514000,34.5K km,34500,DL,manual,petrol,8753
delhi,Hyundai Creta,2016,671000,46.5K km,46500,DL,manual,petrol,11426
delhi,Maruti Baleno,2018,488000,58K km,58000,DL,manual,petrol,8310
delhi,Maruti S-Presso,2022,399000,10K km,10000,DL,manual,petrol,6794
delhi,Tata Nexon,2023,1005000,21K km,21000,DL,manual,petrol,17114
delhi,Honda Amaze,2020,707000,24.5K km,24500,DL,automatic,petrol,12039
delhi,Hyundai Venue,2021,810000,37.5K km,37500,UP,manual,petrol,13793
delhi,Kia Seltos,2020,1031000,61K km,61000,DL,manual,petrol,17726
delhi,Hyundai Verna,2011,313000,44.5K km,44500,DL,manual,petrol+cng,22365
delhi,Ford EcoSport,2019,606000,108.5K km,108500,DL,manual,petrol,10319
delhi,Maruti Swift Dzire,2013,330000,70.5K km,70500,DL,manual,petrol+cng,8895
delhi,Hyundai Fluidic Verna 4S,2015,575000,57K km,57000,UP,manual,petrol,10466
delhi,Maruti Ritz,2013,212000,55K km,55000,DL,manual,petrol,5357
delhi,Hyundai i20,2012,273000,50K km,50000,DL,manual,petrol,10383
delhi,Honda City,2015,417000,109.5K km,109500,DL,manual,petrol,7590
delhi,Hyundai i20,2011,182000,73.5K km,73500,DL,manual,petrol,13004
delhi,Datsun Redi-GO,2018,287000,50K km,50000,DL,automatic,petrol,7736
delhi,Volkswagen Polo,2017,467000,44.5K km,44500,DL,manual,petrol,7455
delhi,Renault Kwid,2023,406000,20K km,20000,DL,manual,petrol,6913
delhi,Hyundai Creta,2018,819000,40.5K km,40500,DL,manual,petrol,13947
delhi,Maruti Swift,2014,358000,67.5K km,67500,DL,manual,petrol,7683
delhi,Ford EcoSport,2019,667000,57.5K km,57500,DL,manual,diesel,11358
delhi,Maruti Ciaz,2017,580000,53.5K km,53500,DL,manual,petrol,9877
delhi,Honda City,2023,1249000,23K km,23000,UP,manual,petrol,21480
delhi,Maruti Swift,2020,524000,66.5K km,66500,UP,automatic,petrol,8923
delhi,Maruti Swift Dzire,2014,353000,82K km,82000,DL,manual,petrol,7576
delhi,Kia Seltos,2019,1042000,37.5K km,37500,DL,manual,diesel,17914
delhi,Hyundai Venue,2020,778000,30.5K km,30500,DL,manual,petrol,13248
delhi,Maruti Alto K10,2011,151000,66K km,66000,DL,manual,petrol,10789
delhi,Maruti Swift Dzire,2012,261000,86.5K km,86500,DL,manual,petrol,9926
delhi,Maruti Wagon R 1.0,2013,242000,93K km,93000,DL,manual,petrol+cng,6523
delhi,Hyundai New Santro 1.1,2022,514000,36.5K km,36500,DL,manual,petrol+cng,8206
delhi,Maruti Baleno,2018,507000,39.5K km,39500,DL,manual,petrol,8633
delhi,Maruti Swift Dzire,2014,312000,103K km,103000,DL,manual,petrol,6696
delhi,Maruti Vitara Brezza,2021,845000,37.5K km,37500,DL,manual,petrol,14389
delhi,Maruti Ciaz,2015,470000,85.5K km,85500,DL,manual,petrol,8555
delhi,Honda City,2017,538000,117K km,117000,DL,manual,petrol,9161
delhi,Maruti Baleno,2017,485000,27K km,27000,DL,manual,petrol,8259
delhi,Honda Amaze,2015,399000,50.5K km,50500,DL,manual,petrol,7262
delhi,Hyundai Verna,2018,753000,61K km,61000,DL,manual,petrol,12823
delhi,Tata Tiago NRG,2018,444000,55.5K km,55500,DL,manual,petrol+cng,7561
delhi,Renault Kwid,2019,319000,20.5K km,20500,DL,manual,petrol,5432
delhi,Maruti Swift Dzire,2014,305000,89.5K km,89500,DL,manual,petrol,6545
delhi,Maruti Swift,2017,418000,40K km,40000,DL,manual,petrol,7118
delhi,Maruti Vitara Brezza,2018,565000,80.5K km,80500,UP,manual,diesel,9621
delhi,Hyundai Grand i10,2019,491000,31.5K km,31500,DL,manual,petrol,8361
delhi,Honda City,2015,464000,73K km,73000,DL,manual,petrol,8445
delhi,Hyundai Verna,2018,736000,66K km,66000,DL,manual,petrol,12533
delhi,Maruti Ritz,2015,312000,33K km,33000,DL,manual,petrol,5324
delhi,Maruti Baleno,2015,410000,81.5K km,81500,DL,manual,petrol,7463
delhi,Tata Tiago,2017,387000,33.5K km,33500,DL,manual,petrol,6590
delhi,Hyundai Verna,2012,374000,22.5K km,22500,DL,manual,petrol,14224
delhi,Chevrolet Beat,2011,141000,76.5K km,76500,DL,manual,petrol,
delhi,Maruti Celerio,2020,468000,32K km,32000,DL,manual,petrol+cng,7969
delhi,Hyundai Verna,2020,1063000,57K km,57000,UP,automatic,diesel,18287
delhi,Maruti Dzire,2017,504000,85.5K km,85500,DL,automatic,petrol,8582
delhi,Honda Brio,2017,367000,36.5K km,36500,DL,manual,petrol,5859
delhi,Maruti Swift,2016,437000,47K km,47000,DL,manual,petrol,7441
delhi,Tata Nexon,2023,835000,24K km,24000,UP,manual,petrol+cng,14219
delhi,Honda City,2018,734000,27.5K km,27500,DL,manual,petrol,12499
delhi,Renault Triber,2021,456000,48.5K km,48500,DL,manual,petrol,7765
delhi,Toyota Corolla Altis,2015,658000,46K km,46000,DL,manual,petrol,11977
delhi,Maruti S-Cross,2019,685000,54.5K km,54500,DL,manual,diesel,11665
delhi,Maruti Baleno,2016,435000,68.5K km,68500,DL,automatic,petrol,7407
delhi,Hyundai Creta,2019,784000,31.5K km,31500,UP,manual,diesel,13351
delhi,Nissan Magnite,2021,668000,31.5K km,31500,DL,manual,petrol,11375
delhi,Maruti Swift,2018,589000,29.5K km,29500,DL,manual,petrol,10030
delhi,Volkswagen Polo,2012,265000,77.5K km,77500,DL,manual,petrol,9448
delhi,Hyundai Grand i10,2014,338000,58.5K km,58500,DL,automatic,petrol,7254
delhi,Maruti Swift,2016,414000,20.5K km,20500,DL,manual,petrol,7050
delhi,Maruti Vitara Brezza,2018,670000,50.5K km,50500,UP,automatic,diesel,11409
delhi,Mahindra Scorpio,2020,1164000,72K km,72000,DL,manual,diesel,20009
delhi,Mahindra KUV100 NXT,2018,366000,16.5K km,16500,DL,manual,petrol,6232
delhi,Honda City,2016,505000,101.5K km,101500,DL,manual,petrol,8599
delhi,Toyota Innova Crysta,2019,1570000,46.5K km,46500,DL,manual,diesel,27008
delhi,Mahindra Scorpio,2021,1130000,56.5K km,56500,UP,manual,diesel,19430
delhi,Maruti Alto K10,2018,321000,45K km,45000,DL,manual,petrol,5466
delhi,Hyundai Grand i10,2019,515000,2K km,2000,DL,manual,petrol,8770
delhi,Maruti Swift Dzire,2013,334000,58K km,58000,DL,manual,petrol+cng,9003
delhi,Maruti Swift Dzire,2013,313000,82K km,82000,DL,manual,petrol+cng,8436
delhi,Honda Amaze,2016,419000,79.5K km,79500,DL,automatic,petrol,7135
delhi,Maruti XL6,2021,892000,36K km,36000,UP,manual,petrol,15190
delhi,Maruti Dzire,2022,689000,10K km,10000,DL,automatic,petrol,11733
delhi,Hyundai Creta,2018,912000,17.5K km,17500,UP,automatic,petrol,15530
delhi,Tata Tiago,2021,429000,47K km,47000,DL,manual,petrol,7305
delhi,Hyundai Verna,2019,875000,59K km,59000,UP,manual,petrol,14900
delhi,Mercedes E-Class,2017,3000000,46.5K km,46500,DL,automatic,petrol,51596
delhi,Maruti New Ertiga,2019,875000,40.5K km,40500,DL,automatic,petrol,14900
delhi,Honda Amaze,2019,668000,21.5K km,21500,DL,automatic,petrol,11375
delhi,Mahindra Thar,2022,1329000,37.5K km,37500,DL,automatic,petrol,22855
delhi,Hyundai Creta,2022,1319000,70.5K km,70500,UP,automatic,petrol,22684
delhi,Maruti Wagon R 1.2,2022,552000,25.5K km,25500,DL,automatic,petrol,9400
delhi,Maruti Eeco,2018,398000,7K km,7000,DL,manual,petrol,6354
delhi,Honda City,2024,591000,61K km,61000,DL,manual,petrol,10064
delhi,Tata Tiago,2018,390000,59.5K km,59500,DL,manual,petrol,6641
delhi,Ford EcoSport,2016,474000,67.5K km,67500,DL,manual,petrol,8071
delhi,Mahindra XUV 300,2019,735000,46.5K km,46500,DL,manual,petrol,12516
delhi,Kia Sonet,2021,875000,59K km,59000,DL,automatic,diesel,14900
delhi,Maruti Grand Vitara,2023,1129000,57K km,57000,UP,manual,petrol,19416
delhi,MG Astor,2024,1239000,13.5K km,13500,DL,automatic,petrol,21308
delhi,Kia Seltos,2021,1170000,35K km,35000,DL,manual,petrol,20121
delhi,Tata Nexon,2018,571000,54K km,54000,DL,manual,petrol,9723
delhi,Honda City,2021,1125000,19K km,19000,DL,manual,petrol,19348
delhi,Kia Seltos,2022,1188000,13K km,13000,DL,manual,diesel,20430
delhi,Hyundai Alcazar,2022,1578000,21K km,21000,DL,automatic,petrol,28483
delhi,Renault Kiger,2022,551000,40.5K km,40500,UP,manual,petrol,9383
delhi,Kia Seltos,2022,1274000,20K km,20000,UP,manual,petrol,21910
delhi,Tata Tiago,2021,560000,47K km,47000,UP,automatic,petrol,9536
delhi,Maruti Ciaz,2019,629000,45K km,45000,UP,manual,petrol,10711
delhi,Hyundai Elite i20,2018,593000,32K km,32000,DL,manual,petrol,10098
delhi,Maruti Ciaz,2021,697000,38.5K km,38500,UP,manual,petrol,11869
delhi,Nissan Magnite,2023,527000,53K km,53000,UP,manual,petrol,8974
delhi,Honda Amaze,2019,528000,27K km,27000,DL,manual,petrol,8991
delhi,BMW X1,2019,1830000,50.5K km,50500,HR,automatic,diesel,31473
delhi,Tata Nexon,2022,768000,26K km,26000,DL,manual,petrol,13078
delhi,Maruti Alto 800,2017,263000,49.5K km,49500,UP,manual,petrol,4700
delhi,Maruti Vitara Brezza,2021,749000,25K km,25000,DL,manual,petrol,12755
delhi,Maruti Celerio,2022,489000,9.5K km,9500,DL,manual,petrol,8327
delhi,Tata Nexon,2022,1032000,15.5K km,15500,DL,automatic,petrol,17748
delhi,Honda Amaze,2021,698000,13K km,13000,DL,manual,petrol,11886
delhi,Honda Jazz,2018,498000,59K km,59000,DL,manual,petrol,7950
delhi,Hyundai Creta,2019,998000,54K km,54000,DL,automatic,petrol,16995
delhi,Hyundai Grand i10,2015,340000,68K km,68000,DL,manual,petrol,6188
delhi,Nissan Magnite,2023,498000,33K km,33000,DL,manual,petrol,8480
delhi,Volkswagen Polo,2017,624000,58.5K km,58500,DL,automatic,petrol,9962
delhi,Renault Triber,2020,463000,102.5K km,102500,DL,automatic,petrol,7884
delhi,Maruti Alto K10,2015,259000,51.5K km,51500,DL,manual,petrol,4714
delhi,Hyundai Eon,2012,205000,26.5K km,26500,DL,manual,petrol,7309
delhi,Toyota Etios,2015,372000,58K km,58000,UP,manual,petrol,6348
delhi,Maruti Baleno,2018,535000,57K km,57000,UP,automatic,petrol,9110
delhi,Jeep Compass,2021,1850000,36.5K km,36500,UP,automatic,petrol,31817
delhi,Maruti Alto K10,2015,268000,68K km,68000,DL,automatic,petrol,4878
delhi,Maruti Swift,2023,635000,17.5K km,17500,DL,manual,petrol,10813
delhi,Toyota Urban Cruiser Hyryder,2023,1519000,28.5K km,28500,UP,manual,petrol,26123
delhi,Maruti Swift,2024,678000,10.5K km,10500,DL,manual,petrol,11545
delhi,Ford EcoSport,2019,658000,60.5K km,60500,DL,manual,diesel,11205
delhi,Maruti Grand Vitara,2023,1239000,33K km,33000,DL,manual,petrol,21308
delhi,Maruti Baleno,2024,759000,9.5K km,9500,DL,automatic,petrol,12925
delhi,Tata Punch,2024,699000,4K km,4000,UP,manual,petrol,11903
delhi,Maruti Wagon R 1.0,2021,498000,34K km,34000,DL,manual,petrol+cng,8480
delhi,Maruti Wagon R 1.0,2022,576000,18.5K km,18500,DL,manual,petrol+cng,9808
delhi,Maruti Swift,2015,356000,28K km,28000,DL,manual,petrol,6480
delhi,Tata Punch,2021,559000,23K km,23000,UP,manual,petrol,9519
delhi,Tata Nexon,2019,666000,22K km,22000,DL,automatic,petrol,11341
delhi,Hyundai Eon,2012,162000,33.5K km,33500,DL,manual,petrol,10852
delhi,Maruti Swift,2015,386000,92.5K km,92500,DL,manual,petrol,7026
delhi,Maruti S-Presso,2022,442000,69.5K km,69500,DL,manual,petrol+cng,7527
delhi,Hyundai Grand i10,2015,370000,22K km,22000,DL,manual,petrol,6734
delhi,Maruti Swift,2021,572000,5K km,5000,DL,manual,petrol,9740
delhi,Maruti Swift,2023,649000,16.5K km,16500,UP,manual,petrol,11052
delhi,Maruti Vitara Brezza,2021,973000,38K km,38000,DL,automatic,petrol,16569
delhi,Nissan Magnite,2022,635000,56K km,56000,DL,manual,petrol,10813
delhi,Honda City,2017,756000,21K km,21000,DL,automatic,petrol,12874
delhi,Maruti Baleno,2023,759000,17K km,17000,DL,manual,petrol+cng,12925
delhi,Ford EcoSport,2019,694000,39.5K km,39500,DL,manual,petrol,11818
delhi,Hyundai Grand i10,2017,417000,70.5K km,70500,DL,manual,petrol,7101
delhi,Ford EcoSport,2017,554000,60K km,60000,DL,manual,petrol,9434
delhi,Hyundai Grand i10,2016,452000,42.5K km,42500,DL,automatic,petrol,7697
delhi,Maruti Alto 800,2017,268000,29K km,29000,DL,manual,petrol,4789
delhi,Ford EcoSport,2015,418000,69K km,69000,DL,manual,petrol,7608
delhi,Tata Tiago,2017,,34K km,34000,DL,manual,petrol,5943
delhi,Datsun Redi-GO,2018,254000,78.5K km,78500,UP,automatic,petrol,6846
delhi,Maruti Swift Dzire,2012,274000,58.5K km,58500,DL,manual,petrol,10421
delhi,Honda WR-V,2017,556000,37.5K km,37500,DL,manual,petrol,9468
delhi,Hyundai Verna,2017,702000,81K km,81000,DL,automatic,petrol,11954
delhi,Hyundai Elite i20,2015,431000,59.5K km,59500,DL,manual,petrol,7845
delhi,Maruti Baleno,2021,647000,40.5K km,40500,DL,manual,petrol,11018
delhi,Hyundai Aura,2024,802000,5.5K km,5500,DL,manual,petrol+cng,13657
delhi,Maruti Swift,2015,384000,22K km,22000,DL,manual,petrol,6989
delhi,Hyundai Venue,2021,830000,20K km,20000,DL,manual,petrol,14134
delhi,Maruti Baleno,2018,500000,37.5K km,37500,DL,manual,petrol,8514
delhi,Honda City,2017,802000,38.5K km,38500,DL,automatic,petrol,13657
delhi,Volkswagen Polo,2016,341000,73.5K km,73500,UP,manual,petrol,5444
delhi,Toyota Corolla Altis,2019,1139000,79K km,79000,UP,automatic,petrol,19587
delhi,Tata Tiago,2021,589000,28.5K km,28500,DL,automatic,petrol,10030
delhi,Tata Tiago,2018,439000,24K km,24000,DL,manual,petrol,7475
delhi,Maruti Ciaz,2017,652000,66K km,66000,DL,automatic,petrol,11103
delhi,Tata Altroz,2022,644000,22K km,22000,DL,manual,petrol,10966
delhi,Hyundai i10,2012,173000,44.5K km,44500,DL,manual,petrol,6579
delhi,Hyundai Grand i10 Nios,2021,574000,71K km,71000,DL,manual,petrol+cng,9774
delhi,Hyundai Venue,2020,675000,54K km,54000,UP,manual,petrol,11494
delhi,Tata Tiago,2020,394000,36.5K km,36500,DL,manual,petrol,6709
delhi,Renault Kwid,2021,370000,24K km,24000,DL,manual,petrol,6300
delhi,Honda Jazz,2018,491000,35K km,35000,DL,automatic,petrol,7838
delhi,Toyota Urban Cruiser Hyryder,2024,1889000,10.5K km,10500,UP,automatic,N/A,32491
delhi,Tata Altroz,2023,849000,23.5K km,23500,UP,manual,diesel,14457
delhi,Renault Kwid,2022,398000,9.5K km,9500,DL,manual,petrol,6777
delhi,Hyundai Elite i20,2014,426000,59.5K km,59500,DL,manual,petrol+cng,9142
delhi,Maruti Swift,2020,617000,45K km,45000,UP,automatic,petrol,10507
delhi,Maruti Swift Dzire,2016,414000,56K km,56000,DL,manual,petrol,7050
delhi,Hyundai Elite i20,2020,579000,30.5K km,30500,DL,manual,petrol,9860
delhi,Hyundai New i20,2021,665000,28.5K km,28500,DL,manual,petrol,11324
delhi,Skoda Superb,2017,1349000,89K km,89000,DL,automatic,petrol,24347
delhi,Honda Amaze,2014,302000,51.5K km,51500,DL,manual,petrol,6481
delhi,Hyundai Verna,2022,1242000,48.5K km,48500,DL,automatic,petrol,21360
delhi,Maruti Ertiga,2014,566000,75.5K km,75500,DL,manual,petrol+cng,12147
delhi,Renault Kiger,2021,475000,36.5K km,36500,DL,automatic,petrol,8088
delhi,Tata Tiago,2020,484000,38.5K km,38500,DL,manual,petrol,8242
delhi,Renault Triber,2022,531000,46.5K km,46500,DL,manual,petrol,9042
delhi,Honda City,2018,815000,38.5K km,38500,UP,manual,petrol,13878
delhi,Hyundai Venue,2022,854000,72K km,72000,UP,manual,diesel,14543
delhi,Hyundai Grand i10,2015,334000,76.5K km,76500,DL,manual,petrol,6079
delhi,Maruti Celerio,2016,370000,53K km,53000,DL,automatic,petrol,6300
delhi,Honda Amaze,2022,749000,27.5K km,27500,DL,manual,petrol,12755
delhi,Maruti Swift,2016,379000,82K km,82000,DL,manual,petrol+cng,6454
delhi,Hyundai Grand i10,2019,464000,45.5K km,45500,DL,manual,petrol,7901
delhi,Tata Altroz,2022,710000,28K km,28000,DL,automatic,petrol,12090
delhi,Hyundai Verna,2018,879000,19.5K km,19500,DL,automatic,petrol,14968
delhi,MG Hector Plus,2021,1355000,79.5K km,79500,UP,manual,diesel,23296
delhi,Maruti Baleno,2016,427000,80.5K km,80500,DL,automatic,petrol,7271
delhi,Maruti Ertiga,2015,539000,56.5K km,56500,DL,manual,petrol,9811
delhi,Honda City,2015,491000,73K km,73000,DL,automatic,petrol,8937
delhi,Honda Amaze,2016,417000,43K km,43000,DL,manual,petrol,7101
delhi,Renault Kwid,2019,319000,20.5K km,20500,DL,manual,petrol,5432
delhi,Maruti Swift Dzire,2014,305000,89.5K km,89500,DL,manual,petrol,6545
delhi,Maruti Swift,2017,418000,40K km,40000,DL,manual,petrol,7118
delhi,Maruti Vitara Brezza,2018,565000,80.5K km,80500,UP,manual,diesel,9621
delhi,Hyundai Grand i10,2019,491000,31.5K km,31500,DL,manual,petrol,8361
delhi,Honda City,2015,464000,73K km,73000,DL,manual,petrol,8445
delhi,Hyundai Verna,2018,736000,66K km,66000,DL,manual,petrol,12533
delhi,Maruti Swift,2016,437000,47K km,47000,DL,manual,petrol,7441
delhi,Hyundai Venue,2020,675000,54K km,54000,UP,manual,petrol,11494
delhi,Tata Tiago,2020,394000,36.5K km,36500,DL,manual,petrol,6709
delhi,Maruti Ertiga,2014,566000,75.5K km,75500,DL,manual,petrol+cng,12147
delhi,Renault Kiger,2021,475000,36.5K km,36500,DL,automatic,petrol,8088
delhi,Tata Tiago,2020,484000,38.5K km,38500,DL,manual,petrol,8242
delhi,Renault Triber,2022,531000,46.5K km,46500,DL,manual,petrol,9042
delhi,Maruti Baleno,2016,427000,80.5K km,80500,DL,automatic,petrol,7271
delhi,Honda City,2015,491000,73K km,73000,DL,automatic,petrol,8937
gurgaon,Hyundai Venue,2022,851000,28.5K km,28500,HR,manual,petrol,14492
gurgaon,Hyundai Eon,2014,215000,52K km,52000,HR,manual,petrol,4325
gurgaon,Kia Sonet,2022,1168000,24.5K km,24500,HR,automatic,petrol,20087
gurgaon,Hyundai Elite i20,2018,624000,23K km,23000,HR,manual,petrol,10626
gurgaon,Tata Nexon,2022,878000,19K km,19000,DL,manual,petrol,14951
gurgaon,Renault Kiger,2022,562000,39K km,39000,HR,manual,petrol,9570
gurgaon,Honda Amaze,2019,599000,40.5K km,40500,DL,automatic,petrol,10200
gurgaon,Hyundai Venue,2022,1039000,26K km,26000,HR,automatic,petrol,17868
gurgaon,Volkswagen Virtus,2024,1149000,26K km,26000,HR,manual,petrol,19760
gurgaon,Renault Kwid,2020,348000,19.5K km,19500,HR,automatic,petrol,5926
gurgaon,Maruti Wagon R 1.0,2013,283000,46.5K km,46500,DL,manual,petrol+cng,7628
gurgaon,Tata Tiago,2018,409000,79.5K km,79500,DL,automatic,petrol,6965
gurgaon,Mahindra Thar,2021,1039000,41K km,41000,HR,manual,petrol,17868
gurgaon,Toyota Innova Crysta,2023,2063000,51K km,51000,HR,automatic,petrol,35478
gurgaon,Tata Tiago,2021,512000,53K km,53000,HR,manual,petrol,8719
gurgaon,Kia Seltos,2020,1219000,51K km,51000,HR,automatic,diesel,20379
gurgaon,Volvo V40 Cross Country,2016,1180000,50K km,50000,UP,automatic,petrol,20293
gurgaon,Mercedes GLC,2017,3150000,61K km,61000,DL,automatic,petrol,54176
gurgaon,Mercedes GLA,2017,1970000,40K km,40000,HR,automatic,petrol,33881
gurgaon,Mercedes GLA,2019,2300000,50K km,50000,DL,automatic,petrol,39556
gurgaon,BMW X1,2020,2950000,21K km,21000,HR,automatic,petrol,50736
gurgaon,Mercedes C-Class,2017,2500000,63K km,63000,HR,automatic,petrol,42996
gurgaon,Hyundai Venue,2021,705000,25K km,25000,HR,manual,petrol,12005
gurgaon,Maruti New Ertiga,2022,819000,27.5K km,27500,DL,manual,petrol,13947
gurgaon,Kia Sonet,2021,876000,36K km,36000,HR,manual,petrol,14917
gurgaon,Kia Carens,2023,1319000,16K km,16000,HR,manual,petrol,22684
gurgaon,Tata Punch,2024,929000,3.5K km,3500,HR,automatic,petrol,15820
gurgaon,Hyundai Elite i20,2015,493000,45K km,45000,HR,manual,petrol,8973
gurgaon,Maruti Baleno,2015,484000,25.5K km,25500,HR,manual,petrol,8809
gurgaon,Ford EcoSport,2019,709000,70.5K km,70500,HR,automatic,petrol,12073
gurgaon,Hyundai Venue,2022,989000,42.5K km,42500,HR,manual,petrol,16842
gurgaon,Kia Seltos,2019,1129000,102K km,102000,HR,automatic,petrol,19416
gurgaon,Tata Altroz,2020,540000,105K km,105000,HR,manual,petrol,9195
gurgaon,Hyundai Elite i20,2018,518000,25.5K km,25500,DL,manual,petrol,8821
gurgaon,Hyundai Venue,2020,768000,55.5K km,55500,HR,manual,petrol,13078
gurgaon,Maruti Baleno,2016,514000,30K km,30000,HR,automatic,petrol,8753
gurgaon,Tata Nexon,2022,755000,33K km,33000,HR,manual,petrol,12857
gurgaon,Maruti Baleno,2018,544000,76.5K km,76500,HR,automatic,petrol,9264
gurgaon,Mercedes GLA,2016,1800000,57K km,57000,DL,automatic,petrol,30957
gurgaon,BMW 3 Series GT,2018,2650000,56.5K km,56500,HR,automatic,petrol,45576
gurgaon,Audi Q3,2018,1970000,66.5K km,66500,UP,automatic,petrol,33881
gurgaon,Audi A3,2019,1950000,62K km,62000,DL,automatic,petrol,33537
gurgaon,Mahindra Thar,2021,1149000,60K km,60000,HR,manual,diesel,19760
gurgaon,Hyundai New i20,2023,859000,23K km,23000,DL,manual,petrol,14628
gurgaon,Hyundai Venue,2022,916000,30K km,30000,HR,manual,petrol,15598
gurgaon,Maruti Baleno,2018,575000,44K km,44000,HR,manual,petrol,9791
gurgaon,Skoda Slavia,2022,1218000,10.5K km,10500,HR,automatic,petrol,20947
gurgaon,Mahindra Thar,2021,1165000,48.5K km,48500,HR,manual,diesel,20034
gurgaon,Kia Sonet,2021,917000,17.5K km,17500,HR,manual,petrol,15615
gurgaon,Maruti S-Cross,2021,859000,26K km,26000,HR,manual,petrol,14628
gurgaon,Hyundai Creta,2016,727000,64K km,64000,HR,manual,petrol,12380
gurgaon,MG Hector,2020,1217000,42K km,42000,HR,automatic,petrol,20929
gurgaon,Hyundai Elite i20,2019,529000,21.5K km,21500,HR,manual,petrol,9008
gurgaon,Hyundai New i20,2021,897000,27K km,27000,DL,automatic,petrol,15275
gurgaon,Hyundai Elite i20,2017,460000,83K km,83000,HR,manual,petrol,7833
gurgaon,Renault Triber,2020,563000,53K km,53000,HR,automatic,petrol,9587
gurgaon,Maruti Ciaz,2015,492000,85.5K km,85500,HR,manual,petrol,8955
gurgaon,Honda Jazz,2015,342000,65.5K km,65500,HR,manual,petrol,5836
gurgaon,Hyundai New Santro 1.1,2019,426000,117K km,117000,HR,manual,petrol+cng,6801
gurgaon,Hyundai Venue,2020,765000,76K km,76000,HR,automatic,petrol,13027
gurgaon,Honda City,2017,740000,71.5K km,71500,HR,automatic,petrol,12601
gurgaon,Mercedes C-Class,2020,3450000,33K km,33000,DL,automatic,petrol,59336
gurgaon,Maruti Baleno,2018,524000,35.5K km,35500,DL,manual,petrol,8923
gurgaon,Hyundai New i20,2023,1039000,8.5K km,8500,HR,automatic,petrol,17868
gurgaon,Hyundai Elite i20,2015,497000,29K km,29000,DL,manual,petrol,9046
gurgaon,Tata Curvv,2024,1412000,2K km,2000,HR,automatic,petrol,
gurgaon,Maruti Baleno,2020,672000,25K km,25000,HR,manual,petrol,11443
gurgaon,Maruti Baleno,2018,565000,56.5K km,56500,HR,manual,petrol,9621
gurgaon,Nissan Magnite,2023,890000,10.5K km,10500,HR,automatic,petrol,15156
gurgaon,Hyundai Creta,2019,962000,61.5K km,61500,DL,automatic,diesel,16382
gurgaon,Hyundai New i20,2021,749000,56.5K km,56500,HR,manual,petrol,12755
gurgaon,Tata Nexon,2023,899000,16.5K km,16500,DL,automatic,petrol,15309
gurgaon,Maruti Ignis,2019,440000,43K km,43000,HR,manual,petrol,7492
gurgaon,Mahindra Thar,2022,1240000,39K km,39000,HR,automatic,petrol,21324
gurgaon,Maruti Swift,2017,378000,44.5K km,44500,HR,manual,petrol,6437
gurgaon,Maruti Baleno,2018,520000,13K km,13000,HR,automatic,petrol,8855
gurgaon,Maruti Vitara Brezza,2019,604000,75.5K km,75500,HR,manual,diesel,10285
gurgaon,Renault Triber,2021,455000,72.5K km,72500,HR,manual,petrol,7748
gurgaon,Kia Seltos,2021,1125000,52K km,52000,HR,manual,diesel,19348
gurgaon,Renault Kwid,2022,356000,70K km,70000,HR,manual,petrol,6062
gurgaon,Renault Kwid,2019,349000,62.5K km,62500,DL,automatic,petrol,5943
gurgaon,Maruti Celerio,2019,380000,111K km,111000,HR,manual,petrol,6471
gurgaon,Kia Sonet,2021,997000,37.5K km,37500,HR,manual,petrol,16978
gurgaon,Kia Seltos,2021,1183000,73K km,73000,HR,automatic,petrol,20344
gurgaon,Maruti XL6,2022,1048000,48.5K km,48500,HR,automatic,petrol,18023
gurgaon,Tata Altroz,2022,778000,11K km,11000,HR,automatic,petrol,13248
gurgaon,Maruti Brezza,2023,1054000,32K km,32000,HR,manual,petrol+cng,18119
gurgaon,Renault Triber,2023,687000,7K km,7000,HR,manual,petrol,11699
gurgaon,Maruti Baleno,2015,495000,23.5K km,23500,HR,manual,petrol,9010
gurgaon,Hyundai Creta,2022,1149000,75K km,75000,HR,manual,petrol,19760
gurgaon,Hyundai New Santro 1.1,2019,435000,33K km,33000,HR,manual,petrol,6944
gurgaon,Maruti Ertiga,2014,526000,71.5K km,71500,HR,manual,petrol,11289
gurgaon,Maruti Ciaz,2017,714000,29K km,29000,HR,automatic,petrol,12159
gurgaon,Maruti S-Presso,2020,374000,40.5K km,40500,DL,manual,petrol,6369
gurgaon,Tata Tiago,2017,340000,122.5K km,122500,DL,manual,petrol,5790
gurgaon,Hyundai Elite i20,2015,456000,72.5K km,72500,DL,manual,petrol,8300
gurgaon,Renault Duster,2016,449000,84.5K km,84500,HR,manual,petrol,7646
gurgaon,Kia Seltos,2019,925000,77.5K km,77500,HR,manual,petrol,15752
gurgaon,Maruti A-Star,2012,218000,75K km,75000,HR,manual,petrol,7773
gurgaon,Maruti Ciaz,2018,626000,53.5K km,53500,HR,manual,petrol,10660
gurgaon,Maruti Alto 800,2013,205000,27.5K km,27500,HR,manual,petrol,5685
gurgaon,Hyundai Elite i20,2015,398000,94.5K km,94500,HR,manual,petrol,7244
gurgaon,Hyundai Venue,2022,897000,36.5K km,36500,HR,manual,petrol,15275
gurgaon,Kia Sonet,2021,1129000,34.5K km,34500,HR,automatic,diesel,19416
gurgaon,Kia Sonet,2021,1039000,6.5K km,6500,HR,manual,petrol,17868
gurgaon,Tata Nexon,2020,768000,43K km,43000,HR,manual,petrol,13078
gurgaon,Maruti Dzire,2018,489000,42.5K km,42500,DL,manual,petrol,8327
gurgaon,Kia Carens,2022,1227000,18K km,18000,DL,manual,petrol,21101
gurgaon,Maruti Baleno,2016,445000,55K km,55000,HR,manual,petrol,7578
gurgaon,Hyundai Venue,2019,752000,70K km,70000,HR,automatic,petrol,12806
gurgaon,Honda City,2023,1259000,22.5K km,22500,HR,manual,petrol,21652
gurgaon,Hyundai Creta,2016,818000,50K km,50000,HR,automatic,petrol,13930
gurgaon,Renault Kwid,2017,280000,55K km,55000,HR,manual,petrol,4768
gurgaon,Hyundai Verna,2019,746000,58K km,58000,HR,manual,petrol,12703
gurgaon,Tata Altroz,2020,580000,52K km,52000,HR,manual,petrol,9877
gurgaon,Volkswagen Polo,2011,245000,111.5K km,111500,HR,manual,petrol,16412
gurgaon,Maruti Alto K10,2023,443000,26.5K km,26500,DL,manual,petrol,7544
gurgaon,Mahindra KUV100,2017,323000,35.5K km,35500,HR,manual,petrol,5500
gurgaon,Hyundai Elite i20,2016,487000,60K km,60000,DL,manual,petrol,8293
gurgaon,Maruti Swift Dzire,2016,390000,50K km,50000,HR,manual,petrol,6641
gurgaon,Hyundai i10,2012,236000,35.5K km,35500,HR,automatic,petrol,16863
gurgaon,Maruti Baleno,2019,522000,100.5K km,100500,HR,manual,petrol,8889
gurgaon,Hyundai New Santro 1.1,2020,462000,52.5K km,52500,HR,manual,petrol+cng,7375
gurgaon,Hyundai Elite i20,2018,597000,40K km,40000,DL,manual,petrol+cng,10166
gurgaon,Honda Amaze,2018,498000,20K km,20000,HR,manual,petrol,8480
gurgaon,Hyundai Grand i10 Nios,2021,611000,45K km,45000,HR,manual,petrol+cng,10404
gurgaon,Tata Nexon,2019,712000,44.5K km,44500,HR,manual,petrol,12124
gurgaon,Tata Altroz,2023,784000,12K km,12000,HR,manual,petrol,13351
gurgaon,Honda Jazz,2016,402000,74.5K km,74500,HR,manual,petrol,6417
gurgaon,Maruti Ciaz,2018,681000,51.5K km,51500,DL,manual,petrol,11597
gurgaon,Maruti S-Presso,2024,427000,10K km,10000,HR,manual,petrol,7271
gurgaon,Tata Tigor,2022,698000,21.5K km,21500,DL,manual,petrol+cng,11886
gurgaon,Honda City,2016,647000,54.5K km,54500,HR,automatic,petrol,11018
gurgaon,Hyundai Grand i10 Nios,2022,591000,32K km,32000,HR,manual,petrol,10064
gurgaon,Maruti Wagon R 1.0,2013,229000,81.5K km,81500,HR,manual,petrol,6350
gurgaon,Datsun Redi-GO,2022,278000,66.5K km,66500,HR,manual,petrol,4734
gurgaon,Hyundai Venue,2021,885000,71.5K km,71500,HR,manual,diesel,15071
gurgaon,Maruti Baleno,2015,379000,94K km,94000,HR,manual,petrol,6898
gurgaon,Maruti Swift Dzire,2013,330000,62K km,62000,HR,manual,petrol,8895
gurgaon,Hyundai Verna,2024,1472000,23K km,23000,DL,automatic,petrol,25315
gurgaon,Tata Tiago,2019,464000,54K km,54000,HR,manual,petrol,7901
gurgaon,Maruti Ertiga,2012,461000,41K km,41000,HR,manual,petrol,17533
gurgaon,Hyundai Elite i20,2015,512000,26.5K km,26500,HR,manual,petrol,9319
gurgaon,Renault Kwid,2020,329000,36K km,36000,HR,manual,petrol,5602
gurgaon,Ford EcoSport,2020,738000,29.5K km,29500,HR,manual,petrol,12567
gurgaon,Renault Kwid,2022,439000,33K km,33000,HR,manual,petrol,7475
gurgaon,Renault Kwid,2022,355000,31K km,31000,HR,manual,petrol,6045
gurgaon,Maruti S-Cross,2021,911000,50.5K km,50500,HR,manual,petrol,15513
gurgaon,MG Astor,2024,1085000,8K km,8000,HR,manual,petrol,18659
gurgaon,Honda Amaze,2021,698000,48K km,48000,HR,automatic,petrol,11886
gurgaon,Renault Triber,2023,594000,36K km,36000,HR,manual,petrol,10115
gurgaon,Renault Triber,2023,596000,24K km,24000,HR,manual,petrol,10149
gurgaon,Hyundai Creta,2016,718000,88.5K km,88500,HR,automatic,petrol,12227
gurgaon,Mahindra Thar,2021,1149000,32K km,32000,HR,automatic,petrol,19759
gurgaon,Volkswagen Ameo,2018,490000,62.5K km,62500,HR,manual,petrol,7822
gurgaon,Honda Jazz,2016,378000,111.5K km,111500,HR,manual,petrol,6034
gurgaon,Hyundai Elite i20,2014,399000,114K km,114000,DL,manual,petrol,8563
gurgaon,Honda City,2016,598000,63K km,63000,HR,manual,petrol,10183
gurgaon,Hyundai Xcent,2014,282000,53K km,53000,HR,manual,petrol,5674
gurgaon,Honda Jazz,2015,363000,47K km,47000,DL,manual,petrol,6194
gurgaon,Honda City,2021,1123000,56K km,56000,HR,automatic,petrol,19313
gurgaon,Maruti Wagon R 1.0,2017,346000,56.5K km,56500,DL,manual,petrol+cng,5892
gurgaon,MG Hector,2020,1268000,70K km,70000,HR,manual,diesel,21805
gurgaon,Honda Amaze,2014,316000,60K km,60000,HR,manual,petrol,6781
gurgaon,Honda Amaze,2021,681000,27.5K km,27500,HR,manual,petrol,11597
gurgaon,Honda City,2023,1085000,7K km,7000,HR,manual,petrol,18660
gurgaon,Hyundai Creta,2017,779000,82K km,82000,HR,automatic,petrol,13265
gurgaon,Renault Kwid,2022,420000,33K km,33000,HR,manual,petrol,7152
gurgaon,Maruti Swift,2022,709000,11K km,11000,HR,automatic,petrol,12073
gurgaon,Tata Nexon,2021,884000,24.5K km,24500,HR,manual,petrol,15054
gurgaon,Maruti Ciaz,2017,637000,57.5K km,57500,HR,manual,petrol,10847
gurgaon,Honda City,2022,1239000,42K km,42000,DL,automatic,petrol,21308
gurgaon,Renault Kwid,2022,380000,22K km,22000,HR,manual,petrol,6471
gurgaon,Hyundai Tucson,2017,1201000,50.5K km,50500,HR,automatic,petrol,20656
gurgaon,Maruti Ertiga,2015,598000,55K km,55000,HR,automatic,petrol,10885
gurgaon,Honda WR-V,2017,598000,47K km,47000,HR,manual,petrol,10183
gurgaon,Tata Nexon,2021,856000,41K km,41000,HR,manual,petrol,14577
gurgaon,Hyundai i10,2013,223000,45K km,45000,DL,manual,petrol,6011
gurgaon,Maruti Swift Dzire,2015,368000,73.5K km,73500,DL,manual,petrol,6698
gurgaon,Toyota Etios,2011,218000,80K km,80000,DL,manual,petrol,14603
gurgaon,Maruti Baleno,2018,536000,38K km,38000,HR,automatic,petrol,9127
gurgaon,Maruti Swift Dzire,2012,293000,54.5K km,54500,HR,manual,petrol,11143
gurgaon,Tata Nexon,2023,922000,21.5K km,21500,HR,automatic,petrol,15701
gurgaon,Skoda Slavia,2022,1459000,26K km,26000,HR,automatic,petrol,25092
gurgaon,Honda City,2015,521000,58.5K km,58500,HR,manual,petrol,9483
gurgaon,Kia Sonet,2021,1078000,44K km,44000,HR,automatic,petrol,18539
gurgaon,Maruti S-Presso,2021,402000,37K km,37000,HR,manual,petrol,6845
gurgaon,Maruti Vitara Brezza,2019,646000,43.5K km,43500,HR,manual,diesel,11001
gurgaon,Kia Sonet,2021,995000,32.5K km,32500,DL,manual,petrol,16944
gurgaon,Maruti Ciaz,2018,690000,47K km,47000,HR,manual,petrol,11750
gurgaon,Renault Kwid,2018,260000,39.5K km,39500,HR,manual,petrol,4427
gurgaon,Tata Tiago,2020,517000,28K km,28000,HR,manual,petrol,8804
gurgaon,Honda WR-V,2021,789000,12.5K km,12500,DL,manual,petrol,13436
gurgaon,Hyundai Grand i10,2019,468000,62.5K km,62500,HR,manual,petrol,7969
gurgaon,Maruti Ritz,2012,198000,87.5K km,87500,HR,manual,petrol,7059
gurgaon,Nissan Sunny,2013,249000,91K km,91000,HR,manual,petrol,6292
gurgaon,Honda Amaze,2016,424000,39.5K km,39500,HR,manual,petrol,7220
gurgaon,Maruti Baleno,2022,568000,32.5K km,32500,HR,manual,petrol,9672
gurgaon,Maruti Baleno,2017,461000,79.5K km,79500,HR,manual,petrol,7850
gurgaon,Volkswagen Polo,2012,295000,60.5K km,60500,HR,manual,petrol,19761
gurgaon,Maruti Eeco,2022,529000,10.5K km,10500,HR,manual,petrol,8445
gurgaon,Hyundai Creta,2018,730000,113K km,113000,HR,manual,petrol,12431
gurgaon,Hyundai Creta,2016,745000,67K km,67000,HR,automatic,petrol,12686
gurgaon,Maruti Baleno,2017,525000,75.5K km,75500,HR,manual,petrol,8940
gurgaon,Renault Triber,2020,554000,13K km,13000,HR,automatic,petrol,9434
gurgaon,Ford EcoSport,2014,480000,60.5K km,60500,DL,automatic,petrol,10301
gurgaon,Hyundai Tucson,2018,1364000,41.5K km,41500,HR,automatic,petrol,23464
gurgaon,Volkswagen Vento,2021,981000,46K km,46000,DL,automatic,petrol,15661
gurgaon,Hyundai Verna,2021,1129000,25.5K km,25500,HR,automatic,petrol,19416
gurgaon,Hyundai Creta,2016,729000,74.5K km,74500,HR,automatic,petrol,12414
gurgaon,Ford EcoSport,2019,712000,40K km,40000,DL,manual,petrol,12124
gurgaon,Hyundai Creta,2016,751000,43.5K km,43500,HR,manual,petrol,12789
gurgaon,Hyundai New Santro 1.1,2019,434000,45.5K km,45500,HR,manual,petrol+cng,6928
gurgaon,Maruti Alto 800,2021,351000,7K km,7000,DL,manual,petrol,6273
gurgaon,Maruti Swift Dzire,2010,192000,55.5K km,55500,HR,manual,petrol,
gurgaon,Hyundai Grand i10,2016,348000,92.5K km,92500,HR,manual,petrol,5926
gurgaon,Nissan Magnite,2023,789000,19K km,19000,HR,manual,petrol,13436
gurgaon,Maruti Baleno,2017,427000,119K km,119000,HR,manual,petrol,7271
gurgaon,Hyundai Elite i20,2017,494000,70.5K km,70500,HR,manual,petrol,8412
gurgaon,Maruti Swift Dzire,2013,278000,91K km,91000,HR,manual,petrol,7493
gurgaon,Maruti Baleno,2016,433000,99.5K km,99500,HR,manual,petrol,7373
gurgaon,Maruti Ritz,2013,228000,69K km,69000,DL,manual,petrol,5761
gurgaon,Maruti Baleno,2016,465000,55.5K km,55500,HR,automatic,petrol,7918
gurgaon,Hyundai Verna,2019,746000,60.5K km,60500,DL,manual,petrol,12703
gurgaon,Maruti Vitara Brezza,2021,749000,35.5K km,35500,HR,manual,petrol,12755
gurgaon,Honda Jazz,2016,484000,15K km,15000,HR,manual,petrol,7727
gurgaon,Maruti Swift,2019,542000,26K km,26000,HR,automatic,petrol,9229
gurgaon,Maruti Ciaz,2017,630000,48K km,48000,HR,manual,Petrol,
gurgaon,Tata Nexon,2021,829000,20K km,20000,HR,automatic,petrol,14117
gurgaon,Maruti Dzire,2022,732000,19.5K km,19500,HR,manual,petrol,12465
gurgaon,Nissan Magnite,2021,689000,33.5K km,33500,HR,manual,petrol,11733
gurgaon,Hyundai Creta,2019,1023000,18K km,18000,HR,manual,petrol,17591
gurgaon,Hyundai i20 Active,2015,492000,50.5K km,50500,HR,manual,petrol,8955
gurgaon,Maruti Baleno,2018,486000,58.5K km,58500,HR,automatic,petrol,8276
gurgaon,Toyota Etios Liva,2011,186000,70K km,70000,DL,manual,petrol,12459
gurgaon,Maruti Ciaz,2018,623000,87.5K km,87500,HR,manual,Petrol,
gurgaon,Renault Kwid,2021,362000,37.5K km,37500,DL,manual,petrol,6164
gurgaon,Kia Seltos,2020,1161000,95.5K km,95500,HR,automatic,petrol,19958
gurgaon,Hyundai New Santro 1.1,2019,392000,69.5K km,69500,DL,manual,petrol+cng,6258
gurgaon,Honda City,2019,650000,82.5K km,82500,HR,manual,diesel,11069
gurgaon,Maruti Swift Dzire,2013,309000,73.5K km,73500,HR,manual,petrol,8329
gurgaon,Hyundai Grand i10,2019,458000,98K km,98000,HR,manual,petrol+cng,7799
gurgaon,Honda City,2021,1178000,33.5K km,33500,HR,automatic,petrol,20259
gurgaon,Hyundai Creta,2017,777000,83K km,83000,HR,automatic,petrol,13231
gurgaon,Volkswagen Polo,2015,427000,53.5K km,53500,HR,manual,petrol,7286
gurgaon,Hyundai Grand i10 Nios,2023,679000,41.5K km,41500,HR,manual,petrol+cng,11562
gurgaon,Tata Tigor,2022,697000,31.5K km,31500,HR,manual,petrol+cng,11869
gurgaon,Maruti S-Presso,2022,425000,10K km,10000,HR,manual,petrol,7237
gurgaon,Hyundai New i20,2023,816000,15.5K km,15500,HR,automatic,petrol,13896
gurgaon,Hyundai Elite i20,2015,453000,63.5K km,63500,HR,manual,petrol,8245
gurgaon,Maruti Swift,2018,495000,109K km,109000,HR,automatic,petrol,8429
gurgaon,Hyundai i10,2014,276000,53K km,53000,HR,manual,petrol,5923
gurgaon,Mahindra XUV 300,2019,792000,55K km,55000,HR,manual,diesel,13487
gurgaon,Renault Kwid,2021,338000,39.5K km,39500,HR,manual,petrol,5755
gurgaon,Maruti Baleno,2018,535000,50.5K km,50500,HR,manual,petrol,9110
gurgaon,Maruti Baleno,2019,584000,58.5K km,58500,HR,manual,petrol,9945
gurgaon,Maruti Wagon R 1.0,2015,312000,57K km,57000,HR,manual,petrol+cng,5679
gurgaon,Maruti Baleno,2019,514000,34.5K km,34500,DL,manual,petrol,8753
gurgaon,Maruti Ciaz,2017,559000,47K km,47000,HR,automatic,petrol,9519
gurgaon,Maruti Swift Dzire,2014,315000,45.5K km,45500,HR,manual,petrol,6760
gurgaon,Hyundai New Santro 1.1,2020,460000,92K km,92000,HR,manual,petrol+cng,7343
gurgaon,Maruti Swift Dzire,2013,277000,96.5K km,96500,HR,manual,petrol,7466
gurgaon,Hyundai Verna,2020,799000,50.5K km,50500,HR,manual,petrol,13606
gurgaon,Kia Carens,2022,1444000,19K km,19000,HR,manual,petrol,24828
gurgaon,Toyota Innova Crysta,2017,1238000,73.5K km,73500,DL,automatic,petrol,21286
gurgaon,Honda City,2018,699000,41K km,41000,HR,manual,petrol,11903
gurgaon,Maruti Eeco,2018,411000,14.5K km,14500,HR,manual,petrol,6561
gurgaon,MG Hector Plus,2020,1285000,89.5K km,89500,HR,manual,diesel,22098
gurgaon,Mahindra XUV 300,2019,662000,114.5K km,114500,HR,manual,diesel,11273
gurgaon,Mahindra Scorpio,2021,1239000,45.5K km,45500,HR,manual,diesel,21307
gurgaon,Maruti Ciaz,2018,600000,66.5K km,66500,HR,automatic,petrol,10217
gurgaon,Maruti Swift Dzire,2014,311000,43K km,43000,DL,manual,petrol,6674
gurgaon,Maruti Swift,2016,375000,68.5K km,68500,HR,manual,petrol+cng,6386
gurgaon,Maruti Alto 800,2022,367000,7K km,7000,HR,manual,petrol,6559
gurgaon,Maruti Baleno,2022,754000,39.5K km,39500,DL,automatic,petrol,12840
gurgaon,MG Hector Plus,2020,1259000,41.5K km,41500,HR,manual,petrol,21652
gurgaon,Mercedes E-Class,2017,3000000,46.5K km,46500,DL,automatic,petrol,51596
gurgaon,Tata Tiago,2018,405000,102K km,102000,DL,automatic,petrol,6896
gurgaon,Hyundai Grand i10,2017,372000,54.5K km,54500,HR,manual,petrol,6334
gurgaon,Honda Jazz,2018,510000,42.5K km,42500,HR,automatic,petrol,8142
gurgaon,BMW X1,2019,1830000,50.5K km,50500,HR,automatic,diesel,31473
gurgaon,Jeep Compass,2021,1850000,36.5K km,36500,UP,automatic,petrol,31817
gurgaon,Honda Accord,2018,1659000,79K km,79000,HR,automatic,petrol,28535
gurgaon,MG Hector,2021,1339000,34K km,34000,HR,automatic,petrol,23028
gurgaon,Hyundai Creta,2021,1268000,27K km,27000,HR,automatic,petrol,21807
gurgaon,Skoda Slavia,2022,859000,16.5K km,16500,HR,manual,petrol,14628
gurgaon,Tata Punch,2023,665000,11.5K km,11500,HR,automatic,petrol,11324
gurgaon,Toyota Innova Crysta,2023,1772000,21K km,21000,HR,manual,petrol,30476
gurgaon,Honda Amaze,2019,559000,83K km,83000,HR,manual,petrol+cng,9519
gurgaon,Hyundai Verna,2015,417000,89K km,89000,HR,manual,petrol,8949
gurgaon,Hyundai Aura,2020,565000,60.5K km,60500,HR,manual,petrol+cng,9621
gurgaon,Honda WR-V,2021,762000,20K km,20000,HR,manual,petrol,12976
gurgaon,Maruti Wagon R 1.2,2021,496000,38.5K km,38500,HR,automatic,petrol,8442
gurgaon,Renault Kiger,2022,768000,28K km,28000,HR,automatic,petrol,13078
gurgaon,Kia Seltos,2023,997000,15.5K km,15500,HR,manual,petrol,16978
gurgaon,Maruti S-Cross,2022,768000,19.5K km,19500,HR,manual,petrol,13078
gurgaon,Kia Seltos,2020,992000,49K km,49000,HR,manual,petrol,16893
gurgaon,Tata Tiago,2018,366000,117.5K km,117500,HR,manual,petrol,6232
gurgaon,Hyundai Grand i10,2014,302000,69.5K km,69500,HR,manual,petrol,6481
gurgaon,Maruti Alto K10,2017,265000,63K km,63000,DL,manual,petrol+cng,4512
gurgaon,Mahindra Thar,2021,1223000,54K km,54000,HR,automatic,petrol,21031
gurgaon,Maruti Baleno,2021,578000,36.5K km,36500,HR,manual,petrol,9843
gurgaon,Mahindra Thar,2021,1159000,25K km,25000,HR,manual,petrol,19931
gurgaon,Skoda Kushaq,2023,1149000,20.5K km,20500,HR,manual,petrol,19753
gurgaon,Hyundai Grand i10 Nios,2024,678000,2.5K km,2500,HR,manual,petrol,11545
gurgaon,Tata Punch,2022,716000,18.5K km,18500,HR,automatic,petrol,12193
gurgaon,Maruti Swift,2015,337000,84.5K km,84500,DL,manual,petrol,6134
gurgaon,Honda Mobilio,2016,399000,63.5K km,63500,HR,manual,petrol,6808
gurgaon,Maruti Celerio,2016,315000,73.5K km,73500,HR,automatic,petrol,5364
gurgaon,Honda City,2022,1039000,48.5K km,48500,DL,automatic,petrol,17868
gurgaon,Honda City,2020,1119000,25K km,25000,HR,automatic,petrol,19244
gurgaon,Maruti XL6,2024,1241000,11.5K km,11500,DL,automatic,petrol,21343
gurgaon,Hyundai New Santro 1.1,2019,417000,71K km,71000,DL,manual,petrol+cng,6657
gurgaon,Tata Nexon,2019,639000,31.5K km,31500,DL,manual,diesel,10881
gurgaon,Tata Punch,2022,692000,22.5K km,22500,HR,automatic,petrol,11784
gurgaon,Renault Kwid,2020,343000,70K km,70000,DL,automatic,petrol,5841
gurgaon,Maruti Baleno,2019,514000,103.5K km,103500,HR,manual,petrol,8753
gurgaon,Maruti Baleno,2016,434000,102.5K km,102500,HR,automatic,petrol,7390
gurgaon,Maruti New Ertiga,2021,849000,25.5K km,25500,DL,manual,petrol,14457
gurgaon,Nissan Kicks,2020,618000,50.5K km,50500,HR,manual,diesel,10524
gurgaon,Renault Kiger,2022,587000,14K km,14000,DL,manual,petrol,9996
gurgaon,Maruti Swift,2021,549000,9.5K km,9500,HR,automatic,petrol,9349
gurgaon,Maruti Swift,2022,647000,9K km,9000,HR,automatic,petrol,11018
gurgaon,Tata Nexon,2024,1109000,16K km,16000,HR,automatic,petrol,19072
gurgaon,Renault Kiger,2021,677000,9.5K km,9500,HR,manual,petrol,11528
gurgaon,Mahindra KUV100,2016,326000,48.5K km,48500,HR,manual,petrol,5551
gurgaon,Maruti Vitara Brezza,2020,598000,85K km,85000,DL,automatic,diesel,10183
gurgaon,Kia Seltos,2020,997000,22K km,22000,HR,manual,petrol,16978
gurgaon,Maruti Ignis,2019,436000,34.5K km,34500,HR,manual,petrol,7424
gurgaon,Maruti Wagon R 1.0,2022,489000,25K km,25000,HR,manual,petrol,8739
gurgaon,Maruti Baleno,2017,471000,47.5K km,47500,HR,manual,petrol,8020
gurgaon,Renault Kiger,2021,526000,20K km,20000,HR,automatic,petrol,8957
gurgaon,Maruti Ciaz,2017,527000,84K km,84000,HR,manual,petrol,8974
gurgaon,Hyundai Verna,2013,343000,88K km,88000,HR,manual,petrol,9245
gurgaon,Toyota Innova Crysta,2016,1125000,54K km,54000,HR,manual,petrol,19345
gurgaon,Honda Amaze,2020,658000,92.5K km,92500,DL,automatic,diesel,11205
gurgaon,Maruti Dzire,2024,738000,10.5K km,10500,HR,automatic,petrol,12567
gurgaon,Hyundai Creta,2017,810000,41K km,41000,HR,automatic,petrol,13793
gurgaon,Volkswagen Virtus,2022,1141000,44K km,44000,HR,automatic,petrol,19622
gurgaon,Maruti Baleno,2016,438000,60K km,60000,HR,manual,petrol,7458
gurgaon,Maruti Swift,2017,421000,51.5K km,51500,HR,manual,petrol,7169
gurgaon,Renault Triber,2022,598000,8K km,8000,HR,automatic,petrol,10183
gurgaon,Renault Triber,2020,443000,37K km,37000,HR,manual,petrol,7544
gurgaon,Tata Tigor,2022,638000,54K km,54000,HR,manual,petrol+cng,10864
gurgaon,Hyundai Verna,2023,1202000,33K km,33000,HR,automatic,petrol,20673
gurgaon,Mahindra Thar,2020,1134000,57.5K km,57500,HR,automatic,petrol,19498
gurgaon,Tata Tiago,2019,494000,23K km,23000,DL,manual,petrol,8412
gurgaon,Hyundai Grand i10 Nios,2021,645000,29.5K km,29500,DL,manual,petrol+cng,10983
gurgaon,Ford Figo Aspire,2016,387000,29K km,29000,DL,manual,petrol,6178
gurgaon,Kia Seltos,2021,1049000,89K km,89000,DL,manual,petrol,18040
gurgaon,Hyundai Grand i10,2018,509000,40.5K km,40500,UP,automatic,petrol,8667
gurgaon,Datsun Redi-GO,2019,197000,39.5K km,39500,DL,manual,petrol,4228
gurgaon,Maruti Ertiga,2014,502000,79K km,79000,UP,manual,petrol,10773
gurgaon,Renault Kwid,2019,315000,19K km,19000,UP,manual,petrol,5364
gurgaon,Hyundai Elite i20,2018,537000,15.5K km,15500,DL,manual,petrol,9144
gurgaon,Toyota Yaris,2020,614000,48K km,48000,DL,manual,petrol,9802
gurgaon,Hyundai Verna,2019,937000,47.5K km,47500,DL,automatic,petrol,15956
gurgaon,Honda Amaze,2013,295000,97K km,97000,DL,automatic,petrol,7951
gurgaon,Tata Punch,2023,828000,11K km,11000,DL,automatic,petrol,14100
gurgaon,Maruti Wagon R 1.0,2020,477000,24K km,24000,DL,manual,petrol+cng,8123
gurgaon,Maruti Vitara Brezza,2018,565000,80.5K km,80500,UP,manual,diesel,9621
gurgaon,Maruti Ciaz,2016,505000,70K km,70000,DL,manual,petrol,8599
gurgaon,Hyundai Venue,2020,778000,30.5K km,30500,DL,manual,petrol,13248
gurgaon,Maruti Ciaz,2018,616000,115.5K km,115500,DL,manual,petrol,10490
gurgaon,Renault Triber,2020,530000,45K km,45000,UP,automatic,petrol,9025
gurgaon,Hyundai Creta,2017,693000,108K km,108000,DL,automatic,petrol,11801
gurgaon,Maruti Swift,2020,611000,64K km,64000,DL,automatic,petrol,10404
gurgaon,Maruti Swift Dzire,2013,330000,70.5K km,70500,DL,manual,petrol+cng,8895
gurgaon,Tata Tigor,2021,549000,49K km,49000,DL,manual,petrol+cng,9349
gurgaon,Maruti Swift,2020,468000,33K km,33000,DL,manual,petrol,7969
gurgaon,Maruti Swift,2017,383000,58.5K km,58500,DL,manual,petrol,6522
gurgaon,Honda Jazz,2015,399000,122K km,122000,DL,automatic,petrol,6808
gurgaon,Maruti Baleno,2018,489000,37K km,37000,DL,manual,petrol,8327
gurgaon,Hyundai Grand i10,2014,367000,44.5K km,44500,DL,manual,petrol,7876
gurgaon,Honda WR-V,2017,632000,41K km,41000,DL,manual,petrol,10762
gurgaon,Honda City,2016,566000,57K km,57000,DL,manual,petrol,9638
gurgaon,Nissan Magnite,2021,795000,31K km,31000,DL,automatic,petrol,13538
gurgaon,Maruti Swift Dzire,2013,302000,39.5K km,39500,DL,manual,petrol,8140
gurgaon,Renault Kwid,2020,372000,25.5K km,25500,DL,automatic,petrol,6334
gurgaon,Maruti Swift,2012,256000,71.5K km,71500,DL,manual,petrol,9736
gurgaon,Hyundai Venue,2022,818000,58.5K km,58500,DL,manual,petrol,13930
gurgaon,Tata Punch,2022,680000,25.5K km,25500,DL,manual,petrol,11580
gurgaon,Tata Nexon,2019,668000,29.5K km,29500,DL,automatic,petrol,11375
gurgaon,Hyundai New i20,2021,697000,65.5K km,65500,UP,manual,petrol,11869
gurgaon,Maruti Dzire,2019,587000,27K km,27000,UP,automatic,petrol,9996
gurgaon,Tata Nexon,2019,678000,72K km,72000,DL,automatic,petrol,11545
gurgaon,Hyundai New Santro 1.1,2019,462000,56.5K km,56500,DL,manual,petrol+cng,7375
gurgaon,Renault Kwid,2019,392000,32K km,32000,DL,automatic,petrol,6675
gurgaon,Renault Triber,2019,523000,12.5K km,12500,DL,manual,petrol,8906
gurgaon,Hyundai New Santro 1.1,2020,490000,38.5K km,38500,DL,manual,petrol+cng,7822
gurgaon,Renault Triber,2021,558000,54.5K km,54500,DL,manual,petrol,9502
gurgaon,Hyundai Venue,2021,829000,22.5K km,22500,UP,manual,petrol,14117
gurgaon,Hyundai Verna,2011,346000,84K km,84000,DL,manual,petrol,24723
gurgaon,Honda Amaze,2014,358000,51K km,51000,DL,manual,petrol,7683
gurgaon,Renault Kiger,2021,618000,24K km,24000,UP,manual,petrol,10524
gurgaon,Hyundai New Santro 1.1,2019,420000,55K km,55000,DL,manual,petrol,6705
gurgaon,Honda Amaze,2019,601000,50K km,50000,DL,automatic,petrol,10234
gurgaon,Renault Kiger,2022,704000,24.5K km,24500,DL,automatic,petrol,11988
gurgaon,Renault Triber,2020,479000,28.5K km,28500,DL,manual,petrol,8157
gurgaon,Kia Sonet,2020,839000,87K km,87000,DL,manual,petrol,14287
gurgaon,Hyundai i10,2011,176000,91.5K km,91500,DL,manual,petrol,12575
gurgaon,Maruti Ciaz,2019,725000,6.5K km,6500,DL,automatic,petrol,12346
gurgaon,Hyundai Verna,2012,328000,68K km,68000,DL,manual,petrol,12474
gurgaon,Maruti Baleno,2022,632000,21K km,21000,UP,manual,petrol,10762
gurgaon,Honda City,2023,1171000,17K km,17000,DL,manual,petrol,20145
gurgaon,Maruti Baleno,2021,718000,31K km,31000,UP,automatic,petrol,12227
gurgaon,Ford EcoSport,2019,606000,108.5K km,108500,DL,manual,petrol,10319
gurgaon,Hyundai Grand i10 Nios,2021,570000,21.5K km,21500,DL,manual,petrol,9706
gurgaon,Hyundai Verna,2019,840000,89K km,89000,UP,automatic,petrol,14304
gurgaon,Honda Brio,2011,207000,35K km,35000,DL,manual,petrol,13866
gurgaon,Tata Tigor,2022,686000,20.5K km,20500,UP,automatic,petrol,11682
gurgaon,Renault Kiger,2023,673000,29.5K km,29500,UP,automatic,petrol,11460
gurgaon,Tata Altroz,2023,749000,25K km,25000,DL,automatic,petrol,12755
gurgaon,Maruti Swift,2020,524000,66.5K km,66500,UP,automatic,petrol,8923
gurgaon,Hyundai Verna,2012,319000,110K km,110000,DL,manual,petrol,12132
gurgaon,Hyundai New i20,2022,960000,20.5K km,20500,UP,automatic,petrol,16348
gurgaon,Renault Kwid,2020,386000,20K km,20000,DL,manual,petrol,6573
gurgaon,Maruti XL6,2021,939000,43K km,43000,DL,manual,petrol,15990
gurgaon,Hyundai New i20,2022,759000,31K km,31000,DL,automatic,petrol,12925
gurgaon,Toyota Glanza,2021,616000,55K km,55000,DL,manual,petrol,10490
gurgaon,Renault Kwid,2020,309000,25K km,25000,DL,manual,petrol,5262
gurgaon,Maruti Swift,2023,640000,8.5K km,8500,DL,manual,petrol,10898
gurgaon,Maruti Wagon R 1.0,2012,228000,17.5K km,17500,DL,manual,petrol,8843
gurgaon,Renault Kwid,2021,395000,55.5K km,55500,DL,automatic,petrol,6726
gurgaon,Tata Altroz,2023,726000,12.5K km,12500,UP,automatic,petrol,12363
gurgaon,Hyundai Verna,2021,1109000,64.5K km,64500,DL,automatic,petrol,19072
gurgaon,Hyundai New i20,2023,830000,28K km,28000,DL,manual,petrol,14134
gurgaon,Kia Carnival,2020,2428000,50K km,50000,DL,automatic,diesel,41756
gurgaon,Tata Tiago,2018,418000,35K km,35000,UP,manual,petrol,7118
gurgaon,Honda City,2015,580000,33K km,33000,UP,automatic,petrol,10557
gurgaon,Maruti Baleno,2016,405000,39K km,39000,HR,manual,petrol,6896
gurgaon,Tata Punch,2021,627000,25.5K km,25500,DL,manual,petrol,10677
gurgaon,Tata Nexon,2019,622000,51.5K km,51500,DL,manual,petrol,10592
gurgaon,Hyundai Grand i10,2017,424000,48.5K km,48500,DL,manual,petrol,7220
gurgaon,Volkswagen Polo,2012,269000,98K km,98000,DL,manual,petrol,9591
gurgaon,Renault Kwid,2022,394000,13.5K km,13500,HR,manual,petrol,6709
gurgaon,Hyundai Creta,2016,644000,67K km,67000,DL,manual,petrol,10966
gurgaon,Tata Altroz,2021,707000,25K km,25000,DL,manual,petrol,12039
gurgaon,Hyundai Grand i10,2020,475000,54.5K km,54500,DL,manual,petrol,8088
gurgaon,Maruti Ritz,2014,266000,41K km,41000,DL,manual,petrol,5352
gurgaon,Maruti Baleno,2018,488000,58K km,58000,DL,manual,petrol,8310
gurgaon,Maruti Wagon R 1.0,2013,242000,93K km,93000,DL,manual,petrol+cng,6523
gurgaon,Maruti Baleno,2016,493000,35.5K km,35500,DL,manual,petrol,8395
gurgaon,Hyundai i10,2011,185000,51K km,51000,DL,manual,petrol,13218
gurgaon,Maruti Celerio,2016,354000,47K km,47000,DL,automatic,petrol,6028
gurgaon,Tata Altroz,2021,670000,34K km,34000,DL,manual,petrol,11409
gurgaon,Tata Altroz,2021,639000,43K km,43000,UP,manual,petrol,10881
gurgaon,Maruti Baleno,2018,528000,28K km,28000,DL,manual,petrol,8991
gurgaon,Hyundai New Santro 1.1,2019,420000,85K km,85000,DL,manual,petrol+cng,6705
gurgaon,Honda Amaze,2023,798000,12K km,12000,DL,automatic,petrol,13589
gurgaon,Renault Kwid,2021,441000,12.5K km,12500,DL,manual,petrol,7509
gurgaon,Maruti Celerio,2017,385000,80K km,80000,DL,automatic,petrol,6556
gurgaon,Maruti Swift,2014,308000,107K km,107000,DL,manual,petrol,6610
gurgaon,Kia Sonet,2022,920000,45K km,45000,DL,manual,petrol,15667
gurgaon,Hyundai New i20,2022,768000,17K km,17000,DL,manual,petrol,13078
gurgaon,Hyundai New Santro 1.1,2021,476000,24.5K km,24500,DL,manual,petrol,7599
gurgaon,Volkswagen Polo,2017,467000,44.5K km,44500,DL,manual,petrol,7455
gurgaon,Ford EcoSport,2019,732000,77.5K km,77500,DL,automatic,petrol,12465
gurgaon,Volkswagen Polo,2014,307000,99.5K km,99500,UP,manual,petrol,6177
gurgaon,Maruti A-Star,2012,225000,79K km,79000,DL,automatic,petrol,8022
gurgaon,Tata Tiago,2023,568000,38.5K km,38500,UP,manual,petrol+cng,9672
gurgaon,Tata Nexon,2020,825000,26K km,26000,UP,automatic,petrol,14049
gurgaon,Ford EcoSport,2014,440000,72K km,72000,DL,automatic,petrol,9443
gurgaon,Maruti Vitara Brezza,2021,814000,39K km,39000,DL,manual,petrol,13861
gurgaon,Maruti Swift,2023,639000,17K km,17000,DL,manual,petrol,10881
gurgaon,Maruti Vitara Brezza,2022,810000,54K km,54000,DL,manual,petrol,13793
gurgaon,Renault Kiger,2022,630000,9K km,9000,DL,manual,petrol,10728
gurgaon,Maruti Swift,2016,374000,35.5K km,35500,DL,manual,petrol,6369
gurgaon,Honda City,2019,696000,52.5K km,52500,UP,manual,petrol,11852
gurgaon,Hyundai Creta,2016,697000,88.5K km,88500,UP,manual,petrol,11869
gurgaon,Maruti Swift Dzire,2015,351000,97K km,97000,DL,manual,petrol,6389
gurgaon,Maruti Ertiga,2015,515000,97K km,97000,UP,manual,petrol,9374
gurgaon,Hyundai Fluidic Verna 4S,2015,575000,57K km,57000,UP,manual,petrol,10466
gurgaon,Tata Tigor,2022,633000,70.5K km,70500,DL,manual,petrol+cng,10779
gurgaon,Toyota Glanza,2020,646000,47.5K km,47500,DL,automatic,petrol,11001
gurgaon,Maruti Celerio,2015,272000,55.5K km,55500,DL,manual,petrol,4951
gurgaon,Maruti Ciaz,2015,443000,57.5K km,57500,DL,automatic,petrol,8063
gurgaon,Maruti Baleno,2015,423000,44.5K km,44500,DL,manual,petrol,7699
gurgaon,Maruti Swift Dzire,2015,355000,72.5K km,72500,DL,manual,petrol,6461
gurgaon,Volkswagen Polo,2019,624000,42K km,42000,DL,manual,petrol,9962
gurgaon,Maruti Swift Dzire,2014,309000,97K km,97000,DL,manual,petrol,6631
gurgaon,MG Hector,2020,1170000,58.5K km,58500,DL,automatic,petrol,20122
gurgaon,Volkswagen Polo,2016,430000,54K km,54000,DL,manual,petrol+cng,7322
gurgaon,Maruti Alto K10,2011,151000,66K km,66000,DL,manual,petrol,10789
gurgaon,Maruti Celerio,2014,349000,68K km,68000,DL,manual,petrol+cng,7490
gurgaon,Maruti S-Presso,2022,419000,81.5K km,81500,DL,manual,petrol+cng,7135
gurgaon,Honda Amaze,2018,498000,38K km,38000,DL,manual,petrol,8480
gurgaon,Honda BR-V,2016,571000,86K km,86000,DL,manual,petrol,9723
gurgaon,Maruti Celerio,2015,314000,90K km,90000,DL,automatic,petrol,5715
gurgaon,Maruti Wagon R 1.0,2022,468000,4.5K km,4500,DL,manual,petrol,8364
gurgaon,Hyundai Elite i20,2017,475000,55K km,55000,DL,manual,petrol,8088
gurgaon,Honda Brio,2013,229000,55K km,55000,DL,manual,petrol,5786
gurgaon,Maruti Swift,2014,318000,66K km,66000,DL,manual,petrol,6824
gurgaon,Honda City,2019,754000,47K km,47000,DL,manual,petrol,12840
gurgaon,Kia Sonet,2021,846000,55.5K km,55500,DL,manual,petrol,14406
gurgaon,Renault Kwid,2020,356000,61.5K km,61500,DL,manual,petrol,6062
gurgaon,Hyundai Venue,2021,855000,27K km,27000,UP,manual,petrol,14560
gurgaon,Hyundai i10,2012,202000,68.5K km,68500,DL,manual,petrol,7682
gurgaon,Maruti Swift Dzire,2013,313000,82K km,82000,DL,manual,petrol+cng,8436
gurgaon,Ford EcoSport,2021,875000,33K km,33000,DL,manual,petrol,14900
gurgaon,Honda Amaze,2015,365000,26.5K km,26500,DL,manual,petrol,6643
gurgaon,Hyundai Eon,2013,202000,29K km,29000,DL,manual,petrol,5104
gurgaon,Honda Brio,2013,197000,95K km,95000,DL,manual,petrol,4978
gurgaon,Hyundai i20,2012,271000,33.5K km,33500,DL,manual,petrol,10307
gurgaon,Maruti Swift Dzire,2014,305000,89.5K km,89500,DL,manual,petrol,6545
gurgaon,Honda City,2017,768000,59.5K km,59500,DL,automatic,petrol,13078
gurgaon,Skoda Kushaq,2022,1098000,13K km,13000,DL,manual,petrol,18885
gurgaon,Hyundai Verna,2012,396000,27K km,27000,DL,automatic,petrol,15061
gurgaon,Maruti Wagon R 1.0,2014,289000,30K km,30000,DL,manual,petrol,6434
gurgaon,Hyundai Elite i20,2015,457000,73K km,73000,DL,manual,petrol,8315
gurgaon,Kia Sonet,2021,973000,50K km,50000,DL,manual,petrol,16569
gurgaon,Maruti Alto 800,2022,367000,10.5K km,10500,DL,manual,petrol,6559
gurgaon,Hyundai i20,2012,201000,57K km,57000,DL,manual,petrol,7644
gurgaon,Hyundai Elite i20,2015,421000,97.5K km,97500,UP,manual,petrol,7663
gurgaon,Tata Punch,2022,668000,37.5K km,37500,DL,manual,petrol,11375
gurgaon,Renault Kwid,2022,469000,16K km,16000,UP,automatic,petrol,7986
gurgaon,Maruti Ciaz,2022,859000,15K km,15000,UP,manual,petrol,14628
gurgaon,Tata Nexon,2021,710000,13.5K km,13500,DL,manual,petrol,12090
gurgaon,Skoda Slavia,2022,1378000,44.5K km,44500,UP,automatic,petrol,23699
gurgaon,Tata Tigor,2024,809000,10K km,10000,DL,manual,petrol+cng,13776
gurgaon,Hyundai Xcent,2015,353000,57K km,57000,DL,manual,petrol,6023
gurgaon,Maruti Swift,2020,698000,8.5K km,8500,DL,automatic,petrol,11886
gurgaon,Maruti Celerio,2021,549000,33.5K km,33500,UP,automatic,petrol,9349
gurgaon,Maruti Wagon R 1.0,2014,229000,61.5K km,61500,UP,manual,petrol,5098
gurgaon,Maruti Dzire,2017,507000,49K km,49000,UP,automatic,petrol,8633
gurgaon,Hyundai Aura,2022,602000,32K km,32000,UP,manual,petrol,10251
gurgaon,Maruti Vitara Brezza,2019,645000,67K km,67000,DL,automatic,diesel,10983
gurgaon,Maruti Celerio,2017,376000,95.5K km,95500,DL,automatic,petrol,6403
gurgaon,Ford EcoSport,2018,518000,46.5K km,46500,DL,manual,petrol,8821
gurgaon,Kia Seltos,2019,1177000,16K km,16000,DL,automatic,petrol,20242
gurgaon,Maruti Baleno,2016,420000,95.5K km,95500,DL,manual,petrol,7152
gurgaon,Honda City,2016,512000,76K km,76000,DL,manual,petrol,8719
gurgaon,Maruti Vitara Brezza,2022,871000,23.5K km,23500,DL,manual,petrol,14832
gurgaon,Honda Amaze,2016,432000,51.5K km,51500,DL,manual,petrol,7356
gurgaon,Hyundai Grand i10,2013,330000,49.5K km,49500,DL,manual,petrol,8895
gurgaon,Hyundai Elite i20,2016,445000,101.5K km,101500,DL,manual,petrol,7578
gurgaon,Maruti Ciaz,2015,470000,85.5K km,85500,DL,manual,petrol,8555
gurgaon,Nissan Sunny,2012,249000,54K km,54000,DL,manual,petrol,8878
gurgaon,Honda City,2022,1126000,12K km,12000,DL,manual,petrol,19364
gurgaon,Hyundai Creta,2016,632000,102K km,102000,DL,manual,petrol,10762
gurgaon,Maruti Baleno,2016,460000,76.5K km,76500,DL,manual,petrol,7833
gurgaon,Hyundai Grand i10,2013,298000,87.5K km,87500,DL,manual,petrol,8032
gurgaon,Hyundai Creta,2017,736000,94.5K km,94500,DL,automatic,petrol,12533
gurgaon,Honda Amaze,2015,380000,31K km,31000,UP,manual,petrol,6916
gurgaon,Hyundai Creta,2015,668000,39K km,39000,DL,manual,petrol,12159
gurgaon,Hyundai Verna,2018,736000,66K km,66000,DL,manual,petrol,12533
gurgaon,Hyundai Grand i10,2014,338000,58.5K km,58500,DL,automatic,petrol,7254
gurgaon,Hyundai Elite i20,2015,432000,81K km,81000,DL,manual,petrol,7863
gurgaon,Ford EcoSport,2015,460000,85K km,85000,DL,automatic,petrol,8373
gurgaon,Maruti Baleno,2017,398000,111K km,111000,DL,manual,petrol,6777
gurgaon,Hyundai Creta,2016,671000,46.5K km,46500,DL,manual,petrol,11426
gurgaon,Hyundai Creta,2018,772000,110.5K km,110500,DL,automatic,petrol,13146
gurgaon,Hyundai Venue,2021,810000,37.5K km,37500,UP,manual,petrol,13793
gurgaon,Maruti Swift,2017,418000,40K km,40000,DL,manual,petrol,7118
gurgaon,Renault Kwid,2021,393000,17.5K km,17500,DL,manual,petrol,6692
gurgaon,Hyundai Grand i10,2017,398000,58.5K km,58500,DL,manual,petrol,6777
gurgaon,Ford EcoSport,2016,471000,61K km,61000,UP,manual,petrol,8020
gurgaon,Hyundai Elite i20,2017,490000,111K km,111000,UP,manual,petrol,8344
gurgaon,Hyundai Creta,2018,789000,64K km,64000,DL,manual,petrol,13436
gurgaon,Hyundai Elite i20,2018,557000,35K km,35000,DL,manual,petrol,9485
gurgaon,Honda City,2017,630000,92.5K km,92500,DL,automatic,petrol,10728
gurgaon,Maruti Baleno,2017,535000,18.5K km,18500,DL,manual,petrol,9110
gurgaon,Hyundai Venue,2022,773000,84.5K km,84500,UP,manual,petrol,13163
gurgaon,Maruti Baleno,2017,504000,19K km,19000,DL,manual,petrol,8582
gurgaon,Maruti Baleno,2018,501000,38K km,38000,DL,manual,petrol,8531
gurgaon,Maruti Baleno,2016,419000,68.5K km,68500,DL,manual,petrol,7135
gurgaon,Hyundai Creta,2017,759000,54.5K km,54500,DL,manual,petrol,12925
gurgaon,Maruti Baleno,2017,404000,123K km,123000,DL,manual,petrol,6879
gurgaon,Hyundai Venue,2021,833000,98K km,98000,DL,automatic,petrol,14185
gurgaon,Hyundai Creta,2016,720000,67.5K km,67500,UP,automatic,petrol,12261
gurgaon,Tata Nexon,2019,763000,30K km,30000,DL,automatic,petrol,12993
gurgaon,Hyundai Venue,2019,732000,33K km,33000,DL,automatic,petrol,12465
gurgaon,Hyundai Grand i10,2018,459000,27.5K km,27500,DL,manual,petrol,7816
gurgaon,Maruti Baleno,2018,491000,72.5K km,72500,DL,manual,petrol,6879
gurgaon,Hyundai Verna,2018,869000,36.5K km,36500,DL,manual,petrol+cng,14798
gurgaon,Hyundai Creta,2016,633000,113K km,113000,DL,manual,petrol,10779
gurgaon,Honda Amaze,2013,263000,95.5K km,95500,DL,manual,petrol,7089
gurgaon,Hyundai Creta,2018,819000,40.5K km,40500,DL,manual,petrol,13947
gurgaon,Hyundai Venue,2021,811000,40.5K km,40500,UP,manual,petrol,13810
gurgaon,Honda City,2017,749000,90.5K km,90500,DL,automatic,petrol,12755
gurgaon,Maruti Swift,2015,385000,80.5K km,80500,DL,manual,petrol,7007
gurgaon,Hyundai Venue,2022,931000,3K km,3000,DL,manual,petrol,15854
gurgaon,Maruti Baleno,2018,479000,64.5K km,64500,DL,manual,petrol,8157
gurgaon,Tata Tiago,2019,413000,56K km,56000,UP,manual,petrol,7033
gurgaon,Ford EcoSport,2017,492000,78K km,78000,DL,manual,petrol,8378
gurgaon,Honda City,2014,411000,110K km,110000,DL,manual,petrol,8820
gurgaon,Hyundai Elite i20,2018,618000,53K km,53000,DL,automatic,petrol,10524
gurgaon,Hyundai Creta,2016,774000,52K km,52000,DL,automatic,petrol,13180
gurgaon,Renault Triber,2020,542000,31K km,31000,UP,manual,petrol,9229
gurgaon,Tata Nexon,2018,553000,103K km,103000,DL,manual,petrol,9417
gurgaon,Hyundai Creta,2016,769000,57.5K km,57500,DL,automatic,petrol,13095
gurgaon,Hyundai Verna,2013,410000,47K km,47000,DL,manual,petrol,11051
gurgaon,Honda Amaze,2020,707000,24.5K km,24500,DL,automatic,petrol,12039
gurgaon,Maruti Baleno,2018,480000,57K km,57000,DL,manual,petrol,8174
gurgaon,Toyota Glanza,2021,612000,21K km,21000,DL,manual,petrol,10422
gurgaon,Renault Triber,2021,592000,33.5K km,33500,DL,manual,petrol,10081
gurgaon,Honda Brio,2013,246000,74.5K km,74500,DL,manual,petrol,6216
gurgaon,Maruti Baleno,2016,435000,70.5K km,70500,DL,manual,petrol,7407
gurgaon,Hyundai Venue,2022,880000,24.5K km,24500,DL,manual,petrol,14985
gurgaon,Hyundai Elite i20,2018,583000,33.5K km,33500,DL,manual,petrol,9928
gurgaon,Maruti Baleno,2018,494000,46K km,46000,DL,manual,petrol,8412
gurgaon,Hyundai Venue,2021,831000,22K km,22000,DL,manual,petrol,14151
gurgaon,Tata Altroz,2023,825000,17.5K km,17500,DL,automatic,petrol,14049
gurgaon,Honda Amaze,2022,688000,27K km,27000,UP,automatic,petrol,11716
gurgaon,Honda Jazz,2022,875000,22.5K km,22500,DL,automatic,petrol,13969
gurgaon,Maruti Dzire,2018,508000,62.5K km,62500,UP,manual,petrol,8650
gurgaon,Honda Amaze,2019,539000,82.5K km,82500,UP,automatic,petrol,9178
gurgaon,Tata Tigor,2022,549000,34.5K km,34500,DL,manual,petrol,9349
gurgaon,Maruti Ignis,2022,597000,23.5K km,23500,UP,automatic,petrol,10166
gurgaon,MG Hector Plus,2020,1329000,63.5K km,63500,UP,automatic,petrol,22855
gurgaon,Honda City,2012,279000,94K km,94000,DL,manual,petrol,10611
gurgaon,Hyundai Xcent,2014,330000,61K km,61000,DL,manual,petrol,6639
gurgaon,Hyundai Elite i20,2015,464000,61K km,61000,DL,manual,petrol,8445
gurgaon,Maruti Ciaz,2016,492000,99.5K km,99500,DL,manual,petrol,8378
gurgaon,Maruti Swift Dzire,2016,412000,46K km,46000,DL,manual,petrol,7016
gurgaon,Maruti Alto 800,2017,275000,38K km,38000,DL,manual,petrol,4914
gurgaon,Tata Tiago NRG,2019,440000,20.5K km,20500,DL,manual,petrol,7492
gurgaon,Kia Sonet,2022,978000,12K km,12000,DL,manual,petrol,16654
gurgaon,Hyundai Grand i10,2014,341000,56K km,56000,DL,manual,petrol,7318
gurgaon,Tata Nexon,2022,789000,56K km,56000,DL,automatic,petrol,13436
gurgaon,Mahindra Thar,2020,1102000,52.5K km,52500,UP,manual,diesel,18952
gurgaon,Maruti Baleno,2018,572000,38.5K km,38500,DL,manual,petrol,9740
gurgaon,Maruti Swift,2011,218000,54.5K km,54500,DL,manual,petrol,15576
gurgaon,Hyundai Grand i10,2019,491000,31.5K km,31500,DL,manual,petrol,8361
gurgaon,Nissan Micra,2017,399000,31.5K km,31500,DL,automatic,petrol,6370
gurgaon,Volkswagen Polo,2012,265000,77.5K km,77500,DL,manual,petrol,9448
gurgaon,Hyundai Grand i10,2016,393000,33K km,33000,DL,manual,petrol,6692
gurgaon,Hyundai i20,2012,273000,50K km,50000,DL,manual,petrol,10383
gurgaon,Honda Amaze,2017,409000,60K km,60000,UP,manual,petrol,6965
gurgaon,Volkswagen Polo,2012,294000,73K km,73000,DL,manual,petrol,10482
gurgaon,Mahindra XUV 300,2020,859000,65K km,65000,UP,automatic,diesel,14628
gurgaon,Maruti Ciaz,2016,541000,65K km,65000,UP,manual,petrol,9212
gurgaon,Maruti Swift,2014,292000,122.5K km,122500,DL,manual,petrol,6266
gurgaon,Toyota Etios,2011,226000,50.5K km,50500,DL,manual,petrol,15139
gurgaon,Hyundai Creta,2016,676000,113K km,113000,DL,manual,petrol,11511
gurgaon,Honda Amaze,2014,321000,53.5K km,53500,DL,manual,petrol,6889
gurgaon,Renault Kwid,2021,412000,11.5K km,11500,DL,manual,petrol,7016
gurgaon,Hyundai Elite i20,2018,544000,50.5K km,50500,DL,manual,petrol,9264
gurgaon,Maruti Wagon R 1.0,2021,475000,77.5K km,77500,DL,manual,petrol+cng,8088
gurgaon,Datsun Redi-GO,2020,267000,25K km,25000,UP,manual,petrol,5730
gurgaon,Mahindra XUV700,2022,2059000,26K km,26000,UP,automatic,petrol,35410
gurgaon,Maruti Baleno,2019,468000,52.5K km,52500,DL,manual,petrol+cng,7969
gurgaon,Hyundai Grand i10,2019,512000,65.5K km,65500,DL,manual,petrol+cng,8719
gurgaon,Tata Nexon,2020,875000,43K km,43000,DL,automatic,petrol,14900
gurgaon,Kia Seltos,2020,1268000,55.5K km,55500,DL,manual,petrol,21807
gurgaon,Toyota Corolla Altis,2015,658000,46K km,46000,DL,manual,petrol,11977
gurgaon,Honda Amaze,2022,789000,31K km,31000,DL,automatic,petrol,13436
gurgaon,Maruti Swift Dzire,2012,322000,50K km,50000,DL,automatic,petrol,12246
gurgaon,Renault Duster,2013,370000,58.5K km,58500,DL,manual,petrol+cng,9973
gurgaon,Tata Nexon,2019,674000,45K km,45000,DL,manual,petrol,11477
gurgaon,Renault Duster,2017,564000,26.5K km,26500,DL,manual,petrol,9604
gurgaon,Maruti Swift,2019,576000,67K km,67000,DL,automatic,petrol,9808
gurgaon,Maruti Celerio,2016,367000,45K km,45000,UP,automatic,petrol,6249
gurgaon,Ford EcoSport,2019,667000,57.5K km,57500,DL,manual,diesel,11358
gurgaon,Maruti Wagon R 1.0,2021,482000,11.5K km,11500,DL,manual,petrol,8614
gurgaon,Tata Nexon,2021,917000,31.5K km,31500,DL,automatic,petrol,15615
gurgaon,Maruti S-Cross,2022,878000,23.5K km,23500,UP,manual,petrol,14951
gurgaon,Kia Seltos,2020,1138000,79K km,79000,DL,manual,petrol,19571
gurgaon,Hyundai i20 N Line,2021,829000,69K km,69000,DL,automatic,petrol,14117
gurgaon,Kia Sonet,2020,907000,48.5K km,48500,DL,manual,petrol,15445
gurgaon,Hyundai Verna,2023,1459000,18.5K km,18500,DL,automatic,petrol,25091
gurgaon,Maruti Swift,2023,642000,17K km,17000,UP,manual,petrol,10932
gurgaon,Maruti S-Cross,2019,685000,54.5K km,54500,DL,manual,diesel,11665
gurgaon,Ford EcoSport,2014,465000,43.5K km,43500,DL,manual,petrol,9979
gurgaon,Honda Amaze,2014,302000,94.5K km,94500,DL,manual,petrol,6481
gurgaon,Kia Sonet,2021,879000,31K km,31000,DL,manual,petrol,14968
gurgaon,Hyundai Grand i10,2015,398000,36.5K km,36500,DL,manual,petrol,7244
gurgaon,Hyundai Grand i10,2016,366000,61.5K km,61500,DL,manual,petrol,6232
gurgaon,Hyundai i10,2011,201000,56.5K km,56500,DL,manual,petrol,14362
gurgaon,Hyundai Verna,2017,765000,52K km,52000,DL,automatic,petrol,13027
gurgaon,Hyundai i20 Active,2015,441000,57.5K km,57500,DL,manual,petrol,8027
gurgaon,Hyundai Aura,2021,639000,17.5K km,17500,DL,manual,petrol,10881
gurgaon,Hyundai Venue,2022,872000,49K km,49000,DL,manual,petrol,14849
gurgaon,Hyundai Grand i10,2019,515000,2K km,2000,DL,manual,petrol,8770
gurgaon,Honda City,2015,472000,104.5K km,104500,DL,manual,petrol,8591
gurgaon,Hyundai i20 Active,2016,459000,55K km,55000,DL,manual,petrol,7816
gurgaon,Hyundai Verna,2012,374000,22.5K km,22500,DL,manual,petrol,14224
gurgaon,Hyundai i10,2011,198000,59.5K km,59500,DL,manual,petrol,14147
gurgaon,Maruti Baleno,2021,514000,34.5K km,34500,DL,manual,petrol,8753
gurgaon,Maruti Wagon R 1.0,2013,229000,84K km,84000,DL,manual,petrol,6350
gurgaon,Maruti Wagon R 1.0,2024,565000,6K km,6000,DL,manual,petrol,10097
gurgaon,Renault Triber,2021,456000,48.5K km,48500,DL,manual,petrol,7765
gurgaon,Renault Kiger,2021,603000,43K km,43000,DL,manual,petrol,10268
gurgaon,Maruti S-Cross,2022,920000,19.5K km,19500,UP,manual,petrol,15667
gurgaon,Honda Amaze,2019,543000,89K km,89000,DL,automatic,petrol,9246
gurgaon,Maruti Alto 800,2021,349000,13.5K km,13500,DL,manual,petrol,6237
gurgaon,Maruti Baleno,2019,598000,61K km,61000,DL,automatic,petrol,10183
gurgaon,Maruti Celerio,2017,303000,107K km,107000,DL,manual,petrol,5159
gurgaon,Honda Amaze,2015,370000,100.5K km,100500,DL,manual,petrol,6734
gurgaon,Ford Freestyle,2018,359000,102.5K km,102500,UP,manual,petrol,6534
gurgaon,Tata Nexon,2021,795000,88.5K km,88500,UP,manual,petrol,13538
gurgaon,Volkswagen Polo,2013,352000,71K km,71000,DL,manual,petrol,8895
gurgaon,Tata Tigor,2022,640000,59.5K km,59500,DL,manual,petrol+cng,10898
gurgaon,Maruti Baleno,2016,421000,80.5K km,80500,DL,manual,petrol,7169
gurgaon,Honda Amaze,2014,326000,42K km,42000,DL,manual,petrol,6996
gurgaon,Hyundai i10,2013,204000,75K km,75000,DL,manual,petrol,5498
gurgaon,Hyundai Xcent,2014,316000,102.5K km,102500,DL,manual,petrol,6358
gurgaon,Hyundai Creta,2016,747000,44K km,44000,DL,automatic,petrol,12720
gurgaon,Maruti Baleno,2016,442000,66K km,66000,DL,manual,petrol,7527
gurgaon,Honda Brio,2012,216000,71K km,71000,DL,manual,petrol,7701
gurgaon,Tata Nexon,2022,925000,46K km,46000,DL,manual,petrol,15752
gurgaon,Maruti Swift Dzire,2012,250000,100.5K km,100500,DL,manual,petrol,9508
gurgaon,Maruti Swift,2015,362000,66.5K km,66500,DL,manual,petrol+cng,6589
gurgaon,Hyundai Venue,2021,839000,30.5K km,30500,DL,manual,petrol,14287
gurgaon,Hyundai Creta,2019,932000,84K km,84000,DL,manual,petrol,15871
gurgaon,Hyundai Verna,2018,753000,61K km,61000,DL,manual,petrol,12823
gurgaon,Kia Carnival,2022,2688000,99.5K km,99500,UP,automatic,diesel,46234
gurgaon,Tata Altroz,2022,654000,23K km,23000,UP,manual,petrol,11131
gurgaon,Maruti Wagon R 1.0,2012,222000,91K km,91000,DL,manual,petrol+cng,8443
gurgaon,Maruti Swift Dzire,2012,280000,37.5K km,37500,DL,manual,petrol,10649
gurgaon,Hyundai i10,2011,190000,15K km,15000,DL,manual,petrol,13576
gurgaon,Hyundai Creta,2017,771000,90K km,90000,DL,automatic,petrol,13129
gurgaon,Maruti Swift,2011,207000,76.5K km,76500,DL,manual,petrol,14790
gurgaon,Hyundai i10,2011,205000,32.5K km,32500,DL,manual,petrol,14648
gurgaon,Maruti Baleno,2017,516000,37K km,37000,DL,manual,petrol,8787
gurgaon,Chevrolet Beat,2010,152000,33.5K km,33500,DL,manual,petrol,
gurgaon,Hyundai i20,2012,255000,49.5K km,49500,DL,manual,petrol,9698
gurgaon,Tata Tiago,2023,556000,11K km,11000,DL,manual,petrol,9468
gurgaon,Hyundai i10,2012,206000,58.5K km,58500,DL,manual,petrol,7834
gurgaon,Maruti Baleno,2021,519000,37K km,37000,DL,manual,petrol,8838
gurgaon,Hyundai Verna,2011,313000,44.5K km,44500,DL,manual,petrol+cng,22365
gurgaon,Hyundai Eon,2012,201000,54K km,54000,DL,manual,petrol,7166
gurgaon,Maruti Wagon R 1.0,2012,214000,24K km,24000,DL,manual,petrol,8300
gurgaon,Kia Seltos,2023,1486000,12K km,12000,DL,manual,petrol,25561
gurgaon,Hyundai Grand i10,2013,312000,22K km,22000,DL,manual,petrol,8410
gurgaon,Toyota Etios Liva,2011,195000,48K km,48000,DL,manual,petrol,13062
gurgaon,Ford EcoSport,2018,624000,39K km,39000,DL,automatic,petrol,10626
gurgaon,Maruti Alto,2012,165000,93K km,93000,DL,manual,petrol,6275
gurgaon,Hyundai Grand i10,2018,391000,121.5K km,121500,DL,manual,petrol,6658
gurgaon,Maruti Swift Dzire,2014,312000,103K km,103000,DL,manual,petrol,6696
gurgaon,Hyundai i10,2011,167000,71K km,71000,DL,manual,petrol,11932
gurgaon,Chevrolet Beat,2011,180000,24.5K km,24500,DL,manual,petrol,
gurgaon,Hyundai Grand i10,2015,367000,64K km,64000,DL,manual,petrol,6680
gurgaon,Maruti Swift Dzire,2011,236000,41K km,41000,DL,manual,petrol,16863
gurgaon,Hyundai Creta,2018,848000,83K km,83000,DL,automatic,petrol,14440
gurgaon,Hyundai Grand i10,2013,309000,89.5K km,89500,DL,manual,petrol,8329
gurgaon,Hyundai Grand i10,2014,339000,109K km,109000,DL,automatic,petrol,7275
gurgaon,Hyundai Grand i10,2017,417000,55.5K km,55500,DL,manual,petrol+cng,7101
gurgaon,Maruti Swift,2012,266000,100.5K km,100500,DL,manual,petrol,10116
gurgaon,Maruti Alto,2011,138000,73.5K km,73500,DL,manual,petrol,9860
gurgaon,Hyundai i10,2011,182000,25.5K km,25500,DL,manual,petrol,13004
gurgaon,Renault Triber,2020,535000,24.5K km,24500,DL,manual,petrol,9110
gurgaon,Maruti Swift,2013,284000,66.5K km,66500,DL,manual,petrol,7655
gurgaon,Tata Nexon,2020,712000,71.5K km,71500,UP,automatic,petrol,12124
gurgaon,Tata Nexon,2023,838000,18K km,18000,DL,manual,petrol,14270
gurgaon,Tata Tiago,2019,428000,38.5K km,38500,DL,manual,petrol,7288
gurgaon,Maruti Baleno,2016,414000,84.5K km,84500,DL,manual,petrol,7050
gurgaon,Hyundai Grand i10,2015,392000,32K km,32000,DL,manual,petrol,7135
gurgaon,Honda Amaze,2014,310000,60K km,60000,DL,manual,petrol,6653
gurgaon,Hyundai Verna,2014,458000,79K km,79000,DL,automatic,petrol,9829
gurgaon,Hyundai i10,2012,206000,56.5K km,56500,DL,manual,petrol,7834
gurgaon,Chevrolet Beat,2011,141000,76.5K km,76500,DL,manual,petrol,
gurgaon,Maruti Wagon R 1.0,2012,176000,94.5K km,94500,DL,manual,petrol,6826
gurgaon,Renault Triber,2022,611000,44K km,44000,UP,automatic,petrol,10404
gurgaon,Nissan Magnite,2022,685000,17.5K km,17500,DL,manual,petrol,11665
gurgaon,Ford Figo,2012,199000,43.5K km,43500,DL,manual,petrol,
gurgaon,Maruti Swift Dzire,2014,353000,82K km,82000,DL,manual,petrol,7576
gurgaon,Honda Jazz,2012,236000,72K km,72000,DL,manual,petrol,8414
gurgaon,Maruti Swift Dzire,2012,237000,42.5K km,42500,DL,manual,petrol,9013
gurgaon,Maruti Swift Dzire,2012,261000,86.5K km,86500,DL,manual,petrol,9926
gurgaon,Hyundai Grand i10,2013,292000,76.5K km,76500,DL,manual,petrol,7870
gurgaon,Hyundai i20,2011,182000,73.5K km,73500,DL,manual,petrol,13004
gurgaon,Maruti S-Cross,2021,815000,23K km,23000,DL,manual,petrol,13878
gurgaon,Maruti Swift Dzire,2016,384000,65.5K km,65500,DL,manual,petrol,6539
gurgaon,Tata Nexon,2021,825000,32K km,32000,UP,manual,petrol,14049
gurgaon,Maruti Baleno,2018,619000,50K km,50000,DL,automatic,petrol,10541
gurgaon,Hyundai Creta,2018,839000,95K km,95000,UP,manual,petrol,14287
gurgaon,Maruti S-Presso,2020,354000,14.5K km,14500,DL,manual,petrol,6028
gurgaon,Hyundai Venue,2022,857000,37K km,37000,DL,manual,petrol,14594
gurgaon,Hyundai Elite i20,2015,409000,67K km,67000,DL,manual,petrol,7444
gurgaon,Maruti Baleno,2018,484000,54.5K km,54500,DL,manual,petrol,8242
gurgaon,Maruti Ciaz,2017,580000,53.5K km,53500,DL,manual,petrol,9877
gurgaon,Hyundai i10,2012,216000,46.5K km,46500,DL,manual,petrol,8219
gurgaon,Ford EcoSport,2021,765000,56K km,56000,UP,manual,petrol,13027
gurgaon,Maruti Swift,2023,648000,15.5K km,15500,DL,manual,petrol,11035
gurgaon,Maruti Wagon R 1.0,2012,234000,82K km,82000,DL,manual,petrol+cng,8899
gurgaon,Renault Kwid,2021,396000,40K km,40000,UP,automatic,petrol,6743
gurgaon,Kia Sonet,2020,968000,94K km,94000,UP,automatic,diesel,16484
gurgaon,Hyundai Verna,2012,342000,95K km,95000,DL,manual,petrol+cng,13007
gurgaon,Tata Tiago,2017,402000,33.5K km,33500,DL,manual,petrol,6845
gurgaon,Honda Jazz,2017,409000,88.5K km,88500,UP,manual,petrol,6529
gurgaon,Mahindra Thar,2021,1127000,62.5K km,62500,UP,automatic,petrol,19382
gurgaon,Maruti Ciaz,2016,561000,63K km,63000,DL,manual,petrol,9553
gurgaon,Maruti Ciaz,2016,551000,71.5K km,71500,DL,manual,petrol,9383
gurgaon,Hyundai Elite i20,2017,480000,34K km,34000,DL,manual,petrol,8174
gurgaon,Maruti Ciaz,2018,619000,111.5K km,111500,UP,manual,petrol,10541
gurgaon,Maruti Baleno,2018,580000,26K km,26000,DL,manual,petrol,9877
gurgaon,Honda City,2021,1168000,40K km,40000,DL,automatic,petrol,20087
gurgaon,Maruti Baleno,2016,432000,94K km,94000,DL,manual,petrol,7356
gurgaon,Maruti Ciaz,2015,537000,53.5K km,53500,DL,manual,petrol,9774
gurgaon,Maruti Swift Dzire,2013,344000,26K km,26000,DL,manual,petrol,9272
gurgaon,Maruti Ciaz,2020,793000,82K km,82000,DL,automatic,petrol,13504
gurgaon,Hyundai New i20,2021,770000,39K km,39000,DL,manual,petrol,13112
gurgaon,Toyota Glanza,2022,740000,41K km,41000,DL,manual,petrol,12601
gurgaon,Honda City,2014,418000,115K km,115000,UP,manual,petrol,8971
gurgaon,MG Astor,2022,1329000,24.5K km,24500,UP,automatic,petrol,22856
gurgaon,Maruti Ciaz,2017,645000,44.5K km,44500,DL,manual,Petrol,
gurgaon,Hyundai Tucson,2017,1069000,70.5K km,70500,DL,manual,petrol,18374
gurgaon,Tata Tiago,2021,561000,35K km,35000,DL,automatic,petrol,9553
gurgaon,Maruti New Ertiga,2019,878000,41.5K km,41500,DL,automatic,petrol,14951
gurgaon,Ford EcoSport,2013,410000,62K km,62000,DL,manual,petrol,11051
gurgaon,Maruti Alto K10,2018,321000,45K km,45000,DL,manual,petrol,5466
gurgaon,Volkswagen Polo,2012,289000,107.5K km,107500,DL,manual,petrol,10304
gurgaon,Renault Triber,2021,598000,65K km,65000,UP,automatic,petrol,10183
gurgaon,Hyundai Venue,2022,1032000,33K km,33000,UP,manual,petrol,17748
gurgaon,Maruti Ciaz,2014,429000,104K km,104000,DL,manual,petrol,9207
gurgaon,Hyundai Elite i20,2015,465000,63.5K km,63500,UP,manual,petrol,8464
gurgaon,Maruti Wagon R 1.0,2016,344000,32K km,32000,DL,automatic,petrol,6546
gurgaon,Tata Altroz,2022,668000,29K km,29000,DL,manual,petrol+cng,11375
gurgaon,Honda Amaze,2020,729000,17.5K km,17500,UP,automatic,petrol,12414
gurgaon,Tata Nexon,2021,754000,10.5K km,10500,DL,manual,petrol,12840
gurgaon,Honda City,2014,453000,62.5K km,62500,DL,manual,petrol,9722
gurgaon,Maruti Baleno,2022,722000,51K km,51000,UP,manual,petrol,12295
gurgaon,Honda City,2012,298000,86K km,86000,DL,manual,petrol,11333
gurgaon,Maruti Ciaz,2017,607000,67.5K km,67500,UP,automatic,petrol,10336
gurgaon,Maruti Ritz,2015,312000,33K km,33000,DL,manual,petrol,5324
gurgaon,Renault Kwid,2020,349000,33K km,33000,UP,manual,petrol,5943
gurgaon,Renault Kwid,2022,467000,15.5K km,15500,DL,automatic,petrol,7952
gurgaon,Kia Sonet,2021,854000,50.5K km,50500,DL,manual,petrol,14543
gurgaon,Hyundai Creta,2018,924000,54.5K km,54500,DL,automatic,petrol,15735
gurgaon,Hyundai Venue,2022,811000,19K km,19000,DL,manual,petrol,13810
gurgaon,Renault Triber,2021,560000,9K km,9000,UP,automatic,petrol,9536
gurgaon,Maruti Swift,2016,414000,20.5K km,20500,DL,manual,petrol,7050
gurgaon,Tata Tiago,2019,468000,22K km,22000,DL,manual,petrol,7969
gurgaon,Maruti Vitara Brezza,2021,845000,37.5K km,37500,DL,manual,petrol,14389
gurgaon,Maruti Swift,2014,358000,67.5K km,67500,DL,manual,petrol,7683
gurgaon,Tata Tiago,2017,387000,33.5K km,33500,DL,manual,petrol,6590
gurgaon,Maruti Celerio X,2019,460000,27K km,27000,DL,manual,petrol,7707
gurgaon,Maruti Baleno,2017,464000,61.5K km,61500,DL,manual,petrol,7901
gurgaon,Hyundai Venue,2021,946000,52.5K km,52500,DL,automatic,petrol,16109
gurgaon,Renault Kiger,2024,757000,20K km,20000,DL,manual,petrol,12891
gurgaon,Hyundai Creta,2020,1239000,77.5K km,77500,DL,automatic,petrol,21308
gurgaon,Maruti A-Star,2012,215000,61K km,61000,DL,manual,petrol,7666
gurgaon,Renault Triber,2024,584000,4.5K km,4500,DL,manual,petrol,9945
gurgaon,Hyundai Creta,2020,1049000,59K km,59000,DL,automatic,diesel,18034
gurgaon,Tata Tiago,2019,432000,68K km,68000,DL,manual,diesel,7356
gurgaon,Honda City,2013,359000,41K km,41000,DL,manual,petrol,9676
gurgaon,Nissan Micra,2019,459000,81.5K km,81500,UP,automatic,petrol,7327
gurgaon,Volkswagen Polo,2016,403000,90.5K km,90500,DL,manual,petrol,6433
gurgaon,Hyundai New Santro 1.1,2019,440000,45K km,45000,UP,manual,petrol,7024
gurgaon,Maruti Alto 800,2013,212000,28K km,28000,DL,manual,petrol,5879
gurgaon,Maruti Baleno,2015,410000,81.5K km,81500,DL,manual,petrol,7463
gurgaon,Nissan Magnite,2021,668000,31.5K km,31500,DL,manual,petrol,11375
gurgaon,Honda City,2015,464000,73K km,73000,DL,manual,petrol,8445
gurgaon,Maruti Vitara Brezza,2018,670000,50.5K km,50500,UP,automatic,diesel,11409
gurgaon,Maruti Swift,2015,343000,56K km,56000,DL,manual,petrol,6243
gurgaon,Renault Kwid,2017,274000,57K km,57000,DL,manual,petrol,4666
gurgaon,Nissan Magnite,2021,825000,24K km,24000,DL,automatic,petrol,14049
gurgaon,Hyundai Elite i20,2016,483000,83.5K km,83500,DL,manual,petrol,8225
gurgaon,Hyundai Venue,2021,807000,38.5K km,38500,UP,manual,petrol,13742
gurgaon,Ford EcoSport,2014,425000,112K km,112000,DL,automatic,petrol,9121
gurgaon,Honda City,2016,575000,79K km,79000,DL,automatic,petrol,9791
gurgaon,Hyundai i20 Active,2015,498000,25K km,25000,DL,manual,petrol,9064
gurgaon,Hyundai Venue,2021,807000,87K km,87000,DL,manual,diesel,13742
gurgaon,Maruti Wagon R 1.0,2013,247000,101K km,101000,DL,manual,petrol+cng,6657
gurgaon,Ford EcoSport,2014,454000,62.5K km,62500,DL,manual,petrol,9743
gurgaon,Maruti Wagon R 1.0,2013,253000,91K km,91000,DL,manual,petrol+cng,6819
gurgaon,Hyundai New Santro 1.1,2022,514000,36.5K km,36500,DL,manual,petrol+cng,8206
gurgaon,Honda Amaze,2013,300000,64K km,64000,DL,manual,petrol,8086
gurgaon,Hyundai Elite i20,2015,431000,70.5K km,70500,DL,manual,petrol,7845
gurgaon,Honda City,2014,495000,35.5K km,35500,DL,manual,petrol,10623
gurgaon,Hyundai Elite i20,2015,418000,53.5K km,53500,DL,manual,petrol,7608
gurgaon,Honda Amaze,2014,346000,58.5K km,58500,DL,automatic,petrol,7425
gurgaon,Hyundai Elite i20,2016,440000,50.5K km,50500,DL,manual,petrol,8009
gurgaon,Maruti Swift,2014,345000,46.5K km,46500,DL,manual,petrol,7404
gurgaon,Hyundai Grand i10,2014,318000,61K km,61000,DL,manual,petrol,6824
gurgaon,Hyundai Verna,2013,349000,97K km,97000,DL,manual,petrol,9407
gurgaon,Maruti Baleno,2016,429000,38K km,38000,DL,manual,petrol,7305
gurgaon,Hyundai Venue,2021,926000,26.5K km,26500,DL,manual,petrol,15769
gurgaon,Hyundai Elite i20,2016,474000,55K km,55000,DL,manual,petrol,8071
gurgaon,Hyundai Grand i10,2016,391000,107K km,107000,DL,automatic,petrol,6658
gurgaon,Maruti Ritz,2013,212000,55K km,55000,DL,manual,petrol,5357
gurgaon,Maruti Swift,2012,286000,33K km,33000,DL,manual,petrol,10877
gurgaon,Maruti Swift Dzire,2013,276000,72K km,72000,DL,manual,petrol,7439
gurgaon,Hyundai Creta,2019,998000,55K km,55000,DL,automatic,petrol,16995
gurgaon,Maruti Ciaz,2022,949000,29K km,29000,DL,automatic,petrol,16160
gurgaon,Maruti Baleno,2016,403000,99.5K km,99500,DL,manual,petrol,6862
gurgaon,Honda Brio,2017,367000,36.5K km,36500,DL,manual,petrol,5859
gurgaon,Mahindra Scorpio,2021,1130000,56.5K km,56500,UP,manual,diesel,19430
gurgaon,Honda City,2015,460000,60.5K km,60500,DL,manual,petrol,8373
gurgaon,Maruti Celerio,2018,352000,101K km,101000,DL,manual,petrol,5994
gurgaon,Hyundai i20,2012,342000,21K km,21000,DL,manual,petrol,13007
gurgaon,Tata Nexon,2023,1005000,21K km,21000,DL,manual,petrol,17114
gurgaon,Tata Tiago NRG,2018,444000,55.5K km,55500,DL,manual,petrol+cng,7561
gurgaon,Renault Kwid,2023,458000,12K km,12000,UP,manual,petrol,7799
gurgaon,Renault Kwid,2022,358000,17.5K km,17500,DL,manual,petrol,6096
gurgaon,Ford EcoSport,2018,604000,90K km,90000,DL,manual,petrol,10285
gurgaon,Hyundai Creta,2019,897000,26K km,26000,DL,manual,petrol,15275
gurgaon,Maruti Swift,2017,419000,27K km,27000,UP,manual,petrol,7135
gurgaon,Kia Seltos,2020,1185000,67K km,67000,UP,automatic,diesel,20379
gurgaon,Maruti Baleno,2016,404000,73.5K km,73500,DL,manual,petrol,6879
gurgaon,Maruti Baleno,2016,426000,58K km,58000,DL,manual,petrol,7254
gurgaon,Maruti Baleno,2016,453000,40K km,40000,DL,manual,petrol,7714
gurgaon,Maruti Baleno,2017,474000,29.5K km,29500,DL,manual,petrol,8071
gurgaon,Maruti Baleno,2018,483000,49.5K km,49500,DL,manual,petrol,8225
gurgaon,Hyundai Creta,2016,690000,81K km,81000,UP,manual,petrol,11750
gurgaon,Maruti Baleno,2018,478000,61K km,61000,DL,manual,petrol,8140
gurgaon,Maruti Baleno,2019,604000,48.5K km,48500,UP,automatic,petrol,10285
gurgaon,Maruti Baleno,2017,454000,62.5K km,62500,DL,manual,petrol,7731
gurgaon,Maruti Baleno,2016,436000,45.5K km,45500,DL,manual,petrol,7424
gurgaon,Maruti Baleno,2016,435000,68.5K km,68500,DL,automatic,petrol,7407
gurgaon,Honda City,2016,597000,114K km,114000,DL,automatic,petrol,10166
gurgaon,Hyundai New Santro 1.1,2019,446000,69.5K km,69500,DL,manual,petrol+cng,7120
gurgaon,Honda Amaze,2015,399000,50.5K km,50500,DL,manual,petrol,7262
gurgaon,Maruti Ciaz,2018,631000,67K km,67000,UP,manual,petrol,10745
gurgaon,Maruti Swift,2014,338000,73.5K km,73500,DL,manual,petrol,7254
gurgaon,Honda Brio,2013,248000,73.5K km,73500,DL,manual,petrol,6267
gurgaon,Hyundai Venue,2022,1039000,24K km,24000,UP,automatic,petrol,17868
gurgaon,Renault Kwid,2023,406000,20K km,20000,DL,manual,petrol,6913
gurgaon,Hyundai i20,2011,207000,43.5K km,43500,DL,manual,petrol,14790
gurgaon,Hyundai Grand i10,2014,320000,45K km,45000,DL,manual,petrol,6867
gurgaon,Kia Sonet,2021,896000,24.5K km,24500,UP,manual,petrol,15258
gurgaon,Toyota Etios Liva,2019,478000,69.5K km,69500,DL,manual,petrol,7631
gurgaon,Hyundai Grand i10,2015,420000,16K km,16000,UP,manual,petrol,7645
gurgaon,Hyundai Xcent,2014,356000,26.5K km,26500,DL,manual,petrol,7162
gurgaon,Honda Amaze,2018,588000,40K km,40000,DL,manual,petrol,10013
gurgaon,Tata Tiago,2019,541000,25.5K km,25500,UP,automatic,petrol,9212
gurgaon,Hyundai Grand i10 Nios,2020,591000,45K km,45000,DL,manual,petrol+cng,10064
gurgaon,Maruti Wagon R Stingray,2013,244000,28.5K km,28500,DL,manual,petrol,6577
gurgaon,Hyundai New Santro 1.1,2020,511000,30.5K km,30500,DL,manual,petrol+cng,8158
gurgaon,Volkswagen Polo,2012,284000,102.5K km,102500,DL,manual,petrol,10126
gurgaon,Renault Duster,2019,578000,61K km,61000,DL,manual,diesel,9843
gurgaon,Honda Jazz,2016,434000,40.5K km,40500,DL,manual,petrol,6928
gurgaon,Ford EcoSport,2016,488000,57K km,57000,DL,manual,petrol,8310
gurgaon,Maruti Baleno,2018,554000,51.5K km,51500,DL,manual,petrol,9434
gurgaon,Maruti Swift,2018,589000,29.5K km,29500,DL,manual,petrol,10030
gurgaon,Volkswagen Polo,2012,285000,32.5K km,32500,DL,manual,petrol,19091
gurgaon,Tata Nexon,2023,835000,24K km,24000,UP,manual,petrol+cng,14219
gurgaon,Hyundai Venue,2021,973000,23.5K km,23500,UP,manual,petrol,16569
gurgaon,Renault Kwid,2022,363000,41K km,41000,UP,manual,petrol,6181
gurgaon,Renault Kwid,2022,414000,10.5K km,10500,UP,manual,petrol,7050
gurgaon,Maruti Ciaz,2016,554000,49K km,49000,UP,automatic,petrol,9434
gurgaon,Honda City,2016,505000,101.5K km,101500,DL,manual,petrol,8599
gurgaon,Hyundai Elite i20,2016,513000,47.5K km,47500,DL,manual,petrol,8736
gurgaon,Renault Kiger,2022,717000,22K km,22000,DL,automatic,petrol,12210
gurgaon,Maruti Ciaz,2016,579000,48K km,48000,UP,manual,petrol,9860
gurgaon,Honda City,2017,538000,117K km,117000,DL,manual,petrol,9161
gurgaon,Hyundai Elite i20,2015,455000,42.5K km,42500,DL,manual,petrol,8282
gurgaon,Honda City,2013,315000,76K km,76000,DL,manual,petrol,8490
gurgaon,Ford Figo,2012,201000,84K km,84000,DL,manual,petrol,
gurgaon,Renault Kwid,2018,284000,49.5K km,49500,UP,manual,petrol,4836
gurgaon,Maruti Baleno,2018,507000,39.5K km,39500,DL,manual,petrol,8633
gurgaon,Maruti Baleno,2019,609000,24.5K km,24500,DL,manual,petrol,10370
gurgaon,Mahindra Scorpio,2020,1164000,72K km,72000,DL,manual,diesel,20009
gurgaon,Maruti Swift Dzire,2013,334000,58K km,58000,DL,manual,petrol+cng,9003
gurgaon,Honda City,2014,470000,63.5K km,63500,DL,manual,petrol,10087
gurgaon,Kia Seltos,2020,1031000,61K km,61000,DL,manual,petrol,17726
gurgaon,Kia Sonet,2021,966000,18.5K km,18500,DL,manual,diesel,16450
gurgaon,Mahindra KUV100 NXT,2018,366000,16.5K km,16500,DL,manual,petrol,6232
gurgaon,Maruti Ciaz,2020,779000,39.5K km,39500,DL,automatic,petrol,13265
gurgaon,Maruti Celerio,2020,468000,32K km,32000,DL,manual,petrol+cng,7969
gurgaon,Hyundai Elite i20,2016,447000,109K km,109000,DL,manual,petrol,7612
gurgaon,Hyundai Eon,2012,224000,22.5K km,22500,DL,manual,petrol,7987
gurgaon,Nissan Kicks,2019,697000,38.5K km,38500,UP,manual,diesel,11869
gurgaon,Honda WR-V,2019,698000,38K km,38000,DL,manual,petrol,11886
gurgaon,Maruti Wagon R 1.0,2016,352000,52K km,52000,UP,automatic,petrol,6291
gurgaon,Volkswagen Polo,2013,334000,96.5K km,96500,DL,manual,petrol,8440
gurgaon,Renault Kiger,2022,895000,7.5K km,7500,DL,automatic,petrol,15241
gurgaon,Maruti S-Cross,2020,790000,83K km,83000,DL,automatic,petrol,13453
gurgaon,Hyundai Creta,2019,897000,85.5K km,85500,DL,automatic,diesel,15275
gurgaon,Hyundai Elite i20,2020,722000,15.5K km,15500,DL,automatic,petrol,12295
gurgaon,Tata Tiago,2019,488000,25.5K km,25500,DL,manual,petrol,8310
gurgaon,Honda City,2013,325000,48.5K km,48500,DL,manual,petrol,8760
gurgaon,Maruti Wagon R 1.0,2013,243000,35.5K km,35500,DL,manual,petrol,6738
gurgaon,Maruti Dzire,2017,504000,85.5K km,85500,DL,automatic,petrol,8582
gurgaon,Kia Seltos,2019,1071000,66.5K km,66500,DL,manual,petrol,18425
gurgaon,Hyundai Grand i10,2017,498000,31K km,31000,DL,automatic,petrol,8480
gurgaon,Hyundai Elite i20,2018,624000,35.5K km,35500,UP,manual,petrol,10626
gurgaon,Honda Amaze,2022,732000,55K km,55000,UP,automatic,petrol,12465
gurgaon,Tata Nexon,2019,618000,49K km,49000,UP,automatic,diesel,10524
gurgaon,Maruti Dzire,2017,549000,61K km,61000,DL,automatic,petrol,9349
gurgaon,Honda Jazz,2016,434000,77K km,77000,DL,manual,petrol,6928
gurgaon,Honda Amaze,2017,426000,57K km,57000,DL,manual,petrol,7254
gurgaon,Hyundai Tucson,2017,1170000,17K km,17000,DL,manual,petrol,20111
gurgaon,Maruti Baleno,2019,524000,63K km,63000,DL,manual,petrol,8923
gurgaon,Kia Seltos,2019,1042000,37.5K km,37500,DL,manual,diesel,17914
gurgaon,Toyota Innova Crysta,2017,1286000,63K km,63000,UP,manual,petrol,22121
gurgaon,Toyota Innova Crysta,2019,1570000,46.5K km,46500,DL,manual,diesel,27008
gurgaon,Maruti S-Cross,2021,723000,22K km,22000,UP,manual,petrol,12312
gurgaon,Renault Kwid,2019,302000,37K km,37000,DL,manual,petrol,5142
gurgaon,Hyundai New i20,2020,712000,89K km,89000,DL,automatic,petrol,12124
gurgaon,Maruti Ciaz,2016,563000,60K km,60000,DL,manual,petrol,9587
gurgaon,Kia Seltos,2019,1079000,33K km,33000,DL,manual,diesel,18556
gurgaon,Maruti Ertiga,2014,475000,95K km,95000,DL,manual,petrol+cng,10194
gurgaon,Maruti Swift Dzire,2013,326000,44K km,44000,DL,manual,petrol,8787
gurgaon,Maruti Baleno,2016,460000,18K km,18000,DL,manual,petrol,7833
gurgaon,Ford EcoSport,2014,433000,71.5K km,71500,DL,manual,petrol,9293
gurgaon,Renault Kiger,2022,789000,23.5K km,23500,UP,automatic,petrol,13436
gurgaon,Hyundai Verna,2018,799000,38.5K km,38500,DL,manual,petrol,13606
gurgaon,Honda Jazz,2017,369000,102K km,102000,UP,manual,petrol,5891
gurgaon,Honda City,2016,541000,74.5K km,74500,DL,manual,petrol,9212
gurgaon,Tata Nexon,2020,895000,45.5K km,45500,DL,automatic,diesel,15241
gurgaon,Maruti Baleno,2021,649000,64.5K km,64500,DL,automatic,petrol,11052
gurgaon,Honda Brio,2013,225000,100K km,100000,UP,manual,petrol,5685
gurgaon,Hyundai Elite i20,2016,460000,67K km,67000,UP,manual,petrol,7833
gurgaon,Honda City,2015,450000,75.5K km,75500,DL,manual,petrol,8191
gurgaon,Renault Kwid,2021,389000,18K km,18000,DL,manual,petrol,6624
gurgaon,Tata Tiago,2019,472000,47K km,47000,DL,manual,petrol,8037
gurgaon,Maruti Ciaz,2015,450000,51.5K km,51500,DL,manual,petrol,8191
gurgaon,Hyundai Elite i20,2015,439000,60.5K km,60500,DL,manual,petrol,7990
gurgaon,Maruti Ciaz,2017,602000,78K km,78000,DL,automatic,petrol,10251
gurgaon,Maruti Ciaz,2017,570000,68.5K km,68500,DL,automatic,petrol,9706
gurgaon,Maruti Ciaz,2018,649000,61K km,61000,UP,manual,Petrol,
gurgaon,Maruti Swift,2016,437000,47K km,47000,DL,manual,petrol,7441
gurgaon,Maruti Ciaz,2017,565000,87.5K km,87500,DL,manual,petrol,9621
gurgaon,Maruti Baleno,2016,430000,56.5K km,56500,DL,manual,petrol,7578
gurgaon,Maruti Swift Dzire,2013,265000,89K km,89000,DL,manual,petrol,7143
gurgaon,Renault Kwid,2022,413000,11K km,11000,DL,manual,petrol,7033
gurgaon,Honda City,2015,417000,109.5K km,109500,DL,manual,petrol,7590
gurgaon,Nissan Micra Active,2013,220000,95.5K km,95500,UP,manual,petrol,5930
gurgaon,Hyundai Verna,2013,390000,71.5K km,71500,DL,manual,petrol,10512
gurgaon,Hyundai Verna,2013,445000,40.5K km,40500,DL,manual,petrol,11995
gurgaon,Renault Duster,2013,327000,79.5K km,79500,DL,manual,petrol,8814
gurgaon,MG Hector Plus,2021,1578000,27.5K km,27500,DL,manual,diesel,27137
gurgaon,Hyundai Grand i10,2018,456000,42K km,42000,DL,manual,petrol,7765
gurgaon,Honda City,2018,734000,27.5K km,27500,DL,manual,petrol,12499
gurgaon,Renault Kiger,2022,787000,47.5K km,47500,UP,automatic,petrol,13368
gurgaon,Maruti S-Presso,2022,399000,10K km,10000,DL,manual,petrol,6794
gurgaon,Hyundai Elite i20,2015,436000,68K km,68000,DL,manual,petrol,7936
gurgaon,Hyundai Elite i20,2015,430000,65K km,65000,UP,manual,petrol,7827
gurgaon,Ford EcoSport,2015,497000,80.5K km,80500,DL,automatic,petrol,9046
gurgaon,Hyundai New Santro 1.1,2021,498000,62.5K km,62500,DL,manual,petrol+cng,7950
gurgaon,Maruti Swift,2018,565000,67.5K km,67500,DL,manual,petrol,9621
gurgaon,Datsun Redi-GO,2018,287000,50K km,50000,DL,automatic,petrol,7736
gurgaon,Tata Tiago,2023,611000,5K km,5000,DL,manual,petrol,10404
gurgaon,Toyota Glanza,2023,719000,61K km,61000,DL,manual,petrol,12244
gurgaon,Maruti S-Cross,2021,831000,90.5K km,90500,UP,automatic,petrol,14151
gurgaon,Honda City,2017,758000,88.5K km,88500,DL,automatic,petrol,12908
gurgaon,Maruti Ertiga,2013,492000,44K km,44000,DL,manual,petrol+cng,13261
gurgaon,Honda Amaze,2016,401000,124.5K km,124500,UP,manual,petrol,6828
gurgaon,Maruti Baleno,2017,485000,27K km,27000,DL,manual,petrol,8259
gurgaon,Maruti Ciaz,2015,502000,62.5K km,62500,DL,manual,petrol,9137
gurgaon,Hyundai New Santro 1.1,2018,397000,33.5K km,33500,DL,manual,petrol,6338
gurgaon,Tata Nexon,2023,919000,34.5K km,34500,DL,manual,petrol,15650
gurgaon,Maruti Swift,2014,296000,86K km,86000,DL,manual,petrol,6352
gurgaon,Renault Kwid,2021,378000,14K km,14000,UP,manual,petrol,6437
gurgaon,Kia Carens,2022,1478000,37.5K km,37500,DL,automatic,diesel,25419
gurgaon,Maruti Swift Dzire,2014,336000,101K km,101000,DL,manual,petrol,7211
gurgaon,Volkswagen Polo,2018,457000,107.5K km,107500,UP,manual,petrol,7296
gurgaon,Ford Figo,2020,509000,54.5K km,54500,UP,manual,petrol,8667
gurgaon,Maruti Swift,2018,575000,53K km,53000,DL,automatic,petrol,9791
gurgaon,Honda Jazz,2016,348000,123.5K km,123500,DL,manual,petrol,5938
gurgaon,Toyota Glanza,2021,679000,32K km,32000,DL,manual,petrol,11562
gurgaon,Honda WR-V,2019,698000,41K km,41000,DL,manual,petrol,11886
gurgaon,Kia Seltos,2021,1059000,26K km,26000,DL,manual,petrol,18212
gurgaon,Renault Kwid,2021,372000,26K km,26000,UP,manual,petrol,6334
gurgaon,Maruti Ciaz,2017,519000,87.5K km,87500,DL,manual,petrol,8838
gurgaon,Honda Amaze,2015,326000,95K km,95000,DL,manual,petrol,5934
gurgaon,Maruti Swift Dzire,2013,317000,59.5K km,59500,DL,manual,petrol,8544
gurgaon,Volkswagen Ameo,2016,347000,118.5K km,118500,UP,manual,petrol,5539
gurgaon,Volkswagen Polo,2013,336000,39K km,39000,DL,manual,petrol,8490
gurgaon,Honda Jazz,2016,478000,28.5K km,28500,DL,automatic,petrol,7631
gurgaon,Maruti S-Cross,2021,975000,16.5K km,16500,UP,automatic,petrol,16603
gurgaon,Hyundai Creta,2019,784000,31.5K km,31500,UP,manual,diesel,13351
gurgaon,Tata Nexon,2019,625000,50.5K km,50500,DL,automatic,diesel,10643
gurgaon,Renault Kiger,2022,649000,36K km,36000,UP,manual,petrol,11052
gurgaon,Honda City,2023,1249000,23K km,23000,UP,manual,petrol,21480
gurgaon,Maruti Wagon R 1.0,2014,273000,43.5K km,43500,DL,manual,petrol,6078
gurgaon,Hyundai Venue,2023,978000,20K km,20000,DL,manual,petrol,16654
gurgaon,Maruti Wagon R 1.0,2014,257000,63.5K km,63500,DL,manual,petrol,5722
gurgaon,Tata Nexon,2022,920000,22K km,22000,DL,manual,petrol,15667
gurgaon,Renault Kwid,2019,319000,20.5K km,20500,DL,manual,petrol,5432
gurgaon,Maruti Wagon R 1.0,2012,199000,39K km,39000,DL,manual,petrol,7719
gurgaon,Hyundai Verna,2020,1063000,57K km,57000,UP,automatic,diesel,18287
noida,Hyundai Grand i10,2018,509000,40.5K km,40500,UP,automatic,petrol,8667
noida,Maruti Ertiga,2014,502000,79K km,79000,UP,manual,petrol,10773
noida,Renault Kwid,2019,315000,19K km,19000,UP,manual,petrol,5364
noida,Maruti Baleno,2021,718000,31K km,31000,UP,automatic,petrol,12227
noida,Maruti Celerio,2016,354000,47K km,47000,DL,automatic,petrol,6028
noida,Maruti Baleno,2018,528000,28K km,28000,DL,manual,petrol,8991
noida,Tata Tiago,2018,418000,35K km,35000,UP,manual,petrol,7118
noida,Honda City,2015,580000,33K km,33000,UP,automatic,petrol,10557
noida,Maruti Vitara Brezza,2022,810000,54K km,54000,DL,manual,petrol,13793
noida,Maruti Ignis,2022,597000,23.5K km,23500,UP,automatic,petrol,10166
noida,Maruti Wagon R 1.0,2020,477000,24K km,24000,DL,manual,petrol+cng,8123
noida,Maruti S-Cross,2021,723000,22K km,22000,UP,manual,petrol,12312
noida,Maruti A-Star,2012,225000,79K km,79000,DL,automatic,petrol,8022
noida,Honda City,2014,418000,115K km,115000,UP,manual,petrol,8971
noida,Tata Nexon,2020,895000,45.5K km,45500,DL,automatic,diesel,15241
noida,Ford Freestyle,2018,359000,102.5K km,102500,UP,manual,petrol,6534
noida,Volvo V40 Cross Country,2016,1180000,50K km,50000,UP,automatic,petrol,20293
noida,Mercedes GLC,2017,3150000,61K km,61000,DL,automatic,petrol,54176
noida,Mercedes GLA,2017,1970000,40K km,40000,HR,automatic,petrol,33881
noida,Mercedes GLA,2019,2300000,50K km,50000,DL,automatic,petrol,39556
noida,BMW X1,2020,2950000,21K km,21000,HR,automatic,petrol,50736
noida,Mercedes C-Class,2017,2500000,63K km,63000,HR,automatic,petrol,42996
noida,Hyundai Aura,2022,602000,32K km,32000,UP,manual,petrol,10251
noida,Tata Tiago,2023,611000,5K km,5000,DL,manual,petrol,10404
noida,Kia Sonet,2021,896000,24.5K km,24500,UP,manual,petrol,15258
noida,Maruti S-Cross,2022,878000,23.5K km,23500,UP,manual,petrol,14951
noida,Hyundai Venue,2022,857000,37K km,37000,DL,manual,petrol,14594
noida,Hyundai Creta,2019,998000,55K km,55000,DL,automatic,petrol,16995
noida,Skoda Slavia,2022,1378000,44.5K km,44500,UP,automatic,petrol,23699
noida,Maruti Ciaz,2016,551000,71.5K km,71500,DL,manual,petrol,9383
noida,Tata Tiago,2019,432000,68K km,68000,DL,manual,diesel,7356
noida,Honda Jazz,2016,434000,77K km,77000,DL,manual,petrol,6928
noida,Kia Sonet,2020,968000,94K km,94000,UP,automatic,diesel,16484
noida,Hyundai New i20,2020,712000,89K km,89000,DL,automatic,petrol,12124
noida,Tata Nexon,2019,674000,45K km,45000,DL,manual,petrol,11477
noida,Ford EcoSport,2021,765000,56K km,56000,UP,manual,petrol,13027
noida,Hyundai Elite i20,2017,475000,55K km,55000,DL,manual,petrol,8088
noida,Kia Seltos,2020,1185000,67K km,67000,UP,automatic,diesel,20379
noida,Hyundai Elite i20,2015,421000,97.5K km,97500,UP,manual,petrol,7663
noida,Mercedes GLA,2016,1800000,57K km,57000,DL,automatic,petrol,30957
noida,BMW 3 Series GT,2018,2650000,56.5K km,56500,HR,automatic,petrol,45576
noida,Audi Q3,2018,1970000,66.5K km,66500,UP,automatic,petrol,33881
noida,Maruti Ciaz,2016,563000,60K km,60000,DL,manual,petrol,9587
noida,Kia Seltos,2021,1059000,26K km,26000,DL,manual,petrol,18212
noida,Kia Seltos,2019,1177000,16K km,16000,DL,automatic,petrol,20242
noida,Maruti Vitara Brezza,2021,814000,39K km,39000,DL,manual,petrol,13861
noida,Hyundai Venue,2022,1039000,24K km,24000,UP,automatic,petrol,17868
noida,Hyundai Venue,2022,1032000,33K km,33000,UP,manual,petrol,17748
noida,Maruti Baleno,2016,426000,58K km,58000,DL,manual,petrol,7254
noida,Hyundai Venue,2021,973000,23.5K km,23500,UP,manual,petrol,16569
noida,Maruti Baleno,2016,493000,35.5K km,35500,DL,manual,petrol,8395
noida,Kia Carnival,2020,2428000,50K km,50000,DL,automatic,diesel,41756
noida,Honda Jazz,2017,409000,88.5K km,88500,UP,manual,petrol,6529
noida,Hyundai Creta,2016,676000,113K km,113000,DL,manual,petrol,11511
noida,Hyundai Verna,2013,445000,40.5K km,40500,DL,manual,petrol,11995
noida,Maruti A-Star,2012,215000,61K km,61000,DL,manual,petrol,7666
noida,Maruti Wagon R 1.0,2013,243000,35.5K km,35500,DL,manual,petrol,6738
noida,Hyundai New Santro 1.1,2019,420000,85K km,85000,DL,manual,petrol+cng,6705
noida,Honda Amaze,2019,543000,89K km,89000,DL,automatic,petrol,9246
noida,Maruti Wagon R 1.0,2012,228000,17.5K km,17500,DL,manual,petrol,8843
noida,Audi A3,2019,1950000,62K km,62000,DL,automatic,petrol,33537
noida,Mercedes C-Class,2020,3450000,33K km,33000,DL,automatic,petrol,59336
noida,Maruti Baleno,2016,460000,18K km,18000,DL,manual,petrol,7833
noida,Hyundai Grand i10,2015,420000,16K km,16000,UP,manual,petrol,7645
noida,Maruti Ciaz,2020,779000,39.5K km,39500,DL,automatic,petrol,13265
noida,Renault Triber,2020,530000,45K km,45000,UP,automatic,petrol,9025
noida,Hyundai Creta,2016,697000,88.5K km,88500,UP,manual,petrol,11869
noida,Tata Nexon,2019,763000,30K km,30000,DL,automatic,petrol,12993
noida,Hyundai New i20,2022,960000,20.5K km,20500,UP,automatic,petrol,16348
noida,Hyundai Elite i20,2020,722000,15.5K km,15500,DL,automatic,petrol,12295
noida,Maruti Ciaz,2022,859000,15K km,15000,UP,manual,petrol,14628
noida,Renault Kiger,2024,757000,20K km,20000,DL,manual,petrol,12891
noida,Hyundai Creta,2018,839000,95K km,95000,UP,manual,petrol,14287
noida,Tata Punch,2022,668000,37.5K km,37500,DL,manual,petrol,11375
noida,Honda Amaze,2020,729000,17.5K km,17500,UP,automatic,petrol,12414
noida,Volkswagen Polo,2013,334000,96.5K km,96500,DL,manual,petrol,8440
noida,Ford EcoSport,2014,425000,112K km,112000,DL,automatic,petrol,9121
noida,Hyundai Verna,2013,390000,71.5K km,71500,DL,manual,petrol,10512
noida,Hyundai Elite i20,2017,490000,111K km,111000,UP,manual,petrol,8344
noida,Renault Kwid,2020,356000,61.5K km,61500,DL,manual,petrol,6062
noida,Ford Figo,2012,201000,84K km,84000,DL,manual,petrol,
noida,Honda Amaze,2022,688000,27K km,27000,UP,automatic,petrol,11716
noida,Hyundai New Santro 1.1,2019,462000,56.5K km,56500,DL,manual,petrol+cng,7375
noida,Nissan Magnite,2021,825000,24K km,24000,DL,automatic,petrol,14049
noida,Hyundai Creta,2018,924000,54.5K km,54500,DL,automatic,petrol,15735
noida,Renault Triber,2020,542000,31K km,31000,UP,manual,petrol,9229
noida,Tata Nexon,2020,825000,26K km,26000,UP,automatic,petrol,14049
noida,Maruti Ciaz,2018,631000,67K km,67000,UP,manual,petrol,10745
noida,Renault Triber,2020,479000,28.5K km,28500,DL,manual,petrol,8157
noida,Mahindra Thar,2020,1102000,52.5K km,52500,UP,manual,diesel,18952
noida,Tata Altroz,2021,639000,43K km,43000,UP,manual,petrol,10881
noida,Maruti Ciaz,2016,579000,48K km,48000,UP,manual,petrol,9860
noida,Maruti Wagon R 1.0,2014,229000,61.5K km,61500,UP,manual,petrol,5098
noida,Hyundai Elite i20,2016,483000,83.5K km,83500,DL,manual,petrol,8225
noida,Honda Brio,2013,225000,100K km,100000,UP,manual,petrol,5685
noida,Hyundai Verna,2019,840000,89K km,89000,UP,automatic,petrol,14304
noida,Hyundai Grand i10,2013,312000,22K km,22000,DL,manual,petrol,8410
noida,Maruti Swift,2014,308000,107K km,107000,DL,manual,petrol,6610
noida,Maruti S-Presso,2022,419000,81.5K km,81500,DL,manual,petrol+cng,7135
noida,Honda City,2013,315000,76K km,76000,DL,manual,petrol,8490
noida,Maruti Celerio,2016,367000,45K km,45000,UP,automatic,petrol,6249
noida,Honda Brio,2013,229000,55K km,55000,DL,manual,petrol,5786
noida,Tata Nexon,2022,789000,56K km,56000,DL,automatic,petrol,13436
noida,Tata Tiago,2019,541000,25.5K km,25500,UP,automatic,petrol,9212
noida,Tata Altroz,2023,726000,12.5K km,12500,UP,automatic,petrol,12363
noida,Tata Altroz,2022,668000,29K km,29000,DL,manual,petrol+cng,11375
noida,Kia Sonet,2021,846000,55.5K km,55500,DL,manual,petrol,14406
noida,Honda City,2019,696000,52.5K km,52500,UP,manual,petrol,11852
noida,Maruti Alto 800,2021,349000,13.5K km,13500,DL,manual,petrol,6237
noida,Maruti Dzire,2018,508000,62.5K km,62500,UP,manual,petrol,8650
noida,Mahindra Thar,2021,1127000,62.5K km,62500,UP,automatic,petrol,19382
noida,Tata Nexon,2021,825000,32K km,32000,UP,manual,petrol,14049
noida,Nissan Sunny,2012,249000,54K km,54000,DL,manual,petrol,8878
noida,Honda Amaze,2016,401000,124.5K km,124500,UP,manual,petrol,6828
noida,Hyundai Verna,2013,349000,97K km,97000,DL,manual,petrol,9407
noida,Hyundai Grand i10,2013,309000,89.5K km,89500,DL,manual,petrol,8329
noida,Volkswagen Polo,2012,289000,107.5K km,107500,DL,manual,petrol,10304
noida,Maruti Wagon R 1.0,2012,176000,94.5K km,94500,DL,manual,petrol,6826
noida,Hyundai i10,2012,206000,58.5K km,58500,DL,manual,petrol,7834
noida,Maruti Swift,2014,318000,66K km,66000,DL,manual,petrol,6824
noida,Maruti Celerio,2015,314000,90K km,90000,DL,automatic,petrol,5715
noida,Renault Kwid,2020,349000,33K km,33000,UP,manual,petrol,5943
noida,Hyundai Elite i20,2018,624000,35.5K km,35500,UP,manual,petrol,10626
noida,Mahindra XUV700,2022,2059000,26K km,26000,UP,automatic,petrol,35410
noida,Renault Triber,2021,598000,65K km,65000,UP,automatic,petrol,10183
noida,Honda Amaze,2022,732000,55K km,55000,UP,automatic,petrol,12465
noida,Maruti Ciaz,2016,541000,65K km,65000,UP,manual,petrol,9212
noida,Hyundai Creta,2016,720000,67.5K km,67500,UP,automatic,petrol,12261
noida,Hyundai Venue,2021,829000,22.5K km,22500,UP,manual,petrol,14117
noida,Maruti Baleno,2018,501000,38K km,38000,DL,manual,petrol,8531
noida,Maruti Celerio,2021,549000,33.5K km,33500,UP,automatic,petrol,9349
noida,Honda Amaze,2019,539000,82.5K km,82500,UP,automatic,petrol,9178
noida,Hyundai Creta,2016,690000,81K km,81000,UP,manual,petrol,11750
noida,Kia Carnival,2022,2688000,99.5K km,99500,UP,automatic,diesel,46234
noida,Maruti Swift,2012,286000,33K km,33000,DL,manual,petrol,10877
noida,Hyundai Elite i20,2016,440000,50.5K km,50500,DL,manual,petrol,8009
noida,Maruti Swift Dzire,2015,351000,97K km,97000,DL,manual,petrol,6389
noida,Maruti Swift Dzire,2012,322000,50K km,50000,DL,automatic,petrol,12246
noida,Volkswagen Polo,2012,294000,73K km,73000,DL,manual,petrol,10482
noida,Maruti Swift,2018,565000,67.5K km,67500,DL,manual,petrol,9621
noida,Volkswagen Polo,2016,403000,90.5K km,90500,DL,manual,petrol,6433
noida,Maruti Ciaz,2018,619000,111.5K km,111500,UP,manual,petrol,10541
noida,Maruti Vitara Brezza,2019,645000,67K km,67000,DL,automatic,diesel,10983
noida,Renault Triber,2019,523000,12.5K km,12500,DL,manual,petrol,8906
noida,Renault Kwid,2023,458000,12K km,12000,UP,manual,petrol,7799
noida,Datsun Redi-GO,2020,267000,25K km,25000,UP,manual,petrol,5730
noida,Hyundai Grand i10,2014,341000,56K km,56000,DL,manual,petrol,7318
noida,Tata Nexon,2021,710000,13.5K km,13500,DL,manual,petrol,12090
noida,Maruti Swift,2023,639000,17K km,17000,DL,manual,petrol,10881
noida,Maruti Dzire,2017,549000,61K km,61000,DL,automatic,petrol,9349
noida,Maruti Celerio,2017,385000,80K km,80000,DL,automatic,petrol,6556
noida,Renault Triber,2021,560000,9K km,9000,UP,automatic,petrol,9536
noida,Maruti Baleno,2019,598000,61K km,61000,DL,automatic,petrol,10183
noida,Maruti S-Cross,2021,831000,90.5K km,90500,UP,automatic,petrol,14151
noida,Maruti Swift,2011,218000,54.5K km,54500,DL,manual,petrol,15576
noida,Maruti Wagon R 1.0,2013,247000,101K km,101000,DL,manual,petrol+cng,6657
noida,Hyundai i20,2012,255000,49.5K km,49500,DL,manual,petrol,9698
noida,Hyundai i10,2011,185000,51K km,51000,DL,manual,petrol,13218
noida,Hyundai i10,2011,198000,59.5K km,59500,DL,manual,petrol,14147
noida,Maruti Dzire,2017,507000,49K km,49000,UP,automatic,petrol,8633
noida,Toyota Glanza,2023,719000,61K km,61000,DL,manual,petrol,12244
noida,Maruti Swift Dzire,2011,236000,41K km,41000,DL,manual,petrol,16863
noida,Kia Sonet,2021,879000,31K km,31000,DL,manual,petrol,14968
noida,Renault Kwid,2021,396000,40K km,40000,UP,automatic,petrol,6743
noida,Renault Kwid,2021,441000,12.5K km,12500,DL,manual,petrol,7509
noida,Hyundai Creta,2016,769000,57.5K km,57500,DL,automatic,petrol,13095
noida,Maruti S-Presso,2020,354000,14.5K km,14500,DL,manual,petrol,6028
noida,Hyundai Elite i20,2015,430000,65K km,65000,UP,manual,petrol,7827
noida,Tata Nexon,2020,712000,71.5K km,71500,UP,automatic,petrol,12124
noida,Renault Kwid,2022,414000,10.5K km,10500,UP,manual,petrol,7050
noida,Maruti Swift,2023,648000,15.5K km,15500,DL,manual,petrol,11035
noida,Maruti Swift,2023,642000,17K km,17000,UP,manual,petrol,10932
noida,Honda Amaze,2022,789000,31K km,31000,DL,automatic,petrol,13436
noida,Tata Nexon,2018,553000,103K km,103000,DL,manual,petrol,9417
noida,Hyundai Verna,2011,346000,84K km,84000,DL,manual,petrol,24723
noida,Hyundai Creta,2016,632000,102K km,102000,DL,manual,petrol,10762
noida,Maruti Swift Dzire,2013,326000,44K km,44000,DL,manual,petrol,8787
noida,Honda City,2012,298000,86K km,86000,DL,manual,petrol,11333
noida,Ford EcoSport,2019,732000,77.5K km,77500,DL,automatic,petrol,12465
noida,Ford EcoSport,2013,410000,62K km,62000,DL,manual,petrol,11051
noida,Hyundai Verna,2012,319000,110K km,110000,DL,manual,petrol,12132
noida,Renault Kwid,2020,309000,25K km,25000,DL,manual,petrol,5262
noida,Maruti Wagon R 1.0,2021,482000,11.5K km,11500,DL,manual,petrol,8614
noida,Maruti Swift,2017,419000,27K km,27000,UP,manual,petrol,7135
noida,Hyundai Venue,2022,773000,84.5K km,84500,UP,manual,petrol,13163
noida,Renault Kwid,2021,378000,14K km,14000,UP,manual,petrol,6437
noida,Maruti Baleno,2017,504000,19K km,19000,DL,manual,petrol,8582
noida,Maruti S-Cross,2022,920000,19.5K km,19500,UP,manual,petrol,15667
noida,Tata Tigor,2022,549000,34.5K km,34500,DL,manual,petrol,9349
noida,Maruti New Ertiga,2019,878000,41.5K km,41500,DL,automatic,petrol,14951
noida,Maruti Baleno,2017,516000,37K km,37000,DL,manual,petrol,8787
noida,Maruti Swift,2016,374000,35.5K km,35500,DL,manual,petrol,6369
noida,Hyundai Venue,2021,811000,40.5K km,40500,UP,manual,petrol,13810
noida,Honda Amaze,2013,300000,64K km,64000,DL,manual,petrol,8086
noida,Maruti Swift Dzire,2013,317000,59.5K km,59500,DL,manual,petrol,8544
noida,Ford EcoSport,2014,454000,62.5K km,62500,DL,manual,petrol,9743
noida,Hyundai i10,2011,176000,91.5K km,91500,DL,manual,petrol,12575
noida,Tata Tiago,2023,568000,38.5K km,38500,UP,manual,petrol+cng,9672
noida,Honda City,2017,749000,90.5K km,90500,DL,automatic,petrol,12755
noida,Honda Amaze,2017,409000,60K km,60000,UP,manual,petrol,6965
noida,Hyundai Creta,2017,736000,94.5K km,94500,DL,automatic,petrol,12533
noida,Hyundai Creta,2018,772000,110.5K km,110500,DL,automatic,petrol,13146
noida,Hyundai New i20,2022,759000,31K km,31000,DL,automatic,petrol,12925
noida,Hyundai Venue,2021,855000,27K km,27000,UP,manual,petrol,14560
noida,Hyundai New i20,2021,697000,65.5K km,65500,UP,manual,petrol,11869
noida,Maruti Ciaz,2019,725000,6.5K km,6500,DL,automatic,petrol,12346
noida,Maruti Baleno,2022,722000,51K km,51000,UP,manual,petrol,12295
noida,Hyundai Venue,2021,839000,30.5K km,30500,DL,manual,petrol,14287
noida,Renault Kiger,2022,789000,23.5K km,23500,UP,automatic,petrol,13436
noida,Maruti Dzire,2019,587000,27K km,27000,UP,automatic,petrol,9996
noida,Hyundai Elite i20,2016,460000,67K km,67000,UP,manual,petrol,7833
noida,Hyundai New Santro 1.1,2019,420000,55K km,55000,DL,manual,petrol,6705
noida,Hyundai Venue,2021,807000,38.5K km,38500,UP,manual,petrol,13742
noida,Nissan Micra Active,2013,220000,95.5K km,95500,UP,manual,petrol,5930
noida,Nissan Micra,2019,459000,81.5K km,81500,UP,automatic,petrol,7327
noida,Renault Kwid,2022,363000,41K km,41000,UP,manual,petrol,6181
noida,Hyundai Grand i10,2013,330000,49.5K km,49500,DL,manual,petrol,8895
noida,Hyundai i10,2011,182000,25.5K km,25500,DL,manual,petrol,13004
noida,Tata Nexon,2021,795000,88.5K km,88500,UP,manual,petrol,13538
noida,Volkswagen Polo,2018,457000,107.5K km,107500,UP,manual,petrol,7296
noida,Maruti Baleno,2016,435000,70.5K km,70500,DL,manual,petrol,7407
noida,Volkswagen Polo,2014,307000,99.5K km,99500,UP,manual,petrol,6177
noida,Hyundai Tucson,2017,1069000,70.5K km,70500,DL,manual,petrol,18374
noida,MG Astor,2022,1329000,24.5K km,24500,UP,automatic,petrol,22856
noida,Tata Nexon,2019,618000,49K km,49000,UP,automatic,diesel,10524
noida,Maruti XL6,2021,939000,43K km,43000,DL,manual,petrol,15990
noida,Maruti S-Cross,2021,975000,16.5K km,16500,UP,automatic,petrol,16603
noida,Renault Kwid,2022,469000,16K km,16000,UP,automatic,petrol,7986
noida,Tata Altroz,2021,670000,34K km,34000,DL,manual,petrol,11409
noida,Maruti Baleno,2018,580000,26K km,26000,DL,manual,petrol,9877
noida,Maruti Ciaz,2017,565000,87.5K km,87500,DL,manual,petrol,9621
noida,Ford EcoSport,2016,471000,61K km,61000,UP,manual,petrol,8020
noida,Hyundai Verna,2018,869000,36.5K km,36500,DL,manual,petrol+cng,14798
noida,Maruti Swift,2014,292000,122.5K km,122500,DL,manual,petrol,6266
noida,Maruti Swift,2011,207000,76.5K km,76500,DL,manual,petrol,14790
noida,Renault Kiger,2023,673000,29.5K km,29500,UP,automatic,petrol,11460
noida,Volkswagen Ameo,2016,347000,118.5K km,118500,UP,manual,petrol,5539
noida,Maruti Swift,2012,256000,71.5K km,71500,DL,manual,petrol,9736
noida,Maruti Ciaz,2018,616000,115.5K km,115500,DL,manual,petrol,10490
noida,Ford EcoSport,2014,440000,72K km,72000,DL,automatic,petrol,9443
noida,Maruti Ciaz,2016,554000,49K km,49000,UP,automatic,petrol,9434
noida,Hyundai i20,2012,342000,21K km,21000,DL,manual,petrol,13007
noida,Maruti Wagon R 1.0,2024,565000,6K km,6000,DL,manual,petrol,10097
noida,Tata Tiago,2019,468000,22K km,22000,DL,manual,petrol,7969
noida,Maruti Ciaz,2017,607000,67.5K km,67500,UP,automatic,petrol,10336
noida,Mahindra XUV 300,2020,859000,65K km,65000,UP,automatic,diesel,14628
noida,Renault Kwid,2021,372000,26K km,26000,UP,manual,petrol,6334
noida,Hyundai Elite i20,2016,513000,47.5K km,47500,DL,manual,petrol,8736
noida,Renault Kiger,2021,618000,24K km,24000,UP,manual,petrol,10524
noida,Renault Kwid,2018,284000,49.5K km,49500,UP,manual,petrol,4836
noida,Maruti Baleno,2022,632000,21K km,21000,UP,manual,petrol,10762
noida,Maruti Ciaz,2018,649000,61K km,61000,UP,manual,Petrol,
noida,Maruti Baleno,2016,414000,84.5K km,84500,DL,manual,petrol,7050
noida,Maruti Swift Dzire,2012,237000,42.5K km,42500,DL,manual,petrol,9013
noida,Maruti Swift Dzire,2013,265000,89K km,89000,DL,manual,petrol,7143
noida,Maruti Swift Dzire,2012,280000,37.5K km,37500,DL,manual,petrol,10649
noida,Maruti Ertiga,2015,515000,97K km,97000,UP,manual,petrol,9374
noida,Maruti Wagon R 1.0,2013,253000,91K km,91000,DL,manual,petrol+cng,6819
noida,Hyundai Grand i10,2014,320000,45K km,45000,DL,manual,petrol,6867
noida,Hyundai i10,2011,167000,71K km,71000,DL,manual,petrol,11932
noida,Maruti Swift,2012,266000,100.5K km,100500,DL,manual,petrol,10116
noida,Honda Amaze,2016,432000,51.5K km,51500,DL,manual,petrol,7356
noida,MG Hector Plus,2020,1329000,63.5K km,63500,UP,automatic,petrol,22855
noida,Maruti Swift,2019,576000,67K km,67000,DL,automatic,petrol,9808
noida,Tata Nexon,2019,678000,72K km,72000,DL,automatic,petrol,11545
noida,Renault Kiger,2022,704000,24.5K km,24500,DL,automatic,petrol,11988
noida,Ford Figo,2020,509000,54.5K km,54500,UP,manual,petrol,8667
noida,Honda Amaze,2015,365000,26.5K km,26500,DL,manual,petrol,6643
noida,Maruti Ciaz,2016,505000,70K km,70000,DL,manual,petrol,8599
noida,Kia Seltos,2019,1079000,33K km,33000,DL,manual,diesel,18556
noida,Volkswagen Polo,2013,352000,71K km,71000,DL,manual,petrol,8895
noida,Kia Carens,2022,1478000,37.5K km,37500,DL,automatic,diesel,25419
noida,Kia Sonet,2021,973000,50K km,50000,DL,manual,petrol,16569
noida,Maruti Wagon R 1.0,2012,199000,39K km,39000,DL,manual,petrol,7719
noida,Honda Amaze,2015,380000,31K km,31000,UP,manual,petrol,6916
noida,Maruti Swift,2014,296000,86K km,86000,DL,manual,petrol,6352
noida,Hyundai Eon,2013,202000,29K km,29000,DL,manual,petrol,5104
noida,Toyota Etios Liva,2011,195000,48K km,48000,DL,manual,petrol,13062
noida,Maruti Ciaz,2014,429000,104K km,104000,DL,manual,petrol,9207
noida,Ford EcoSport,2015,460000,85K km,85000,DL,automatic,petrol,8373
noida,Maruti Swift Dzire,2012,250000,100.5K km,100500,DL,manual,petrol,9508
noida,Maruti Ciaz,2015,450000,51.5K km,51500,DL,manual,petrol,8191
noida,Maruti Baleno,2019,604000,48.5K km,48500,UP,automatic,petrol,10285
noida,Maruti Baleno,2018,572000,38.5K km,38500,DL,manual,petrol,9740
noida,Maruti Ciaz,2016,561000,63K km,63000,DL,manual,petrol,9553
noida,Toyota Innova Crysta,2017,1286000,63K km,63000,UP,manual,petrol,22121
noida,Hyundai Creta,2020,1049000,59K km,59000,DL,automatic,diesel,18034
noida,Renault Kiger,2022,787000,47.5K km,47500,UP,automatic,petrol,13368
noida,Renault Duster,2017,564000,26.5K km,26500,DL,manual,petrol,9604
noida,Hyundai Venue,2021,926000,26.5K km,26500,DL,manual,petrol,15769
noida,Tata Tigor,2022,686000,20.5K km,20500,UP,automatic,petrol,11682
noida,Hyundai New Santro 1.1,2019,440000,45K km,45000,UP,manual,petrol,7024
noida,Nissan Kicks,2019,697000,38.5K km,38500,UP,manual,diesel,11869
noida,Hyundai Grand i10,2013,292000,76.5K km,76500,DL,manual,petrol,7870
noida,Tata Tiago,2019,413000,56K km,56000,UP,manual,petrol,7033
noida,Hyundai Elite i20,2016,445000,101.5K km,101500,DL,manual,petrol,7578
noida,Hyundai Verna,2011,313000,44.5K km,44500,DL,manual,petrol+cng,22365
noida,Ford EcoSport,2019,606000,108.5K km,108500,DL,manual,petrol,10319
noida,Honda Amaze,2014,302000,94.5K km,94500,DL,manual,petrol,6481
noida,Hyundai Fluidic Verna 4S,2015,575000,57K km,57000,UP,manual,petrol,10466
noida,Maruti Ritz,2013,212000,55K km,55000,DL,manual,petrol,5357
noida,Honda City,2015,417000,109.5K km,109500,DL,manual,petrol,7590
noida,Hyundai Elite i20,2015,465000,63.5K km,63500,UP,manual,petrol,8464
noida,Renault Kiger,2022,649000,36K km,36000,UP,manual,petrol,11052
noida,Renault Triber,2022,611000,44K km,44000,UP,automatic,petrol,10404
noida,Tata Nexon,2023,1005000,21K km,21000,DL,manual,petrol,17114
noida,Hyundai Venue,2021,810000,37.5K km,37500,UP,manual,petrol,13793
noida,Maruti Swift,2014,345000,46.5K km,46500,DL,manual,petrol,7404
noida,Hyundai Creta,2018,819000,40.5K km,40500,DL,manual,petrol,13947
noida,Honda City,2023,1249000,23K km,23000,UP,manual,petrol,21480
noida,Maruti Swift,2020,524000,66.5K km,66500,UP,automatic,petrol,8923
noida,Maruti Swift Dzire,2014,353000,82K km,82000,DL,manual,petrol,7576
noida,Hyundai Venue,2020,778000,30.5K km,30500,DL,manual,petrol,13248
noida,Maruti Celerio,2014,349000,68K km,68000,DL,manual,petrol+cng,7490
noida,Hyundai New Santro 1.1,2022,514000,36.5K km,36500,DL,manual,petrol+cng,8206
noida,Maruti Swift Dzire,2014,312000,103K km,103000,DL,manual,petrol,6696
noida,Honda Jazz,2017,369000,102K km,102000,UP,manual,petrol,5891
noida,Maruti Ciaz,2015,470000,85.5K km,85500,DL,manual,petrol,8555
noida,Maruti Ritz,2015,312000,33K km,33000,DL,manual,petrol,5324
noida,Maruti Baleno,2015,410000,81.5K km,81500,DL,manual,petrol,7463
noida,Chevrolet Beat,2011,141000,76.5K km,76500,DL,manual,petrol,
noida,Renault Duster,2013,370000,58.5K km,58500,DL,manual,petrol+cng,9973
noida,Maruti Swift Dzire,2014,305000,89.5K km,89500,DL,manual,petrol,6545
noida,Maruti Vitara Brezza,2018,565000,80.5K km,80500,UP,manual,diesel,9621
noida,Tata Altroz,2022,654000,23K km,23000,UP,manual,petrol,11131
noida,Hyundai Verna,2018,736000,66K km,66000,DL,manual,petrol,12533
noida,Tata Nexon,2023,835000,24K km,24000,UP,manual,petrol+cng,14219
noida,Hyundai Verna,2020,1063000,57K km,57000,UP,automatic,diesel,18287
noida,Hyundai Creta,2019,784000,31.5K km,31500,UP,manual,diesel,13351
noida,Nissan Magnite,2021,668000,31.5K km,31500,DL,manual,petrol,11375
noida,Maruti Swift,2018,589000,29.5K km,29500,DL,manual,petrol,10030
noida,Maruti Swift,2016,414000,20.5K km,20500,DL,manual,petrol,7050
noida,Maruti Wagon R 1.0,2016,352000,52K km,52000,UP,automatic,petrol,6291
noida,Maruti Vitara Brezza,2018,670000,50.5K km,50500,UP,automatic,diesel,11409
noida,Hyundai Grand i10,2019,515000,2K km,2000,DL,manual,petrol,8770
noida,Mahindra Scorpio,2021,1130000,56.5K km,56500,UP,manual,diesel,19430
noida,Maruti Swift Dzire,2013,334000,58K km,58000,DL,manual,petrol+cng,9003
noida,Maruti Swift,2015,362000,66.5K km,66500,DL,manual,petrol+cng,6589
noida,Maruti XL6,2021,892000,36K km,36000,UP,manual,petrol,15190
noida,Mercedes E-Class,2017,3000000,46.5K km,46500,DL,automatic,petrol,51596
noida,Maruti Wagon R 1.0,2020,448000,56K km,56000,UP,manual,petrol+cng,7629
noida,BMW X1,2019,1830000,50.5K km,50500,HR,automatic,diesel,31473
noida,Hyundai Creta,2018,912000,17.5K km,17500,UP,automatic,petrol,15530
noida,Tata Tiago,2018,390000,59.5K km,59500,DL,manual,petrol,6641
noida,Maruti Ciaz,2019,629000,45K km,45000,UP,manual,petrol,10711
noida,Jeep Compass,2021,1850000,36.5K km,36500,UP,automatic,petrol,31817
noida,Tata Punch,2023,627000,8.5K km,8500,UP,manual,petrol,10677
noida,Hyundai Verna,2019,875000,59K km,59000,UP,manual,petrol,14900
noida,Maruti Ciaz,2021,697000,38.5K km,38500,UP,manual,petrol,11869
noida,Nissan Magnite,2023,527000,53K km,53000,UP,manual,petrol,8974
noida,Hyundai Grand i10 Nios,2023,644000,8.5K km,8500,DL,manual,petrol,10966
noida,Honda Amaze,2019,668000,21.5K km,21500,DL,automatic,petrol,11375
noida,Renault Triber,2020,463000,102.5K km,102500,DL,automatic,petrol,7884
noida,Hyundai Eon,2012,205000,26.5K km,26500,DL,manual,petrol,7309
noida,Hyundai Creta,2022,1319000,70.5K km,70500,UP,automatic,petrol,22684
noida,Maruti Eeco,2018,398000,7K km,7000,DL,manual,petrol,6354
noida,Toyota Etios,2015,372000,58K km,58000,UP,manual,petrol,6348
noida,Maruti Baleno,2018,535000,57K km,57000,UP,automatic,petrol,9110
noida,Maruti Grand Vitara,2023,1129000,57K km,57000,UP,manual,petrol,19416
noida,Tata Nexon,2018,571000,54K km,54000,DL,manual,petrol,9723
noida,Renault Kiger,2022,551000,40.5K km,40500,UP,manual,petrol,9383
noida,Hyundai Eon,2012,162000,33.5K km,33500,DL,manual,petrol,10852
noida,Kia Seltos,2022,1274000,20K km,20000,UP,manual,petrol,21910
noida,Tata Tiago,2021,560000,47K km,47000,UP,automatic,petrol,9536
noida,Maruti Alto 800,2017,263000,49.5K km,49500,UP,manual,petrol,4700
noida,Maruti Swift,2015,386000,92.5K km,92500,DL,manual,petrol,7026
noida,Maruti Vitara Brezza,2021,749000,25K km,25000,DL,manual,petrol,12755
noida,Honda Jazz,2018,498000,59K km,59000,DL,manual,petrol,7950
noida,Nissan Magnite,2023,498000,33K km,33000,DL,manual,petrol,8480
noida,Datsun Redi-GO,2018,254000,78.5K km,78500,UP,automatic,petrol,6846
noida,Maruti Swift,2023,635000,17.5K km,17500,DL,manual,petrol,10813
noida,Toyota Urban Cruiser Hyryder,2023,1519000,28.5K km,28500,UP,manual,petrol,26123
noida,Ford EcoSport,2019,658000,60.5K km,60500,DL,manual,diesel,11205
noida,Maruti Swift Dzire,2012,274000,58.5K km,58500,DL,manual,petrol,10421
noida,Tata Punch,2024,699000,4K km,4000,UP,manual,petrol,11903
noida,Maruti Wagon R 1.0,2022,576000,18.5K km,18500,DL,manual,petrol+cng,9808
noida,Maruti Swift,2015,356000,28K km,28000,DL,manual,petrol,6480
noida,Maruti Alto 800,2013,200000,45.5K km,45500,DL,manual,petrol,5546
noida,Tata Punch,2021,559000,23K km,23000,UP,manual,petrol,9519
noida,Maruti Swift,2023,649000,16.5K km,16500,UP,manual,petrol,11052
noida,Maruti Vitara Brezza,2021,973000,38K km,38000,DL,automatic,petrol,16569
noida,Tata Tiago,2017,362000,41.5K km,41500,UP,manual,petrol,6164
noida,Nissan Magnite,2022,635000,56K km,56000,DL,manual,petrol,10813
noida,Maruti S-Presso,2022,398000,11.5K km,11500,UP,manual,petrol,6777
noida,Maruti Wagon R 1.0,2017,385000,24.5K km,24500,DL,manual,petrol+cng,6556
noida,Maruti Celerio,2016,353000,94K km,94000,DL,manual,petrol+cng,6011
noida,Maruti Baleno,2018,500000,37.5K km,37500,DL,manual,petrol,8514
noida,Volkswagen Polo,2016,341000,73.5K km,73500,UP,manual,petrol,5444
noida,Toyota Corolla Altis,2019,1139000,79K km,79000,UP,automatic,petrol,19587
noida,Hyundai Venue,2020,675000,54K km,54000,UP,manual,petrol,11494
noida,Maruti Dzire,2023,796000,5K km,5000,UP,manual,petrol,13555
noida,Renault Kwid,2021,370000,24K km,24000,DL,manual,petrol,6300
noida,Honda Jazz,2018,491000,35K km,35000,DL,automatic,petrol,7838
noida,Maruti Wagon R 1.0,2012,211000,97K km,97000,DL,manual,petrol+cng,8025
noida,Toyota Urban Cruiser Hyryder,2024,1889000,10.5K km,10500,UP,automatic,N/A,32491
noida,Tata Altroz,2023,849000,23.5K km,23500,UP,manual,diesel,14457
noida,Hyundai Elite i20,2014,426000,59.5K km,59500,DL,manual,petrol+cng,9142
noida,Maruti Swift Dzire,2012,265000,75K km,75000,DL,manual,petrol+cng,10078
noida,Maruti Swift,2020,617000,45K km,45000,UP,automatic,petrol,10507
noida,Hyundai New i20,2021,665000,28.5K km,28500,DL,manual,petrol,11324
noida,Honda City,2018,815000,38.5K km,38500,UP,manual,petrol,13878
noida,Maruti Swift Dzire,2013,223000,118.5K km,118500,DL,manual,petrol,8481
noida,Hyundai Venue,2022,854000,72K km,72000,UP,manual,diesel,14543
noida,Maruti Celerio,2016,370000,53K km,53000,DL,automatic,petrol,6300
noida,Honda Amaze,2022,749000,27.5K km,27500,DL,manual,petrol,12755
noida,Maruti Baleno,2016,427000,80.5K km,80500,DL,automatic,petrol,7271
noida,Tata Altroz,2022,710000,28K km,28000,DL,automatic,petrol,12090
noida,MG Hector Plus,2021,1355000,79.5K km,79500,UP,manual,diesel,23296
noida,Maruti Ertiga,2015,539000,56.5K km,56500,DL,manual,petrol,9811
noida,Honda Amaze,2016,417000,43K km,43000,DL,manual,petrol,7101
noida,Hyundai Aura,2021,616000,41K km,41000,UP,manual,petrol,10490
ahmedabad,Renault Kwid,2021,449000,30.5K km,30500,GJ,automatic,petrol,7692
ahmedabad,Maruti Swift,2023,649000,17K km,17000,GJ,manual,petrol,11118
ahmedabad,Tata Tiago,2022,549000,18.5K km,18500,GJ,automatic,petrol,9405
ahmedabad,Maruti Alto K10,2022,474000,9K km,9000,GJ,automatic,petrol,8120
ahmedabad,MG Astor,2023,1178000,24K km,24000,GJ,automatic,petrol,20379
ahmedabad,Maruti S-Cross,2022,830000,48.5K km,48500,GJ,manual,petrol,14219
ahmedabad,Honda Amaze,2016,432000,64K km,64000,GJ,automatic,petrol,7400
ahmedabad,Honda Amaze,2015,362000,68K km,68000,GJ,manual,petrol+cng,6628
ahmedabad,Maruti Wagon R 1.0,2016,354000,31K km,31000,GJ,automatic,petrol,6364
ahmedabad,Hyundai Grand i10,2014,419000,43.5K km,43500,GJ,automatic,petrol,9046
ahmedabad,Hyundai New Santro 1.1,2019,385000,99K km,99000,GJ,manual,petrol+cng,6183
ahmedabad,Skoda Rapid New,2017,549000,106K km,106000,GJ,manual,diesel,9405
ahmedabad,Maruti Ciaz,2016,475000,95K km,95000,GJ,manual,petrol+cng,8137
ahmedabad,Honda Jazz,2021,812000,32.5K km,32500,GJ,automatic,petrol,13041
ahmedabad,Tata Tigor,2023,598000,14K km,14000,GJ,manual,petrol,10244
ahmedabad,Kia Carens,2022,1139000,33.5K km,33500,GJ,manual,petrol,19705
ahmedabad,Hyundai Eon,2016,284000,31K km,31000,GJ,manual,petrol,4880
ahmedabad,MG Hector,2021,1329000,89K km,89000,GJ,manual,diesel,22990
ahmedabad,Honda Brio,2017,374000,35.5K km,35500,GJ,manual,petrol,6006
ahmedabad,Maruti Ciaz,2020,826000,42.5K km,42500,GJ,automatic,petrol,14150
ahmedabad,Jeep Compass,2018,1097000,60.5K km,60500,GJ,automatic,petrol,18976
ahmedabad,Jeep Compass,2021,1750000,59.5K km,59500,GJ,automatic,petrol,30275
ahmedabad,Renault Kwid,2016,232000,83K km,83000,GJ,manual,petrol,3967
ahmedabad,Nissan Micra,2016,299000,106.5K km,106500,GJ,manual,diesel,5132
ahmedabad,Renault Kwid,2017,282000,33K km,33000,GJ,manual,petrol,4836
ahmedabad,Renault Kwid,2020,307000,52K km,52000,GJ,manual,petrol,5262
ahmedabad,Volkswagen Virtus,2022,1014000,32K km,32000,GJ,automatic,petrol,17543
ahmedabad,Hyundai Eon,2017,241000,66.5K km,66500,GJ,manual,petrol,4137
ahmedabad,Mahindra TUV300,2018,589000,29K km,29000,GJ,manual,diesel,10090
ahmedabad,Honda Civic,2020,1054000,50.5K km,50500,GJ,automatic,petrol,18232
ahmedabad,Volkswagen Polo,2021,563000,62K km,62000,GJ,manual,petrol,9042
ahmedabad,Tata Altroz,2022,793000,44.5K km,44500,GJ,manual,diesel,13585
ahmedabad,Honda Brio,2014,251000,82.5K km,82500,GJ,manual,petrol,5090
ahmedabad,Volkswagen Ameo,2017,478000,122K km,122000,GJ,automatic,diesel,7677
ahmedabad,Ford EcoSport,2021,897000,28.5K km,28500,GJ,automatic,petrol,15367
ahmedabad,Hyundai Venue,2021,920000,22K km,22000,GJ,automatic,petrol,15769
ahmedabad,Hyundai Venue,2021,907000,42.5K km,42500,GJ,automatic,petrol,15530
ahmedabad,Maruti Wagon R 1.0,2014,302000,76K km,76000,GJ,manual,petrol,6764
ahmedabad,Hyundai Elite i20,2017,563000,55K km,55000,GJ,manual,petrol,9638
ahmedabad,Maruti Wagon R 1.0,2015,331000,51K km,51000,GJ,manual,petrol,6337
ahmedabad,Kia Sonet,2021,759000,69.5K km,69500,GJ,manual,petrol,13002
ahmedabad,Jeep Compass,2021,1850000,33K km,33000,GJ,automatic,petrol,32006
ahmedabad,Mahindra XUV 3XO,2024,1286000,1.5K km,1500,GJ,automatic,petrol,22240
ahmedabad,Hyundai Eon,2018,305000,34.5K km,34500,GJ,manual,petrol,4898
ahmedabad,Hyundai Eon,2019,344000,29K km,29000,GJ,manual,petrol,5524
ahmedabad,Honda Amaze,2022,798000,28.5K km,28500,GJ,automatic,petrol,13671
ahmedabad,Maruti Vitara Brezza,2022,859000,33K km,33000,GJ,manual,petrol,14716
ahmedabad,Renault Kiger,2023,875000,23K km,23000,GJ,automatic,petrol,14990
ahmedabad,Kia Sonet,2023,1219000,27.5K km,27500,GJ,automatic,petrol,21089
ahmedabad,Volkswagen Ameo,2019,494000,88K km,88000,GJ,manual,petrol,7934
ahmedabad,Mahindra KUV100 NXT,2019,433000,52.5K km,52500,GJ,manual,diesel,7416
ahmedabad,Mahindra XUV500,2017,872000,83.5K km,83500,GJ,automatic,diesel,15678
ahmedabad,Honda Brio,2013,259000,104.5K km,104500,GJ,manual,petrol,6584
ahmedabad,Tata Nexon,2022,833000,25.5K km,25500,GJ,automatic,petrol,14270
ahmedabad,Maruti Brezza,2022,957000,14.5K km,14500,GJ,manual,petrol,16399
ahmedabad,Renault Kwid,2019,277000,32.5K km,32500,GJ,manual,petrol,4745
ahmedabad,Renault Kwid,2016,271000,33K km,33000,GJ,manual,petrol,4642
ahmedabad,Tata Nexon,2021,875000,109K km,109000,GJ,manual,diesel,14990
ahmedabad,Renault Kwid,2017,283000,27.5K km,27500,GJ,manual,petrol,4848
ahmedabad,Maruti S-Cross,2021,804000,21.5K km,21500,GJ,manual,petrol,13773
ahmedabad,Renault Kwid,2018,274000,47K km,47000,GJ,manual,petrol,4694
ahmedabad,Hyundai Grand i10,2016,363000,100.5K km,100500,GJ,manual,petrol,6218
ahmedabad,Hyundai Eon,2015,255000,40.5K km,40500,GJ,manual,petrol,4385
ahmedabad,Renault Kiger,2021,597000,59K km,59000,GJ,manual,petrol,10227
ahmedabad,Hyundai Eon,2019,310000,27K km,27000,GJ,manual,petrol,4978
ahmedabad,Maruti Grand Vitara,2022,1285000,48K km,48000,GJ,manual,petrol,22231
ahmedabad,Hyundai New Santro 1.1,2022,589000,12.5K km,12500,GJ,manual,petrol+cng,9459
ahmedabad,Ford EcoSport,2016,595000,56.5K km,56500,GJ,manual,petrol,10193
ahmedabad,Hyundai Exter,2025,839000,3K km,3000,GJ,manual,petrol,14373
ahmedabad,Hyundai Elite i20,2018,627000,60.5K km,60500,GJ,manual,petrol,10741
ahmedabad,Hyundai New Santro 1.1,2022,578000,26K km,26000,GJ,manual,petrol+cng,9283
ahmedabad,Mahindra Thar,2021,1266000,23K km,23000,GJ,automatic,petrol,21899
ahmedabad,Renault Duster,2021,794000,32.5K km,32500,GJ,manual,petrol,13602
ahmedabad,Renault Kwid,2016,242000,22.5K km,22500,GJ,manual,petrol,4145
ahmedabad,Hyundai New Santro 1.1,2019,353000,77K km,77000,GJ,manual,petrol,5667
ahmedabad,Maruti Eeco,2013,305000,44K km,44000,GJ,manual,petrol,7753
ahmedabad,Volkswagen Polo,2017,319000,80.5K km,80500,GJ,manual,petrol,5123
ahmedabad,Maruti Baleno,2015,439000,106.5K km,106500,GJ,manual,diesel,8038
ahmedabad,Mahindra XUV700,2022,1354000,45.5K km,45500,GJ,automatic,petrol,23423
ahmedabad,Datsun GO,2016,195000,56.5K km,56500,GJ,manual,petrol,5287
ahmedabad,Maruti Celerio,2018,356000,106.5K km,106500,GJ,automatic,petrol,6098
ahmedabad,Maruti Wagon R 1.0,2018,367000,75K km,75000,GJ,manual,petrol,6598
ahmedabad,Tata Nexon,2023,1039000,36.5K km,36500,GJ,automatic,petrol,17975
ahmedabad,Maruti Ciaz,2020,731000,64.5K km,64500,GJ,manual,petrol,12523
ahmedabad,Mahindra XUV700,2022,1782000,85K km,85000,GJ,automatic,petrol,30830
ahmedabad,Datsun Redi-GO,2019,220000,37.5K km,37500,GJ,manual,petrol,5965
ahmedabad,Tata Nexon,2020,689000,80K km,80000,GJ,manual,petrol,11803
ahmedabad,Hyundai Grand i10,2015,435000,44K km,44000,GJ,manual,petrol,7965
ahmedabad,Maruti Alto 800,2022,352000,21K km,21000,GJ,manual,petrol,6328
ahmedabad,Honda City,2016,641000,42K km,42000,GJ,automatic,petrol,10981
ahmedabad,Ford EcoSport,2016,603000,37.5K km,37500,GJ,automatic,petrol,10330
ahmedabad,Maruti Baleno,2021,619000,45.5K km,45500,GJ,manual,petrol,10604
ahmedabad,Hyundai Elite i20,2020,703000,41K km,41000,GJ,manual,petrol,12039
ahmedabad,Honda Amaze,2017,418000,121.5K km,121500,GJ,manual,petrol,7161
ahmedabad,Maruti Swift Dzire,2012,325000,99.5K km,99500,GJ,manual,petrol,12435
ahmedabad,Maruti Alto 800,2016,265000,41K km,41000,GJ,manual,petrol,4764
ahmedabad,Hyundai Eon,2018,320000,58K km,58000,GJ,manual,petrol,5140
ahmedabad,Ford EcoSport,2021,792000,103K km,103000,GJ,automatic,petrol,13568
ahmedabad,Maruti Wagon R 1.0,2014,277000,78.5K km,78500,GJ,manual,petrol,6204
ahmedabad,Maruti Wagon R 1.0,2016,311000,118K km,118000,GJ,manual,petrol+cng,5327
ahmedabad,Maruti Swift,2019,551000,23K km,23000,GJ,manual,petrol,9439
ahmedabad,Maruti Alto K10,2016,259000,96K km,96000,GJ,manual,petrol+cng,4444
ahmedabad,Maruti Alto K10,2018,342000,45.5K km,45500,GJ,automatic,petrol,5859
ahmedabad,Maruti Wagon R 1.0,2015,297000,85.5K km,85500,GJ,manual,petrol,5686
ahmedabad,Maruti Alto 800,2014,246000,28.5K km,28500,GJ,manual,petrol,5509
ahmedabad,Maruti Ciaz,2016,519000,64K km,64000,GJ,manual,petrol,8891
ahmedabad,Hyundai Elite i20,2019,558000,45.5K km,45500,GJ,manual,petrol,9553
ahmedabad,Mahindra XUV500,2018,1097000,66K km,66000,GJ,automatic,diesel,19909
ahmedabad,Honda Amaze,2022,698000,20K km,20000,GJ,automatic,petrol,11957
ahmedabad,Maruti Wagon R 1.0,2018,376000,58.5K km,58500,GJ,manual,petrol,6755
ahmedabad,Hyundai Elite i20,2018,594000,84K km,84000,GJ,manual,petrol+cng,10183
ahmedabad,Maruti XL6,2022,1219000,28K km,28000,GJ,automatic,petrol,21089
ahmedabad,Hyundai Grand i10 Nios,2022,668000,11K km,11000,GJ,automatic,petrol,11443
ahmedabad,Hyundai i20,2014,412000,123.5K km,123500,GJ,manual,diesel,8895
ahmedabad,Maruti Alto 800,2016,239000,69K km,69000,GJ,manual,petrol,4575
ahmedabad,Maruti Wagon R 1.0,2018,412000,74K km,74000,GJ,automatic,petrol,7407
ahmedabad,Maruti Wagon R 1.0,2017,319000,99K km,99000,GJ,manual,petrol,5735
ahmedabad,Maruti Ciaz,2016,502000,94K km,94000,GJ,manual,petrol,8599
ahmedabad,Hyundai Elite i20,2019,558000,106.5K km,106500,GJ,manual,petrol,9553
ahmedabad,Maruti Celerio,2023,533000,39.5K km,39500,GJ,manual,petrol+cng,9131
ahmedabad,Hyundai Xcent,2016,432000,55.5K km,55500,GJ,manual,petrol+cng,7400
ahmedabad,Hyundai Grand i10,2016,498000,45K km,45000,GJ,automatic,petrol,9119
ahmedabad,Maruti Alto 800,2021,298000,20K km,20000,GJ,manual,petrol,5357
ahmedabad,Hyundai New i20,2023,1039000,5.5K km,5500,GJ,automatic,petrol,17975
ahmedabad,Maruti Wagon R 1.0,2022,466000,45K km,45000,GJ,manual,petrol,8382
ahmedabad,Maruti Alto 800,2018,306000,25K km,25000,GJ,manual,petrol,5501
ahmedabad,Maruti Wagon R 1.2,2021,519000,12K km,12000,GJ,manual,petrol,8891
ahmedabad,Tata Punch,2022,727000,49K km,49000,GJ,automatic,petrol,12454
ahmedabad,Tata Tigor,2023,729000,26K km,26000,GJ,manual,petrol+cng,12482
ahmedabad,Maruti Wagon R 1.2,2021,519000,30K km,30000,GJ,manual,petrol,8891
ahmedabad,Tata Tiago,2022,550000,24K km,24000,GJ,manual,petrol,9422
ahmedabad,Datsun Redi-GO,2019,233000,32K km,32000,GJ,manual,petrol,5030
ahmedabad,Renault Kwid,2021,428000,40.5K km,40500,GJ,automatic,petrol,7339
ahmedabad,Renault Kwid,2016,241000,46.5K km,46500,GJ,manual,petrol,4128
ahmedabad,Hyundai Grand i10,2017,390000,80K km,80000,GJ,manual,petrol,6681
ahmedabad,Maruti Alto 800,2021,323000,28.5K km,28500,GJ,manual,petrol,5807
ahmedabad,Maruti Swift,2015,421000,72K km,72000,GJ,manual,diesel,9089
ahmedabad,Ford EcoSport,2013,392000,118.5K km,118500,GJ,manual,diesel,10629
ahmedabad,Renault Duster,2020,678000,91.5K km,91500,GJ,manual,diesel,11615
ahmedabad,Honda Amaze,2013,344000,80.5K km,80500,GJ,manual,petrol,9328
ahmedabad,Renault Kwid,2016,239000,50K km,50000,GJ,manual,petrol,4094
ahmedabad,Ford EcoSport,2018,674000,52.5K km,52500,GJ,manual,petrol,11546
ahmedabad,Renault Kwid,2022,457000,28K km,28000,GJ,automatic,petrol,7829
ahmedabad,Hyundai New Santro 1.1,2019,404000,24.5K km,24500,GJ,manual,petrol,6481
ahmedabad,Maruti Baleno,2020,654000,52K km,52000,GJ,automatic,petrol,11204
ahmedabad,Maruti Ignis,2023,578000,10.5K km,10500,GJ,manual,petrol,9902
ahmedabad,Renault Kwid,2018,282000,25K km,25000,GJ,manual,petrol,4836
ahmedabad,Mahindra XUV 300,2021,876000,21.5K km,21500,GJ,manual,petrol,15002
ahmedabad,Mahindra XUV700,2022,1568000,48.5K km,48500,GJ,automatic,diesel,27127
ahmedabad,Honda City,2023,1256000,17.5K km,17500,GJ,manual,petrol,21729
ahmedabad,Maruti S-Cross,2021,721000,51K km,51000,GJ,manual,petrol,12351
ahmedabad,Hyundai i10,2014,332000,45K km,45000,GJ,manual,petrol,5406
ahmedabad,Maruti Celerio,2023,499000,16.5K km,16500,GJ,manual,petrol,8548
ahmedabad,Renault Kwid,2016,247000,90K km,90000,GJ,manual,petrol,4231
ahmedabad,Maruti Wagon R 1.0,2018,389000,71K km,71000,GJ,manual,petrol+cng,6664
ahmedabad,Hyundai Venue,2019,733000,106K km,106000,GJ,automatic,petrol,12557
ahmedabad,Maruti Alto 800,2019,337000,25K km,25000,GJ,manual,petrol,6059
ahmedabad,Honda Brio,2015,312000,50.5K km,50500,GJ,manual,petrol,5356
ahmedabad,Maruti Ignis,2019,425000,49K km,49000,GJ,manual,petrol,7288
ahmedabad,Hyundai i10,2012,249000,50K km,50000,GJ,manual,petrol,9527
ahmedabad,Ford EcoSport,2020,741000,49K km,49000,GJ,automatic,petrol,12686
ahmedabad,Hyundai i10,2011,225000,92K km,92000,GJ,manual,petrol,16173
ahmedabad,Maruti Alto 800,2018,316000,14.5K km,14500,GJ,manual,petrol,5683
ahmedabad,Maruti Swift,2022,657000,23K km,23000,GJ,manual,petrol,11256
ahmedabad,Hyundai Eon,2014,237000,46.5K km,46500,GJ,manual,petrol,4797
ahmedabad,MG Hector,2021,1419000,46K km,46000,GJ,automatic,petrol,24548
ahmedabad,Maruti Wagon R 1.0,2017,373000,63K km,63000,GJ,automatic,petrol,6702
ahmedabad,Tata Nexon,2022,981000,8.5K km,8500,GJ,manual,petrol,16808
ahmedabad,MG Hector Plus,2021,1229000,48K km,48000,GJ,automatic,petrol,21262
ahmedabad,Maruti S-Cross,2021,749000,35.5K km,35500,GJ,manual,petrol,12831
ahmedabad,Volkswagen Taigun,2022,989000,38K km,38000,GJ,manual,petrol,16943
ahmedabad,Tata Punch,2022,739000,11.5K km,11500,GJ,automatic,petrol,12660
ahmedabad,Maruti Baleno,2020,644000,34K km,34000,GJ,automatic,petrol,10966
ahmedabad,Hyundai i10,2012,225000,38.5K km,38500,GJ,manual,petrol,8608
ahmedabad,Datsun GO,2019,315000,66K km,66000,GJ,manual,petrol,5396
ahmedabad,Renault Kwid,2018,320000,61K km,61000,GJ,automatic,petrol,5482
ahmedabad,Hyundai Creta,2018,715000,70K km,70000,GJ,automatic,petrol,12249
ahmedabad,Hyundai i10,2011,227000,84.5K km,84500,GJ,manual,petrol,16317
ahmedabad,Maruti Wagon R 1.0,2017,357000,46K km,46000,GJ,manual,petrol,6418
ahmedabad,Ford EcoSport,2020,721000,76K km,76000,GJ,manual,petrol,12351
ahmedabad,Honda Brio,2012,253000,82K km,82000,GJ,manual,petrol+cng,9075
ahmedabad,Maruti Swift,2018,636000,80K km,80000,GJ,manual,diesel,10895
ahmedabad,Honda Amaze,2018,659000,30.5K km,30500,GJ,automatic,petrol,11222
ahmedabad,Hyundai New Santro 1.1,2020,499000,46K km,46000,GJ,manual,petrol+cng,8014
ahmedabad,Renault Kwid,2023,474000,10.5K km,10500,GJ,automatic,petrol,8120
ahmedabad,Honda Amaze,2021,742000,34K km,34000,GJ,automatic,petrol,12711
ahmedabad,Maruti Celerio,2021,482000,37.5K km,37500,GJ,automatic,petrol,8259
ahmedabad,Maruti Alto 800,2023,382000,19K km,19000,GJ,manual,petrol,6863
ahmedabad,Maruti Dzire,2019,584000,60.5K km,60500,GJ,manual,petrol,10013
ahmedabad,MG Astor,2022,1321000,27.5K km,27500,GJ,automatic,petrol,22853
ahmedabad,Skoda Slavia,2022,1349000,50.5K km,50500,GJ,automatic,petrol,23338
ahmedabad,Honda Jazz,2019,519000,67K km,67000,GJ,manual,petrol,8335
ahmedabad,Volkswagen Vento,2022,849000,49.5K km,49500,GJ,automatic,petrol,13635
ahmedabad,Renault Triber,2021,506000,64.5K km,64500,GJ,manual,petrol,8668
ahmedabad,Honda Amaze,2015,479000,36.5K km,36500,GJ,automatic,petrol,8773
ahmedabad,Hyundai i20 Active,2017,497000,36.5K km,36500,GJ,manual,petrol,8514
ahmedabad,Honda Amaze,2019,638000,36K km,36000,GJ,automatic,diesel,11341
ahmedabad,Hyundai New Santro 1.1,2019,424000,99.5K km,99500,GJ,manual,petrol+cng,6809
ahmedabad,Hyundai New Santro 1.1,2019,440000,90K km,90000,GJ,manual,petrol+cng,7072
ahmedabad,Maruti Celerio,2018,377000,52.5K km,52500,GJ,automatic,petrol,6458
ahmedabad,Maruti Vitara Brezza,2020,819000,66.5K km,66500,GJ,automatic,petrol,14030
ahmedabad,Hyundai New Santro 1.1,2021,481000,61.5K km,61500,GJ,manual,petrol+cng,7725
ahmedabad,Nissan Micra Active,2015,275000,52.5K km,52500,GJ,manual,petrol,5035
ahmedabad,Maruti Alto 800,2019,339000,32.5K km,32500,GJ,manual,petrol,6095
ahmedabad,Renault Kwid,2022,480000,10.5K km,10500,GJ,automatic,petrol,8223
ahmedabad,Mahindra KUV100,2016,365000,47.5K km,47500,GJ,manual,petrol,6253
ahmedabad,Datsun Redi-GO,2017,215000,41.5K km,41500,GJ,manual,petrol,8226
ahmedabad,Maruti Alto K10,2019,345000,45.5K km,45500,GJ,manual,petrol,5909
ahmedabad,Ford EcoSport,2020,749000,44K km,44000,GJ,automatic,petrol,12755
ahmedabad,Tata Altroz,2022,676000,65.5K km,65500,GJ,automatic,petrol,11580
ahmedabad,Hyundai Xcent,2016,416000,87K km,87000,GJ,manual,petrol,6673
ahmedabad,Renault Kwid,2018,311000,36.5K km,36500,GJ,manual,petrol,5330
ahmedabad,Maruti S-Presso,2020,351000,27.5K km,27500,GJ,manual,petrol,6011
ahmedabad,Maruti Swift Dzire,2012,349000,80.5K km,80500,GJ,manual,petrol,13353
ahmedabad,Honda Amaze,2017,397000,107.5K km,107500,GJ,manual,petrol,6801
ahmedabad,Maruti Wagon R 1.0,2012,252000,72.5K km,72500,GJ,manual,petrol,9852
ahmedabad,Renault Kwid,2017,224000,84K km,84000,GJ,manual,petrol,3837
ahmedabad,Hyundai Grand i10,2018,422000,77K km,77000,GJ,manual,petrol,7237
ahmedabad,Hyundai New Santro 1.1,2020,406000,117K km,117000,GJ,manual,petrol,6513
ahmedabad,Honda WR-V,2017,433000,112K km,112000,GJ,manual,petrol,7424
ahmedabad,Maruti Alto 800,2015,245000,72.5K km,72500,GJ,manual,petrol+cng,4690
ahmedabad,Renault Triber,2020,586000,40K km,40000,GJ,automatic,petrol,10047
ahmedabad,Hyundai New Santro 1.1,2020,393000,46K km,46000,GJ,manual,petrol,6306
ahmedabad,Tata Safari,2022,1708000,56K km,56000,GJ,automatic,diesel,29546
ahmedabad,Hyundai Elite i20,2019,672000,38.5K km,38500,GJ,manual,petrol,11511
ahmedabad,Honda Amaze,2020,662000,50K km,50000,GJ,automatic,diesel,11341
ahmedabad,Renault Kwid,2021,357000,32K km,32000,GJ,manual,petrol,6113
ahmedabad,Maruti Celerio X,2018,435000,54K km,54000,GJ,automatic,petrol,7338
ahmedabad,Maruti Swift,2015,461000,81K km,81000,GJ,manual,diesel,8441
ahmedabad,Tata Nexon,2020,729000,20.5K km,20500,GJ,automatic,petrol,12488
ahmedabad,Hyundai Venue,2021,912000,32.5K km,32500,GJ,automatic,petrol,15615
ahmedabad,Renault Kwid,2021,375000,20.5K km,20500,GJ,manual,petrol,6420
ahmedabad,Maruti Alto 800,2022,365000,22.5K km,22500,GJ,manual,petrol,6562
ahmedabad,Renault Kwid,2019,296000,34K km,34000,GJ,manual,petrol,5070
ahmedabad,Hyundai i10,2011,255000,25.5K km,25500,GJ,manual,petrol,18363
ahmedabad,Maruti Ciaz,2021,741000,40.5K km,40500,GJ,manual,petrol,12686
ahmedabad,Hyundai Verna,2012,418000,83.5K km,83500,GJ,automatic,diesel,16012
ahmedabad,Renault Duster,2020,644000,61.5K km,61500,GJ,manual,petrol,11035
ahmedabad,Renault Kwid,2018,323000,64K km,64000,GJ,automatic,petrol,5533
ahmedabad,Hyundai i10,2013,237000,50K km,50000,GJ,manual,petrol,9051
ahmedabad,Volkswagen Polo,2014,319000,117K km,117000,GJ,manual,diesel,6456
ahmedabad,Mahindra XUV500,2021,968000,97.5K km,97500,GJ,manual,diesel,17404
ahmedabad,MG Hector Plus,2022,1378000,88.5K km,88500,GJ,manual,diesel,23838
ahmedabad,Maruti Baleno,2021,677000,15K km,15000,GJ,manual,petrol,11597
ahmedabad,Maruti Ciaz,2015,561000,43.5K km,43500,GJ,manual,petrol,10272
ahmedabad,MG Hector Plus,2020,1219000,42K km,42000,GJ,manual,petrol,21089
ahmedabad,Hyundai Elite i20,2018,592000,42.5K km,42500,GJ,manual,petrol,10149
ahmedabad,Volkswagen Taigun,2021,1117000,30K km,30000,GJ,manual,petrol,19328
ahmedabad,Hyundai Grand i10,2018,441000,77K km,77000,GJ,manual,petrol,7561
ahmedabad,Renault Kwid,2021,362000,29.5K km,29500,GJ,manual,petrol,6198
ahmedabad,Renault Triber,2019,535000,27K km,27000,GJ,manual,petrol,9165
ahmedabad,Maruti Alto 800,2023,372000,24.5K km,24500,GJ,manual,petrol,6684
ahmedabad,Hyundai Grand i10,2015,403000,67.5K km,67500,GJ,manual,petrol,7371
ahmedabad,Ford Freestyle,2018,478000,22K km,22000,GJ,manual,petrol,8752
ahmedabad,Maruti Ritz,2012,274000,38.5K km,38500,GJ,manual,petrol,9828
ahmedabad,Maruti Swift,2016,459000,113K km,113000,GJ,manual,diesel,7863
ahmedabad,Renault Triber,2021,505000,61.5K km,61500,GJ,manual,petrol,8650
ahmedabad,Maruti Wagon R 1.0,2011,238000,48K km,48000,GJ,manual,petrol,17288
ahmedabad,Hyundai Grand i10,2018,434000,67.5K km,67500,GJ,manual,petrol,7441
ahmedabad,Hyundai Grand i10,2017,381000,101.5K km,101500,GJ,manual,petrol,6522
ahmedabad,Maruti S-Presso,2021,400000,26.5K km,26500,GJ,manual,petrol,6845
ahmedabad,Hyundai Venue,2022,925000,22K km,22000,GJ,automatic,petrol,15846
ahmedabad,Hyundai Venue,2022,858000,49.5K km,49500,GJ,manual,petrol,14698
ahmedabad,Hyundai Creta,2021,1368000,49.5K km,49500,GJ,automatic,petrol,23667
ahmedabad,Skoda Kushaq,2021,1288000,73.5K km,73500,GJ,automatic,petrol,22274
ahmedabad,Renault Triber,2022,613000,42K km,42000,GJ,manual,petrol,10507
ahmedabad,Maruti Wagon R 1.0,2017,367000,76K km,76000,GJ,automatic,petrol,6594
ahmedabad,Mahindra KUV100,2016,349000,46K km,46000,GJ,manual,petrol,5978
ahmedabad,Hyundai Elite i20,2018,570000,36.5K km,36500,GJ,manual,petrol+cng,9757
ahmedabad,Kia Sonet,2021,855000,30.5K km,30500,GJ,manual,petrol,14645
ahmedabad,Hyundai Venue,2022,960000,40K km,40000,GJ,manual,petrol,16450
ahmedabad,Maruti Alto 800,2017,292000,41.5K km,41500,GJ,manual,petrol,5254
ahmedabad,Maruti Vitara Brezza,2018,768000,83.5K km,83500,GJ,automatic,diesel,13157
ahmedabad,Maruti Alto K10,2019,373000,37.5K km,37500,GJ,automatic,petrol,6390
ahmedabad,Kia Sonet,2021,831000,62K km,62000,GJ,manual,petrol,14236
ahmedabad,Maruti Wagon R 1.0,2013,276000,71.5K km,71500,GJ,manual,petrol,7700
ahmedabad,Maruti Alto 800,2017,279000,59.5K km,59500,GJ,manual,petrol,5016
ahmedabad,Maruti Alto 800,2016,268000,44K km,44000,GJ,manual,petrol,4818
ahmedabad,Volkswagen Ameo,2018,492000,77K km,77000,GJ,manual,diesel,7901
ahmedabad,Maruti Alto 800,2018,319000,12.5K km,12500,GJ,manual,petrol,5735
ahmedabad,Renault Kwid,2018,299000,63.5K km,63500,GJ,manual,petrol,5125
ahmedabad,Maruti A-Star,2011,183000,48.5K km,48500,GJ,manual,petrol,12325
ahmedabad,Tata Altroz,2023,715000,29.5K km,29500,GJ,manual,petrol,12244
ahmedabad,Mahindra KUV100 NXT,2018,345000,50K km,50000,GJ,manual,petrol,5910
ahmedabad,Maruti Ignis,2019,407000,85.5K km,85500,GJ,manual,petrol,6965
ahmedabad,Maruti Alto K10,2017,283000,68K km,68000,GJ,manual,petrol,4853
ahmedabad,Maruti Wagon R 1.0,2016,386000,38K km,38000,GJ,automatic,petrol,6934
ahmedabad,Hyundai i10,2014,333000,41K km,41000,GJ,manual,petrol,7189
ahmedabad,Renault Triber,2020,529000,45K km,45000,GJ,manual,petrol,9059
ahmedabad,Mahindra KUV100 NXT,2018,354000,38K km,38000,GJ,manual,petrol,6064
ahmedabad,Maruti Celerio,2017,378000,62K km,62000,GJ,automatic,petrol,6475
ahmedabad,Honda Jazz,2021,795000,32.5K km,32500,GJ,automatic,petrol,12768
ahmedabad,Kia Seltos,2021,1370000,52.5K km,52500,GJ,automatic,petrol,23698
ahmedabad,Maruti Swift,2018,575000,66.5K km,66500,GJ,manual,petrol,9850
ahmedabad,Hyundai Elite i20,2017,581000,109K km,109000,GJ,manual,diesel,9953
ahmedabad,Hyundai Grand i10,2019,485000,91.5K km,91500,GJ,manual,petrol+cng,8310
ahmedabad,Volkswagen Vento,2020,690000,111K km,111000,GJ,automatic,petrol,11079
ahmedabad,Maruti Alto 800,2019,274000,86.5K km,86500,GJ,manual,petrol,4926
ahmedabad,Maruti Alto 800,2019,329000,38.5K km,38500,GJ,manual,petrol,5915
ahmedabad,Datsun Go Plus,2015,229000,51.5K km,51500,GJ,manual,petrol,
ahmedabad,Ford EcoSport,2013,405000,44K km,44000,GJ,manual,petrol,10982
ahmedabad,Hyundai i10,2012,241000,75.5K km,75500,GJ,manual,petrol,9204
ahmedabad,Maruti Wagon R 1.0,2014,315000,42.5K km,42500,GJ,manual,petrol,7057
ahmedabad,Tata Nexon,2023,937000,34K km,34000,GJ,manual,petrol,16058
ahmedabad,Tata Harrier,2021,1142000,29.5K km,29500,GJ,manual,diesel,19754
ahmedabad,Maruti Alto 800,2018,267000,59.5K km,59500,GJ,manual,petrol,4807
ahmedabad,Maruti Ignis,2023,507000,10K km,10000,GJ,manual,petrol,8685
ahmedabad,Skoda Kushaq,2023,1087000,26K km,26000,GJ,manual,petrol,18799
ahmedabad,Renault Kwid,2019,315000,50.5K km,50500,GJ,manual,petrol,5398
ahmedabad,Maruti Alto 800,2022,383000,11.5K km,11500,GJ,manual,petrol,6880
ahmedabad,Renault Kwid,2018,298000,20K km,20000,GJ,manual,petrol,5108
ahmedabad,Tata Altroz,2023,925000,7K km,7000,GJ,manual,diesel,15854
ahmedabad,Ford Figo Aspire,2020,502000,47K km,47000,GJ,manual,petrol,8062
ahmedabad,Skoda Rapid New,2020,659000,39K km,39000,GJ,manual,petrol,11289
ahmedabad,Maruti Wagon R 1.0,2016,370000,16K km,16000,GJ,automatic,petrol,7084
ahmedabad,Nissan Magnite,2021,498000,117.5K km,117500,GJ,manual,petrol,8531
ahmedabad,Renault Kwid,2020,326000,52K km,52000,GJ,manual,petrol,5585
ahmedabad,Nissan Micra Active,2013,210000,34K km,34000,GJ,manual,petrol,5694
ahmedabad,Maruti Wagon R 1.0,2011,230000,43.5K km,43500,GJ,manual,petrol,16707
ahmedabad,Hyundai New Santro 1.1,2019,428000,58.5K km,58500,GJ,manual,petrol+cng,6880
ahmedabad,Renault Duster,2020,681000,98.5K km,98500,GJ,manual,diesel,11665
ahmedabad,Maruti Baleno,2018,510000,113.5K km,113500,GJ,automatic,petrol,8736
ahmedabad,Maruti Alto 800,2017,297000,46K km,46000,GJ,manual,petrol,5339
ahmedabad,Hyundai Elite i20,2016,473000,79.5K km,79500,GJ,manual,petrol,8106
ahmedabad,Tata Nexon,2022,877000,24.5K km,24500,GJ,manual,petrol,15019
ahmedabad,Maruti Ciaz,2020,789000,56.5K km,56500,GJ,automatic,petrol,13516
ahmedabad,Honda Amaze,2021,679000,38K km,38000,GJ,manual,petrol,11632
ahmedabad,Maruti Alto 800,2016,279000,55.5K km,55500,GJ,manual,petrol,5016
ahmedabad,Honda Amaze,2019,643000,48K km,48000,GJ,automatic,petrol,11015
ahmedabad,Mahindra Thar,2021,1276000,34.5K km,34500,GJ,automatic,diesel,22070
ahmedabad,Renault Kwid,2018,293000,64.5K km,64500,GJ,manual,petrol,5023
ahmedabad,Hyundai Grand i10,2018,475000,79.5K km,79500,GJ,automatic,petrol,8140
ahmedabad,MG Hector,2023,1459000,22K km,22000,GJ,automatic,petrol,25241
ahmedabad,Maruti Baleno,2019,547000,27.5K km,27500,GJ,manual,petrol,9366
ahmedabad,Mahindra XUV500,2019,992000,75.5K km,75500,GJ,manual,diesel,17835
ahmedabad,Volkswagen Ameo,2017,519000,105.5K km,105500,GJ,automatic,diesel,8335
ahmedabad,Mahindra XUV500,2018,908000,121.5K km,121500,GJ,automatic,diesel,16317
ahmedabad,Maruti Ritz,2012,250000,47K km,47000,GJ,manual,petrol,8949
ahmedabad,Hyundai Verna,2014,494000,83K km,83000,GJ,manual,diesel,10665
ahmedabad,Hyundai Eon,2017,282000,84.5K km,84500,GJ,manual,petrol,4534
ahmedabad,Maruti Wagon R 1.0,2016,363000,42K km,42000,GJ,automatic,petrol,6526
ahmedabad,Renault Kwid,2021,346000,45.5K km,45500,GJ,manual,petrol,5926
ahmedabad,Renault Kwid,2019,319000,26.5K km,26500,GJ,manual,petrol,5464
ahmedabad,Renault Kwid,2019,322000,18K km,18000,GJ,manual,petrol,5517
ahmedabad,Hyundai Elite i20,2019,613000,44K km,44000,GJ,manual,petrol,10507
ahmedabad,Maruti Ignis,2022,659000,21K km,21000,GJ,automatic,petrol,11290
ahmedabad,Honda Jazz,2021,737000,16.5K km,16500,GJ,manual,petrol,11830
ahmedabad,Maruti Celerio,2019,412000,55.5K km,55500,GJ,manual,petrol,7058
ahmedabad,Hyundai Elite i20,2015,530000,37K km,37000,GJ,manual,petrol,9701
ahmedabad,MG Hector,2021,1259000,30.5K km,30500,GJ,automatic,petrol,21781
ahmedabad,Maruti Swift,2020,637000,36K km,36000,GJ,automatic,petrol,10915
ahmedabad,Hyundai Elite i20,2020,622000,30K km,30000,GJ,manual,petrol,10660
ahmedabad,Kia Sonet,2021,884000,68.5K km,68500,GJ,manual,petrol,15139
ahmedabad,Honda Jazz,2022,799000,32.5K km,32500,GJ,automatic,petrol,12832
ahmedabad,Kia Sonet,2022,1042000,101K km,101000,GJ,automatic,diesel,18034
ahmedabad,Honda Amaze,2013,343000,45.5K km,45500,GJ,manual,petrol,9301
ahmedabad,Honda City,2014,550000,80K km,80000,GJ,manual,diesel,11868
ahmedabad,Renault Triber,2022,549000,35K km,35000,GJ,manual,petrol,9400
ahmedabad,Hyundai i10,2014,252000,58.5K km,58500,GJ,manual,petrol,6846
ahmedabad,Volkswagen Polo,2019,482000,95K km,95000,GJ,manual,petrol,7741
ahmedabad,Honda Amaze,2014,390000,106K km,106000,GJ,manual,diesel,8420
ahmedabad,Maruti Wagon R 1.0,2017,339000,70K km,70000,GJ,manual,petrol,21517
ahmedabad,Maruti Alto 800,2016,285000,51K km,51000,GJ,manual,petrol,5129
ahmedabad,Maruti Alto K10,2014,219000,71.5K km,71500,GJ,manual,petrol,4721
ahmedabad,Maruti Ignis,2022,468000,24.5K km,24500,GJ,manual,petrol,8020
ahmedabad,Tata Nexon,2020,853000,81K km,81000,GJ,manual,diesel,14617
ahmedabad,Hyundai New Santro 1.1,2021,466000,44K km,44000,GJ,manual,petrol+cng,7487
ahmedabad,Maruti Ignis,2017,450000,37.5K km,37500,GJ,manual,petrol,7714
ahmedabad,Hyundai Grand i10,2019,477000,54.5K km,54500,GJ,manual,petrol,8174
ahmedabad,Hyundai Grand i10,2014,381000,79.5K km,79500,GJ,manual,petrol,8219
ahmedabad,Renault Triber,2021,570000,31K km,31000,GJ,manual,petrol,9757
ahmedabad,Maruti Alto 800,2017,276000,62K km,62000,GJ,manual,petrol,4962
ahmedabad,Skoda Rapid New,2021,722000,34K km,34000,GJ,manual,petrol,12369
ahmedabad,Hyundai Santro Xing,2014,265000,69.5K km,69500,GJ,manual,petrol,5363
ahmedabad,Maruti A-Star,2010,159000,40.5K km,40500,GJ,manual,petrol,
ahmedabad,Maruti Swift Dzire,2012,340000,44.5K km,44500,GJ,manual,petrol,13007
ahmedabad,Ford EcoSport,2016,524000,69K km,69000,GJ,manual,petrol+cng,8976
ahmedabad,Tata Tiago,2023,546000,33.5K km,33500,GJ,manual,petrol,9353
ahmedabad,Maruti Wagon R 1.0,2013,240000,87K km,87000,GJ,manual,petrol,6683
ahmedabad,Maruti Celerio,2021,485000,33.5K km,33500,GJ,manual,petrol,8310
ahmedabad,Maruti Wagon R 1.0,2012,244000,93.5K km,93500,GJ,manual,petrol+cng,9318
ahmedabad,Hyundai Eon,2018,301000,13.5K km,13500,GJ,manual,petrol,4837
ahmedabad,Hyundai New i20,2021,595000,69.5K km,69500,GJ,manual,petrol,10200
ahmedabad,Tata Tiago,2018,459000,39.5K km,39500,GJ,manual,diesel,7867
ahmedabad,Tata Harrier,2022,1626000,30K km,30000,GJ,manual,diesel,28132
ahmedabad,Hyundai New Santro 1.1,2022,509000,23.5K km,23500,GJ,manual,petrol,8174
ahmedabad,Honda City,2023,1347000,16K km,16000,GJ,automatic,petrol,23296
ahmedabad,Maruti Wagon R 1.2,2022,474000,26K km,26000,GJ,manual,petrol,8123
ahmedabad,Maruti Wagon R 1.0,2015,311000,44.5K km,44500,GJ,manual,petrol,5956
ahmedabad,Maruti Alto 800,2021,339000,26.5K km,26500,GJ,manual,petrol,6095
ahmedabad,Renault Kwid,2019,327000,15K km,15000,GJ,manual,petrol,5602
ahmedabad,Maruti Ciaz,2021,791000,29.5K km,29500,GJ,manual,petrol,13555
ahmedabad,Skoda Kushaq,2021,1291000,55K km,55000,GJ,automatic,petrol,22342
ahmedabad,Maruti Wagon R 1.0,2018,393000,36K km,36000,GJ,manual,petrol,7059
ahmedabad,Honda WR-V,2019,529000,90.5K km,90500,GJ,manual,petrol,9059
ahmedabad,Maruti Ciaz,2018,558000,70.5K km,70500,GJ,automatic,petrol,9553
ahmedabad,Hyundai Elite i20,2018,627000,35K km,35000,GJ,manual,petrol,10745
ahmedabad,Nissan Magnite,2021,529000,68.5K km,68500,GJ,manual,petrol,9062
ahmedabad,Tata Nexon,2019,597000,55K km,55000,GJ,manual,petrol+cng,10234
ahmedabad,Renault Kwid,2017,290000,43K km,43000,GJ,automatic,petrol,4968
ahmedabad,Volkswagen Polo,2017,459000,102K km,102000,GJ,manual,diesel,7371
ahmedabad,Maruti Alto 800,2019,296000,48K km,48000,GJ,manual,petrol,5326
ahmedabad,Tata Nexon,2019,643000,31.5K km,31500,GJ,manual,petrol,11015
ahmedabad,Hyundai Grand i10,2019,493000,37K km,37000,GJ,manual,petrol,8446
ahmedabad,Mahindra KUV100,2017,353000,24.5K km,24500,GJ,manual,petrol,6047
ahmedabad,Hyundai Elite i20,2018,619000,58.5K km,58500,GJ,manual,petrol,10609
ahmedabad,Honda Jazz,2016,449000,35.5K km,35500,GJ,automatic,petrol,7211
ahmedabad,Maruti Alto 800,2019,320000,36K km,36000,GJ,manual,petrol,5754
ahmedabad,Tata Tiago,2017,365000,72K km,72000,GJ,manual,diesel,6253
ahmedabad,Hyundai Venue,2023,1111000,24.5K km,24500,GJ,automatic,petrol,19226
ahmedabad,Maruti Swift Dzire,2014,386000,73.5K km,73500,GJ,manual,petrol,8327
ahmedabad,Hyundai New i20,2023,862000,11.5K km,11500,GJ,manual,petrol,14764
ahmedabad,Maruti Wagon R 1.0,2023,554000,10.5K km,10500,GJ,manual,petrol+cng,9485
ahmedabad,Maruti Baleno,2019,542000,46.5K km,46500,GJ,manual,petrol,9281
ahmedabad,Maruti Swift Dzire,2011,239000,105K km,105000,GJ,manual,petrol,17179
ahmedabad,Hyundai New Santro 1.1,2020,382000,123.5K km,123500,GJ,manual,petrol,6130
ahmedabad,Maruti Alto 800,2018,246000,104.5K km,104500,GJ,manual,petrol,4414
ahmedabad,Volkswagen Ameo,2019,468000,105.5K km,105500,GJ,manual,petrol,7516
ahmedabad,Tata Nexon,2020,659000,100K km,100000,GJ,manual,petrol,11289
ahmedabad,Datsun GO,2018,240000,37K km,37000,GJ,manual,petrol,4386
ahmedabad,Hyundai Verna,2013,490000,91K km,91000,GJ,manual,diesel,13288
ahmedabad,Hyundai Elite i20,2020,519000,36K km,36000,GJ,manual,petrol,8889
ahmedabad,Maruti Celerio,2018,408000,74K km,74000,GJ,automatic,petrol,6982
ahmedabad,Maruti Wagon R 1.0,2013,281000,64.5K km,64500,GJ,manual,petrol,7848
ahmedabad,Maruti Dzire,2017,514000,75K km,75000,GJ,automatic,petrol,8804
ahmedabad,Honda Amaze,2016,490000,44K km,44000,GJ,automatic,petrol,8395
ahmedabad,Maruti S-Cross,2021,799000,37.5K km,37500,GJ,manual,petrol,14116
ahmedabad,Mahindra Thar,2022,1129000,31K km,31000,GJ,automatic,petrol,19532
ahmedabad,Hyundai Elite i20,2018,632000,53.5K km,53500,GJ,manual,petrol,10830
ahmedabad,Hyundai New Santro 1.1,2019,424000,28.5K km,28500,GJ,manual,petrol,6817
ahmedabad,Maruti Baleno,2016,508000,32.5K km,32500,GJ,manual,petrol,8702
ahmedabad,Maruti S-Presso,2022,436000,71.5K km,71500,GJ,manual,petrol+cng,7475
ahmedabad,Mahindra XUV700,2022,1512000,38K km,38000,GJ,manual,petrol,26158
ahmedabad,Honda City,2021,1119000,47.5K km,47500,GJ,automatic,petrol,19358
ahmedabad,Hyundai Eon,2017,228000,62.5K km,62500,GJ,manual,petrol,3656
ahmedabad,Volkswagen Vento,2013,429000,76K km,76000,GJ,manual,petrol,10906
ahmedabad,Ford EcoSport,2013,380000,48K km,48000,GJ,manual,petrol,10296
ahmedabad,Hyundai Fluidic Verna 4S,2016,627000,120.5K km,120500,GJ,manual,diesel,10741
ahmedabad,Maruti Alto K10,2012,195000,62.5K km,62500,GJ,manual,petrol,7454
ahmedabad,Maruti Swift Dzire,2017,433000,81K km,81000,GJ,manual,diesel,7424
ahmedabad,Honda City,2015,490000,59.5K km,59500,GJ,automatic,petrol,8972
ahmedabad,Nissan Kicks,2021,632000,61.5K km,61500,GJ,manual,petrol,10830
ahmedabad,Maruti Alto 800,2016,274000,55K km,55000,GJ,manual,petrol,4932
ahmedabad,Honda City,2022,1139000,54K km,54000,GJ,automatic,petrol,19704
ahmedabad,Hyundai Elite i20,2018,617000,31K km,31000,GJ,manual,petrol,10575
ahmedabad,Maruti Celerio,2018,380000,59K km,59000,GJ,automatic,petrol,6505
ahmedabad,Skoda Slavia,2022,1333000,38.5K km,38500,GJ,automatic,petrol,23057
ahmedabad,Renault Kwid,2018,311000,42.5K km,42500,GJ,manual,petrol,5330
ahmedabad,Maruti Dzire,2018,581000,35.5K km,35500,GJ,automatic,petrol,9945
ahmedabad,Maruti Swift,2014,347000,81.5K km,81500,GJ,manual,petrol,7491
ahmedabad,MG Astor,2022,1265000,54.5K km,54500,GJ,automatic,petrol,21882
ahmedabad,Mahindra XUV 300,2019,801000,75K km,75000,GJ,manual,diesel,13725
ahmedabad,Hyundai Grand i10,2020,578000,30K km,30000,GJ,manual,petrol,9902
ahmedabad,Hyundai Venue,2022,881000,37.5K km,37500,GJ,manual,petrol,15088
ahmedabad,Tata Altroz,2021,707000,51K km,51000,GJ,manual,diesel,12107
ahmedabad,Mahindra Thar,2021,1130000,37K km,37000,GJ,automatic,diesel,19549
ahmedabad,Hyundai Eon,2015,239000,65K km,65000,GJ,manual,petrol,4095
ahmedabad,Hyundai Eon,2017,262000,37.5K km,37500,GJ,manual,petrol,4214
ahmedabad,Maruti Swift,2019,526000,79K km,79000,GJ,automatic,petrol,9008
ahmedabad,Maruti Alto 800,2021,337000,39.5K km,39500,GJ,manual,petrol,6058
ahmedabad,Honda Amaze,2020,564000,117.5K km,117500,GJ,automatic,petrol,9655
ahmedabad,Honda Brio,2012,271000,46.5K km,46500,GJ,manual,petrol,6646
ahmedabad,Maruti Ciaz,2018,549000,73.5K km,73500,GJ,automatic,petrol,9400
ahmedabad,Hyundai Elite i20,2018,577000,29K km,29000,GJ,manual,petrol,9877
ahmedabad,Maruti Baleno,2015,523000,63K km,63000,GJ,manual,diesel,9574
ahmedabad,Maruti Ignis,2022,527000,14K km,14000,GJ,manual,petrol,9025
ahmedabad,Tata Nexon,2022,801000,24K km,24000,GJ,manual,petrol,13725
ahmedabad,Mahindra XUV 300,2021,814000,23.5K km,23500,GJ,manual,petrol,13947
ahmedabad,Hyundai Elite i20,2020,654000,43.5K km,43500,GJ,manual,petrol,11205
ahmedabad,Hyundai Venue,2021,816000,33K km,33000,GJ,manual,petrol,13981
ahmedabad,Renault Duster,2021,813000,28K km,28000,GJ,manual,petrol,13930
ahmedabad,Kia Seltos,2020,1312000,27.5K km,27500,GJ,automatic,petrol,22697
ahmedabad,Maruti Dzire,2020,583000,31K km,31000,GJ,manual,petrol,9979
ahmedabad,Maruti Dzire,2019,554000,51K km,51000,GJ,manual,petrol,9485
ahmedabad,Nissan Sunny,2018,406000,90.5K km,90500,GJ,manual,diesel,6513
ahmedabad,Hyundai Grand i10,2014,359000,69K km,69000,GJ,manual,petrol,7747
ahmedabad,Hyundai Verna,2013,477000,115K km,115000,GJ,manual,diesel,12938
ahmedabad,Maruti Alto K10,2017,245000,87.5K km,87500,GJ,manual,petrol,4189
ahmedabad,Maruti Baleno,2016,476000,36.5K km,36500,GJ,automatic,petrol,8157
ahmedabad,Mahindra XUV500,2020,863000,75.5K km,75500,GJ,manual,diesel,15513
ahmedabad,Hyundai i10,2013,245000,64K km,64000,GJ,manual,petrol,6630
ahmedabad,Renault Kwid,2020,305000,48K km,48000,GJ,manual,petrol,5228
ahmedabad,Renault Captur,2018,565000,66K km,66000,GJ,manual,diesel,9068
ahmedabad,Volkswagen Vento,2017,633000,49.5K km,49500,GJ,automatic,petrol,10169
ahmedabad,Tata Nexon,2023,945000,9K km,9000,GJ,manual,petrol,16194
ahmedabad,Maruti Baleno,2021,564000,38K km,38000,GJ,manual,petrol,9655
ahmedabad,Honda City,2017,585000,75K km,75000,GJ,manual,petrol,10021
ahmedabad,Maruti Swift,2019,623000,64K km,64000,GJ,automatic,petrol,10677
ahmedabad,Maruti Alto 800,2017,333000,64.5K km,64500,GJ,manual,petrol+cng,5992
ahmedabad,MG Gloster,2022,2735000,42.5K km,42500,GJ,automatic,diesel,47323
ahmedabad,Skoda Rapid New,2021,652000,83K km,83000,GJ,manual,petrol,11169
ahmedabad,Maruti Brezza,2022,957000,75K km,75000,GJ,manual,petrol,16399
ahmedabad,Maruti Ciaz,2020,765000,56K km,56000,GJ,automatic,petrol,13112
ahmedabad,Maruti Celerio,2024,520000,8K km,8000,GJ,manual,petrol,8906
ahmedabad,Hyundai Grand i10,2018,428000,14K km,14000,GJ,manual,petrol,7339
ahmedabad,Maruti Swift,2012,318000,120.5K km,120500,GJ,manual,diesel,12170
ahmedabad,Nissan Sunny,2018,311000,104K km,104000,GJ,manual,diesel,4997
ahmedabad,Datsun Redi-GO,2016,197000,40.5K km,40500,GJ,manual,petrol,14147
ahmedabad,Hyundai Elite i20,2015,469000,50K km,50000,GJ,manual,petrol,8591
ahmedabad,Maruti Swift,2018,565000,100K km,100000,GJ,automatic,diesel,9679
ahmedabad,Hyundai Fluidic Verna 4S,2017,582000,46K km,46000,GJ,manual,petrol,9970
ahmedabad,Maruti Dzire,2019,618000,80K km,80000,GJ,automatic,petrol,10592
ahmedabad,Maruti Swift,2023,710000,11.5K km,11500,GJ,manual,petrol,12159
ahmedabad,Tata Altroz,2022,750000,29.5K km,29500,GJ,automatic,petrol,12857
ahmedabad,Maruti Swift,2018,541000,23K km,23000,GJ,automatic,petrol,9264
ahmedabad,Hyundai Verna,2023,1428000,13.5K km,13500,GJ,automatic,petrol,24708
ahmedabad,Maruti Alto 800,2016,247000,76.5K km,76500,GJ,manual,petrol,4432
ahmedabad,Maruti Ciaz,2021,772000,39.5K km,39500,GJ,manual,petrol,13231
ahmedabad,Hyundai Elite i20,2017,537000,70.5K km,70500,GJ,manual,petrol,9195
ahmedabad,Tata Safari,2022,1733000,37.5K km,37500,GJ,automatic,diesel,29988
ahmedabad,Maruti Celerio,2020,420000,23.5K km,23500,GJ,manual,petrol,7203
ahmedabad,Maruti Baleno,2021,642000,26K km,26000,GJ,manual,petrol,11001
ahmedabad,Maruti Swift,2022,654000,36K km,36000,GJ,automatic,petrol,11205
ahmedabad,Maruti Swift Dzire,2016,478000,51K km,51000,GJ,automatic,petrol,8191
ahmedabad,Hyundai Creta,2015,750000,117.5K km,117500,GJ,automatic,diesel,13724
ahmedabad,Renault Triber,2021,542000,31.5K km,31500,GJ,manual,petrol,9281
ahmedabad,Maruti Alto 800,2016,244000,106.5K km,106500,GJ,manual,petrol,4378
ahmedabad,Maruti S-Presso,2020,339000,59K km,59000,GJ,manual,petrol,5807
ahmedabad,Tata Harrier,2019,1019000,80.5K km,80500,GJ,manual,diesel,17625
ahmedabad,Maruti Ciaz,2019,636000,75K km,75000,GJ,automatic,petrol,10898
ahmedabad,Nissan Sunny,2018,429000,46K km,46000,GJ,manual,diesel,6896
ahmedabad,Mahindra XUV500,2018,917000,69.5K km,69500,GJ,manual,diesel,16496
ahmedabad,Skoda Slavia,2022,1195000,25.5K km,25500,GJ,automatic,petrol,20673
ahmedabad,Maruti Dzire,2019,527000,45K km,45000,GJ,manual,petrol,9025
ahmedabad,Hyundai Elite i20,2017,489000,38K km,38000,GJ,manual,petrol,8378
ahmedabad,Tata Tigor,2022,674000,38.5K km,38500,GJ,manual,petrol+cng,11545
ahmedabad,Hyundai Elite i20,2017,429000,61.5K km,61500,GJ,manual,petrol,7356
ahmedabad,Maruti Alto 800,2019,319000,25.5K km,25500,GJ,manual,petrol,5737
ahmedabad,Hyundai Creta,2019,1035000,75K km,75000,GJ,automatic,diesel,17897
ahmedabad,Hyundai Fluidic Verna 4S,2016,510000,101K km,101000,GJ,automatic,diesel,8736
ahmedabad,Hyundai Elite i20,2015,471000,43K km,43000,GJ,manual,petrol,7845
ahmedabad,Tata Tigor,2021,538000,39.5K km,39500,GJ,manual,petrol,9212
ahmedabad,Hyundai Elite i20,2018,533000,95K km,95000,GJ,manual,petrol+cng,9127
ahmedabad,Hyundai Grand i10,2015,450000,43K km,43000,GJ,automatic,petrol,8245
ahmedabad,Maruti Alto 800,2019,278000,51.5K km,51500,GJ,manual,petrol,5004
ahmedabad,Hyundai Grand i10,2018,462000,75.5K km,75500,GJ,automatic,petrol,7918
ahmedabad,Volkswagen Polo,2018,508000,71K km,71000,GJ,manual,petrol,8158
ahmedabad,Hyundai Grand i10,2018,463000,57.5K km,57500,GJ,manual,petrol+cng,7935
ahmedabad,Tata Nexon,2023,992000,10.5K km,10500,GJ,automatic,petrol,16994
ahmedabad,Datsun Redi-GO,2019,253000,13K km,13000,GJ,automatic,petrol,5462
ahmedabad,MG Hector,2021,1171000,50K km,50000,GJ,manual,diesel,20257
ahmedabad,Jeep Compass,2019,1170000,61K km,61000,GJ,manual,diesel,20240
ahmedabad,Mahindra XUV 3XO,2024,1219000,16K km,16000,GJ,automatic,petrol,21089
ahmedabad,Maruti Dzire,2022,592000,35.5K km,35500,GJ,manual,petrol,10141
ahmedabad,Honda City,2011,289000,59K km,59000,GJ,manual,petrol,20774
ahmedabad,Ford Figo Aspire,2021,455000,40.5K km,40500,GJ,manual,petrol,7307
ahmedabad,Honda Amaze,2023,649000,15.5K km,15500,GJ,manual,petrol,11118
ahmedabad,MG Hector,2019,949000,46.5K km,46500,GJ,automatic,petrol,16257
ahmedabad,Hyundai Verna,2014,392000,83K km,83000,GJ,manual,diesel,8463
ahmedabad,Maruti S-Cross,2019,692000,51.5K km,51500,GJ,manual,diesel,11855
ahmedabad,Hyundai Verna,2022,1085000,33K km,33000,GJ,automatic,petrol,18770
ahmedabad,Honda Amaze,2022,785000,29K km,29000,GJ,automatic,petrol,13448
ahmedabad,Ford Figo,2018,368000,50K km,50000,GJ,manual,petrol,7945
ahmedabad,Maruti Dzire,2017,439000,68.5K km,68500,GJ,automatic,petrol,7520
ahmedabad,Maruti Baleno,2022,721000,15.5K km,15500,GJ,manual,petrol,12351
ahmedabad,Maruti Baleno,2023,734000,17K km,17000,GJ,manual,petrol,12574
ahmedabad,Hyundai New i20,2023,765000,16K km,16000,GJ,manual,petrol,13105
ahmedabad,Hyundai Verna,2023,849000,45K km,45000,GJ,manual,diesel,14544
ahmedabad,Maruti Baleno,2018,581000,45.5K km,45500,GJ,automatic,petrol,9953
ahmedabad,MG Hector,2022,1103000,13K km,13000,GJ,manual,petrol,19082
ahmedabad,Maruti Ritz,2012,259000,54.5K km,54500,GJ,manual,petrol,9290
ahmedabad,Tata Hexa,2018,724000,80K km,80000,GJ,manual,diesel,11628
ahmedabad,Mahindra XUV700,2023,1609000,33.5K km,33500,GJ,automatic,petrol,27841
ahmedabad,Ford EcoSport,2015,395000,49K km,49000,GJ,manual,petrol,7233
ahmedabad,Maruti Baleno,2016,408000,119.5K km,119500,GJ,manual,petrol,6989
ahmedabad,Maruti Alto K10,2015,254000,41.5K km,41500,GJ,manual,petrol,4659
ahmedabad,Maruti Celerio,2020,487000,19.5K km,19500,GJ,automatic,petrol,8343
ahmedabad,Maruti Alto K10,2023,389000,31.5K km,31500,GJ,manual,petrol,6664
ahmedabad,Maruti Wagon R 1.0,2017,367000,83.5K km,83500,GJ,manual,petrol+cng,6287
ahmedabad,Honda City,2017,650000,38.5K km,38500,GJ,manual,petrol,11135
ahmedabad,Maruti Eeco,2016,364000,72.5K km,72500,GJ,manual,petrol,5846
ahmedabad,Maruti Alto 800,2017,276000,49.5K km,49500,GJ,manual,petrol,4962
ahmedabad,Mahindra Thar,2021,1178000,37K km,37000,GJ,automatic,diesel,20378
ahmedabad,Maruti Ciaz,2019,585000,33.5K km,33500,GJ,manual,petrol,10021
ahmedabad,Tata Altroz,2023,768000,40.5K km,40500,GJ,manual,petrol+cng,13157
ahmedabad,Maruti Wagon R 1.0,2017,403000,16.5K km,16500,GJ,automatic,petrol,7238
ahmedabad,Ford EcoSport,2017,486000,103.5K km,103500,GJ,manual,diesel,8325
ahmedabad,Hyundai i10,2013,275000,67K km,67000,GJ,manual,petrol+cng,7466
ahmedabad,Hyundai New Santro 1.1,2019,425000,15.5K km,15500,GJ,manual,petrol,6833
ahmedabad,Hyundai Grand i10 Nios,2020,567000,51.5K km,51500,GJ,manual,petrol,9713
ahmedabad,Hyundai New Santro 1.1,2018,378000,98.5K km,98500,GJ,manual,petrol,6071
ahmedabad,Maruti Wagon R 1.0,2020,437000,125K km,125000,GJ,manual,petrol+cng,7486
ahmedabad,Skoda Kushaq,2021,1068000,86.5K km,86500,GJ,manual,petrol,18476
ahmedabad,Tata Harrier,2022,1478000,79K km,79000,GJ,automatic,diesel,25568
ahmedabad,Mahindra XUV500,2022,1241000,75K km,75000,GJ,automatic,diesel,22537
ahmedabad,Volkswagen Polo,2011,239000,69K km,69000,GJ,manual,petrol,16106
ahmedabad,Honda City,2020,829000,69K km,69000,GJ,manual,petrol,14202
ahmedabad,Ford EcoSport,2015,467000,74K km,74000,GJ,manual,diesel,8551
ahmedabad,Datsun Redi-GO,2016,190000,24K km,24000,GJ,manual,petrol,13657
ahmedabad,Nissan Magnite,2021,529000,41.5K km,41500,GJ,manual,petrol,9062
ahmedabad,Maruti Alto 800,2019,312000,23K km,23000,GJ,manual,petrol,5609
ahmedabad,Honda City,2018,655000,64K km,64000,GJ,automatic,petrol,11221
ahmedabad,Hyundai i10,2011,244000,44K km,44000,GJ,manual,petrol+cng,17538
ahmedabad,Maruti Wagon R 1.0,2014,259000,69K km,69000,GJ,manual,petrol,5811
ahmedabad,Hyundai Xcent,2019,576000,20.5K km,20500,GJ,manual,petrol,9243
ahmedabad,Tata Tiago,2022,639000,47.5K km,47500,GJ,manual,petrol+cng,10947
ahmedabad,Renault Kwid,2016,255000,35.5K km,35500,GJ,automatic,petrol,4376
ahmedabad,Hyundai Grand i10,2019,480000,70.5K km,70500,GJ,manual,petrol+cng,8225
ahmedabad,Honda Amaze,2024,649000,28.5K km,28500,GJ,manual,petrol,11118
ahmedabad,Honda Amaze,2022,646000,22K km,22000,GJ,manual,petrol,11067
ahmedabad,Honda Jazz,2018,477000,66.5K km,66500,GJ,automatic,petrol,7663
ahmedabad,Honda Amaze,2014,368000,62.5K km,62500,GJ,manual,petrol,7940
ahmedabad,Renault Kwid,2020,394000,13.5K km,13500,GJ,automatic,petrol,6743
ahmedabad,Hyundai Grand i10,2015,411000,40K km,40000,GJ,manual,petrol,7517
ahmedabad,Maruti Ciaz,2015,435000,70K km,70000,GJ,manual,petrol,7972
ahmedabad,Kia Sonet,2020,775000,43K km,43000,GJ,manual,petrol,13282
ahmedabad,Skoda Octavia,2022,2164000,36K km,36000,GJ,automatic,petrol,37430
ahmedabad,Maruti S-Presso,2020,374000,46.5K km,46500,GJ,manual,petrol,6403
ahmedabad,Kia Sonet,2023,1059000,9.5K km,9500,GJ,manual,diesel,18320
ahmedabad,Hyundai Grand i10,2016,365000,71.5K km,71500,GJ,manual,petrol,6249
ahmedabad,Renault Kwid,2021,379000,13.5K km,13500,GJ,manual,petrol,6488
ahmedabad,Maruti Wagon R 1.0,2018,412000,63.5K km,63500,GJ,manual,petrol+cng,7058
ahmedabad,Datsun Go Plus,2016,247000,67.5K km,67500,GJ,manual,petrol,17720
ahmedabad,Maruti Alto 800,2017,255000,37.5K km,37500,GJ,manual,petrol,4771
ahmedabad,Renault Kwid,2019,376000,29.5K km,29500,GJ,automatic,petrol,6437
ahmedabad,Maruti Alto K10,2022,386000,19K km,19000,GJ,manual,petrol,6607
ahmedabad,Maruti S-Presso,2021,390000,10K km,10000,GJ,manual,petrol,6675
ahmedabad,Renault Kwid,2018,261000,71.5K km,71500,GJ,manual,petrol,4478
ahmedabad,Maruti Dzire,2022,660000,32K km,32000,GJ,automatic,petrol,11307
ahmedabad,Volkswagen Vento,2020,692000,47.5K km,47500,GJ,manual,petrol,11114
ahmedabad,Renault Triber,2022,517000,62.5K km,62500,GJ,manual,petrol,8855
ahmedabad,Hyundai Grand i10,2019,437000,61.5K km,61500,GJ,manual,petrol,7492
chennai,MG Hector,2020,1285000,59K km,59000,TN,automatic,petrol,22099
chennai,Ford EcoSport,2020,619000,49K km,49000,TN,manual,petrol,10541
chennai,Hyundai Grand i10 Nios,2022,657000,11.5K km,11500,TN,manual,petrol,11188
chennai,Volkswagen Polo,2020,582000,106.5K km,106500,TN,manual,petrol,9291
chennai,Hyundai i10,2014,321000,58K km,58000,TN,manual,petrol,6889
chennai,Citroen C5 Aircross,2022,1629000,48K km,48000,TN,automatic,diesel,28016
chennai,Hyundai i10,2012,323000,51.5K km,51500,TN,automatic,petrol,12284
chennai,Hyundai Grand i10,2013,356000,38.5K km,38500,TN,manual,petrol,9596
chennai,Hyundai Elite i20,2017,556000,48K km,48000,TN,manual,petrol,9468
chennai,Toyota Urban Cruiser Hyryder,2022,1759000,55.5K km,55500,TN,automatic,N/A,30252
chennai,Volkswagen Vento,2022,997000,14.5K km,14500,TN,automatic,petrol,15917
chennai,Maruti Celerio,2016,421000,31K km,31000,TN,automatic,petrol,7169
chennai,Volkswagen Polo,2017,541000,62K km,62000,TN,manual,petrol,8637
chennai,Hyundai New i20,2021,925000,31K km,31000,TN,automatic,petrol,15752
chennai,Kia Seltos,2020,1032000,56K km,56000,TN,manual,petrol,17747
chennai,Mahindra Scorpio N,2023,1872000,18K km,18000,TN,manual,petrol,32194
chennai,Maruti Swift,2023,749000,30.5K km,30500,TN,manual,petrol,12755
chennai,Hyundai Grand i10,2018,498000,35K km,35000,TN,manual,petrol,8480
chennai,Hyundai Grand i10,2019,508000,70K km,70000,TN,automatic,petrol,8650
chennai,Maruti Ciaz,2021,859000,15K km,15000,TN,manual,petrol,14628
chennai,Mercedes B-Class,2016,1500000,62.5K km,62500,TN,automatic,diesel,27574
chennai,Mercedes GLA,2015,1550000,56.5K km,56500,TN,automatic,petrol,28493
chennai,Hyundai Eon,2016,299000,30.5K km,30500,TN,manual,petrol,5102
chennai,Nissan Sunny,2019,568000,48.5K km,48500,TN,manual,diesel,9068
chennai,Hyundai Verna,2018,680000,74K km,74000,TN,manual,petrol,11580
chennai,Kia Sonet,2020,920000,42K km,42000,TN,manual,diesel,15667
chennai,Tata Tiago,2020,544000,56K km,56000,TN,automatic,petrol,9264
chennai,Tata Nexon,2021,859000,23K km,23000,TN,manual,petrol,14628
chennai,Tata Nexon,2021,833000,48K km,48000,TN,manual,petrol,14185
chennai,Hyundai Tucson,2021,1778000,66.5K km,66500,TN,automatic,diesel,30579
chennai,Volkswagen Taigun,2021,1096000,47.5K km,47500,TN,automatic,petrol,18849
chennai,Honda Jazz,2022,829000,22.5K km,22500,TN,manual,petrol,13235
chennai,Hyundai Grand i10,2019,460000,37.5K km,37500,TN,manual,petrol,7833
chennai,Hyundai Aura,2020,637000,115K km,115000,TN,automatic,diesel,10847
chennai,Maruti Swift Dzire,2012,319000,84K km,84000,TN,manual,petrol,12132
chennai,Renault Kwid,2018,338000,59K km,59000,TN,automatic,petrol,5755
chennai,Kia Seltos,2020,1339000,84K km,84000,TN,automatic,diesel,23027
chennai,Maruti Baleno,2017,506000,80K km,80000,TN,manual,petrol,8616
chennai,Tata Nexon,2021,878000,94K km,94000,TN,automatic,diesel,14951
chennai,Renault Kwid,2019,356000,49K km,49000,TN,automatic,petrol,6062
chennai,Hyundai Venue,2022,1032000,42K km,42000,TN,manual,diesel,17747
chennai,Mercedes GLA,2018,2030000,56.5K km,56500,TN,automatic,diesel,34912
chennai,Renault Kiger,2021,812000,34.5K km,34500,TN,automatic,petrol,13827
chennai,Honda City,2018,872000,58.5K km,58500,TN,automatic,petrol,14849
chennai,Renault Kwid,2023,522000,19K km,19000,TN,manual,petrol,8889
chennai,Honda Jazz,2022,839000,24K km,24000,TN,automatic,petrol,13394
chennai,Toyota Etios,2016,698000,80.5K km,80500,TN,manual,diesel,11143
chennai,Honda Amaze,2022,872000,5K km,5000,TN,automatic,petrol,14849
chennai,Tata Tiago,2018,429000,84K km,84000,TN,manual,diesel,7305
chennai,Hyundai Grand i10,2017,454000,38.5K km,38500,TN,manual,petrol,7731
chennai,Hyundai Elite i20,2017,560000,69K km,69000,TN,manual,petrol,9536
chennai,Hyundai Elite i20,2019,732000,44.5K km,44500,TN,automatic,petrol,12465
chennai,Maruti Ignis,2022,654000,25K km,25000,TN,manual,petrol,11137
chennai,Skoda Kushaq,2021,1149000,67K km,67000,TN,automatic,petrol,19760
chennai,Hyundai Grand i10,2015,370000,120K km,120000,TN,manual,petrol,6734
chennai,Hyundai Xcent,2014,391000,104K km,104000,TN,manual,diesel,7867
chennai,Hyundai Grand i10,2015,374000,75K km,75000,TN,automatic,petrol,8026
chennai,Honda Amaze,2015,428000,104K km,104000,TN,manual,petrol,7790
chennai,Renault Kwid,2019,335000,40K km,40000,TN,automatic,petrol,5704
chennai,Hyundai Verna,2021,1013000,91K km,91000,TN,manual,petrol,17250
chennai,Hyundai Verna,2012,401000,98K km,98000,TN,automatic,petrol,15251
chennai,Maruti Swift Dzire,2012,439000,45K km,45000,TN,manual,petrol,16696
chennai,Renault Kwid,2018,389000,13.5K km,13500,TN,automatic,petrol,6624
chennai,Hyundai Venue,2020,908000,43.5K km,43500,TN,automatic,petrol,15462
chennai,Tata Tiago NRG,2023,645000,13K km,13000,TN,manual,petrol,10983
chennai,Honda City,2017,754000,67.5K km,67500,TN,automatic,petrol,12840
chennai,Renault Kwid,2018,383000,26.5K km,26500,TN,automatic,petrol,6522
chennai,Hyundai i20 N Line,2024,1258000,5.5K km,5500,TN,automatic,petrol,21635
chennai,Hyundai New i20,2023,994000,18K km,18000,TN,automatic,petrol,16927
chennai,Renault Kwid,2017,343000,53K km,53000,TN,manual,petrol,5841
chennai,Hyundai Eon,2017,383000,20.5K km,20500,TN,manual,petrol,6114
chennai,Honda Jazz,2016,527000,42K km,42000,TN,manual,petrol,8413
chennai,Renault Kwid,2021,446000,34.5K km,34500,TN,manual,petrol,7595
chennai,Maruti Swift,2015,454000,93K km,93000,TN,manual,petrol,8263
chennai,Honda Amaze,2014,358000,80.5K km,80500,TN,manual,petrol,7683
chennai,Maruti Swift,2019,657000,41.5K km,41500,TN,automatic,petrol,11188
chennai,Hyundai Xcent,2015,412000,111.5K km,111500,TN,manual,diesel,7030
chennai,Ford EcoSport,2014,489000,140.5K km,140500,TN,manual,diesel,10494
chennai,Hyundai Elite i20,2015,474000,132K km,132000,TN,manual,petrol,8627
chennai,Maruti Celerio,2016,393000,29.5K km,29500,TN,automatic,petrol,7153
chennai,Renault Triber,2020,532000,88.5K km,88500,TN,automatic,petrol,9059
chennai,Volkswagen Polo,2016,417000,98K km,98000,TN,manual,petrol,6657
chennai,Ford Freestyle,2020,593000,35K km,35000,TN,manual,petrol,10098
chennai,Hyundai Eon,2017,343000,15K km,15000,TN,manual,petrol,5476
chennai,Hyundai Eon,2018,374000,30.5K km,30500,TN,manual,petrol,5970
chennai,Hyundai New i20,2023,917000,19K km,19000,TN,manual,petrol,15615
chennai,Maruti Ciaz,2019,852000,32K km,32000,TN,automatic,petrol,14509
chennai,Ford EcoSport,2019,746000,45.5K km,45500,TN,automatic,petrol,12703
chennai,Maruti Grand Vitara,2022,1512000,25K km,25000,TN,manual,petrol,26004
chennai,Kia Sonet,2021,1128000,24.5K km,24500,TN,manual,diesel,19398
chennai,Renault Kwid,2016,325000,27.5K km,27500,TN,manual,petrol,5534
chennai,Hyundai Aura,2022,729000,44K km,44000,TN,automatic,petrol,12414
chennai,Hyundai Grand i10 Nios,2023,789000,21.5K km,21500,TN,automatic,petrol,13436
chennai,Hyundai Elite i20,2016,514000,105K km,105000,TN,manual,diesel,8753
chennai,Toyota Glanza,2020,598000,79.5K km,79500,TN,automatic,petrol,10183
chennai,Hyundai Grand i10,2016,394000,106K km,106000,TN,automatic,petrol,7171
chennai,Maruti Swift Dzire,2013,399000,53K km,53000,TN,automatic,petrol,15175
chennai,Hyundai Grand i10,2018,497000,39K km,39000,TN,manual,petrol,8463
chennai,Maruti Baleno,2019,578000,121.5K km,121500,TN,manual,petrol,9843
chennai,Hyundai Elite i20,2015,520000,70.5K km,70500,TN,manual,diesel,9465
chennai,Hyundai Grand i10,2020,561000,22.5K km,22500,TN,manual,petrol,9553
chennai,Hyundai Creta,2017,768000,122K km,122000,TN,automatic,petrol,13078
chennai,Hyundai Verna,2022,1195000,37.5K km,37500,TN,manual,petrol,20554
chennai,Mahindra XUV500,2017,1039000,63K km,63000,TN,automatic,diesel,18753
chennai,Honda Amaze,2023,912000,9K km,9000,TN,automatic,petrol,15530
chennai,Maruti Swift,2020,604000,19.5K km,19500,TN,automatic,petrol,10285
chennai,Volkswagen Vento,2016,532000,79.5K km,79500,TN,manual,petrol,8493
chennai,Hyundai Venue,2021,844000,41K km,41000,TN,manual,petrol,14372
chennai,Hyundai Grand i10,2018,475000,62K km,62000,TN,manual,petrol,8088
chennai,Renault Kwid,2021,436000,27.5K km,27500,TN,manual,petrol,7424
chennai,Hyundai Grand i10,2015,448000,44.5K km,44500,TN,automatic,petrol,8154
chennai,Tata Tiago,2022,679000,8K km,8000,TN,automatic,petrol,11562
chennai,Maruti Alto K10,2019,365000,12K km,12000,TN,manual,petrol,6215
chennai,Volkswagen Polo,2019,498000,121K km,121000,TN,manual,petrol,7950
chennai,Honda City,2017,718000,59K km,59000,TN,automatic,petrol,12227
chennai,Hyundai Eon,2016,256000,83K km,83000,TN,manual,petrol,4087
chennai,Hyundai i10,2011,276000,62K km,62000,TN,manual,petrol,19721
chennai,Maruti Swift,2016,479000,106.5K km,106500,TN,manual,diesel,8718
chennai,Maruti Wagon R 1.0,2012,298000,74.5K km,74500,TN,manual,petrol,11559
chennai,Ford EcoSport,2015,472000,82.5K km,82500,TN,manual,petrol,8591
chennai,Hyundai Grand i10,2017,453000,105.5K km,105500,TN,automatic,petrol,7714
chennai,Hyundai i10,2014,264000,68.5K km,68500,TN,manual,petrol,5665
chennai,Maruti Brezza,2023,1149000,44.5K km,44500,TN,automatic,petrol,19760
chennai,Hyundai Venue,2021,735000,46K km,46000,TN,manual,petrol,12516
chennai,Maruti Wagon R 1.0,2015,370000,51K km,51000,TN,manual,petrol,7041
chennai,Renault Kwid,2019,407000,42K km,42000,TN,automatic,petrol,6930
chennai,Hyundai New Santro 1.1,2019,459000,53K km,53000,TN,manual,petrol,7327
chennai,Tata Harrier,2022,1602000,29K km,29000,TN,manual,diesel,27551
chennai,Maruti Wagon R 1.0,2015,379000,24K km,24000,TN,manual,petrol,7213
chennai,Renault Kwid,2022,512000,21K km,21000,TN,automatic,petrol,8719
chennai,Honda Jazz,2021,708000,31.5K km,31500,TN,manual,petrol,11303
chennai,Kia Sonet,2023,1240000,44.5K km,44500,TN,automatic,petrol,21320
chennai,Hyundai i10,2016,385000,64K km,64000,TN,manual,petrol,6556
chennai,Hyundai i10,2011,274000,80.5K km,80500,TN,manual,petrol,19578
chennai,Hyundai Elite i20,2015,480000,91.5K km,91500,TN,manual,petrol,8737
chennai,Maruti Swift Dzire,2012,442000,104.5K km,104500,TN,manual,diesel,16810
chennai,Maruti Ignis,2018,373000,121.5K km,121500,TN,manual,petrol,6351
chennai,Honda Amaze,2016,454000,92K km,92000,TN,automatic,petrol,7731
chennai,Maruti Celerio,2017,366000,108.5K km,108500,TN,automatic,petrol,6232
chennai,Nissan Micra,2015,312000,90K km,90000,TN,automatic,petrol,5324
chennai,Maruti Swift Dzire,2013,525000,71K km,71000,TN,manual,diesel,14151
chennai,Hyundai Xcent,2019,568000,111.5K km,111500,TN,manual,diesel,9068
chennai,Maruti Alto 800,2018,323000,26.5K km,26500,TN,manual,petrol,5772
chennai,Tata Altroz,2022,732000,20.5K km,20500,TN,manual,petrol,12465
chennai,Hyundai Elite i20,2017,561000,37K km,37000,TN,manual,petrol,9553
chennai,Maruti Eeco,2020,474000,19K km,19000,TN,manual,petrol,7567
chennai,Tata Tiago,2024,778000,3K km,3000,TN,manual,petrol+cng,13248
chennai,Hyundai Elite i20,2015,563000,80.5K km,80500,TN,manual,diesel,10247
chennai,Honda Brio,2018,536000,21K km,21000,TN,manual,petrol,8557
chennai,Ford EcoSport,2015,541000,86.5K km,86500,TN,manual,diesel,9847
chennai,Maruti Ciaz,2020,868000,51.5K km,51500,TN,automatic,petrol,14781
chennai,Skoda Kushaq,2022,1378000,39K km,39000,TN,manual,petrol,23698
chennai,Honda City,2021,1036000,58.5K km,58500,TN,automatic,petrol,17812
chennai,Honda Jazz,2016,490000,110K km,110000,TN,manual,diesel,7822
chennai,Maruti Dzire,2017,568000,114.5K km,114500,TN,automatic,diesel,9672
chennai,Maruti Alto 800,2014,259000,28K km,28000,TN,manual,petrol,7182
chennai,Hyundai Elite i20,2018,664000,49K km,49000,TN,automatic,petrol,11307
chennai,Maruti Swift,2013,439000,90.5K km,90500,TN,manual,diesel,11833
chennai,Maruti Wagon R 1.0,2013,331000,63K km,63000,TN,manual,petrol,9179
chennai,Datsun Redi-GO,2019,302000,61K km,61000,TN,manual,petrol,6481
chennai,Hyundai Eon,2018,347000,50K km,50000,TN,manual,petrol,5539
chennai,Maruti Alto 800,2013,251000,38.5K km,38500,TN,manual,petrol,6960
chennai,Maruti Baleno,2021,639000,35.5K km,35500,TN,manual,petrol,10881
chennai,Hyundai Eon,2016,289000,48.5K km,48500,TN,manual,petrol,4931
chennai,Renault Kwid,2021,429000,28.5K km,28500,TN,manual,petrol,7305
chennai,Tata Nexon,2020,778000,88.5K km,88500,TN,automatic,petrol,13248
chennai,Maruti Eeco,2020,459000,34K km,34000,TN,manual,petrol,7327
chennai,Hyundai Grand i10,2018,540000,17K km,17000,TN,manual,petrol,9195
chennai,Tata Tigor,2022,763000,20.5K km,20500,TN,manual,petrol+cng,12993
chennai,Hyundai Eon,2018,341000,57.5K km,57500,TN,manual,petrol,5444
chennai,Maruti Eeco,2021,434000,25K km,25000,TN,manual,petrol,6928
chennai,Hyundai Verna,2018,737000,75K km,75000,TN,automatic,petrol,12550
chennai,Hyundai Creta,2023,1540000,27.5K km,27500,TN,manual,diesel,26485
chennai,Honda City,2021,1096000,31K km,31000,TN,manual,petrol,18851
chennai,Volkswagen Vento,2016,542000,123.5K km,123500,TN,automatic,diesel,8653
chennai,Nissan Micra,2013,345000,66K km,66000,TN,automatic,petrol,8718
chennai,Maruti Ignis,2019,513000,29K km,29000,TN,automatic,petrol,8736
chennai,Volkswagen Ameo,2017,448000,49.5K km,49500,TN,manual,diesel,7152
chennai,Maruti Ritz,2012,289000,149K km,149000,TN,manual,diesel,10304
chennai,Kia Seltos,2020,1189000,120K km,120000,TN,automatic,diesel,20448
chennai,Hyundai Grand i10,2018,424000,94K km,94000,TN,manual,petrol,7220
chennai,Maruti S-Presso,2020,389000,96.5K km,96500,TN,automatic,petrol,6624
chennai,Hyundai Creta,2022,1349000,21.5K km,21500,TN,manual,petrol,23199
chennai,Hyundai Verna,2018,785000,24.5K km,24500,TN,manual,petrol,13368
chennai,Maruti Swift,2015,472000,64K km,64000,TN,manual,petrol,8591
chennai,Tata Safari,2021,1549000,37.5K km,37500,TN,manual,diesel,26640
chennai,Maruti Dzire,2018,618000,87.5K km,87500,TN,automatic,diesel,10524
chennai,Hyundai Verna,2022,1275000,23K km,23000,TN,manual,petrol,21933
chennai,Maruti Wagon R 1.2,2024,648000,8K km,8000,TN,manual,petrol,11035
chennai,Maruti Wagon R 1.2,2023,627000,18K km,18000,TN,manual,petrol,10677
chennai,Hyundai Creta,2017,712000,62K km,62000,TN,manual,petrol,12124
chennai,Hyundai Elite i20,2015,520000,59.5K km,59500,TN,manual,petrol,9465
chennai,Maruti Eeco,2022,548000,5K km,5000,TN,manual,petrol,8748
chennai,Hyundai i20 N Line,2022,975000,12.5K km,12500,TN,manual,petrol,16603
chennai,Volkswagen Ameo,2018,552000,90K km,90000,TN,automatic,diesel,8812
chennai,Maruti Alto 800,2017,272000,105.5K km,105500,TN,manual,petrol,4861
chennai,Hyundai Eon,2013,231000,92K km,92000,TN,manual,petrol,5837
chennai,Maruti Dzire,2018,608000,102.5K km,102500,TN,automatic,diesel,10353
chennai,Mahindra KUV100 NXT,2018,454000,49K km,49000,TN,manual,petrol,7731
chennai,Hyundai Xcent,2019,473000,96K km,96000,TN,manual,petrol,7551
chennai,Hyundai New Santro 1.1,2019,442000,104K km,104000,TN,automatic,petrol,7056
chennai,Renault Kwid,2018,373000,51.5K km,51500,TN,automatic,petrol,6351
chennai,Tata Tiago,2021,632000,15.5K km,15500,TN,automatic,petrol,10762
chennai,Tata Tigor,2022,719000,30.5K km,30500,TN,automatic,petrol,12244
chennai,Kia Sonet,2020,998000,56.5K km,56500,TN,manual,diesel,16995
chennai,Maruti Wagon R 1.0,2023,580000,9K km,9000,TN,manual,petrol,10366
chennai,Renault Triber,2020,615000,47K km,47000,TN,automatic,petrol,10473
chennai,Maruti Eeco,2021,498000,21.5K km,21500,TN,manual,petrol,7950
chennai,Maruti Dzire,2023,759000,11K km,11000,TN,automatic,petrol,12925
chennai,Tata Nexon,2023,1077000,5.5K km,5500,TN,manual,petrol,18527
chennai,Maruti Swift,2019,622000,51.5K km,51500,TN,manual,petrol,10592
chennai,Hyundai Eon,2018,331000,17.5K km,17500,TN,manual,petrol,5284
chennai,Tata Nexon,2023,1032000,14K km,14000,TN,manual,petrol,17748
chennai,Maruti Alto 800,2019,337000,36K km,36000,TN,manual,petrol,6023
chennai,Renault Duster,2018,609000,44K km,44000,TN,automatic,petrol,10367
chennai,Nissan Micra Active,2016,343000,42K km,42000,TN,manual,petrol,5841
chennai,Nissan Sunny,2012,311000,40.5K km,40500,TN,manual,petrol,11089
chennai,Hyundai Grand i10,2018,449000,67.5K km,67500,TN,manual,petrol,7646
chennai,Nissan Micra,2015,376000,47.5K km,47500,TN,automatic,petrol,6416
chennai,Honda Jazz,2015,489000,126K km,126000,TN,manual,diesel,8344
chennai,Honda Jazz,2017,524000,60K km,60000,TN,automatic,petrol,8365
chennai,Maruti Baleno,2017,498000,115K km,115000,TN,manual,diesel,8480
chennai,Hyundai New Santro 1.1,2022,508000,17.5K km,17500,TN,manual,petrol,8110
chennai,Renault Kwid,2019,425000,7K km,7000,TN,automatic,petrol,7237
chennai,Hyundai Venue,2021,839000,40.5K km,40500,TN,manual,petrol,14287
chennai,Hyundai Venue,2022,925000,14K km,14000,TN,manual,petrol,15752
chennai,Renault Kwid,2018,330000,64K km,64000,TN,manual,petrol,5619
chennai,Renault Kiger,2022,885000,12.5K km,12500,TN,automatic,petrol,15071
chennai,Hyundai Xcent,2014,419000,75.5K km,75500,TN,manual,diesel,8430
chennai,Ford EcoSport,2019,719000,53K km,53000,TN,manual,petrol,12244
chennai,Renault Triber,2020,652000,25K km,25000,TN,automatic,petrol,11103
chennai,Hyundai New i20,2023,997000,22.5K km,22500,TN,automatic,petrol,16978
chennai,Renault Kiger,2022,864000,20.5K km,20500,TN,automatic,petrol,14713
chennai,Maruti S-Presso,2024,578000,6.5K km,6500,TN,automatic,petrol,9843
chennai,Nissan Sunny,2015,409000,34.5K km,34500,TN,manual,petrol,6979
chennai,Hyundai Eon,2017,274000,100K km,100000,TN,manual,petrol,4374
chennai,Renault Kwid,2019,324000,57.5K km,57500,TN,manual,petrol,5517
chennai,Hyundai Grand i10,2016,399000,101.5K km,101500,TN,manual,petrol,6794
chennai,Nissan Micra Active,2018,397000,55K km,55000,TN,manual,petrol,6760
chennai,Tata Tiago,2021,494000,117.5K km,117500,TN,manual,petrol,8412
chennai,Volkswagen Ameo,2018,524000,31.5K km,31500,TN,manual,petrol,8365
chennai,Maruti Ignis,2017,418000,121.5K km,121500,TN,manual,petrol,7118
chennai,Hyundai New i20,2021,817000,28.5K km,28500,TN,manual,petrol,13913
chennai,Tata Nexon,2023,975000,11K km,11000,TN,manual,petrol,16603
chennai,Hyundai i20 N Line,2022,1101000,19.5K km,19500,TN,automatic,petrol,18936
chennai,Tata Altroz,2022,796000,31K km,31000,TN,manual,diesel,13555
chennai,Tata Altroz,2021,609000,37.5K km,37500,TN,manual,petrol,10370
chennai,Renault Kwid,2021,377000,46.5K km,46500,TN,manual,petrol,6420
chennai,Maruti Alto K10,2016,336000,57.5K km,57500,TN,automatic,petrol,5721
chennai,Mahindra XUV700,2022,2012000,18K km,18000,TN,automatic,diesel,34602
chennai,Maruti Alto 800,2017,312000,29K km,29000,TN,manual,petrol,5576
chennai,Hyundai Elite i20,2018,697000,33.5K km,33500,TN,automatic,petrol,11869
chennai,Hyundai New i20,2021,732000,100K km,100000,TN,manual,petrol,12465
chennai,Hyundai Verna,2018,852000,54K km,54000,TN,automatic,petrol,14509
chennai,Hyundai New i20,2021,833000,103.5K km,103500,TN,automatic,petrol,14185
chennai,Maruti Celerio,2015,352000,65K km,65000,TN,automatic,petrol,6407
chennai,Hyundai Grand i10,2015,394000,118K km,118000,TN,automatic,petrol,7171
chennai,Maruti Alto 800,2013,204000,102K km,102000,TN,manual,petrol,5657
chennai,Maruti Swift Dzire,2016,565000,121.5K km,121500,TN,automatic,diesel,9621
chennai,Honda Jazz,2020,659000,106K km,106000,TN,manual,diesel,10520
chennai,Hyundai Xcent,2014,418000,101K km,101000,TN,automatic,petrol,8410
chennai,Hyundai i10,2013,363000,40.5K km,40500,TN,automatic,petrol,9784
chennai,Kia Sonet,2020,978000,34K km,34000,TN,automatic,petrol,16654
chennai,Hyundai Grand i10 Nios,2022,713000,14.5K km,14500,TN,manual,petrol,12141
chennai,Honda Jazz,2021,757000,29.5K km,29500,TN,manual,petrol,12085
chennai,Honda Brio,2014,403000,34.5K km,34500,TN,manual,petrol,8108
chennai,Tata Nexon,2021,875000,21K km,21000,TN,manual,petrol,14900
chennai,Nissan Micra,2019,462000,62K km,62000,TN,automatic,petrol,7375
chennai,Maruti Fronx,2024,1159000,11K km,11000,TN,manual,petrol,19932
chennai,Tata Nexon,2019,674000,107.5K km,107500,TN,manual,diesel,11477
chennai,Hyundai Venue,2021,882000,71K km,71000,TN,manual,diesel,15019
chennai,Renault Kwid,2020,398000,27K km,27000,TN,automatic,petrol,6777
chennai,Renault Kwid,2022,449000,25K km,25000,TN,manual,petrol,7646
chennai,Maruti Alto 800,2017,326000,27.5K km,27500,TN,manual,petrol,5826
chennai,Hyundai Aura,2020,692000,61.5K km,61500,TN,automatic,diesel,11784
chennai,Hyundai i10,2017,311000,81.5K km,81500,TN,manual,petrol,5296
chennai,Hyundai Grand i10,2019,430000,87K km,87000,TN,manual,diesel,7322
chennai,Volkswagen Polo,2020,541000,124.5K km,124500,TN,manual,petrol,8637
chennai,Maruti Baleno,2016,489000,126.5K km,126500,TN,automatic,petrol,8327
chennai,Datsun Redi-GO,2019,277000,122K km,122000,TN,automatic,petrol,5944
chennai,Ford Figo,2021,545000,52.5K km,52500,TN,manual,petrol,9281
chennai,Hyundai Eon,2018,346000,37.5K km,37500,TN,manual,petrol,5523
chennai,Renault Kwid,2022,450000,11.5K km,11500,TN,automatic,petrol,7663
chennai,Renault Kwid,2022,469000,25.5K km,25500,TN,manual,petrol,7986
chennai,Hyundai Verna,2021,997000,45.5K km,45500,TN,manual,petrol,16978
chennai,Honda City,2021,1075000,22K km,22000,TN,manual,petrol,18488
chennai,Skoda Kushaq,2021,1219000,21.5K km,21500,TN,manual,petrol,20963
chennai,Hyundai i10,2014,368000,44.5K km,44500,TN,manual,petrol,7898
chennai,Renault Kwid,2021,398000,31.5K km,31500,TN,manual,petrol,6777
chennai,Maruti Swift Dzire,2015,544000,30K km,30000,TN,manual,petrol,9902
chennai,Hyundai Venue,2021,832000,43.5K km,43500,TN,manual,petrol,14168
chennai,Kia Sonet,2021,1178000,56.5K km,56500,TN,automatic,diesel,20258
chennai,Hyundai Grand i10,2017,494000,50.5K km,50500,TN,manual,petrol,8412
chennai,Renault Kiger,2023,928000,11K km,11000,TN,automatic,petrol,15803
chennai,Hyundai Verna,2021,1033000,109.5K km,109500,TN,manual,diesel,17764
chennai,Volkswagen T-Roc,2022,1578000,111.5K km,111500,TN,automatic,petrol,27139
chennai,Hyundai Aura,2021,659000,91.5K km,91500,TN,automatic,diesel,11222
chennai,Nissan Micra,2013,288000,96.5K km,96500,TN,manual,petrol,7277
chennai,Tata Tigor,2022,715000,34K km,34000,TN,manual,petrol+cng,12176
chennai,Maruti Swift Dzire,2016,507000,94K km,94000,TN,automatic,petrol,8633
chennai,Hyundai Grand i10,2017,425000,103K km,103000,TN,automatic,petrol,7237
chennai,Hyundai Grand i10,2015,396000,65K km,65000,TN,automatic,petrol,7208
chennai,Volkswagen Vento,2021,789000,57.5K km,57500,TN,manual,petrol,12596
chennai,Honda Jazz,2021,822000,44K km,44000,TN,automatic,petrol,13123
chennai,Hyundai Tucson,2021,1817000,69.5K km,69500,TN,automatic,diesel,31248
chennai,Maruti Swift,2018,635000,32.5K km,32500,TN,automatic,petrol,10813
chennai,Hyundai Grand i10 Nios,2020,595000,12K km,12000,TN,manual,petrol,10132
chennai,Volkswagen Ameo,2017,559000,89.5K km,89500,TN,automatic,diesel,8924
chennai,Maruti Eeco,2021,484000,28.5K km,28500,TN,manual,petrol,7727
chennai,Hyundai Venue,2021,893000,9.5K km,9500,TN,manual,petrol,15207
chennai,Hyundai Grand i10,2018,431000,37.5K km,37500,TN,manual,petrol,7339
chennai,Maruti Dzire,2018,619000,80K km,80000,TN,automatic,diesel,10541
chennai,Hyundai i10,2014,362000,44.5K km,44500,TN,manual,petrol,7769
chennai,Hyundai Grand i10,2016,378000,144K km,144000,TN,manual,diesel,6437
chennai,Kia Seltos,2020,1068000,29K km,29000,TN,manual,petrol,18366
chennai,Hyundai Grand i10,2016,468000,60.5K km,60500,TN,manual,diesel,7969
chennai,Renault Kwid,2019,426000,32.5K km,32500,TN,automatic,petrol,7254
chennai,Maruti Ritz,2014,389000,102.5K km,102500,TN,manual,diesel,7826
chennai,Honda Amaze,2018,592000,104.5K km,104500,TN,automatic,diesel,10081
chennai,Honda Amaze,2013,384000,123.5K km,123500,TN,manual,petrol,10350
chennai,Nissan Micra,2011,258000,74K km,74000,TN,manual,petrol,17282
chennai,Hyundai Creta,2018,808000,120K km,120000,TN,automatic,petrol,13759
chennai,Renault Triber,2022,727000,16.5K km,16500,TN,automatic,petrol,12380
chennai,Maruti Ciaz,2022,934000,30K km,30000,TN,manual,petrol,15905
chennai,Hyundai Venue,2022,846000,51K km,51000,TN,manual,petrol,14406
chennai,Hyundai Venue,2021,954000,61.5K km,61500,TN,manual,diesel,16246
chennai,Tata Nexon,2023,949000,14.5K km,14500,TN,automatic,petrol,16160
chennai,Hyundai Elite i20,2019,663000,50K km,50000,TN,automatic,petrol,11290
chennai,Hyundai Xcent,2019,485000,25.5K km,25500,TN,manual,petrol,7743
chennai,Tata Zest,2016,402000,60K km,60000,TN,manual,petrol,6845
chennai,Tata Harrier,2021,1529000,72K km,72000,TN,automatic,diesel,26295
chennai,Honda Brio,2014,326000,121K km,121000,TN,manual,petrol,6559
chennai,Tata Altroz,2022,794000,23.5K km,23500,TN,automatic,petrol,13521
chennai,Maruti Swift,2019,667000,26K km,26000,TN,manual,petrol,11358
chennai,Tata Nexon,2019,651000,99K km,99000,TN,automatic,diesel,11086
chennai,Maruti S-Presso,2022,482000,15.5K km,15500,TN,manual,petrol+cng,8208
chennai,Honda Jazz,2015,528000,76.5K km,76500,TN,manual,diesel,9010
chennai,Hyundai i10,2013,305000,53.5K km,53500,TN,manual,petrol,8221
chennai,Tata Altroz,2023,794000,12.5K km,12500,TN,automatic,petrol,13521
chennai,Hyundai Elite i20,2018,558000,82K km,82000,TN,automatic,petrol,9502
chennai,Maruti Ignis,2017,461000,91.5K km,91500,TN,automatic,petrol,7850
chennai,Ford EcoSport,2015,459000,144K km,144000,TN,manual,diesel,8354
chennai,Maruti Brezza,2023,1078000,25K km,25000,TN,manual,petrol,18538
chennai,Maruti Swift,2017,499000,49K km,49000,TN,manual,petrol,8497
chennai,Skoda Kushaq,2021,1211000,25K km,25000,TN,manual,petrol,20826
chennai,Renault Kwid,2019,322000,30.5K km,30500,TN,manual,petrol,5483
chennai,Tata Nexon,2021,749000,65.5K km,65500,TN,manual,diesel,12755
chennai,Renault Kiger,2023,948000,8.5K km,8500,TN,automatic,petrol,16143
chennai,Tata Punch,2022,838000,16.5K km,16500,TN,automatic,petrol,14270
chennai,Maruti Celerio,2021,548000,56.5K km,56500,TN,automatic,petrol,9332
chennai,Volkswagen Polo,2019,519000,89K km,89000,TN,manual,petrol,8285
chennai,Renault Kwid,2023,522000,24K km,24000,TN,automatic,petrol,8889
chennai,Tata Tigor,2021,653000,22K km,22000,TN,automatic,petrol,11120
chennai,Skoda Kushaq,2022,1239000,38.5K km,38500,TN,manual,petrol,21303
chennai,Maruti Alto 800,2017,316000,29.5K km,29500,TN,manual,petrol,5647
chennai,Hyundai i10,2011,284000,55.5K km,55500,TN,manual,petrol,20292
chennai,MG Hector,2021,1468000,57.5K km,57500,TN,manual,diesel,25247
chennai,Hyundai Grand i10 Nios,2022,619000,100K km,100000,TN,manual,diesel,10541
chennai,Hyundai Elite i20,2018,563000,113.5K km,113500,TN,manual,petrol,9587
chennai,Toyota Etios,2015,499000,73K km,73000,TN,manual,petrol,8515
chennai,Honda Jazz,2016,521000,116.5K km,116500,TN,manual,diesel,8317
chennai,Maruti Baleno,2018,529000,111K km,111000,TN,manual,petrol,9008
chennai,Tata Nexon,2022,880000,14.5K km,14500,TN,manual,diesel,14985
chennai,Maruti Ciaz,2019,851000,20.5K km,20500,TN,automatic,petrol,14492
chennai,Hyundai Elite i20,2019,692000,36K km,36000,TN,automatic,petrol,11784
chennai,Maruti Swift,2023,787000,30.5K km,30500,TN,manual,petrol,13402
chennai,Tata Nexon,2023,909000,9.5K km,9500,TN,automatic,petrol,15479
chennai,Nissan Micra Active,2016,357000,62.5K km,62500,TN,manual,petrol,6079
chennai,Renault Kiger,2021,799000,28.5K km,28500,TN,automatic,petrol,13606
chennai,Hyundai New i20,2023,1023000,6.5K km,6500,TN,automatic,petrol,17591
chennai,Hyundai New i20,2021,748000,38.5K km,38500,TN,automatic,petrol,12738
chennai,Honda WR-V,2021,853000,47K km,47000,TN,manual,diesel,14526
chennai,Hyundai Grand i10,2017,493000,51K km,51000,TN,manual,petrol,8395
chennai,Maruti Alto 800,2017,297000,39.5K km,39500,TN,manual,petrol,5308
chennai,Hyundai Xcent,2019,459000,115.5K km,115500,TN,manual,petrol,7327
chennai,Skoda Rapid New,2018,629000,93K km,93000,TN,manual,diesel,10711
chennai,Hyundai Grand i10,2016,375000,96.5K km,96500,TN,automatic,petrol,6825
chennai,Maruti Baleno,2019,578000,112K km,112000,TN,manual,petrol,9843
chennai,Hyundai Creta,2016,612000,126K km,126000,TN,manual,diesel,10422
chennai,Honda WR-V,2019,609000,125.5K km,125500,TN,manual,petrol,10370
chennai,Volkswagen Vento,2016,564000,128K km,128000,TN,automatic,diesel,9004
chennai,Nissan Kicks,2019,673000,123.5K km,123500,TN,manual,diesel,11460
chennai,Renault Triber,2021,687000,20.5K km,20500,TN,automatic,petrol,11699
chennai,Kia Seltos,2020,1141000,40.5K km,40500,TN,manual,petrol,19617
chennai,Hyundai Verna,2022,1329000,33.5K km,33500,TN,automatic,petrol,22853
chennai,Hyundai New i20,2021,786000,46.5K km,46500,TN,manual,petrol,13385
chennai,Hyundai Venue,2019,820000,51.5K km,51500,TN,automatic,petrol,13964
chennai,Volkswagen Polo,2018,626000,48K km,48000,TN,manual,petrol,9994
chennai,Kia Seltos,2021,1349000,50.5K km,50500,TN,manual,petrol,23199
chennai,Tata Nexon,2022,1135000,18K km,18000,TN,automatic,diesel,19513
chennai,Renault Kwid,2023,578000,6K km,6000,TN,automatic,petrol,9843
chennai,Hyundai Xcent,2015,466000,65.5K km,65500,TN,automatic,petrol,7952
chennai,Nissan Magnite,2023,711000,43.5K km,43500,TN,manual,petrol,12107
chennai,Tata Tiago,2023,635000,23.5K km,23500,TN,manual,petrol,10813
chennai,Maruti Baleno,2018,494000,80K km,80000,TN,automatic,petrol,8412
chennai,Volkswagen Polo,2016,487000,116K km,116000,TN,manual,diesel,7774
chennai,Maruti Dzire,2019,644000,28K km,28000,TN,automatic,petrol,11256
chennai,Hyundai i20,2012,334000,136K km,136000,TN,manual,diesel,12703
chennai,Hyundai Grand i10,2015,392000,127K km,127000,TN,automatic,petrol,7135
chennai,Renault Kwid,2017,271000,81.5K km,81500,TN,manual,petrol,4614
chennai,Hyundai Xcent,2019,521000,69.5K km,69500,TN,manual,petrol,8317
chennai,Skoda Rapid,2016,522000,128K km,128000,TN,automatic,diesel,8333
chennai,Hyundai Verna,2021,1129000,25K km,25000,TN,automatic,petrol,19413
chennai,Renault Triber,2022,727000,13.5K km,13500,TN,automatic,petrol,12380
chennai,Renault Kiger,2021,814000,25.5K km,25500,TN,automatic,petrol,13861
chennai,Hyundai Verna,2021,1020000,33.5K km,33500,TN,automatic,petrol,17540
chennai,Skoda Kushaq,2022,1405000,49.5K km,49500,TN,automatic,petrol,24164
chennai,Renault Kiger,2023,799000,24K km,24000,TN,manual,petrol,13606
chennai,Renault Kwid,2018,346000,36.5K km,36500,TN,manual,petrol,5892
chennai,Honda City,2022,1213000,14.5K km,14500,TN,automatic,petrol,20860
chennai,Volkswagen Ameo,2019,523000,49.5K km,49500,TN,manual,petrol,8349
chennai,Hyundai Verna,2020,886000,58.5K km,58500,TN,manual,petrol,15088
chennai,Honda Amaze,2021,695000,27.5K km,27500,TN,manual,petrol,11835
chennai,Maruti Celerio,2018,412000,62.5K km,62500,TN,automatic,petrol,7016
chennai,Ford EcoSport,2016,485000,139K km,139000,TN,manual,diesel,8259
chennai,Mahindra XUV 300,2020,813000,46.5K km,46500,TN,manual,petrol,13844
chennai,Hyundai Grand i10,2019,514000,27K km,27000,TN,manual,petrol,8753
chennai,Hyundai Eon,2017,277000,35.5K km,35500,TN,manual,petrol,4422
chennai,Renault Kwid,2018,339000,55K km,55000,TN,automatic,petrol,5772
chennai,Hyundai Santa Fe,2016,997000,134K km,134000,TN,automatic,diesel,16705
chennai,Tata Altroz,2021,697000,39.5K km,39500,TN,manual,diesel,11869
chennai,Skoda Rapid,2016,561000,118K km,118000,TN,automatic,diesel,8956
chennai,Maruti Wagon R 1.2,2022,598000,10.5K km,10500,TN,manual,petrol,10183
chennai,Renault Kwid,2017,276000,86K km,86000,TN,manual,petrol,4700
chennai,Tata Altroz,2022,671000,17K km,17000,TN,manual,petrol,11426
chennai,Maruti Baleno,2021,714000,41K km,41000,TN,manual,petrol,12159
chennai,Nissan Sunny,2020,761000,53K km,53000,TN,manual,diesel,12149
chennai,Renault Triber,2022,710000,27K km,27000,TN,automatic,petrol,12090
chennai,Volkswagen Taigun,2022,1254000,30.5K km,30500,TN,manual,petrol,21559
chennai,Hyundai Verna,2022,1082000,25K km,25000,TN,manual,petrol,18613
chennai,Maruti Baleno,2018,614000,40.5K km,40500,TN,automatic,petrol,10456
chennai,Maruti Swift,2022,747000,31K km,31000,TN,manual,petrol,12720
chennai,Maruti Alto 800,2019,346000,27.5K km,27500,RJ,manual,petrol,6183
chennai,MG Hector,2021,1423000,76.5K km,76500,TN,manual,diesel,24471
chennai,Honda Brio,2013,277000,78.5K km,78500,TN,manual,petrol,6999
chennai,Maruti Swift,2014,355000,54K km,54000,TN,manual,petrol,7619
chennai,Volkswagen Vento,2017,485000,106K km,106000,TN,automatic,diesel,7743
chennai,Volkswagen Vento,2016,555000,118.5K km,118500,TN,automatic,diesel,8860
chennai,Skoda Octavia,2016,1043000,78K km,78000,TN,automatic,petrol,17944
chennai,Volkswagen Ameo,2017,461000,90.5K km,90500,TN,manual,diesel,7359
chennai,Maruti Dzire,2018,612000,55.5K km,55500,TN,automatic,diesel,10422
chennai,Renault Kwid,2017,304000,86K km,86000,TN,automatic,petrol,5176
chennai,Mahindra XUV700,2022,1729000,29.5K km,29500,TN,automatic,petrol,29733
chennai,Hyundai Creta,2020,1262000,77.5K km,77500,TN,automatic,petrol,21695
chennai,BMW X3,2018,3000000,59K km,59000,TN,automatic,petrol,51596
chennai,Ford Figo Aspire,2020,594000,40K km,40000,TN,manual,diesel,9483
chennai,Nissan Micra,2013,279000,13.5K km,13500,TN,manual,petrol,9948
chennai,MG Hector Plus,2021,1274000,51K km,51000,TN,automatic,petrol,21910
chennai,Maruti Baleno,2018,589000,64.5K km,64500,TN,manual,petrol,10030
chennai,Skoda Slavia,2022,1107000,48K km,48000,TN,automatic,petrol,19036
chennai,Renault Kwid,2016,312000,40.5K km,40500,TN,manual,petrol,5313
chennai,Kia Seltos,2022,1529000,24.5K km,24500,TN,manual,diesel,26296
chennai,Maruti Baleno,2018,489000,52.5K km,52500,TN,manual,petrol,8327
chennai,Volkswagen Polo,2017,438000,90K km,90000,TN,manual,petrol,6992
chennai,Maruti Ignis,2018,514000,118K km,118000,TN,automatic,diesel,8753
chennai,Maruti Dzire,2019,670000,25.5K km,25500,TN,manual,petrol,11409
chennai,Hyundai Venue,2021,1039000,8.5K km,8500,TN,automatic,petrol,17868
chennai,Mahindra Scorpio N,2022,1782000,88.5K km,88500,TN,automatic,petrol,30648
chennai,Renault Kwid,2021,478000,8.5K km,8500,TN,automatic,petrol,8140
chennai,Maruti Baleno,2018,629000,51K km,51000,TN,automatic,petrol,10711
chennai,Tata Zest,2015,363000,96.5K km,96500,TN,manual,petrol,6607
chennai,Jeep Compass,2018,1050000,51.5K km,51500,TN,automatic,petrol,18057
chennai,Maruti Eeco,2024,536000,13K km,13000,TN,manual,petrol,8557
chennai,Kia Sonet,2021,968000,12.5K km,12500,TN,manual,petrol,16484
chennai,Maruti Baleno,2022,847000,9.5K km,9500,TN,manual,petrol,14423
chennai,Maruti Brezza,2022,878000,12.5K km,12500,TN,manual,petrol,14951
chennai,Hyundai New Santro 1.1,2018,412000,75.5K km,75500,TN,automatic,petrol,6577
chennai,Hyundai Grand i10 Nios,2021,668000,29.5K km,29500,TN,automatic,diesel,11375
chennai,Maruti Wagon R 1.2,2022,619000,9K km,9000,TN,manual,petrol,10541
chennai,Hyundai Verna,2019,878000,28K km,28000,TN,manual,petrol,14951
chennai,Hyundai i10,2015,352000,77.5K km,77500,TN,manual,petrol,6407
chennai,Honda City,2015,548000,72K km,72000,TN,manual,petrol,9974
chennai,Hyundai Exter,2023,875000,16K km,16000,TN,automatic,petrol,14900
chennai,Honda City,2021,1013000,23K km,23000,TN,manual,petrol,17421
chennai,Hyundai Elite i20,2019,685000,40.5K km,40500,TN,automatic,petrol,11665
chennai,Maruti Wagon R 1.0,2016,382000,44K km,44000,TN,automatic,petrol,6827
chennai,Maruti Swift,2014,368000,65.5K km,65500,TN,manual,petrol,7898
chennai,Ford Figo Aspire,2019,539000,57K km,57000,TN,manual,diesel,8605
chennai,Renault Kwid,2016,277000,52K km,52000,TN,manual,petrol,4717
chennai,Maruti Celerio,2017,418000,65.5K km,65500,TN,automatic,petrol,7118
chennai,Tata Tiago,2023,653000,11K km,11000,TN,manual,petrol,11120
chennai,Hyundai Elite i20,2017,508000,53.5K km,53500,TN,manual,petrol,8650
chennai,Maruti Alto K10,2024,480000,19K km,19000,TN,manual,petrol,8174
chennai,Hyundai Creta,2022,1682000,33K km,33000,TN,automatic,diesel,28927
chennai,Volkswagen Ameo,2017,455000,68.5K km,68500,TN,manual,petrol,7264
chennai,Maruti Baleno,2022,849000,5K km,5000,TN,manual,petrol,14457
chennai,Maruti Ignis,2021,478000,13K km,13000,TN,manual,petrol,8140
chennai,Maruti Baleno,2019,728000,11.5K km,11500,TN,automatic,petrol,12397
chennai,Mahindra XUV 300,2022,1039000,12.5K km,12500,TN,automatic,diesel,17868
chennai,Honda Jazz,2015,474000,48K km,48000,TN,manual,petrol,8088
chennai,Maruti Baleno,2016,490000,61.5K km,61500,TN,automatic,petrol,8344
chennai,Maruti Dzire,2018,668000,70.5K km,70500,TN,manual,diesel,11375
chennai,Kia Seltos,2021,1582000,17K km,17000,TN,automatic,diesel,27208
chennai,Maruti Ignis,2018,491000,47K km,47000,TN,automatic,petrol,8361
chennai,Honda Brio,2013,305000,56K km,56000,TN,manual,petrol,7707
chennai,Datsun GO,2017,283000,22.5K km,22500,TN,manual,petrol,7628
chennai,Hyundai New Santro 1.1,2019,484000,32K km,32000,TN,automatic,petrol,7727
chennai,Tata Zest,2018,475000,33.5K km,33500,TN,manual,petrol,8088
chennai,Maruti Wagon R 1.2,2023,565000,9.5K km,9500,TN,manual,petrol,9621
chennai,Honda City,2018,715000,57.5K km,57500,TN,automatic,petrol,12176
chennai,Renault Kwid,2018,363000,26.5K km,26500,TN,manual,petrol,6181
chennai,Maruti Swift,2024,912000,12K km,12000,TN,automatic,petrol,15530
chennai,Hyundai i10,2012,297000,62.5K km,62500,TN,manual,petrol,11295
chennai,Hyundai Elite i20,2020,670000,51K km,51000,TN,automatic,petrol,11409
chennai,Tata Nexon,2023,948000,19K km,19000,TN,automatic,petrol,16143
chennai,Volkswagen Polo,2012,373000,34.5K km,34500,TN,manual,petrol,13299
chennai,Tata Tiago,2017,407000,20.5K km,20500,TN,manual,petrol,6930
chennai,Hyundai Eon,2018,294000,70K km,70000,TN,manual,petrol,4693
chennai,Hyundai New Santro 1.1,2019,480000,19K km,19000,TN,manual,petrol,7663
chennai,Renault Triber,2020,598000,20.5K km,20500,TN,automatic,petrol,10183
chennai,Kia Sonet,2021,997000,48.5K km,48500,TN,manual,petrol,16978
chennai,Datsun Redi-GO,2020,274000,111K km,111000,TN,manual,petrol,5880
chennai,Renault Kwid,2022,484000,7K km,7000,TN,manual,petrol,8242
chennai,Maruti Ritz,2012,297000,83.5K km,83500,TN,manual,petrol,10589
chennai,Hyundai Verna,2014,508000,111.5K km,111500,TN,automatic,diesel,10902
chennai,Hyundai i20 Active,2019,661000,56.5K km,56500,TN,manual,petrol,11256
chennai,Maruti Wagon R 1.0,2018,429000,61K km,61000,TN,automatic,petrol,7667
chennai,Honda City,2014,514000,67.5K km,67500,TN,automatic,petrol,11031
chennai,Honda Amaze,2021,649000,19.5K km,19500,TN,manual,petrol,11052
chennai,Hyundai i20 Active,2016,585000,58K km,58000,TN,manual,petrol,9962
chennai,Tata Nexon,2017,598000,67.5K km,67500,TN,manual,diesel,10183
chennai,Hyundai New Santro 1.1,2019,468000,61K km,61000,TN,automatic,petrol,7471
chennai,Maruti Vitara Brezza,2019,792000,70K km,70000,TN,automatic,diesel,13487
chennai,Maruti Estilo,2011,204000,30.5K km,30500,TN,manual,petrol,14576
chennai,Nissan Micra,2014,332000,35.5K km,35500,TN,automatic,petrol,6680
chennai,Renault Kiger,2023,879000,22K km,22000,TN,automatic,petrol,14968
chennai,Maruti Celerio,2016,443000,20.5K km,20500,TN,automatic,petrol,7544
chennai,Hyundai Verna,2019,895000,67K km,67000,TN,automatic,petrol,15241
chennai,Volkswagen Polo,2018,622000,27K km,27000,TN,manual,petrol,9930
chennai,Volkswagen Vento,2018,721000,63K km,63000,TN,automatic,petrol,11510
chennai,Tata Nexon,2019,685000,56K km,56000,TN,automatic,petrol,11665
chennai,Maruti Wagon R 1.2,2022,549000,97.5K km,97500,TN,automatic,petrol,9349
chennai,Hyundai Grand i10,2017,443000,101.5K km,101500,TN,manual,petrol,7544
chennai,Maruti Vitara Brezza,2018,782000,83.5K km,83500,TN,manual,diesel,13317
chennai,Maruti Ciaz,2019,763000,43.5K km,43500,TN,manual,petrol,12993
chennai,Renault Duster,2020,795000,78.5K km,78500,TN,manual,diesel,13538
chennai,Renault Kwid,2022,457000,17K km,17000,TN,manual,petrol,7782
chennai,Renault Kwid,2018,314000,57.5K km,57500,TN,manual,petrol,5347
chennai,Tata Tiago NRG,2022,607000,20K km,20000,TN,manual,petrol,10336
chennai,Renault Kwid,2020,371000,42K km,42000,TN,automatic,petrol,6317
chennai,Tata Altroz,2022,642000,26.5K km,26500,TN,manual,petrol,10932
chennai,Hyundai Verna,2021,1029000,34.5K km,34500,TN,manual,petrol,17692
chennai,Hyundai New Santro 1.1,2020,544000,17K km,17000,TN,automatic,petrol,8685
chennai,Hyundai Grand i10 Nios,2022,659000,10K km,10000,TN,manual,petrol,11222
chennai,Volkswagen Polo,2019,562000,39K km,39000,TN,manual,petrol,8972
chennai,Maruti Wagon R 1.0,2024,646000,4.5K km,4500,TN,automatic,petrol,11545
chennai,Maruti Baleno,2016,542000,37.5K km,37500,TN,manual,petrol,9229
chennai,Honda Jazz,2016,449000,111.5K km,111500,TN,manual,petrol,7168
chennai,Hyundai Xcent,2016,361000,114K km,114000,TN,manual,petrol,6160
chennai,Hyundai Aura,2022,737000,29K km,29000,TN,automatic,petrol,12550
chennai,Renault Kwid,2018,368000,47.5K km,47500,TN,automatic,petrol,6266
chennai,Hyundai i10,2013,309000,42.5K km,42500,TN,automatic,petrol,8329
chennai,Renault Kiger,2022,678000,73.5K km,73500,TN,manual,petrol,11545
chennai,Maruti S-Presso,2022,447000,36K km,36000,TN,manual,petrol,7612
chennai,Tata Tiago,2018,468000,34.5K km,34500,TN,automatic,petrol,7969
chennai,Maruti Swift,2017,525000,16.5K km,16500,TN,manual,petrol,8940
chennai,Maruti Fronx,2023,1049000,11K km,11000,TN,manual,petrol,18040
chennai,Hyundai Grand i10,2018,489000,35.5K km,35500,TN,manual,petrol,8327
chennai,Hyundai Venue,2022,910000,21.5K km,21500,TN,manual,petrol,15496
chennai,Hyundai Creta,2016,700000,150K km,150000,TN,automatic,petrol,11920
chennai,Tata Tigor,2023,659000,21.5K km,21500,TN,manual,petrol,11222
chennai,Hyundai Verna,2020,940000,13K km,13000,TN,manual,petrol,16007
chennai,MG Hector,2019,1278000,29.5K km,29500,TN,automatic,petrol,21979
chennai,Renault Kiger,2022,662000,14.5K km,14500,TN,automatic,petrol,11273
chennai,Volkswagen Polo,2015,417000,147.5K km,147500,TN,manual,petrol,7116
chennai,Hyundai Creta,2020,1403000,45.5K km,45500,TN,automatic,petrol,24130
chennai,Renault Triber,2020,603000,21K km,21000,TN,manual,petrol,10268
chennai,Maruti Baleno,2016,470000,72K km,72000,TN,automatic,petrol,8003
chennai,Hyundai Grand i10 Nios,2023,610000,25K km,25000,TN,manual,petrol,10387
chennai,Tata Tiago,2020,560000,30.5K km,30500,TN,automatic,petrol,9536
chennai,Volkswagen Vento,2014,466000,88K km,88000,TN,manual,diesel,9376
chennai,Honda Jazz,2022,796000,42.5K km,42500,TN,automatic,petrol,12708
chennai,Kia Sonet,2021,967000,19.5K km,19500,TN,manual,petrol,16467
chennai,Renault Kwid,2019,413000,53.5K km,53500,TN,automatic,petrol,7033
chennai,Hyundai Elite i20,2020,537000,107K km,107000,TN,manual,petrol,9144
chennai,Maruti Celerio,2023,624000,6.5K km,6500,TN,manual,petrol,10626
chennai,Renault Kwid,2022,453000,5K km,5000,TN,manual,petrol,7714
chennai,Renault Kwid,2022,416000,22.5K km,22500,TN,manual,petrol,7084
chennai,Maruti S-Presso,2023,471000,60.5K km,60500,TN,manual,petrol+cng,8020
chennai,Mahindra Bolero,2023,866000,23K km,23000,TN,manual,diesel,14747
chennai,Maruti A-Star,2011,229000,87K km,87000,TN,manual,petrol,15340
chennai,Maruti Alto K10,2011,195000,96K km,96000,TN,manual,petrol,13933
chennai,Renault Kwid,2017,366000,70.5K km,70500,TN,automatic,petrol,6232
chennai,Hyundai Grand i10,2014,397000,72.5K km,72500,HR,manual,petrol,8520
chennai,Tata Tiago,2019,468000,72K km,72000,TN,manual,petrol,7969
chennai,Hyundai Grand i10 Nios,2022,698000,31.5K km,31500,TN,manual,petrol,11886
chennai,Renault Kwid,2019,361000,43.5K km,43500,TN,automatic,petrol,6147
chennai,Maruti Ignis,2024,698000,8.5K km,8500,TN,manual,petrol,11886
chennai,Hyundai New Santro 1.1,2020,407000,75.5K km,75500,TN,manual,petrol,6497
chennai,Renault Kiger,2022,739000,63.5K km,63500,TN,manual,petrol,12584
chennai,Hyundai Grand i10 Nios,2021,719000,26K km,26000,TN,automatic,petrol,12244
chennai,Maruti Celerio,2022,489000,75K km,75000,TN,manual,petrol+cng,8327
chennai,Maruti Celerio,2017,432000,68.5K km,68500,TN,automatic,petrol,7356
chennai,Renault Triber,2021,664000,42K km,42000,TN,automatic,petrol,11307
chennai,Hyundai Elite i20,2017,577000,74K km,74000,TN,manual,petrol,9825
chennai,Hyundai Elite i20,2019,689000,37.5K km,37500,TN,automatic,petrol,11733
chennai,Renault Kwid,2022,452000,44.5K km,44500,TN,manual,petrol,7697
chennai,Volkswagen Polo,2017,554000,79.5K km,79500,TN,manual,petrol,8844
chennai,Renault Kwid,2018,384000,68.5K km,68500,TN,automatic,petrol,6539
chennai,Datsun Redi-GO,2017,239000,65K km,65000,TN,manual,petrol,9089
chennai,Hyundai i20 N Line,2021,897000,89.5K km,89500,TN,automatic,petrol,15275
chennai,Maruti Ciaz,2016,529000,134K km,134000,TN,manual,petrol,9008
chennai,Maruti S-Presso,2023,537000,6K km,6000,TN,automatic,petrol,9144
chennai,Maruti Alto 800,2018,319000,13.5K km,13500,TN,manual,petrol,5701
chennai,Maruti Ignis,2017,519000,35.5K km,35500,TN,manual,petrol,8838
chennai,Maruti Baleno,2018,629000,51.5K km,51500,TN,manual,petrol,10711
chennai,Renault Kwid,2020,384000,53.5K km,53500,TN,automatic,petrol,6539
chennai,Renault Kwid,2023,498000,13.5K km,13500,TN,manual,petrol,8480
chennai,Renault Kwid,2018,398000,50.5K km,50500,TN,automatic,petrol,6777
chennai,Renault Kwid,2017,365000,21.5K km,21500,TN,manual,petrol,6215
chennai,Maruti Swift Dzire,2016,521000,40K km,40000,TN,manual,petrol,9483
chennai,Maruti Celerio,2022,489000,75K km,75000,TN,manual,petrol+cng,8327
chennai,Maruti Celerio,2017,432000,68.5K km,68500,TN,automatic,petrol,7356
chennai,Renault Triber,2021,664000,42K km,42000,TN,automatic,petrol,11307
chennai,Hyundai Elite i20,2017,577000,74K km,74000,TN,manual,petrol,9825
chennai,Hyundai Elite i20,2019,689000,37.5K km,37500,TN,automatic,petrol,11733
chennai,Renault Kwid,2022,452000,44.5K km,44500,TN,manual,petrol,7697
chennai,Volkswagen Polo,2017,554000,79.5K km,79500,TN,manual,petrol,8844
chennai,Renault Kwid,2018,384000,68.5K km,68500,TN,automatic,petrol,6539
chennai,Datsun Redi-GO,2017,239000,65K km,65000,TN,manual,petrol,9089
chennai,Hyundai i20 N Line,2021,897000,89.5K km,89500,TN,automatic,petrol,15275
chennai,Maruti Ciaz,2016,529000,134K km,134000,TN,manual,petrol,9008
chennai,Maruti S-Presso,2023,537000,6K km,6000,TN,automatic,petrol,9144
chennai,Maruti Alto 800,2018,319000,13.5K km,13500,TN,manual,petrol,5701
chennai,Maruti Ignis,2017,519000,35.5K km,35500,TN,manual,petrol,8838
chennai,Maruti Baleno,2018,629000,51.5K km,51500,TN,manual,petrol,10711
chennai,Renault Kwid,2020,384000,53.5K km,53500,TN,automatic,petrol,6539
chennai,Renault Kwid,2023,498000,13.5K km,13500,TN,manual,petrol,8480
chennai,Renault Kwid,2018,398000,50.5K km,50500,TN,automatic,petrol,6777
chennai,Renault Kwid,2017,365000,21.5K km,21500,TN,manual,petrol,6215
chennai,Maruti Swift Dzire,2016,521000,40K km,40000,TN,manual,petrol,9483
chennai,Volkswagen Polo,2016,498000,120K km,120000,TN,automatic,petrol,7950
chennai,Hyundai Elite i20,2014,513000,44K km,44000,TN,manual,petrol,11010
chennai,Maruti S-Cross,2016,610000,131.5K km,131500,TN,manual,diesel,11103
chennai,Honda Amaze,2014,419000,109.5K km,109500,TN,manual,petrol,8992
chennai,Nissan Micra,2014,324000,118K km,118000,TN,manual,diesel,6519
chennai,Hyundai Grand i10,2018,521000,43K km,43000,TN,manual,petrol,8872
chennai,Volkswagen Polo,2019,432000,114.5K km,114500,TN,manual,petrol,6896
chennai,Renault Kwid,2023,476000,10K km,10000,TN,manual,petrol,8106
chennai,Hyundai i10,2011,252000,93.5K km,93500,TN,manual,petrol,18006
chennai,Volkswagen Vento,2016,619000,95K km,95000,TN,automatic,petrol,9882
chennai,Hyundai Grand i10,2020,466000,43.5K km,43500,TN,manual,petrol,7935
chennai,Hyundai Venue,2021,1056000,17K km,17000,TN,automatic,petrol,18161
chennai,Hyundai Grand i10,2019,596000,33K km,33000,TN,manual,petrol,10149
chennai,Volkswagen Virtus,2022,1031000,76K km,76000,TN,manual,petrol,17730
chennai,Hyundai Venue,2021,873000,32K km,32000,TN,manual,petrol,14866
chennai,Maruti Alto 800,2013,247000,73.5K km,73500,TN,manual,petrol,9580
chennai,Hyundai Elite i20,2019,706000,53K km,53000,TN,automatic,petrol,12022
chennai,Hyundai Grand i10 Nios,2022,701000,11.5K km,11500,TN,manual,petrol,11937
chennai,Hyundai Grand i10,2016,408000,104K km,104000,TN,manual,petrol,6948
chennai,Maruti Estilo,2013,249000,95.5K km,95500,TN,manual,petrol,9470
chennai,Datsun GO,2019,368000,36K km,36000,TN,manual,petrol,6266
chennai,Nissan Micra,2013,239000,130.5K km,130500,TN,manual,petrol,6039
chennai,Honda Brio,2017,470000,24K km,24000,DL,manual,petrol,7503
chennai,Hyundai i10,2011,220000,142K km,142000,TN,manual,petrol,15719
chennai,Volkswagen Ameo,2017,425000,119K km,119000,TN,manual,diesel,6785
chennai,Hyundai New Santro 1.1,2022,508000,29.5K km,29500,TN,manual,petrol,8110
chennai,Ford Figo,2015,402000,64.5K km,64500,TN,manual,petrol,15289
chennai,Maruti Alto 800,2020,365000,27K km,27000,TN,manual,petrol,6523
chennai,Maruti Ignis,2023,589000,23.5K km,23500,TN,manual,petrol,10030
chennai,Hyundai i20,2012,325000,115.5K km,115500,TN,manual,diesel,12360
chennai,Hyundai Eon,2017,297000,79K km,79000,TN,manual,petrol,4741
chennai,Hyundai Eon,2013,280000,100.5K km,100500,TN,manual,petrol,7075
chennai,Renault Kwid,2019,392000,50K km,50000,TN,automatic,petrol,6675
chennai,Tata Nexon,2020,633000,103K km,103000,TN,automatic,petrol,10779
chennai,Mahindra KUV100,2017,412000,25K km,25000,TN,manual,petrol,7016
chennai,Hyundai Eon,2019,392000,45K km,45000,TN,manual,petrol,6258
chennai,Hyundai Venue,2022,938000,42.5K km,42500,TN,manual,petrol,15973
chennai,Honda Jazz,2021,774000,45.5K km,45500,TN,automatic,petrol,12356
chennai,Volkswagen Taigun,2022,1137000,41K km,41000,TN,manual,petrol,19549
chennai,Tata Nexon,2021,723000,107.5K km,107500,TN,manual,diesel,12312
chennai,Volkswagen Ameo,2017,524000,136.5K km,136500,TN,automatic,diesel,8365
chennai,Honda City,2015,579000,146.5K km,146500,TN,automatic,petrol,10539
chennai,Hyundai i20,2012,294000,120K km,120000,TN,manual,diesel,11181
chennai,Maruti Dzire,2018,754000,41K km,41000,TN,manual,diesel,12840
chennai,MG Hector,2021,1478000,82K km,82000,TN,manual,diesel,25417
chennai,Maruti Alto 800,2019,344000,25K km,25000,TN,manual,petrol,6148
chennai,Maruti Celerio,2019,498000,63K km,63000,TN,automatic,petrol,8480
chennai,Maruti Alto 800,2015,292000,54K km,54000,TN,manual,petrol,5557
chennai,Hyundai Elite i20,2017,579000,40.5K km,40500,TN,manual,petrol,9860
chennai,Honda Jazz,2022,878000,31.5K km,31500,TN,automatic,petrol,14017
chennai,Maruti Celerio,2023,560000,61K km,61000,TN,manual,petrol+cng,9536
chennai,Hyundai New i20,2021,759000,66.5K km,66500,TN,manual,petrol,12925
chennai,Tata Nexon,2020,698000,116K km,116000,TN,manual,diesel,11886
chennai,Honda City,2020,939000,118K km,118000,TN,automatic,petrol,15990
chennai,Honda Jazz,2015,497000,64K km,64000,TN,manual,petrol,8481
chennai,Maruti Dzire,2018,759000,39.5K km,39500,TN,manual,diesel,12925
chennai,Hyundai Grand i10,2019,558000,49.5K km,49500,TN,automatic,petrol,9502
chennai,Ford Figo Aspire,2019,475000,117K km,117000,TN,manual,diesel,7583
chennai,Hyundai Xcent,2014,397000,105.5K km,105500,TN,manual,diesel,7987
chennai,Hyundai Grand i10,2019,469000,106.5K km,106500,TN,manual,petrol,7986
chennai,Honda WR-V,2021,895000,86.5K km,86500,TN,manual,diesel,15241
chennai,Volkswagen Polo,2019,610000,54.5K km,54500,TN,manual,petrol,9738
chennai,Hyundai Venue,2022,1011000,33.5K km,33500,TN,manual,petrol,17217
chennai,Maruti S-Presso,2022,432000,25.5K km,25500,TN,manual,petrol,7356
chennai,Ford EcoSport,2015,542000,50.5K km,50500,TN,automatic,petrol,9865
chennai,Tata Nexon,2019,776000,46.5K km,46500,TN,automatic,petrol,13214
chennai,Tata Nano,2015,164000,93K km,93000,TN,manual,petrol,2798
chennai,Hyundai Eon,2017,301000,56.5K km,56500,TN,manual,petrol,4805
chennai,Tata Nexon,2021,875000,106.5K km,106500,TN,manual,diesel,14900
chennai,Tata Nano,2015,148000,100.5K km,100500,TN,manual,petrol,2525
chennai,Chevrolet Beat,2016,294000,67K km,67000,TN,manual,petrol,21007
chennai,Volkswagen Ameo,2019,522000,115K km,115000,HR,manual,petrol,8333
chennai,Hyundai Grand i10,2018,582000,32.5K km,32500,TN,automatic,petrol,9911
chennai,Maruti Fronx,2023,1032000,8K km,8000,TN,manual,petrol,17747
chennai,Mahindra XUV 300,2023,1200000,46.5K km,46500,TN,automatic,diesel,20639
chennai,Mahindra Scorpio N,2023,1943000,10K km,10000,TN,manual,petrol,33411
kolkata,Maruti Dzire,2021,579000,28.5K km,28500,WB,manual,petrol,9860
kolkata,Honda Amaze,2021,689000,10K km,10000,WB,manual,petrol,11733
kolkata,Volkswagen Vento,2019,647000,35.5K km,35500,WB,automatic,petrol,10329
kolkata,Hyundai Aura,2020,629000,10K km,10000,WB,automatic,petrol,10711
kolkata,Maruti Alto 800,2021,351000,10K km,10000,WB,manual,petrol,6273
kolkata,Hyundai Grand i10,2017,385000,97.5K km,97500,WB,manual,petrol,6556
kolkata,Hyundai i20 N Line,2023,768000,31.5K km,31500,WB,manual,petrol,13078
kolkata,Tata Tiago,2021,553000,15K km,15000,WB,manual,petrol,9417
kolkata,Kia Carens,2022,1085000,25.5K km,25500,WB,manual,petrol,18659
kolkata,Hyundai Grand i10 Nios,2021,564000,15K km,15000,WB,manual,petrol,9604
kolkata,Hyundai New i20,2022,878000,14.5K km,14500,WB,automatic,petrol,14951
kolkata,Mahindra XUV 3XO,2024,1337000,2K km,2000,WB,manual,petrol,22989
kolkata,Hyundai Creta,2021,859000,50.5K km,50500,WB,manual,petrol,14628
kolkata,Hyundai Venue,2022,875000,27.5K km,27500,WB,manual,petrol,14900
kolkata,Renault Kwid,2019,297000,51K km,51000,WB,manual,petrol,5057
kolkata,Mahindra XUV 300,2022,868000,20K km,20000,WB,manual,petrol,14781
kolkata,Maruti A-Star,2011,224000,55.5K km,55500,WB,automatic,petrol,15005
kolkata,Hyundai Elite i20,2015,442000,48.5K km,48500,WB,manual,petrol,8045
kolkata,Skoda Kushaq,2022,1239000,22K km,22000,WB,manual,petrol,21308
kolkata,Hyundai Grand i10,2016,312000,95K km,95000,WB,manual,petrol,5313
kolkata,Hyundai Xcent,2019,405000,43K km,43000,WB,manual,petrol,6465
kolkata,Hyundai Venue,2021,701000,18.5K km,18500,WB,manual,petrol,11937
kolkata,Hyundai Creta,2020,1219000,59.5K km,59500,WB,automatic,petrol,20964
kolkata,Hyundai New i20,2021,745000,35K km,35000,WB,manual,petrol,12686
kolkata,Honda WR-V,2021,697000,42.5K km,42500,WB,manual,petrol,11869
kolkata,Tata Nexon,2023,992000,7.5K km,7500,WB,manual,petrol,16893
kolkata,Hyundai Verna,2019,643000,51K km,51000,WB,manual,petrol,10949
kolkata,Tata Altroz,2022,688000,21K km,21000,WB,manual,petrol,11716
kolkata,Maruti S-Presso,2022,408000,21K km,21000,WB,manual,petrol,6948
kolkata,Maruti Celerio X,2020,419000,18.5K km,18500,WB,manual,petrol,7020
kolkata,Maruti Wagon R 1.0,2020,437000,26.5K km,26500,WB,manual,petrol,7810
kolkata,Tata Nexon,2022,829000,63.5K km,63500,WB,automatic,petrol,14117
kolkata,Hyundai Venue,2021,768000,37K km,37000,WB,manual,petrol,13078
kolkata,Mahindra XUV 300,2023,897000,4.5K km,4500,WB,automatic,petrol,15275
kolkata,Maruti Swift,2022,570000,36K km,36000,WB,manual,petrol,9706
kolkata,Maruti Ciaz,2018,595000,74.5K km,74500,WB,manual,petrol,10132
kolkata,Maruti Wagon R 1.0,2021,458000,34K km,34000,WB,manual,petrol,8185
kolkata,Mahindra KUV100 NXT,2017,359000,60K km,60000,WB,manual,diesel,6113
kolkata,Maruti S-Presso,2020,316000,77.5K km,77500,WB,manual,petrol,5381
kolkata,Maruti Estilo,2012,189000,26K km,26000,WB,manual,petrol,7188
kolkata,Maruti Alto 800,2016,239000,18.5K km,18500,WB,manual,petrol,4271
kolkata,Honda Jazz,2016,396000,53.5K km,53500,WB,manual,petrol,6322
kolkata,Maruti Baleno,2016,439000,84.5K km,84500,WB,manual,diesel,7475
kolkata,Renault Triber,2021,587000,40.5K km,40500,WB,manual,petrol,9996
kolkata,Kia Seltos,2021,997000,39.5K km,39500,WB,automatic,petrol,16978
kolkata,Maruti Baleno,2022,822000,15.5K km,15500,WB,automatic,petrol,13998
kolkata,Hyundai New Santro 1.1,2020,371000,49K km,49000,WB,manual,petrol,5923
kolkata,Hyundai New Santro 1.1,2020,384000,37.5K km,37500,WB,automatic,petrol,6130
kolkata,Maruti Wagon R 1.0,2018,392000,23.5K km,23500,WB,automatic,petrol,7006
kolkata,Maruti Wagon R 1.0,2023,519000,25.5K km,25500,WB,manual,petrol+cng,8838
kolkata,Maruti S-Cross,2021,739000,76.5K km,76500,WB,manual,petrol,12584
kolkata,Maruti Wagon R 1.0,2020,439000,17K km,17000,WB,manual,petrol,7846
kolkata,Hyundai New i20,2021,891000,25.5K km,25500,WB,automatic,petrol,15173
kolkata,Renault Kiger,2022,661000,19.5K km,19500,WB,manual,petrol,11256
kolkata,Maruti Swift,2021,568000,18.5K km,18500,WB,manual,petrol,9672
kolkata,Maruti Baleno,2021,646000,27.5K km,27500,WB,manual,petrol,11001
kolkata,Hyundai Aura,2020,545000,58.5K km,58500,WB,manual,petrol,9281
kolkata,Renault Kiger,2022,580000,59.5K km,59500,WB,manual,petrol,9877
kolkata,Hyundai Grand i10,2017,371000,37.5K km,37500,WB,manual,petrol,6317
kolkata,Datsun Redi-GO,2017,204000,45K km,45000,WB,manual,petrol,7758
kolkata,Hyundai Grand i10,2015,310000,53.5K km,53500,WB,manual,petrol,5642
kolkata,Hyundai i10,2014,239000,97K km,97000,WB,manual,petrol,5129
kolkata,Hyundai New i20,2020,649000,26.5K km,26500,WB,manual,petrol,11052
kolkata,Hyundai New Santro 1.1,2019,349000,44.5K km,44500,WB,manual,petrol,5571
kolkata,Maruti Swift,2021,568000,5K km,5000,WB,manual,petrol,9672
kolkata,Renault Duster,2021,768000,26.5K km,26500,WB,manual,petrol,13078
kolkata,Maruti Alto 800,2017,233000,28K km,28000,WB,manual,petrol,4164
kolkata,Ford Figo,2018,394000,54K km,54000,WB,manual,diesel,8456
kolkata,Maruti Swift,2021,540000,20.5K km,20500,WB,manual,petrol,9195
kolkata,Kia Sonet,2022,1134000,51K km,51000,WB,automatic,diesel,19502
kolkata,Renault Triber,2020,540000,46K km,46000,WB,manual,petrol,9195
kolkata,Tata Tiago,2021,598000,12.5K km,12500,WB,automatic,petrol,10183
kolkata,Maruti Baleno,2024,668000,42K km,42000,WB,manual,petrol,11375
kolkata,Maruti Ciaz,2022,855000,30K km,30000,WB,automatic,petrol,14560
kolkata,Maruti Baleno,2020,578000,20.5K km,20500,WB,manual,petrol,9843
kolkata,Maruti Swift,2016,378000,20.5K km,20500,WB,manual,petrol,6437
kolkata,Maruti Swift Dzire,2017,458000,36K km,36000,WB,manual,petrol,7799
kolkata,Hyundai Eon,2015,205000,48.5K km,48500,WB,manual,petrol,3498
kolkata,Maruti Swift,2013,305000,34.5K km,34500,WB,manual,petrol,8221
kolkata,Hyundai Elite i20,2018,458000,91K km,91000,WB,manual,petrol,7799
kolkata,Hyundai Venue,2021,801000,39K km,39000,WB,manual,petrol,13640
kolkata,Maruti Alto 800,2017,229000,10K km,10000,WB,manual,petrol,4092
kolkata,Tata Tiago,2020,439000,20K km,20000,WB,manual,petrol,7475
kolkata,Hyundai Grand i10,2018,402000,21.5K km,21500,WB,manual,petrol,6845
kolkata,Maruti Alto 800,2023,408000,9K km,9000,WB,manual,petrol,7291
kolkata,Maruti Swift Dzire,2014,341000,56.5K km,56500,WB,manual,petrol,7318
kolkata,Hyundai Grand i10,2015,306000,42K km,42000,WB,manual,petrol,5569
kolkata,Maruti Alto 800,2015,232000,30.5K km,30500,WB,manual,petrol,4415
kolkata,Maruti Celerio,2016,348000,22.5K km,22500,WB,automatic,petrol,5926
kolkata,Maruti Alto 800,2016,245000,49K km,49000,WB,manual,petrol,4378
kolkata,Maruti Alto K10,2016,283000,33.5K km,33500,WB,manual,petrol,4819
kolkata,Hyundai Eon,2016,238000,57K km,57000,WB,manual,petrol,3799
kolkata,Hyundai Grand i10 Nios,2022,617000,40K km,40000,WB,manual,petrol,10507
kolkata,Maruti Alto 800,2015,233000,11K km,11000,WB,manual,petrol,4434
kolkata,Hyundai Grand i10,2015,335000,29K km,29000,WB,manual,petrol,6097
kolkata,Hyundai Eon,2015,208000,33K km,33000,WB,manual,petrol,3549
kolkata,Ford EcoSport,2021,698000,47K km,47000,WB,manual,diesel,11886
kolkata,Hyundai Eon,2014,209000,34.5K km,34500,WB,manual,petrol,4205
kolkata,Datsun Redi-GO,2016,219000,23.5K km,23500,WB,manual,petrol,15648
kolkata,Maruti Alto K10,2017,317000,29K km,29000,WB,manual,petrol,5398
kolkata,Hyundai Eon,2017,228000,103.5K km,103500,WB,manual,petrol,3640
kolkata,Volkswagen Cross Polo,2015,354000,91K km,91000,WB,manual,petrol,6040
kolkata,Hyundai New Santro 1.1,2021,445000,30K km,30000,WB,manual,petrol,7104
kolkata,Maruti Wagon R 1.0,2023,598000,13.5K km,13500,WB,manual,petrol+cng,10183
kolkata,MG Hector Plus,2020,1268000,62K km,62000,WB,manual,diesel,21806
kolkata,Maruti Swift Dzire,2016,424000,39K km,39000,WB,manual,petrol,7717
kolkata,Maruti Celerio,2022,499000,7.5K km,7500,WB,manual,petrol,8497
kolkata,Maruti Ciaz,2021,681000,33K km,33000,WB,manual,petrol,11597
kolkata,Maruti Alto K10,2016,231000,46.5K km,46500,WB,manual,petrol,3933
kolkata,Maruti Alto 800,2020,309000,7.5K km,7500,WB,manual,petrol,5522
kolkata,Hyundai Grand i10 Nios,2022,661000,10K km,10000,WB,manual,petrol+cng,11256
kolkata,Maruti Swift,2016,341000,74K km,74000,WB,manual,petrol,5807
kolkata,Maruti Alto K10,2023,376000,28.5K km,28500,WB,manual,petrol,6403
kolkata,Maruti Ignis,2023,564000,8K km,8000,WB,manual,petrol,9604
kolkata,Honda WR-V,2017,537000,72K km,72000,WB,manual,petrol,9144
kolkata,Maruti Dzire,2023,768000,10.5K km,10500,WB,automatic,petrol,13078
kolkata,Volkswagen Polo,2020,475000,50K km,50000,WB,manual,petrol,7583
kolkata,Hyundai Grand i10,2014,318000,22K km,22000,WB,manual,petrol,6824
kolkata,Hyundai Grand i10,2018,378000,20K km,20000,WB,manual,petrol,6437
kolkata,Maruti Estilo,2012,195000,44K km,44000,WB,manual,petrol,7416
kolkata,Ford Freestyle,2021,624000,57.5K km,57500,WB,manual,diesel,10626
kolkata,Datsun Redi-GO,2016,208000,39.5K km,39500,WB,manual,petrol,14862
kolkata,Hyundai Grand i10 Nios,2020,685000,14K km,14000,WB,manual,diesel,11665
kolkata,Ford Figo,2020,468000,36.5K km,36500,WB,manual,petrol,7969
kolkata,Maruti Alto 800,2021,374000,11.5K km,11500,WB,manual,petrol,6684
kolkata,Renault Kiger,2022,599000,20K km,20000,WB,manual,petrol,10200
kolkata,Hyundai Venue,2019,727000,32.5K km,32500,WB,automatic,petrol,12380
kolkata,Maruti Swift Dzire,2014,360000,34.5K km,34500,WB,manual,petrol,7726
kolkata,Maruti Alto K10,2022,428000,14.5K km,14500,WB,manual,petrol,7288
kolkata,Renault Kiger,2022,795000,10K km,10000,WB,automatic,petrol,13538
kolkata,Volkswagen Taigun,2022,1145000,27K km,27000,WB,automatic,petrol,19685
kolkata,Hyundai New Santro 1.1,2021,417000,37K km,37000,WB,manual,petrol,6657
kolkata,Tata Nexon,2019,638000,77.5K km,77500,WB,automatic,diesel,10864
kolkata,Maruti Alto K10,2024,466000,1.5K km,1500,WB,manual,petrol,7935
kolkata,Hyundai Elite i20,2015,395000,37.5K km,37500,WB,manual,petrol,7189
kolkata,Maruti Swift,2017,403000,23.5K km,23500,WB,manual,petrol,6862
kolkata,Hyundai New Santro 1.1,2021,415000,40.5K km,40500,WB,manual,petrol,6625
kolkata,Renault Duster,2019,554000,90K km,90000,WB,automatic,diesel,9434
kolkata,Skoda Rapid New,2018,544000,106K km,106000,WB,automatic,diesel,9264
kolkata,Maruti Swift,2011,229000,66K km,66000,WB,manual,petrol,16362
kolkata,Hyundai Grand i10,2019,408000,39.5K km,39500,WB,manual,petrol,6948
kolkata,Maruti Swift,2013,323000,15K km,15000,WB,manual,petrol,8706
kolkata,Kia Sonet,2021,939000,65.5K km,65500,WB,automatic,petrol,15990
kolkata,Honda City,2021,1068000,36K km,36000,WB,automatic,petrol,18374
kolkata,Mahindra XUV 300,2020,819000,86K km,86000,WB,manual,diesel,13947
kolkata,Kia Seltos,2020,933000,26K km,26000,WB,manual,petrol,15888
kolkata,Nissan Magnite,2021,705000,33.5K km,33500,WB,automatic,petrol,12005
kolkata,Maruti S-Presso,2020,358000,53K km,53000,WB,manual,petrol,6096
kolkata,Renault Kwid,2022,404000,21.5K km,21500,WB,manual,petrol,6879
kolkata,Hyundai Venue,2020,730000,32K km,32000,WB,manual,petrol,12431
kolkata,Renault Kwid,2021,379000,40K km,40000,WB,manual,petrol,6454
kolkata,Honda City,2017,504000,32.5K km,32500,WB,manual,petrol,8582
kolkata,Hyundai Aura,2021,617000,24K km,24000,WB,manual,petrol,10507
kolkata,Hyundai Verna,2021,925000,61.5K km,61500,WB,manual,petrol,15752
kolkata,Kia Sonet,2021,906000,36K km,36000,WB,manual,petrol,15428
kolkata,Skoda Rapid New,2017,567000,66.5K km,66500,WB,automatic,petrol,9655
kolkata,Hyundai Aura,2022,625000,43.5K km,43500,WB,manual,petrol,10643
kolkata,Maruti Wagon R 1.0,2017,328000,27.5K km,27500,WB,automatic,petrol,5862
kolkata,Maruti Alto K10,2018,298000,8.5K km,8500,WB,automatic,petrol,5074
kolkata,Maruti Ciaz,2017,539000,22.5K km,22500,WB,automatic,petrol,9178
kolkata,Maruti S-Cross,2020,667000,97K km,97000,WB,manual,petrol,11358
kolkata,Tata Tiago NRG,2022,483000,97K km,97000,WB,manual,petrol,8225
kolkata,Hyundai Grand i10 Nios,2021,605000,38.5K km,38500,WB,automatic,petrol,10302
kolkata,Hyundai Grand i10 Nios,2020,496000,37.5K km,37500,WB,manual,petrol,8446
kolkata,Maruti Wagon R 1.0,2021,479000,40K km,40000,WB,manual,petrol+cng,8157
kolkata,Kia Sonet,2022,1002000,13K km,13000,WB,manual,petrol,17064
kolkata,Maruti S-Presso,2021,410000,9.5K km,9500,WB,manual,petrol,6982
kolkata,Tata Tiago,2020,523000,27.5K km,27500,WB,automatic,petrol,8906
kolkata,Maruti S-Presso,2021,408000,14.5K km,14500,WB,manual,petrol,6948
kolkata,Chevrolet Beat,2016,269000,46K km,46000,WB,manual,petrol,
kolkata,Nissan Magnite,2021,804000,34.5K km,34500,WB,automatic,petrol,13691
kolkata,Tata Tiago,2021,474000,12K km,12000,WB,manual,petrol,8071
kolkata,Skoda Rapid New,2018,678000,36.5K km,36500,WB,automatic,petrol,11545
kolkata,Honda Civic,2019,1168000,71.5K km,71500,WB,manual,diesel,20085
kolkata,Hyundai New Santro 1.1,2020,389000,33K km,33000,WB,manual,petrol,6210
kolkata,Hyundai Elite i20,2019,475000,79K km,79000,WB,automatic,petrol,8088
kolkata,Hyundai Grand i10 Nios,2020,562000,35K km,35000,WB,manual,petrol,9570
kolkata,Honda Jazz,2015,239000,95K km,95000,WB,manual,petrol,4078
kolkata,Honda Jazz,2016,329000,75K km,75000,WB,manual,petrol,5614
kolkata,Maruti Celerio,2022,470000,12.5K km,12500,WB,manual,petrol,8003
kolkata,Maruti Swift,2010,205000,43K km,43000,WB,manual,petrol,
kolkata,Hyundai i20 Active,2015,377000,121.5K km,121500,WB,manual,diesel,6862
kolkata,Renault Kwid,2020,380000,29K km,29000,WB,automatic,petrol,6471
kolkata,Maruti Ciaz,2020,685000,67K km,67000,WB,manual,petrol,11665
kolkata,Hyundai Grand i10 Nios,2020,483000,43K km,43000,WB,manual,petrol,8225
kolkata,Volkswagen Taigun,2022,1101000,31.5K km,31500,WB,manual,petrol,18936
kolkata,Renault Kwid,2023,416000,7K km,7000,WB,manual,petrol,7084
kolkata,Tata Tiago,2022,619000,33K km,33000,WB,manual,petrol+cng,10541
kolkata,Maruti Alto 800,2021,346000,28.5K km,28500,WB,manual,petrol,6183
kolkata,Maruti Ciaz,2021,732000,24K km,24000,WB,automatic,petrol,12465
kolkata,Maruti Celerio,2020,408000,46K km,46000,WB,automatic,petrol,6948
kolkata,Maruti Alto 800,2022,355000,17K km,17000,WB,manual,petrol,6344
kolkata,Volkswagen Vento,2022,904000,11.5K km,11500,WB,automatic,petrol,14432
kolkata,Maruti S-Presso,2021,362000,35K km,35000,WB,manual,petrol,6164
kolkata,Ford EcoSport,2019,562000,65.5K km,65500,WB,manual,petrol,9570
kolkata,Hyundai Venue,2021,667000,51K km,51000,WB,manual,petrol,11358
kolkata,Kia Seltos,2021,938000,55.5K km,55500,WB,manual,petrol,15973
kolkata,Skoda Slavia,2022,1410000,11K km,11000,WB,automatic,petrol,24249
kolkata,Maruti Alto,2010,130000,32K km,32000,WB,manual,petrol,
kolkata,Hyundai Aura,2021,627000,23K km,23000,WB,manual,petrol,10677
kolkata,Hyundai Eon,2017,225000,47.5K km,47500,WB,manual,petrol,3592
kolkata,Tata Altroz,2021,514000,25.5K km,25500,WB,manual,petrol,8753
kolkata,Maruti Baleno,2021,697000,11.5K km,11500,WB,manual,petrol,11869
kolkata,Honda Amaze,2021,713000,25K km,25000,WB,automatic,petrol,12141
kolkata,Maruti Ignis,2020,489000,29.5K km,29500,WB,manual,petrol,8327
kolkata,Maruti Wagon R 1.0,2018,326000,52.5K km,52500,WB,manual,petrol,5826
kolkata,Honda WR-V,2020,598000,29K km,29000,WB,manual,petrol,10183
kolkata,Renault Duster,2021,747000,47.5K km,47500,WB,manual,petrol,12720
kolkata,Maruti S-Cross,2022,861000,26K km,26000,WB,manual,petrol,14662
kolkata,Renault Kwid,2023,416000,8.5K km,8500,WB,manual,petrol,7084
kolkata,Tata Altroz,2020,562000,44.5K km,44500,WB,manual,petrol,9570
kolkata,Maruti Swift,2017,413000,43.5K km,43500,WB,manual,petrol,7033
kolkata,Maruti Dzire,2023,779000,20K km,20000,WB,automatic,petrol,13265
kolkata,Tata Altroz,2022,669000,73K km,73000,WB,manual,diesel,11392
kolkata,Maruti Baleno,2018,488000,42K km,42000,WB,manual,petrol,8310
kolkata,Hyundai Elite i20,2018,499000,68K km,68000,WB,manual,petrol,8497
kolkata,Maruti A-Star,2011,190000,50.5K km,50500,WB,manual,petrol,12727
kolkata,Hyundai New i20,2023,872000,8.5K km,8500,WB,manual,petrol,14849
kolkata,Maruti S-Presso,2022,484000,16K km,16000,WB,manual,petrol+cng,8242
kolkata,Maruti Swift Dzire,2013,389000,56K km,56000,WB,manual,diesel,10485
kolkata,Kia Sonet,2020,769000,93K km,93000,WB,manual,petrol,13095
kolkata,Maruti Dzire,2022,708000,30K km,30000,WB,automatic,petrol,12056
kolkata,Tata Altroz,2021,697000,41.5K km,41500,WB,manual,diesel,11869
kolkata,Maruti Ciaz,2019,626000,71.5K km,71500,WB,manual,petrol,10660
kolkata,Maruti Alto 800,2021,309000,32K km,32000,WB,manual,petrol,5522
kolkata,Maruti S-Presso,2021,397000,30K km,30000,WB,manual,petrol,6760
kolkata,Maruti Ciaz,2022,828000,15.5K km,15500,WB,automatic,petrol,14100
kolkata,Maruti Swift,2016,390000,67.5K km,67500,WB,manual,petrol,6641
kolkata,Maruti Ignis,2023,529000,11.5K km,11500,WB,manual,petrol,9008
kolkata,Maruti Alto K10,2018,299000,81K km,81000,WB,automatic,petrol,5091
kolkata,MG Hector,2022,1517000,36.5K km,36500,WB,manual,diesel,26089
kolkata,Volkswagen Taigun,2022,1208000,31.5K km,31500,WB,automatic,petrol,20775
kolkata,Tata Altroz,2020,647000,53.5K km,53500,WB,manual,diesel,11018
kolkata,Skoda Slavia,2022,1319000,3K km,3000,WB,manual,petrol,22683
kolkata,Hyundai Verna,2019,807000,33K km,33000,MH,automatic,petrol,13742
kolkata,Maruti Swift,2013,288000,55.5K km,55500,WB,manual,petrol,7763
kolkata,Hyundai New Santro 1.1,2020,368000,125K km,125000,WB,manual,petrol,5875
kolkata,Maruti Vitara Brezza,2022,859000,15K km,15000,WB,manual,petrol,14628
kolkata,Hyundai Verna,2020,868000,96.5K km,96500,WB,manual,petrol,14781
kolkata,Maruti Ciaz,2021,688000,20.5K km,20500,WB,manual,petrol,11716
kolkata,Volkswagen Virtus,2023,1095000,25K km,25000,WB,manual,petrol,18834
kolkata,Kia Seltos,2021,1014000,35.5K km,35500,WB,manual,petrol,17267
kolkata,Hyundai Grand i10 Nios,2023,568000,19K km,19000,WB,manual,petrol,9672
kolkata,Tata Tiago,2020,424000,29.5K km,29500,WB,manual,petrol,7220
kolkata,Honda Jazz,2022,705000,21.5K km,21500,WB,automatic,petrol,11255
kolkata,Renault Kiger,2021,628000,35.5K km,35500,WB,manual,petrol,10694
kolkata,Maruti S-Presso,2022,422000,5K km,5000,WB,manual,petrol,7186
kolkata,Maruti Alto 800,2020,293000,20.5K km,20500,WB,manual,petrol,5236
kolkata,Maruti Alto 800,2018,246000,56K km,56000,WB,manual,petrol,4396
kolkata,Kia Seltos,2021,932000,64K km,64000,WB,manual,diesel,15871
kolkata,Ford Figo Aspire,2020,527000,16.5K km,16500,WB,manual,petrol,8413
kolkata,Hyundai Creta,2023,1478000,10K km,10000,WB,automatic,petrol,25418
kolkata,Maruti Alto 800,2015,199000,48.5K km,48500,WB,manual,petrol,3787
kolkata,Maruti Alto 800,2015,220000,35K km,35000,WB,manual,petrol,4187
kolkata,Tata Altroz,2022,801000,12K km,12000,WB,manual,diesel,13640
kolkata,Maruti Dzire,2020,532000,22.5K km,22500,WB,automatic,petrol,9059
kolkata,Maruti Swift,2022,608000,8.5K km,8500,WB,manual,petrol,10353
kolkata,Ford Freestyle,2019,447000,101.5K km,101500,WB,manual,diesel,9593
kolkata,Nissan Magnite,2021,670000,19K km,19000,WB,manual,petrol,11409
kolkata,Maruti S-Presso,2021,385000,26K km,26000,WB,manual,petrol,6556
kolkata,Renault Duster,2016,375000,93.5K km,93500,WB,manual,diesel,6825
kolkata,Hyundai Grand i10,2018,368000,69K km,69000,WB,manual,diesel,6266
kolkata,Kia Sonet,2020,763000,48K km,48000,WB,manual,petrol,12993
kolkata,Renault Kiger,2021,715000,40K km,40000,WB,automatic,petrol,12176
kolkata,Hyundai Creta,2020,1258000,33.5K km,33500,WB,automatic,petrol,21627
kolkata,Renault Triber,2022,516000,28.5K km,28500,WB,manual,petrol,8787
kolkata,Honda Amaze,2022,723000,12.5K km,12500,WB,manual,petrol,12312
kolkata,Mahindra XUV 300,2020,815000,67.5K km,67500,WB,manual,diesel,13878
kolkata,Maruti Wagon R 1.0,2022,564000,16K km,16000,WB,manual,petrol+cng,9604
kolkata,Hyundai New Santro 1.1,2021,415000,57.5K km,57500,WB,manual,petrol,6625
kolkata,Kia Seltos,2021,1226000,30.5K km,30500,WB,automatic,petrol,21082
kolkata,Maruti Alto K10,2015,234000,68.5K km,68500,WB,manual,petrol,4259
kolkata,Hyundai Grand i10 Nios,2023,683000,26K km,26000,WB,automatic,petrol,11631
kolkata,Kia Seltos,2021,1134000,84K km,84000,WB,manual,diesel,19498
kolkata,Volkswagen Ameo,2018,474000,19.5K km,19500,WB,manual,diesel,7567
kolkata,Maruti Celerio,2020,415000,12.5K km,12500,WB,manual,petrol,7067
kolkata,Maruti Swift Dzire,2015,383000,57K km,57000,WB,manual,petrol,6967
kolkata,Volkswagen Polo,2019,467000,67.5K km,67500,WB,manual,petrol,7455
kolkata,Volkswagen Polo,2021,556000,35K km,35000,WB,manual,petrol,8876
kolkata,Ford EcoSport,2020,777000,35.5K km,35500,WB,automatic,petrol,13231
kolkata,Maruti Alto 800,2015,219000,38K km,38000,WB,manual,petrol,4167
kolkata,Hyundai Xcent,2019,384000,84.5K km,84500,WB,manual,petrol,6130
kolkata,Maruti Swift,2022,558000,11.5K km,11500,WB,manual,petrol,9502
kolkata,Honda City,2020,930000,52.5K km,52500,WB,manual,diesel,15837
kolkata,Hyundai Grand i10,2014,292000,90.5K km,90500,WB,manual,petrol,6266
kolkata,Maruti Alto K10,2014,182000,60K km,60000,WB,manual,petrol,3906
kolkata,Kia Seltos,2020,878000,65.5K km,65500,WB,manual,diesel,14951
kolkata,Maruti Celerio,2021,377000,53K km,53000,WB,manual,petrol,6420
kolkata,Maruti Swift Dzire,2015,332000,96.5K km,96500,WB,manual,petrol,6043
kolkata,Honda City,2020,1004000,44K km,44000,WB,automatic,petrol,17097
kolkata,Toyota Urban Cruiser,2021,765000,37K km,37000,WB,automatic,petrol,13027
kolkata,Tata Altroz,2022,715000,5K km,5000,WB,manual,petrol,12176
kolkata,Hyundai Grand i10,2019,431000,37K km,37000,WB,manual,petrol,7339
kolkata,Mahindra Bolero,2022,865000,33.5K km,33500,WB,manual,diesel,14730
kolkata,Tata Tiago,2021,533000,9K km,9000,WB,manual,petrol,9076
kolkata,Volkswagen Polo,2016,411000,44K km,44000,WB,manual,petrol,6561
kolkata,Maruti Wagon R 1.0,2016,288000,23K km,23000,WB,manual,petrol,5147
kolkata,Mahindra XUV 3XO,2024,1129000,13K km,13000,WB,manual,petrol,19416
kolkata,Datsun Redi-GO,2018,235000,13K km,13000,WB,manual,petrol,8937
kolkata,Skoda Rapid New,2020,632000,17.5K km,17500,WB,manual,petrol,10762
kolkata,Maruti Alto 800,2013,198000,23K km,23000,WB,manual,petrol,5490
kolkata,Renault Kwid,2016,235000,80K km,80000,WB,manual,petrol,4001
kolkata,Hyundai Grand i10,2018,412000,34.5K km,34500,WB,manual,petrol,7016
kolkata,Hyundai Aura,2021,592000,10K km,10000,WB,manual,petrol,10081
kolkata,Maruti Celerio,2019,406000,28K km,28000,WB,automatic,petrol,6913
kolkata,Volkswagen Polo,2018,462000,40.5K km,40500,WB,manual,petrol,7375
kolkata,Maruti Wagon R 1.0,2021,453000,17.5K km,17500,WB,manual,petrol,8096
kolkata,Maruti Ignis,2021,460000,5K km,5000,WB,manual,petrol,7833
kolkata,Hyundai Elite i20,2015,384000,46.5K km,46500,WB,manual,petrol,6989
kolkata,Maruti Swift Dzire,2015,325000,78K km,78000,WB,manual,petrol,5915
kolkata,Honda City,2021,1008000,26K km,26000,WB,manual,petrol,17166
kolkata,Mahindra Thar,2021,1194000,11K km,11000,WB,automatic,petrol,20535
kolkata,Maruti Wagon R 1.0,2018,379000,19K km,19000,WB,manual,petrol,6773
kolkata,Nissan Micra Active,2015,220000,51K km,51000,WB,manual,petrol,4721
kolkata,Maruti Wagon R 1.2,2021,479000,43K km,43000,WB,manual,petrol,8157
kolkata,Maruti Alto K10,2016,281000,27.5K km,27500,WB,manual,petrol,4785
kolkata,Maruti Alto 800,2020,239000,94K km,94000,WB,manual,petrol,4271
kolkata,Hyundai Elite i20,2019,519000,43K km,43000,WB,automatic,petrol,8838
kolkata,Maruti Celerio,2015,298000,23.5K km,23500,WB,manual,petrol,5424
kolkata,Maruti Ignis,2022,478000,4.5K km,4500,WB,manual,petrol,8140
kolkata,Tata Tiago,2022,519000,20K km,20000,WB,manual,petrol,8838
kolkata,Hyundai Grand i10 Nios,2021,559000,18.5K km,18500,WB,manual,petrol,9519
kolkata,Honda City,2015,438000,47K km,47000,WB,manual,petrol,7972
kolkata,Hyundai Grand i10,2016,312000,53.5K km,53500,WB,manual,petrol,5313
kolkata,Hyundai Grand i10,2017,376000,26K km,26000,WB,manual,petrol,6403
kolkata,Toyota Glanza,2020,509000,99.5K km,99500,WB,manual,petrol,8667
kolkata,Maruti Alto 800,2018,271000,17K km,17000,WB,manual,petrol,4843
kolkata,Honda City,2014,345000,62K km,62000,WB,manual,petrol,7404
kolkata,Maruti Celerio,2022,496000,22K km,22000,WB,manual,petrol,8446
kolkata,Tata Nexon,2023,891000,18.5K km,18500,WB,manual,petrol,15173
kolkata,Tata Tiago,2022,495000,16K km,16000,WB,manual,petrol,8429
kolkata,Maruti Baleno,2016,402000,61K km,61000,WB,manual,petrol,7317
kolkata,Maruti Ciaz,2019,712000,10K km,10000,WB,automatic,petrol,12124
kolkata,Honda City,2015,371000,49.5K km,49500,WB,manual,petrol,6753
kolkata,Hyundai Elite i20,2017,421000,41.5K km,41500,WB,manual,petrol,7169
kolkata,Mahindra Thar,2021,1203000,41.5K km,41500,WB,automatic,diesel,20689
kolkata,Maruti Alto K10,2023,458000,7.5K km,7500,WB,manual,petrol,7799
kolkata,Honda City,2021,680000,42K km,42000,WB,manual,petrol,11580
lucknow,Hyundai Aura,2021,546000,49.5K km,49500,UP,manual,petrol,9298
lucknow,Maruti Wagon R 1.0,2015,309000,28K km,28000,UP,manual,petrol,5880
lucknow,Ford Figo Aspire,2020,509000,26.5K km,26500,UP,manual,petrol,8126
lucknow,Maruti Alto K10,2017,299000,31K km,31000,UP,manual,petrol,5091
lucknow,Maruti Baleno,2018,549000,82.5K km,82500,UP,manual,diesel,9349
lucknow,Hyundai Grand i10 Nios,2019,466000,59K km,59000,UP,automatic,petrol,7935
lucknow,Maruti Grand Vitara,2024,1678000,8.5K km,8500,UP,automatic,N/A,
lucknow,Kia Seltos,2020,836000,73.5K km,73500,UP,manual,diesel,14236
lucknow,Maruti Baleno,2019,432000,113.5K km,113500,UP,manual,petrol,7356
lucknow,Hyundai Alcazar,2023,1719000,27.5K km,27500,UP,automatic,petrol,31027
lucknow,Tata Tiago,2017,326000,98.5K km,98500,UP,automatic,petrol,5551
lucknow,Toyota Glanza,2023,851000,15.5K km,15500,UP,automatic,petrol,14492
lucknow,Maruti Ignis,2022,568000,6.5K km,6500,UP,automatic,petrol,9672
lucknow,Hyundai Alcazar,2023,1429000,43K km,43000,UP,manual,petrol,25791
lucknow,Maruti Swift,2017,419000,48K km,48000,UP,manual,petrol,7135
lucknow,Maruti Baleno,2022,689000,57K km,57000,UP,manual,petrol,11733
lucknow,Kia Sonet,2020,851000,77K km,77000,UP,manual,diesel,14492
lucknow,Hyundai Creta,2021,1032000,47K km,47000,UP,manual,petrol,17748
lucknow,Renault Triber,2022,605000,29K km,29000,UP,manual,petrol,10302
lucknow,Tata Altroz,2022,592000,10.5K km,10500,UP,manual,petrol,10081
lucknow,Hyundai Verna,2020,878000,44K km,44000,UP,manual,petrol,14951
lucknow,MG Hector Plus,2021,1459000,54K km,54000,UP,manual,diesel,25091
lucknow,Hyundai Venue,2022,992000,58.5K km,58500,UP,manual,diesel,16893
lucknow,Toyota Etios Cross,2017,439000,98.5K km,98500,UP,manual,diesel,7008
lucknow,Tata Nexon,2022,869000,35.5K km,35500,UP,manual,petrol,14798
lucknow,Hyundai Venue,2023,972000,3K km,3000,UP,manual,petrol,16552
lucknow,Hyundai Grand i10 Nios,2021,589000,10K km,10000,UP,manual,petrol,10030
lucknow,Honda Amaze,2022,832000,9K km,9000,UP,automatic,petrol,14168
lucknow,Toyota Glanza,2022,812000,15.5K km,15500,UP,manual,petrol,13827
lucknow,Hyundai Grand i10 Nios,2023,662000,11K km,11000,UP,manual,petrol,11273
lucknow,Tata Altroz,2021,732000,48.5K km,48500,UP,manual,diesel,12465
lucknow,Hyundai Grand i10 Nios,2019,567000,9.5K km,9500,UP,automatic,petrol,9655
lucknow,Hyundai Grand i10 Nios,2022,582000,33.5K km,33500,UP,automatic,petrol,9911
lucknow,Honda Jazz,2021,593000,40K km,40000,UP,manual,petrol,9467
lucknow,Hyundai New i20,2021,749000,35.5K km,35500,UP,automatic,petrol,12755
lucknow,Renault Kiger,2021,624000,23K km,23000,UP,manual,petrol,10626
lucknow,Skoda Slavia,2022,997000,35K km,35000,UP,manual,petrol,16978
lucknow,Maruti Celerio,2021,558000,7.5K km,7500,UP,automatic,petrol,9502
lucknow,Renault Triber,2022,588000,46K km,46000,UP,manual,petrol,10013
lucknow,Hyundai Elite i20,2015,410000,26K km,26000,UP,manual,petrol,7463
lucknow,Hyundai Venue,2021,724000,105K km,105000,UP,manual,petrol,12329
lucknow,Toyota Innova,2013,604000,105K km,105000,UP,manual,diesel,16750
lucknow,Hyundai Grand i10 Nios,2022,634000,4K km,4000,UP,automatic,petrol,10796
lucknow,Maruti Swift,2023,788000,8.5K km,8500,UP,manual,petrol,13419
lucknow,Tata Altroz,2023,689000,41.5K km,41500,UP,manual,petrol,11733
lucknow,Maruti Celerio,2022,525000,26K km,26000,UP,manual,petrol,8940
lucknow,Skoda Rapid New,2021,754000,32K km,32000,UP,manual,petrol,12840
lucknow,Mahindra Scorpio N,2023,1719000,19K km,19000,UP,manual,petrol,29562
lucknow,Maruti Ignis,2023,598000,17.5K km,17500,UP,manual,petrol,10183
lucknow,Maruti Alto K10,2023,443000,8.5K km,8500,UP,manual,petrol,7544
lucknow,Hyundai Grand i10 Nios,2021,578000,19K km,19000,UP,automatic,petrol,9843
lucknow,Honda City,2022,1285000,19K km,19000,UP,automatic,petrol,22099
lucknow,Maruti Baleno,2022,839000,10.5K km,10500,UP,automatic,petrol,14287
lucknow,Tata Punch,2023,617000,26K km,26000,UP,manual,petrol,10507
lucknow,Maruti Alto K10,2024,489000,9K km,9000,UP,manual,petrol,8327
lucknow,Maruti Wagon R 1.0,2020,454000,27.5K km,27500,UP,manual,petrol,8114
lucknow,Hyundai New Santro 1.1,2021,437000,73.5K km,73500,UP,manual,petrol+cng,6976
lucknow,Mahindra TUV300,2019,637000,41.5K km,41500,UP,manual,diesel,10847
lucknow,Maruti Alto 800,2013,207000,30K km,30000,UP,manual,petrol,5740
lucknow,Maruti Wagon R 1.0,2017,342000,72K km,72000,UP,automatic,petrol,6112
lucknow,Volkswagen Ameo,2016,419000,111K km,111000,UP,automatic,diesel,6689
lucknow,Mahindra TUV300,2017,548000,65.5K km,65500,UP,manual,diesel,9332
lucknow,Toyota Glanza,2022,795000,29K km,29000,UP,automatic,petrol,13538
lucknow,Tata Altroz,2021,635000,38.5K km,38500,UP,manual,petrol,10813
lucknow,Hyundai Venue,2023,949000,28K km,28000,UP,manual,petrol,16160
lucknow,Honda WR-V,2020,569000,85.5K km,85500,UP,manual,petrol,9689
lucknow,Maruti Alto 800,2023,417000,19.5K km,19500,UP,manual,petrol,7452
lucknow,Hyundai Grand i10 Nios,2021,583000,19K km,19000,UP,manual,petrol,9928
lucknow,Maruti Wagon R 1.0,2018,375000,53.5K km,53500,UP,manual,petrol,6702
lucknow,Maruti S-Presso,2021,402000,22.5K km,22500,UP,manual,petrol,6845
lucknow,Toyota Urban Cruiser Hyryder,2023,1495000,24K km,24000,UP,automatic,petrol,25713
lucknow,Mahindra XUV500,2021,1129000,45.5K km,45500,UP,manual,diesel,20378
lucknow,Hyundai Grand i10,2019,503000,50K km,50000,UP,automatic,petrol,8565
lucknow,Hyundai Exter,2023,875000,18K km,18000,UP,automatic,petrol,14900
lucknow,Tata Tiago,2019,459000,24K km,24000,UP,manual,petrol,7816
lucknow,Hyundai New Santro 1.1,2019,385000,15.5K km,15500,UP,manual,petrol,6146
lucknow,Maruti Alto K10,2019,319000,46.5K km,46500,UP,manual,petrol,5432
lucknow,Maruti Celerio,2022,474000,65.5K km,65500,UP,manual,petrol,8071
lucknow,Hyundai Grand i10 Nios,2021,615000,36K km,36000,UP,manual,petrol+cng,10473
lucknow,Hyundai Grand i10,2018,489000,84K km,84000,UP,manual,diesel,8327
lucknow,Maruti Baleno,2021,578000,88K km,88000,UP,manual,petrol,9843
lucknow,Renault Kwid,2021,355000,37.5K km,37500,UP,manual,petrol,6045
lucknow,Tata Punch,2023,697000,11K km,11000,UP,automatic,petrol,11869
lucknow,Hyundai New Santro 1.1,2022,488000,23K km,23000,UP,manual,petrol,7790
lucknow,Maruti Vitara Brezza,2019,753000,77.5K km,77500,UP,automatic,diesel,12823
lucknow,Maruti Alto 800,2017,270000,41K km,41000,UP,manual,petrol,4825
lucknow,Honda Jazz,2022,745000,22K km,22000,UP,automatic,petrol,11893
lucknow,Kia Seltos,2020,1035000,45K km,45000,UP,manual,petrol,17795
lucknow,Maruti Wagon R 1.0,2018,432000,21.5K km,21500,UP,automatic,petrol,7720
lucknow,Hyundai Elite i20,2018,539000,78.5K km,78500,UP,manual,petrol,9178
lucknow,Tata Safari,2021,1387000,86K km,86000,UP,manual,diesel,23858
lucknow,Maruti Baleno,2018,529000,40.5K km,40500,UP,manual,petrol,9008
lucknow,Tata Punch,2022,617000,24.5K km,24500,UP,manual,petrol,10507
lucknow,Maruti Baleno,2017,467000,48K km,48000,UP,manual,petrol,7952
lucknow,Maruti Wagon R 1.0,2013,254000,53K km,53000,UP,manual,petrol,7043
lucknow,Kia Sonet,2020,1059000,59.5K km,59500,UP,automatic,diesel,18212
lucknow,Maruti Alto 800,2014,229000,55K km,55000,UP,manual,petrol,5098
lucknow,Maruti Celerio,2016,327000,46K km,46000,UP,automatic,petrol,5952
lucknow,Kia Seltos,2021,1139000,97K km,97000,UP,manual,diesel,19588
lucknow,Maruti Alto K10,2019,339000,41.5K km,41500,UP,manual,petrol,5772
lucknow,Maruti Baleno,2016,452000,97.5K km,97500,UP,manual,petrol,7697
lucknow,Maruti Alto K10,2011,175000,52.5K km,52500,UP,manual,petrol,12504
lucknow,Hyundai Grand i10 Nios,2021,598000,50.5K km,50500,UP,manual,petrol+cng,10183
lucknow,Hyundai Grand i10 Nios,2022,583000,22.5K km,22500,UP,manual,petrol,9928
lucknow,Renault Kwid,2020,385000,37K km,37000,UP,manual,petrol,6556
lucknow,Hyundai Creta,2024,1782000,3K km,3000,UP,automatic,petrol,30648
lucknow,Tata Tigor,2022,639000,84K km,84000,UP,manual,petrol+cng,10881
lucknow,Tata Punch,2022,619000,3K km,3000,UP,manual,petrol,10541
lucknow,Tata Punch,2023,598000,33K km,33000,UP,manual,petrol,10183
lucknow,Honda City,2021,796000,38K km,38000,UP,manual,petrol,13555
lucknow,Renault Kiger,2022,682000,19.5K km,19500,UP,manual,petrol,11614
lucknow,Hyundai Grand i10 Nios,2022,650000,12K km,12000,UP,automatic,petrol,11069
lucknow,Skoda Slavia,2023,1378000,16K km,16000,UP,automatic,petrol,23699
lucknow,Tata Nexon,2022,899000,60K km,60000,UP,automatic,petrol,15309
lucknow,Mahindra XUV700,2022,1615000,41.5K km,41500,UP,manual,diesel,27774
lucknow,Toyota Glanza,2021,695000,25K km,25000,UP,manual,petrol,11835
lucknow,Honda Amaze,2016,468000,42K km,42000,UP,automatic,petrol,7969
lucknow,Hyundai Venue,2022,829000,121.5K km,121500,UP,manual,petrol,14117
lucknow,Honda Amaze,2019,554000,49K km,49000,UP,manual,petrol,9434
lucknow,Maruti Baleno,2017,450000,84K km,84000,UP,manual,petrol,7663
lucknow,Tata Safari,2021,1450000,63K km,63000,UP,manual,diesel,24931
lucknow,Honda WR-V,2019,521000,95.5K km,95500,UP,manual,petrol,8872
lucknow,Maruti Baleno,2022,742000,46K km,46000,UP,manual,petrol,12635
lucknow,Honda City,2021,904000,28.5K km,28500,UP,manual,petrol,15394
lucknow,Ford EcoSport,2018,647000,45K km,45000,UP,automatic,petrol,11018
lucknow,Tata Tigor,2023,555000,30K km,30000,UP,manual,petrol,9451
lucknow,Hyundai Venue,2021,832000,39K km,39000,UP,manual,petrol,14168
lucknow,Tata Tiago,2020,473000,66.5K km,66500,UP,manual,petrol,8054
lucknow,Maruti Baleno,2018,503000,31K km,31000,UP,manual,petrol,8565
lucknow,Renault Kiger,2021,680000,43K km,43000,UP,manual,petrol,11580
lucknow,Honda Amaze,2023,857000,11K km,11000,UP,automatic,petrol,14594
lucknow,Honda City,2020,982000,29K km,29000,UP,manual,petrol,16722
lucknow,Honda Amaze,2022,929000,20.5K km,20500,UP,manual,diesel,15820
lucknow,Maruti Baleno,2016,500000,38K km,38000,UP,manual,petrol,8514
lucknow,Hyundai i20 N Line,2021,804000,61.5K km,61500,UP,automatic,petrol,13691
lucknow,Renault Kwid,2022,427000,31.5K km,31500,UP,manual,petrol,7271
lucknow,Maruti Celerio,2022,451000,47K km,47000,UP,manual,petrol,7680
lucknow,Honda City,2013,374000,46K km,46000,UP,manual,petrol,10081
lucknow,Tata Tigor,2022,657000,52K km,52000,UP,manual,petrol+cng,11188
lucknow,Honda City,2011,298000,57K km,57000,UP,manual,petrol+cng,21293
lucknow,Hyundai Grand i10,2018,528000,34K km,34000,UP,manual,diesel,8991
lucknow,Hyundai Elite i20,2016,430000,70K km,70000,UP,manual,petrol,7322
lucknow,Hyundai New i20,2021,849000,47K km,47000,UP,automatic,petrol,14457
lucknow,Maruti Ignis,2018,480000,58K km,58000,UP,automatic,petrol,8174
lucknow,Honda Amaze,2022,646000,4.5K km,4500,UP,manual,petrol,11001
lucknow,Skoda Kushaq,2022,1149000,27K km,27000,UP,manual,petrol,19754
lucknow,Maruti Fronx,2023,1149000,21.5K km,21500,UP,automatic,petrol,19760
lucknow,Maruti Dzire,2022,761000,25K km,25000,UP,manual,petrol+cng,12959
lucknow,Honda Civic,2020,1229000,57.5K km,57500,UP,automatic,petrol,21135
lucknow,Maruti Wagon R 1.2,2021,479000,27K km,27000,UP,manual,petrol,8157
lucknow,Maruti Ciaz,2023,848000,37K km,37000,UP,manual,petrol,14440
lucknow,Hyundai i20 N Line,2023,1043000,18K km,18000,UP,automatic,petrol,17937
lucknow,Maruti Vitara Brezza,2020,864000,42K km,42000,UP,automatic,diesel,14713
lucknow,Hyundai Grand i10 Nios,2022,624000,38.5K km,38500,UP,manual,petrol+cng,10626
lucknow,Tata Nexon,2020,927000,39K km,39000,UP,manual,diesel,15786
lucknow,Tata Altroz,2023,720000,35.5K km,35500,UP,automatic,petrol,12261
lucknow,Jeep Compass,2017,1011000,74K km,74000,UP,automatic,petrol,17216
lucknow,Hyundai i10,2011,202000,41K km,41000,UP,manual,petrol,14433
lucknow,Nissan Kicks,2019,550000,124.5K km,124500,UP,manual,diesel,9366
lucknow,Ford Figo Aspire,2021,549000,79K km,79000,UP,manual,petrol,8764
lucknow,Kia Seltos,2019,1042000,106K km,106000,UP,automatic,petrol,17914
lucknow,Hyundai New Santro 1.1,2020,385000,84.5K km,84500,UP,manual,petrol,6146
lucknow,Maruti Baleno,2020,623000,22.5K km,22500,UP,manual,petrol,10609
lucknow,Maruti Ignis,2022,574000,12.5K km,12500,UP,manual,petrol,9774
lucknow,MG Hector Plus,2020,1478000,29K km,29000,UP,manual,diesel,25417
lucknow,Datsun Redi-GO,2017,251000,19.5K km,19500,UP,manual,petrol,9546
lucknow,Tata Tigor,2022,605000,31.5K km,31500,UP,manual,petrol,10302
lucknow,Maruti Baleno,2024,729000,18K km,18000,UP,manual,petrol,12414
lucknow,Maruti Wagon R 1.2,2019,442000,48.5K km,48500,UP,manual,petrol,7527
lucknow,Maruti Fronx,2023,1115000,13K km,13000,UP,automatic,petrol,19175
lucknow,Ford EcoSport,2014,419000,89.5K km,89500,UP,manual,petrol,8992
lucknow,Hyundai New Santro 1.1,2022,448000,57.5K km,57500,UP,manual,petrol,7152
lucknow,Hyundai Elite i20,2014,397000,46K km,46000,UP,manual,petrol,8520
lucknow,Hyundai Grand i10 Nios,2022,599000,37K km,37000,UP,manual,petrol+cng,10200
lucknow,Hyundai i20 N Line,2022,823000,33K km,33000,UP,manual,petrol,14015
lucknow,Mahindra XUV500,2015,694000,57.5K km,57500,UP,manual,diesel,13208
lucknow,Renault Kwid,2021,400000,18.5K km,18500,UP,manual,petrol,6811
lucknow,Honda Amaze,2020,590000,78.5K km,78500,UP,manual,diesel,10047
lucknow,Maruti S-Presso,2022,430000,24K km,24000,UP,manual,petrol,7322
lucknow,Tata Tigor,2022,597000,95.5K km,95500,UP,manual,petrol+cng,10166
lucknow,Maruti Baleno,2017,486000,95K km,95000,UP,automatic,petrol,8276
lucknow,Renault Kwid,2020,318000,36.5K km,36500,UP,manual,petrol,5415
lucknow,Maruti Swift,2021,597000,50.5K km,50500,UP,manual,petrol,10166
lucknow,Maruti Baleno,2019,531000,31K km,31000,UP,manual,petrol,9042
lucknow,Maruti Baleno,2021,611000,45.5K km,45500,UP,manual,petrol,10404
lucknow,Mahindra Thar,2021,1091000,49K km,49000,UP,manual,petrol,18766
lucknow,Maruti Baleno,2016,458000,80K km,80000,UP,automatic,petrol,7799
lucknow,Hyundai Grand i10 Nios,2022,640000,24.5K km,24500,UP,manual,petrol+cng,10898
lucknow,Maruti Wagon R Stingray,2018,378000,46K km,46000,UP,manual,petrol,6437
lucknow,Maruti Ignis,2021,620000,6K km,6000,UP,automatic,petrol,10558
lucknow,Hyundai Elite i20,2018,572000,34K km,34000,UP,manual,petrol,9740
lucknow,Tata Nexon,2022,880000,40.5K km,40500,UP,manual,diesel,14985
lucknow,Datsun Redi-GO,2018,260000,29.5K km,29500,UP,manual,petrol,7008
lucknow,Honda City,2017,640000,36K km,36000,UP,manual,petrol,10898
lucknow,Hyundai Elite i20,2018,579000,43.5K km,43500,UP,manual,petrol,9860
lucknow,Skoda Slavia,2022,935000,76K km,76000,UP,manual,petrol,15922
lucknow,Kia Seltos,2021,1320000,25K km,25000,UP,automatic,petrol,22699
lucknow,Maruti Baleno,2019,487000,96.5K km,96500,UP,manual,petrol,8293
lucknow,Maruti Wagon R 1.0,2016,296000,97.5K km,97500,UP,automatic,petrol,5290
lucknow,Hyundai New Santro 1.1,2019,377000,102.5K km,102500,UP,manual,petrol+cng,6018
lucknow,Ford EcoSport,2020,609000,91.5K km,91500,UP,manual,petrol,10370
lucknow,Hyundai i20,2011,255000,37.5K km,37500,UP,manual,petrol,18220
lucknow,Maruti Ciaz,2015,478000,74K km,74000,UP,manual,petrol,8700
lucknow,Tata Nexon,2022,941000,6.5K km,6500,UP,manual,petrol,16024
lucknow,Honda Amaze,2022,770000,32K km,32000,UP,automatic,petrol,13112
lucknow,Maruti S-Presso,2022,444000,11.5K km,11500,UP,automatic,petrol,7561
lucknow,Honda WR-V,2020,681000,25.5K km,25500,UP,manual,petrol,11597
lucknow,Mahindra Thar,2021,1268000,45.5K km,45500,UP,automatic,diesel,21797
lucknow,Mahindra Thar,2021,1247000,17.5K km,17500,UP,automatic,petrol,21440
lucknow,Hyundai Elite i20,2019,527000,33.5K km,33500,UP,manual,petrol,8974
lucknow,Maruti Dzire,2022,614000,25.5K km,25500,UP,manual,petrol,10456
lucknow,Honda City,2017,702000,61K km,61000,UP,automatic,petrol,11954
lucknow,Hyundai Elite i20,2020,566000,38K km,38000,UP,manual,petrol,9638
lucknow,Hyundai Creta,2020,1239000,26.5K km,26500,UP,automatic,petrol,21308
lucknow,Honda Amaze,2022,711000,26.5K km,26500,UP,manual,petrol,12107
lucknow,Skoda Kushaq,2022,893000,28.5K km,28500,UP,manual,petrol,15207
lucknow,Maruti Vitara Brezza,2017,675000,71K km,71000,UP,manual,diesel,11494
lucknow,Hyundai i20,2010,210000,52K km,52000,UP,manual,petrol,
lucknow,Maruti Celerio,2015,294000,119.5K km,119500,UP,automatic,petrol,5351
lucknow,Maruti Swift Dzire,2012,295000,30K km,30000,UP,manual,petrol,11219
lucknow,Maruti Celerio,2019,394000,116K km,116000,UP,manual,petrol+cng,6709
lucknow,Hyundai Elite i20,2016,428000,81.5K km,81500,UP,manual,petrol,7288
lucknow,Hyundai Venue N-Line,2023,1181000,16K km,16000,UP,automatic,petrol,20316
lucknow,Maruti Baleno,2019,488000,36K km,36000,UP,manual,petrol,8310
lucknow,Mahindra Thar,2022,1370000,7.5K km,7500,UP,automatic,petrol,23551
lucknow,Maruti New Ertiga,2022,1098000,11K km,11000,UP,automatic,petrol,18885
lucknow,Honda City,2022,1008000,52.5K km,52500,UP,manual,diesel,17165
lucknow,Kia Sonet,2020,980000,72.5K km,72500,UP,automatic,diesel,16688
lucknow,Maruti Celerio,2022,498000,22.5K km,22500,UP,manual,petrol,8480
lucknow,Tata Safari,2021,1600000,46.5K km,46500,UP,automatic,diesel,27519
lucknow,Renault Duster,2018,498000,113.5K km,113500,UP,manual,diesel,8480
lucknow,Maruti Swift,2015,405000,46.5K km,46500,UP,manual,petrol,7371
lucknow,Renault Kwid,2022,452000,22K km,22000,UP,automatic,petrol,7697
lucknow,Maruti Swift,2021,567000,50.5K km,50500,UP,manual,petrol,9655
lucknow,Ford EcoSport,2019,595000,70K km,70000,UP,automatic,petrol,10132
lucknow,MG Hector Plus,2021,1399000,48K km,48000,UP,manual,diesel,24062
lucknow,Renault Duster,2019,575000,52K km,52000,UP,automatic,diesel,9791
lucknow,Mahindra Scorpio,2018,925000,59K km,59000,UP,manual,diesel,15752
lucknow,Hyundai i10,2011,191000,64.5K km,64500,UP,manual,petrol,13647
lucknow,Maruti Vitara Brezza,2019,759000,55K km,55000,UP,manual,diesel,12925
lucknow,Maruti Wagon R 1.0,2017,382000,33.5K km,33500,UP,automatic,petrol,6827
lucknow,Tata Nexon,2018,579000,32K km,32000,UP,manual,diesel,9860
lucknow,Honda City,2021,907000,30.5K km,30500,UP,manual,petrol,15445
lucknow,Mahindra Thar,2022,1312000,16K km,16000,UP,automatic,petrol,22563
lucknow,Honda BR-V,2017,584000,30.5K km,30500,UP,manual,petrol,9945
lucknow,Kia Carens,2024,1197000,47.5K km,47500,UP,manual,diesel,20585
lucknow,Hyundai Verna,2020,897000,107.5K km,107500,UP,automatic,diesel,15275
lucknow,Hyundai Creta,2021,1085000,57K km,57000,UP,manual,diesel,18659
lucknow,Hyundai Elite i20,2015,301000,45K km,45000,UP,manual,petrol,5478
lucknow,MG Hector Plus,2023,1972000,3K km,3000,UP,automatic,petrol,33915
lucknow,Maruti XL6,2023,878000,82.5K km,82500,UP,manual,petrol,14951
lucknow,Honda WR-V,2019,549000,37.5K km,37500,UP,manual,petrol,9349
lucknow,Hyundai Tucson,2019,1079000,108K km,108000,UP,automatic,diesel,18556
lucknow,Maruti Swift,2017,437000,23K km,23000,UP,manual,petrol,7441
lucknow,Honda City,2017,512000,40K km,40000,UP,manual,petrol,8719
lucknow,Toyota Glanza,2024,879000,3.5K km,3500,UP,automatic,petrol,14968
lucknow,Tata Punch,2024,696000,6K km,6000,UP,manual,petrol,11852
lucknow,Hyundai Creta,2021,1085000,44.5K km,44500,UP,manual,petrol,18660
lucknow,Hyundai Creta,2019,798000,46K km,46000,UP,manual,petrol,13589
lucknow,Ford EcoSport,2016,446000,66K km,66000,UP,manual,petrol,7595
lucknow,Skoda Rapid,2015,305000,102K km,102000,UP,manual,diesel,5204
lucknow,Maruti Swift Dzire,2015,390000,62K km,62000,UP,manual,diesel,7098
lucknow,Mahindra Scorpio N,2022,1819000,14K km,14000,UP,automatic,petrol,31282
lucknow,Honda City,2017,798000,25K km,25000,UP,automatic,petrol,13589
lucknow,Hyundai i10,2015,279000,50.5K km,50500,UP,manual,petrol,5078
lucknow,Maruti Wagon R 1.2,2020,473000,32.5K km,32500,UP,manual,petrol,8054
lucknow,Hyundai Eon,2016,201000,111K km,111000,UP,manual,petrol,3208
lucknow,Maruti Baleno,2021,561000,29.5K km,29500,UP,manual,petrol,9553
lucknow,Hyundai Venue,2021,811000,28K km,28000,UP,manual,petrol,13810
lucknow,Tata Nexon,2020,679000,24.5K km,24500,UP,manual,diesel,11562
lucknow,Renault Kwid,2019,254000,20K km,20000,UP,manual,petrol,4325
lucknow,Nissan Sunny,2015,258000,94K km,94000,UP,manual,diesel,6519
lucknow,Kia Seltos,2020,978000,65.5K km,65500,UP,manual,diesel,16654
lucknow,Maruti Swift,2017,429000,92K km,92000,UP,manual,diesel,7305
lucknow,Nissan Magnite,2022,576000,22.5K km,22500,UP,manual,petrol,9808
lucknow,Hyundai Grand i10,2014,327000,55K km,55000,UP,manual,petrol,7018
lucknow,Ford EcoSport,2019,592000,45.5K km,45500,UP,manual,diesel,10081
lucknow,Kia Sonet,2023,797000,56K km,56000,UP,manual,petrol,13572
lucknow,Hyundai Grand i10,2017,432000,31K km,31000,UP,manual,petrol,7356
lucknow,Maruti Ciaz,2019,630000,49.5K km,49500,UP,manual,petrol,10728
lucknow,Honda Amaze,2022,699000,27K km,27000,UP,manual,petrol,11903
lucknow,Volkswagen Polo,2015,374000,120.5K km,120500,UP,manual,diesel,6382
lucknow,Ford Figo Aspire,2020,582000,33K km,33000,UP,manual,petrol,9291
jaipur,Honda Amaze,2022,789000,30.5K km,30500,RJ,automatic,petrol,13731
jaipur,Honda Amaze,2023,778000,24.5K km,24500,RJ,manual,petrol,13540
jaipur,Tata Nexon,2019,698000,64K km,64000,RJ,manual,diesel,12148
jaipur,Tata Tiago,2019,412000,66K km,66000,RJ,manual,petrol,7170
jaipur,MG Hector,2020,972000,45K km,45000,RJ,automatic,petrol,16916
jaipur,BMW 3 Series GT,2016,1550000,33K km,33000,HR,automatic,diesel,27237
jaipur,Toyota Innova Crysta,2022,1439000,50.5K km,50500,RJ,manual,petrol,25287
jaipur,Hyundai i20 N Line,2022,745000,63K km,63000,RJ,automatic,petrol,12966
jaipur,Hyundai Alcazar,2021,1429000,23K km,23000,RJ,manual,petrol,26355
jaipur,MG Hector,2021,1348000,49K km,49000,RJ,automatic,petrol,23687
jaipur,Hyundai i20 N Line,2022,903000,50.5K km,50500,RJ,automatic,petrol,15718
jaipur,Maruti Celerio,2022,559000,40.5K km,40500,RJ,manual,petrol,9519
jaipur,Honda City,2017,698000,52K km,52000,RJ,automatic,petrol,12148
jaipur,Audi Q3,2017,2050000,56.5K km,56500,HR,automatic,diesel,36025
jaipur,Volvo V40 Cross Country,2016,1180000,50K km,50000,UP,automatic,petrol,20293
jaipur,Mercedes GLC,2017,3150000,61K km,61000,DL,automatic,petrol,54176
jaipur,Mercedes GLA,2017,1970000,40K km,40000,HR,automatic,petrol,33881
jaipur,Mercedes GLA,2019,2300000,50K km,50000,DL,automatic,petrol,39556
jaipur,BMW X1,2020,2950000,21K km,21000,HR,automatic,petrol,50736
jaipur,Mercedes C-Class,2017,2500000,63K km,63000,HR,automatic,petrol,42996
jaipur,Mercedes GLA,2016,1800000,57K km,57000,DL,automatic,petrol,30957
jaipur,BMW 3 Series GT,2018,2650000,56.5K km,56500,HR,automatic,petrol,45576
jaipur,Honda City,2021,974000,68.5K km,68500,RJ,automatic,petrol,16944
jaipur,Tata Altroz,2022,759000,24.5K km,24500,RJ,automatic,petrol,13209
jaipur,Hyundai Venue,2022,939000,27K km,27000,RJ,manual,petrol,16342
jaipur,Hyundai Aura,2023,842000,7.5K km,7500,N/A,automatic,petrol,14654
jaipur,MG Hector,2022,1578000,33.5K km,33500,RJ,automatic,petrol,27730
jaipur,Maruti Baleno,2019,642000,57K km,57000,RJ,automatic,petrol,11173
jaipur,Kia Sonet,2022,1059000,8K km,8000,RJ,automatic,petrol,18609
jaipur,Maruti Baleno,2018,540000,28K km,28000,RJ,manual,petrol,9398
jaipur,Tata Tiago,2022,597000,41.5K km,41500,RJ,manual,petrol,10390
jaipur,Hyundai Elite i20,2018,614000,48K km,48000,RJ,manual,petrol,10686
jaipur,Hyundai Creta,2019,920000,79.5K km,79500,RJ,manual,petrol,16007
jaipur,Honda WR-V,2021,672000,43.5K km,43500,RJ,manual,petrol,11695
jaipur,Maruti Baleno,2020,635000,36K km,36000,RJ,manual,petrol,11051
jaipur,Volkswagen Polo,2017,415000,120.5K km,120500,RJ,manual,diesel,6771
jaipur,Hyundai Creta,2015,542000,91.5K km,91500,RJ,manual,petrol,10082
jaipur,Maruti Swift,2014,368000,98K km,98000,RJ,manual,petrol,8071
jaipur,Volkswagen Polo,2018,548000,51K km,51000,RJ,manual,petrol,8941
jaipur,Ford EcoSport,2013,422000,106.5K km,106500,RJ,manual,diesel,11625
jaipur,Skoda Slavia,2022,1078000,94.5K km,94500,RJ,manual,petrol,18943
jaipur,Audi Q3,2018,1970000,66.5K km,66500,UP,automatic,petrol,33881
jaipur,Maruti Swift,2024,748000,10K km,10000,RJ,automatic,petrol,13018
jaipur,Maruti Celerio,2019,467000,42K km,42000,RJ,automatic,petrol,8127
jaipur,Maruti Wagon R 1.0,2019,438000,25.5K km,25500,RJ,automatic,petrol,8000
jaipur,Renault Triber,2021,568000,34.5K km,34500,RJ,automatic,petrol,9885
jaipur,Honda City,2021,1180000,12K km,12000,RJ,automatic,petrol,20741
jaipur,Hyundai New Santro 1.1,2021,449000,29.5K km,29500,RJ,manual,petrol,7326
jaipur,Volkswagen Polo,2015,478000,60.5K km,60500,RJ,manual,petrol,8336
jaipur,Maruti Baleno,2022,695000,8K km,8000,RJ,manual,petrol,12090
jaipur,Renault Kiger,2023,612000,9K km,9000,RJ,manual,petrol,10422
jaipur,Renault Kiger,2022,652000,12.5K km,12500,RJ,manual,petrol,11347
jaipur,Maruti Baleno,2024,841000,5K km,5000,RJ,manual,petrol,14645
jaipur,Hyundai Aura,2022,668000,48K km,48000,RJ,manual,petrol+cng,11625
jaipur,Tata Safari,2021,1506000,63.5K km,63500,RJ,manual,diesel,26463
jaipur,Hyundai i10,2015,288000,41.5K km,41500,RJ,manual,petrol,5351
jaipur,Hyundai Grand i10,2014,350000,41.5K km,41500,RJ,manual,petrol,7676
jaipur,Maruti A-Star,2012,214000,84.5K km,84500,RJ,manual,petrol,7798
jaipur,Maruti Alto K10,2016,329000,28K km,28000,RJ,automatic,petrol,5725
jaipur,Renault Kwid,2022,460000,6K km,6000,RJ,manual,petrol,8003
jaipur,Maruti Alto K10,2018,350000,31.5K km,31500,RJ,automatic,petrol,6091
jaipur,Audi A3,2019,1950000,62K km,62000,DL,automatic,petrol,33537
jaipur,Maruti Alto K10,2023,528000,8K km,8000,RJ,automatic,petrol,9189
jaipur,Honda City,2015,568000,64K km,64000,RJ,manual,petrol,10566
jaipur,Maruti Wagon R 1.0,2021,493000,14.5K km,14500,RJ,manual,petrol,9004
jaipur,Renault Kiger,2023,759000,4K km,4000,RJ,manual,petrol,13209
jaipur,Renault Kwid,2021,362000,33.5K km,33500,RJ,automatic,petrol,6300
jaipur,Renault Kwid,2023,466000,3.5K km,3500,RJ,manual,petrol,8106
jaipur,Hyundai Aura,2023,758000,39.5K km,39500,RJ,manual,petrol+cng,13197
jaipur,Mahindra Thar,2021,1211000,33.5K km,33500,RJ,automatic,petrol,21286
jaipur,Maruti Baleno,2017,528000,49K km,49000,RJ,manual,petrol,9189
jaipur,Honda City,2019,899000,15.5K km,15500,RJ,automatic,petrol,15650
jaipur,Renault Kwid,2023,470000,21K km,21000,RJ,manual,petrol,8174
jaipur,Tata Nexon,2018,647000,40.5K km,40500,RJ,manual,petrol,11260
jaipur,Volkswagen Taigun,2022,1372000,17.5K km,17500,RJ,automatic,petrol,24113
jaipur,Hyundai Elite i20,2018,585000,65K km,65000,RJ,manual,petrol,10181
jaipur,Volkswagen Ameo,2017,371000,107K km,107000,RJ,manual,petrol,6053
jaipur,Renault Triber,2023,535000,43K km,43000,RJ,manual,petrol,9315
jaipur,Maruti Ciaz,2021,750000,65K km,65000,RJ,manual,petrol,13061
jaipur,Renault Triber,2020,608000,36K km,36000,RJ,automatic,petrol,10575
jaipur,Volkswagen Vento,2017,697000,110.5K km,110500,RJ,automatic,diesel,11367
jaipur,Mercedes C-Class,2020,3450000,33K km,33000,DL,automatic,petrol,59336
jaipur,Renault Kwid,2022,418000,50.5K km,50500,RJ,manual,petrol,7271
jaipur,Renault Duster,2017,645000,73K km,73000,RJ,automatic,petrol,11225
jaipur,Renault Kwid,2020,389000,28.5K km,28500,RJ,automatic,petrol,6777
jaipur,Tata Punch,2021,739000,34K km,34000,RJ,automatic,petrol,12861
jaipur,Nissan Magnite,2021,682000,36K km,36000,RJ,manual,petrol,11869
jaipur,Honda City,2020,800000,69.5K km,69500,RJ,manual,petrol,13930
jaipur,Volkswagen Polo,2014,360000,48K km,48000,RJ,manual,petrol,7404
jaipur,Renault Kwid,2022,463000,8.5K km,8500,RJ,manual,petrol,8054
jaipur,Volkswagen Taigun,2022,974000,73.5K km,73500,RJ,automatic,petrol,16944
jaipur,Honda City,2022,1180000,45.5K km,45500,RJ,automatic,petrol,20741
jaipur,Renault Kwid,2022,382000,14.5K km,14500,RJ,manual,petrol,6641
jaipur,Honda WR-V,2022,750000,24.5K km,24500,RJ,manual,petrol,13044
jaipur,Renault Kwid,2022,393000,13.5K km,13500,RJ,manual,petrol,6845
jaipur,Renault Kwid,2024,460000,2K km,2000,RJ,manual,petrol,8003
jaipur,Maruti Ciaz,2020,696000,73.5K km,73500,RJ,manual,petrol,12107
jaipur,Renault Kwid,2022,418000,41.5K km,41500,RJ,manual,petrol,7271
jaipur,Volkswagen Vento,2016,554000,91K km,91000,RJ,automatic,diesel,9658
jaipur,Honda Amaze,2014,363000,82.5K km,82500,RJ,manual,petrol,7962
jaipur,Renault Kiger,2023,772000,18.5K km,18500,RJ,automatic,petrol,13436
jaipur,BMW X1,2018,2150000,81K km,81000,HR,automatic,diesel,37782
jaipur,Hyundai Venue,2022,1000000,37K km,37000,RJ,automatic,petrol,17405
jaipur,Renault Triber,2019,495000,48K km,48000,RJ,manual,petrol,8616
jaipur,Hyundai Verna,2018,819000,55.5K km,55500,RJ,automatic,petrol,14253
jaipur,Volkswagen Taigun,2022,1166000,34.5K km,34500,RJ,automatic,petrol,20486
jaipur,Renault Kwid,2022,435000,19K km,19000,RJ,automatic,petrol,7578
jaipur,Hyundai Aura,2023,780000,37K km,37000,RJ,manual,petrol+cng,13572
jaipur,Renault Kwid,2022,396000,17K km,17000,RJ,manual,petrol,6896
jaipur,Renault Kwid,2022,410000,19K km,19000,RJ,automatic,petrol,7135
jaipur,Nissan Magnite,2023,925000,11K km,11000,N/A,automatic,petrol,16098
jaipur,Renault Kiger,2022,822000,19K km,19000,RJ,automatic,petrol,14304
jaipur,Tata Harrier,2021,1549000,54K km,54000,RJ,automatic,diesel,27219
jaipur,Hyundai Venue,2022,1036000,10.5K km,10500,RJ,manual,petrol,18204
jaipur,Tata Safari,2022,1670000,82K km,82000,RJ,automatic,diesel,29341
jaipur,Renault Kiger,2023,774000,5K km,5000,RJ,automatic,petrol,13470
jaipur,Hyundai Venue,2023,1085000,16K km,16000,RJ,manual,petrol,19066
jaipur,Maruti A-Star,2011,216000,72K km,72000,RJ,manual,petrol,14804
jaipur,Tata Nexon,2022,902000,95.5K km,95500,RJ,manual,diesel,15701
jaipur,Volkswagen Polo,2019,525000,118.5K km,118500,RJ,manual,petrol,8573
jaipur,Volkswagen Polo,2016,428000,60.5K km,60500,RJ,manual,petrol,6976
jaipur,Chevrolet Spark,2014,184000,61.5K km,61500,RJ,manual,petrol,
jaipur,Maruti S-Cross,2022,710000,19.5K km,19500,RJ,manual,petrol,12363
jaipur,Kia Seltos,2019,906000,1.5K km,1500,RJ,manual,petrol,15769
jaipur,Renault Triber,2022,558000,8.5K km,8500,RJ,manual,petrol,9706
jaipur,Maruti XL6,2021,997000,56K km,56000,RJ,automatic,petrol,17351
jaipur,Honda City,2022,1133000,80K km,80000,RJ,manual,diesel,19907
jaipur,Renault Kiger,2022,739000,34.5K km,34500,RJ,manual,petrol,12857
jaipur,Honda City,2019,781000,50K km,50000,RJ,manual,petrol,13589
jaipur,Hyundai Verna,2023,1437000,20K km,20000,RJ,automatic,petrol,25254
jaipur,Volkswagen Polo,2015,330000,85.5K km,85500,RJ,manual,petrol,6970
jaipur,Honda City,2016,549000,75K km,75000,RJ,automatic,petrol,9553
jaipur,Tata Harrier,2019,1141000,91K km,91000,RJ,manual,diesel,20043
jaipur,Hyundai Creta,2019,1023000,71K km,71000,RJ,manual,diesel,17983
jaipur,Renault Kiger,2021,631000,25K km,25000,RJ,automatic,petrol,10983
jaipur,Tata Tiago,2021,532000,42.5K km,42500,RJ,manual,petrol,9264
jaipur,Hyundai Xcent,2019,514000,47.5K km,47500,RJ,manual,petrol,8381
jaipur,Maruti A-Star,2011,194000,87K km,87000,RJ,manual,petrol,13263
jaipur,Tata Safari,2024,2239000,27.5K km,27500,RJ,automatic,diesel,39345
jaipur,Maruti Ignis,2018,397000,41.5K km,41500,RJ,manual,petrol,6909
jaipur,Mercedes E-Class,2017,3000000,46.5K km,46500,DL,automatic,petrol,51596
jaipur,Maruti Dzire,2019,532000,89K km,89000,RJ,manual,petrol,9258
jaipur,Hyundai New i20,2020,639000,58.5K km,58500,RJ,manual,petrol,11121
jaipur,Mahindra XUV700,2022,1359000,22.5K km,22500,RJ,manual,diesel,23881
jaipur,Jeep Compass,2018,900000,45.5K km,45500,RJ,automatic,petrol,15663
jaipur,Hyundai Xcent,2018,392000,87K km,87000,RJ,manual,diesel,6395
jaipur,Honda Amaze,2018,539000,56.5K km,56500,RJ,manual,petrol,9380
jaipur,Volkswagen Polo,2019,598000,31.5K km,31500,RJ,manual,petrol,9757
jaipur,Mahindra KUV100,2016,265000,110K km,110000,RJ,manual,petrol,4612
jaipur,BMW X1,2019,1830000,50.5K km,50500,HR,automatic,diesel,31473
jaipur,Hyundai Elite i20,2019,574000,48.5K km,48500,RJ,manual,petrol+cng,9989
jaipur,Kia Seltos,2019,1254000,55.5K km,55500,RJ,automatic,petrol,22035
jaipur,Ford Figo Aspire,2016,386000,65K km,65000,RJ,automatic,petrol,6723
jaipur,Jeep Compass,2021,1850000,36.5K km,36500,UP,automatic,petrol,31817
jaipur,Honda Amaze,2019,519000,58.5K km,58500,RJ,manual,petrol,9032
jaipur,Tata Nexon,2019,678000,58K km,58000,RJ,manual,petrol,11799
jaipur,Volkswagen Virtus,2024,1285000,6K km,6000,RJ,automatic,petrol,22581
jaipur,Hyundai Grand i10,2019,465000,42.5K km,42500,RJ,manual,petrol,8092
jaipur,Maruti Celerio,2017,398000,39.5K km,39500,RJ,automatic,petrol,6926
jaipur,Renault Kiger,2024,688000,30K km,30000,RJ,manual,petrol,11971
jaipur,Maruti Brezza,2022,1068000,49.5K km,49500,RJ,manual,petrol,18767
jaipur,Maruti Baleno,2016,495000,63.5K km,63500,RJ,automatic,petrol,8615
jaipur,Tata Safari,2022,1638000,67.5K km,67500,RJ,automatic,diesel,28779
jaipur,Maruti Celerio,2017,320000,62.5K km,62500,RJ,manual,petrol,5569
jaipur,Tata Tiago,2018,394000,43K km,43000,RJ,manual,petrol,6857
jaipur,Chevrolet Beat,2016,268000,27.5K km,27500,RJ,manual,petrol,19578
jaipur,Ford Figo Aspire,2019,529000,63.5K km,63500,RJ,manual,diesel,8631
jaipur,Hyundai Elite i20,2020,599000,42.5K km,42500,RJ,manual,petrol,10422
jaipur,Hyundai Creta,2020,1439000,48K km,48000,RJ,automatic,diesel,25287
jaipur,Maruti Wagon R 1.0,2016,392000,36.5K km,36500,RJ,automatic,petrol,7160
jaipur,Volkswagen Vento,2018,729000,80K km,80000,RJ,automatic,diesel,11893
jaipur,Honda City,2020,974000,43.5K km,43500,RJ,manual,petrol,16944
jaipur,Hyundai Venue,2023,912000,11K km,11000,RJ,manual,petrol,15871
jaipur,Maruti Celerio,2017,320000,62.5K km,62500,RJ,manual,petrol,5569
jaipur,Tata Tiago,2018,394000,43K km,43000,RJ,manual,petrol,6857
jaipur,Ford Figo Aspire,2019,529000,63.5K km,63500,RJ,manual,diesel,8631
jaipur,Hyundai Elite i20,2020,599000,42.5K km,42500,RJ,manual,petrol,10422
jaipur,Hyundai Creta,2020,1439000,48K km,48000,RJ,automatic,diesel,25287
jaipur,Maruti Wagon R 1.0,2016,392000,36.5K km,36500,RJ,automatic,petrol,7160
jaipur,Volkswagen Vento,2018,729000,80K km,80000,RJ,automatic,diesel,11893
